2025-03-14 09:05:36.100 [info] Extension host with pid 1205464 started
2025-03-14 09:05:36.100 [info] Skipping acquiring lock for /home/sgass/.config/Code/User/workspaceStorage/be4431b632324a99dd6ba989b491fedf.
2025-03-14 09:05:36.233 [info] ExtensionService#_doActivateExtension mechatroner.rainbow-csv, startup: false, activationEvent: 'onLanguage:plaintext'
2025-03-14 09:05:36.240 [info] ExtensionService#_doActivateExtension vscode.emmet, startup: false, activationEvent: 'onLanguage'
2025-03-14 09:05:36.244 [info] ExtensionService#_doActivateExtension mshr-h.veriloghdl, startup: false, activationEvent: 'onLanguage:systemverilog'
2025-03-14 09:05:37.161 [info] ExtensionService#_doActivateExtension vscode.git-base, startup: true, activationEvent: '*', root cause: vscode.git
2025-03-14 09:05:37.163 [info] ExtensionService#_doActivateExtension vscode.git, startup: true, activationEvent: '*'
2025-03-14 09:05:37.179 [info] ExtensionService#_doActivateExtension vscode.github, startup: true, activationEvent: '*'
2025-03-14 09:05:37.205 [info] Eager extensions activated
2025-03-14 09:05:37.227 [info] ExtensionService#_doActivateExtension vscode.debug-auto-launch, startup: false, activationEvent: 'onStartupFinished'
2025-03-14 09:05:37.228 [info] ExtensionService#_doActivateExtension vscode.merge-conflict, startup: false, activationEvent: 'onStartupFinished'
2025-03-14 09:05:38.082 [info] ExtensionService#_doActivateExtension vscode.github-authentication, startup: false, activationEvent: 'onAuthenticationRequest:github'
2025-03-14 09:06:20.729 [error] [mshr-h.veriloghdl] provider FAILED
2025-03-14 09:06:20.730 [error] TypeError: n is not iterable
	at K_.provideHover (/home/sgass/.vscode/extensions/mshr-h.veriloghdl-1.16.0/dist/main.js:588:7681)
	at async C.provideHover (/usr/share/code/resources/app/out/vs/workbench/api/node/extensionHostProcess.js:161:106493)
2025-03-14 09:06:40.434 [error] [mshr-h.veriloghdl] provider FAILED
2025-03-14 09:06:40.434 [error] TypeError: n is not iterable
	at K_.provideHover (/home/sgass/.vscode/extensions/mshr-h.veriloghdl-1.16.0/dist/main.js:588:7681)
	at async C.provideHover (/usr/share/code/resources/app/out/vs/workbench/api/node/extensionHostProcess.js:161:106493)
2025-03-14 09:06:46.066 [error] [mshr-h.veriloghdl] provider FAILED
2025-03-14 09:06:46.066 [error] TypeError: n is not iterable
	at K_.provideHover (/home/sgass/.vscode/extensions/mshr-h.veriloghdl-1.16.0/dist/main.js:588:7681)
	at async C.provideHover (/usr/share/code/resources/app/out/vs/workbench/api/node/extensionHostProcess.js:161:106493)
2025-03-14 09:07:13.420 [error] [mshr-h.veriloghdl] provider FAILED
2025-03-14 09:07:13.420 [error] TypeError: n is not iterable
	at K_.provideHover (/home/sgass/.vscode/extensions/mshr-h.veriloghdl-1.16.0/dist/main.js:588:7681)
	at async C.provideHover (/usr/share/code/resources/app/out/vs/workbench/api/node/extensionHostProcess.js:161:106493)
2025-03-14 09:07:27.936 [error] [mshr-h.veriloghdl] provider FAILED
2025-03-14 09:07:27.937 [error] TypeError: n is not iterable
	at K_.provideHover (/home/sgass/.vscode/extensions/mshr-h.veriloghdl-1.16.0/dist/main.js:588:7681)
	at async C.provideHover (/usr/share/code/resources/app/out/vs/workbench/api/node/extensionHostProcess.js:161:106493)
2025-03-14 09:07:30.425 [error] [mshr-h.veriloghdl] provider FAILED
2025-03-14 09:07:30.425 [error] TypeError: n is not iterable
	at K_.provideHover (/home/sgass/.vscode/extensions/mshr-h.veriloghdl-1.16.0/dist/main.js:588:7681)
	at async C.provideHover (/usr/share/code/resources/app/out/vs/workbench/api/node/extensionHostProcess.js:161:106493)
2025-03-14 09:07:36.719 [error] [mshr-h.veriloghdl] provider FAILED
2025-03-14 09:07:36.719 [error] TypeError: n is not iterable
	at K_.provideHover (/home/sgass/.vscode/extensions/mshr-h.veriloghdl-1.16.0/dist/main.js:588:7681)
	at async C.provideHover (/usr/share/code/resources/app/out/vs/workbench/api/node/extensionHostProcess.js:161:106493)
2025-03-14 09:07:43.233 [error] [mshr-h.veriloghdl] provider FAILED
2025-03-14 09:07:43.233 [error] TypeError: n is not iterable
	at K_.provideHover (/home/sgass/.vscode/extensions/mshr-h.veriloghdl-1.16.0/dist/main.js:588:7681)
	at async C.provideHover (/usr/share/code/resources/app/out/vs/workbench/api/node/extensionHostProcess.js:161:106493)
2025-03-14 09:07:46.895 [error] [mshr-h.veriloghdl] provider FAILED
2025-03-14 09:07:46.895 [error] TypeError: n is not iterable
	at K_.provideHover (/home/sgass/.vscode/extensions/mshr-h.veriloghdl-1.16.0/dist/main.js:588:7681)
	at async C.provideHover (/usr/share/code/resources/app/out/vs/workbench/api/node/extensionHostProcess.js:161:106493)
2025-03-14 09:08:27.405 [error] [mshr-h.veriloghdl] provider FAILED
2025-03-14 09:08:27.405 [error] TypeError: n is not iterable
	at K_.provideHover (/home/sgass/.vscode/extensions/mshr-h.veriloghdl-1.16.0/dist/main.js:588:7681)
	at async C.provideHover (/usr/share/code/resources/app/out/vs/workbench/api/node/extensionHostProcess.js:161:106493)
2025-03-14 09:08:30.022 [error] [mshr-h.veriloghdl] provider FAILED
2025-03-14 09:08:30.022 [error] TypeError: n is not iterable
	at K_.provideHover (/home/sgass/.vscode/extensions/mshr-h.veriloghdl-1.16.0/dist/main.js:588:7681)
	at async C.provideHover (/usr/share/code/resources/app/out/vs/workbench/api/node/extensionHostProcess.js:161:106493)
2025-03-14 09:08:47.665 [error] [mshr-h.veriloghdl] provider FAILED
2025-03-14 09:08:47.666 [error] TypeError: n is not iterable
	at K_.provideHover (/home/sgass/.vscode/extensions/mshr-h.veriloghdl-1.16.0/dist/main.js:588:7681)
	at async C.provideHover (/usr/share/code/resources/app/out/vs/workbench/api/node/extensionHostProcess.js:161:106493)
2025-03-14 09:08:52.078 [error] [mshr-h.veriloghdl] provider FAILED
2025-03-14 09:08:52.078 [error] TypeError: n is not iterable
	at K_.provideHover (/home/sgass/.vscode/extensions/mshr-h.veriloghdl-1.16.0/dist/main.js:588:7681)
	at async C.provideHover (/usr/share/code/resources/app/out/vs/workbench/api/node/extensionHostProcess.js:161:106493)
2025-03-14 09:08:52.281 [error] [mshr-h.veriloghdl] provider FAILED
2025-03-14 09:08:52.281 [error] TypeError: n is not iterable
	at K_.provideHover (/home/sgass/.vscode/extensions/mshr-h.veriloghdl-1.16.0/dist/main.js:588:7681)
	at async C.provideHover (/usr/share/code/resources/app/out/vs/workbench/api/node/extensionHostProcess.js:161:106493)
2025-03-14 09:08:56.696 [error] [mshr-h.veriloghdl] provider FAILED
2025-03-14 09:08:56.696 [error] TypeError: n is not iterable
	at K_.provideHover (/home/sgass/.vscode/extensions/mshr-h.veriloghdl-1.16.0/dist/main.js:588:7681)
	at async C.provideHover (/usr/share/code/resources/app/out/vs/workbench/api/node/extensionHostProcess.js:161:106493)
2025-03-14 09:08:58.234 [error] [mshr-h.veriloghdl] provider FAILED
2025-03-14 09:08:58.234 [error] TypeError: n is not iterable
	at K_.provideHover (/home/sgass/.vscode/extensions/mshr-h.veriloghdl-1.16.0/dist/main.js:588:7681)
	at async C.provideHover (/usr/share/code/resources/app/out/vs/workbench/api/node/extensionHostProcess.js:161:106493)
2025-03-14 09:09:04.740 [error] [mshr-h.veriloghdl] provider FAILED
2025-03-14 09:09:04.740 [error] TypeError: n is not iterable
	at K_.provideHover (/home/sgass/.vscode/extensions/mshr-h.veriloghdl-1.16.0/dist/main.js:588:7681)
	at async C.provideHover (/usr/share/code/resources/app/out/vs/workbench/api/node/extensionHostProcess.js:161:106493)
2025-03-14 09:09:12.722 [error] [mshr-h.veriloghdl] provider FAILED
2025-03-14 09:09:12.722 [error] TypeError: n is not iterable
	at K_.provideHover (/home/sgass/.vscode/extensions/mshr-h.veriloghdl-1.16.0/dist/main.js:588:7681)
	at async C.provideHover (/usr/share/code/resources/app/out/vs/workbench/api/node/extensionHostProcess.js:161:106493)
2025-03-14 09:09:20.021 [error] [mshr-h.veriloghdl] provider FAILED
2025-03-14 09:09:20.021 [error] TypeError: n is not iterable
	at K_.provideHover (/home/sgass/.vscode/extensions/mshr-h.veriloghdl-1.16.0/dist/main.js:588:7681)
	at async C.provideHover (/usr/share/code/resources/app/out/vs/workbench/api/node/extensionHostProcess.js:161:106493)
2025-03-14 09:09:22.069 [error] [mshr-h.veriloghdl] provider FAILED
2025-03-14 09:09:22.070 [error] TypeError: n is not iterable
	at K_.provideHover (/home/sgass/.vscode/extensions/mshr-h.veriloghdl-1.16.0/dist/main.js:588:7681)
	at async C.provideHover (/usr/share/code/resources/app/out/vs/workbench/api/node/extensionHostProcess.js:161:106493)
2025-03-14 09:09:43.854 [error] [mshr-h.veriloghdl] provider FAILED
2025-03-14 09:09:43.854 [error] TypeError: n is not iterable
	at K_.provideHover (/home/sgass/.vscode/extensions/mshr-h.veriloghdl-1.16.0/dist/main.js:588:7681)
	at async C.provideHover (/usr/share/code/resources/app/out/vs/workbench/api/node/extensionHostProcess.js:161:106493)
2025-03-14 09:09:56.205 [error] [mshr-h.veriloghdl] provider FAILED
2025-03-14 09:09:56.205 [error] TypeError: n is not iterable
	at K_.provideHover (/home/sgass/.vscode/extensions/mshr-h.veriloghdl-1.16.0/dist/main.js:588:7681)
	at async C.provideHover (/usr/share/code/resources/app/out/vs/workbench/api/node/extensionHostProcess.js:161:106493)
2025-03-14 09:09:58.655 [error] [mshr-h.veriloghdl] provider FAILED
2025-03-14 09:09:58.655 [error] TypeError: n is not iterable
	at K_.provideHover (/home/sgass/.vscode/extensions/mshr-h.veriloghdl-1.16.0/dist/main.js:588:7681)
	at async C.provideHover (/usr/share/code/resources/app/out/vs/workbench/api/node/extensionHostProcess.js:161:106493)
2025-03-14 09:10:02.337 [error] [mshr-h.veriloghdl] provider FAILED
2025-03-14 09:10:02.337 [error] TypeError: n is not iterable
	at K_.provideHover (/home/sgass/.vscode/extensions/mshr-h.veriloghdl-1.16.0/dist/main.js:588:7681)
	at async C.provideHover (/usr/share/code/resources/app/out/vs/workbench/api/node/extensionHostProcess.js:161:106493)
2025-03-14 09:10:15.788 [error] [mshr-h.veriloghdl] provider FAILED
2025-03-14 09:10:15.788 [error] TypeError: n is not iterable
	at K_.provideHover (/home/sgass/.vscode/extensions/mshr-h.veriloghdl-1.16.0/dist/main.js:588:7681)
	at async C.provideHover (/usr/share/code/resources/app/out/vs/workbench/api/node/extensionHostProcess.js:161:106493)
2025-03-14 09:11:38.689 [error] [mshr-h.veriloghdl] provider FAILED
2025-03-14 09:11:38.689 [error] TypeError: n is not iterable
	at K_.provideHover (/home/sgass/.vscode/extensions/mshr-h.veriloghdl-1.16.0/dist/main.js:588:7681)
	at async C.provideHover (/usr/share/code/resources/app/out/vs/workbench/api/node/extensionHostProcess.js:161:106493)
2025-03-14 09:11:41.294 [error] [mshr-h.veriloghdl] provider FAILED
2025-03-14 09:11:41.294 [error] TypeError: n is not iterable
	at K_.provideHover (/home/sgass/.vscode/extensions/mshr-h.veriloghdl-1.16.0/dist/main.js:588:7681)
	at async C.provideHover (/usr/share/code/resources/app/out/vs/workbench/api/node/extensionHostProcess.js:161:106493)
2025-03-14 09:12:04.999 [error] [mshr-h.veriloghdl] provider FAILED
2025-03-14 09:12:04.999 [error] TypeError: n is not iterable
	at K_.provideHover (/home/sgass/.vscode/extensions/mshr-h.veriloghdl-1.16.0/dist/main.js:588:7681)
	at async C.provideHover (/usr/share/code/resources/app/out/vs/workbench/api/node/extensionHostProcess.js:161:106493)
2025-03-14 09:12:05.251 [error] [mshr-h.veriloghdl] provider FAILED
2025-03-14 09:12:05.251 [error] TypeError: n is not iterable
	at K_.provideHover (/home/sgass/.vscode/extensions/mshr-h.veriloghdl-1.16.0/dist/main.js:588:7681)
	at async C.provideHover (/usr/share/code/resources/app/out/vs/workbench/api/node/extensionHostProcess.js:161:106493)
2025-03-14 09:12:05.485 [error] [mshr-h.veriloghdl] provider FAILED
2025-03-14 09:12:05.486 [error] TypeError: n is not iterable
	at K_.provideHover (/home/sgass/.vscode/extensions/mshr-h.veriloghdl-1.16.0/dist/main.js:588:7681)
	at async C.provideHover (/usr/share/code/resources/app/out/vs/workbench/api/node/extensionHostProcess.js:161:106493)
2025-03-14 09:12:17.902 [error] [mshr-h.veriloghdl] provider FAILED
2025-03-14 09:12:17.902 [error] TypeError: n is not iterable
	at K_.provideHover (/home/sgass/.vscode/extensions/mshr-h.veriloghdl-1.16.0/dist/main.js:588:7681)
	at async C.provideHover (/usr/share/code/resources/app/out/vs/workbench/api/node/extensionHostProcess.js:161:106493)
2025-03-14 09:12:19.749 [error] [mshr-h.veriloghdl] provider FAILED
2025-03-14 09:12:19.749 [error] TypeError: n is not iterable
	at K_.provideHover (/home/sgass/.vscode/extensions/mshr-h.veriloghdl-1.16.0/dist/main.js:588:7681)
	at async C.provideHover (/usr/share/code/resources/app/out/vs/workbench/api/node/extensionHostProcess.js:161:106493)
2025-03-14 09:12:46.454 [error] [mshr-h.veriloghdl] provider FAILED
2025-03-14 09:12:46.454 [error] TypeError: n is not iterable
	at K_.provideHover (/home/sgass/.vscode/extensions/mshr-h.veriloghdl-1.16.0/dist/main.js:588:7681)
	at async C.provideHover (/usr/share/code/resources/app/out/vs/workbench/api/node/extensionHostProcess.js:161:106493)
2025-03-14 09:12:55.308 [error] [mshr-h.veriloghdl] provider FAILED
2025-03-14 09:12:55.308 [error] TypeError: n is not iterable
	at K_.provideHover (/home/sgass/.vscode/extensions/mshr-h.veriloghdl-1.16.0/dist/main.js:588:7681)
	at async C.provideHover (/usr/share/code/resources/app/out/vs/workbench/api/node/extensionHostProcess.js:161:106493)
2025-03-14 09:14:53.029 [error] [mshr-h.veriloghdl] provider FAILED
2025-03-14 09:14:53.029 [error] TypeError: n is not iterable
	at K_.provideHover (/home/sgass/.vscode/extensions/mshr-h.veriloghdl-1.16.0/dist/main.js:588:7681)
	at async C.provideHover (/usr/share/code/resources/app/out/vs/workbench/api/node/extensionHostProcess.js:161:106493)
2025-03-14 09:17:36.955 [error] [mshr-h.veriloghdl] provider FAILED
2025-03-14 09:17:36.955 [error] TypeError: n is not iterable
	at K_.provideHover (/home/sgass/.vscode/extensions/mshr-h.veriloghdl-1.16.0/dist/main.js:588:7681)
	at async C.provideHover (/usr/share/code/resources/app/out/vs/workbench/api/node/extensionHostProcess.js:161:106493)
2025-03-14 09:17:45.952 [error] [mshr-h.veriloghdl] provider FAILED
2025-03-14 09:17:45.952 [error] TypeError: n is not iterable
	at K_.provideHover (/home/sgass/.vscode/extensions/mshr-h.veriloghdl-1.16.0/dist/main.js:588:7681)
	at async C.provideHover (/usr/share/code/resources/app/out/vs/workbench/api/node/extensionHostProcess.js:161:106493)
2025-03-14 09:17:50.350 [error] [mshr-h.veriloghdl] provider FAILED
2025-03-14 09:17:50.350 [error] TypeError: n is not iterable
	at K_.provideHover (/home/sgass/.vscode/extensions/mshr-h.veriloghdl-1.16.0/dist/main.js:588:7681)
	at async C.provideHover (/usr/share/code/resources/app/out/vs/workbench/api/node/extensionHostProcess.js:161:106493)
2025-03-14 09:17:54.036 [error] [mshr-h.veriloghdl] provider FAILED
2025-03-14 09:17:54.036 [error] TypeError: n is not iterable
	at K_.provideHover (/home/sgass/.vscode/extensions/mshr-h.veriloghdl-1.16.0/dist/main.js:588:7681)
	at async C.provideHover (/usr/share/code/resources/app/out/vs/workbench/api/node/extensionHostProcess.js:161:106493)
2025-03-14 09:18:13.972 [error] [mshr-h.veriloghdl] provider FAILED
2025-03-14 09:18:13.972 [error] TypeError: n is not iterable
	at K_.provideHover (/home/sgass/.vscode/extensions/mshr-h.veriloghdl-1.16.0/dist/main.js:588:7681)
	at async C.provideHover (/usr/share/code/resources/app/out/vs/workbench/api/node/extensionHostProcess.js:161:106493)
2025-03-14 09:18:20.668 [error] [mshr-h.veriloghdl] provider FAILED
2025-03-14 09:18:20.668 [error] TypeError: n is not iterable
	at K_.provideHover (/home/sgass/.vscode/extensions/mshr-h.veriloghdl-1.16.0/dist/main.js:588:7681)
	at async C.provideHover (/usr/share/code/resources/app/out/vs/workbench/api/node/extensionHostProcess.js:161:106493)
2025-03-14 09:18:28.924 [error] [mshr-h.veriloghdl] provider FAILED
2025-03-14 09:18:28.924 [error] TypeError: n is not iterable
	at K_.provideHover (/home/sgass/.vscode/extensions/mshr-h.veriloghdl-1.16.0/dist/main.js:588:7681)
	at async C.provideHover (/usr/share/code/resources/app/out/vs/workbench/api/node/extensionHostProcess.js:161:106493)
2025-03-14 09:18:30.670 [error] [mshr-h.veriloghdl] provider FAILED
2025-03-14 09:18:30.670 [error] TypeError: n is not iterable
	at K_.provideHover (/home/sgass/.vscode/extensions/mshr-h.veriloghdl-1.16.0/dist/main.js:588:7681)
	at async C.provideHover (/usr/share/code/resources/app/out/vs/workbench/api/node/extensionHostProcess.js:161:106493)
2025-03-14 09:18:41.935 [error] [mshr-h.veriloghdl] provider FAILED
2025-03-14 09:18:41.935 [error] TypeError: n is not iterable
	at K_.provideHover (/home/sgass/.vscode/extensions/mshr-h.veriloghdl-1.16.0/dist/main.js:588:7681)
	at async C.provideHover (/usr/share/code/resources/app/out/vs/workbench/api/node/extensionHostProcess.js:161:106493)
2025-03-14 09:18:43.337 [error] [mshr-h.veriloghdl] provider FAILED
2025-03-14 09:18:43.337 [error] TypeError: n is not iterable
	at K_.provideHover (/home/sgass/.vscode/extensions/mshr-h.veriloghdl-1.16.0/dist/main.js:588:7681)
	at async C.provideHover (/usr/share/code/resources/app/out/vs/workbench/api/node/extensionHostProcess.js:161:106493)
2025-03-14 09:19:07.922 [error] [mshr-h.veriloghdl] provider FAILED
2025-03-14 09:19:07.922 [error] TypeError: n is not iterable
	at K_.provideHover (/home/sgass/.vscode/extensions/mshr-h.veriloghdl-1.16.0/dist/main.js:588:7681)
	at async C.provideHover (/usr/share/code/resources/app/out/vs/workbench/api/node/extensionHostProcess.js:161:106493)
2025-03-14 09:19:56.038 [error] [mshr-h.veriloghdl] provider FAILED
2025-03-14 09:19:56.038 [error] TypeError: n is not iterable
	at K_.provideHover (/home/sgass/.vscode/extensions/mshr-h.veriloghdl-1.16.0/dist/main.js:588:7681)
	at async C.provideHover (/usr/share/code/resources/app/out/vs/workbench/api/node/extensionHostProcess.js:161:106493)
2025-03-14 09:20:04.818 [error] [mshr-h.veriloghdl] provider FAILED
2025-03-14 09:20:04.818 [error] TypeError: n is not iterable
	at K_.provideHover (/home/sgass/.vscode/extensions/mshr-h.veriloghdl-1.16.0/dist/main.js:588:7681)
	at async C.provideHover (/usr/share/code/resources/app/out/vs/workbench/api/node/extensionHostProcess.js:161:106493)
2025-03-14 09:20:28.770 [error] [mshr-h.veriloghdl] provider FAILED
2025-03-14 09:20:28.770 [error] TypeError: n is not iterable
	at K_.provideHover (/home/sgass/.vscode/extensions/mshr-h.veriloghdl-1.16.0/dist/main.js:588:7681)
	at async C.provideHover (/usr/share/code/resources/app/out/vs/workbench/api/node/extensionHostProcess.js:161:106493)
2025-03-14 09:22:07.102 [error] [mshr-h.veriloghdl] provider FAILED
2025-03-14 09:22:07.102 [error] TypeError: n is not iterable
	at K_.provideHover (/home/sgass/.vscode/extensions/mshr-h.veriloghdl-1.16.0/dist/main.js:588:7681)
	at async C.provideHover (/usr/share/code/resources/app/out/vs/workbench/api/node/extensionHostProcess.js:161:106493)
2025-03-14 09:22:09.054 [error] [mshr-h.veriloghdl] provider FAILED
2025-03-14 09:22:09.054 [error] TypeError: n is not iterable
	at K_.provideHover (/home/sgass/.vscode/extensions/mshr-h.veriloghdl-1.16.0/dist/main.js:588:7681)
	at async C.provideHover (/usr/share/code/resources/app/out/vs/workbench/api/node/extensionHostProcess.js:161:106493)
2025-03-14 09:22:18.121 [error] [mshr-h.veriloghdl] provider FAILED
2025-03-14 09:22:18.121 [error] TypeError: n is not iterable
	at K_.provideHover (/home/sgass/.vscode/extensions/mshr-h.veriloghdl-1.16.0/dist/main.js:588:7681)
	at async C.provideHover (/usr/share/code/resources/app/out/vs/workbench/api/node/extensionHostProcess.js:161:106493)
2025-03-14 09:22:56.270 [error] [mshr-h.veriloghdl] provider FAILED
2025-03-14 09:22:56.270 [error] TypeError: n is not iterable
	at K_.provideHover (/home/sgass/.vscode/extensions/mshr-h.veriloghdl-1.16.0/dist/main.js:588:7681)
	at async C.provideHover (/usr/share/code/resources/app/out/vs/workbench/api/node/extensionHostProcess.js:161:106493)
2025-03-14 09:23:50.468 [error] [mshr-h.veriloghdl] provider FAILED
2025-03-14 09:23:50.468 [error] TypeError: n is not iterable
	at K_.provideHover (/home/sgass/.vscode/extensions/mshr-h.veriloghdl-1.16.0/dist/main.js:588:7681)
	at async C.provideHover (/usr/share/code/resources/app/out/vs/workbench/api/node/extensionHostProcess.js:161:106493)
2025-03-14 09:24:01.935 [error] [mshr-h.veriloghdl] provider FAILED
2025-03-14 09:24:01.936 [error] TypeError: n is not iterable
	at K_.provideHover (/home/sgass/.vscode/extensions/mshr-h.veriloghdl-1.16.0/dist/main.js:588:7681)
	at async C.provideHover (/usr/share/code/resources/app/out/vs/workbench/api/node/extensionHostProcess.js:161:106493)
2025-03-14 09:25:04.684 [error] [mshr-h.veriloghdl] provider FAILED
2025-03-14 09:25:04.685 [error] TypeError: n is not iterable
	at K_.provideHover (/home/sgass/.vscode/extensions/mshr-h.veriloghdl-1.16.0/dist/main.js:588:7681)
	at async C.provideHover (/usr/share/code/resources/app/out/vs/workbench/api/node/extensionHostProcess.js:161:106493)
2025-03-14 09:25:05.551 [error] [mshr-h.veriloghdl] provider FAILED
2025-03-14 09:25:05.551 [error] TypeError: n is not iterable
	at K_.provideHover (/home/sgass/.vscode/extensions/mshr-h.veriloghdl-1.16.0/dist/main.js:588:7681)
	at async C.provideHover (/usr/share/code/resources/app/out/vs/workbench/api/node/extensionHostProcess.js:161:106493)
2025-03-14 09:25:05.852 [error] [mshr-h.veriloghdl] provider FAILED
2025-03-14 09:25:05.852 [error] TypeError: n is not iterable
	at K_.provideHover (/home/sgass/.vscode/extensions/mshr-h.veriloghdl-1.16.0/dist/main.js:588:7681)
	at async C.provideHover (/usr/share/code/resources/app/out/vs/workbench/api/node/extensionHostProcess.js:161:106493)
2025-03-14 09:25:14.734 [error] [mshr-h.veriloghdl] provider FAILED
2025-03-14 09:25:14.734 [error] TypeError: n is not iterable
	at K_.provideHover (/home/sgass/.vscode/extensions/mshr-h.veriloghdl-1.16.0/dist/main.js:588:7681)
	at async C.provideHover (/usr/share/code/resources/app/out/vs/workbench/api/node/extensionHostProcess.js:161:106493)
2025-03-14 09:25:16.300 [error] [mshr-h.veriloghdl] provider FAILED
2025-03-14 09:25:16.300 [error] TypeError: n is not iterable
	at K_.provideHover (/home/sgass/.vscode/extensions/mshr-h.veriloghdl-1.16.0/dist/main.js:588:7681)
	at async C.provideHover (/usr/share/code/resources/app/out/vs/workbench/api/node/extensionHostProcess.js:161:106493)
2025-03-14 09:25:49.799 [error] [mshr-h.veriloghdl] provider FAILED
2025-03-14 09:25:49.800 [error] TypeError: n is not iterable
	at K_.provideHover (/home/sgass/.vscode/extensions/mshr-h.veriloghdl-1.16.0/dist/main.js:588:7681)
	at async C.provideHover (/usr/share/code/resources/app/out/vs/workbench/api/node/extensionHostProcess.js:161:106493)
2025-03-14 09:26:12.782 [error] [mshr-h.veriloghdl] provider FAILED
2025-03-14 09:26:12.783 [error] TypeError: n is not iterable
	at K_.provideHover (/home/sgass/.vscode/extensions/mshr-h.veriloghdl-1.16.0/dist/main.js:588:7681)
	at async C.provideHover (/usr/share/code/resources/app/out/vs/workbench/api/node/extensionHostProcess.js:161:106493)
2025-03-14 09:26:23.153 [error] [mshr-h.veriloghdl] provider FAILED
2025-03-14 09:26:23.154 [error] TypeError: n is not iterable
	at K_.provideHover (/home/sgass/.vscode/extensions/mshr-h.veriloghdl-1.16.0/dist/main.js:588:7681)
	at async C.provideHover (/usr/share/code/resources/app/out/vs/workbench/api/node/extensionHostProcess.js:161:106493)
2025-03-14 09:26:30.183 [error] [mshr-h.veriloghdl] provider FAILED
2025-03-14 09:26:30.184 [error] TypeError: n is not iterable
	at K_.provideHover (/home/sgass/.vscode/extensions/mshr-h.veriloghdl-1.16.0/dist/main.js:588:7681)
	at async C.provideHover (/usr/share/code/resources/app/out/vs/workbench/api/node/extensionHostProcess.js:161:106493)
2025-03-14 09:26:36.849 [error] [mshr-h.veriloghdl] provider FAILED
2025-03-14 09:26:36.849 [error] TypeError: n is not iterable
	at K_.provideHover (/home/sgass/.vscode/extensions/mshr-h.veriloghdl-1.16.0/dist/main.js:588:7681)
	at async C.provideHover (/usr/share/code/resources/app/out/vs/workbench/api/node/extensionHostProcess.js:161:106493)
2025-03-14 09:26:43.599 [error] [mshr-h.veriloghdl] provider FAILED
2025-03-14 09:26:43.599 [error] TypeError: n is not iterable
	at K_.provideHover (/home/sgass/.vscode/extensions/mshr-h.veriloghdl-1.16.0/dist/main.js:588:7681)
	at async C.provideHover (/usr/share/code/resources/app/out/vs/workbench/api/node/extensionHostProcess.js:161:106493)
2025-03-14 09:26:44.416 [error] [mshr-h.veriloghdl] provider FAILED
2025-03-14 09:26:44.417 [error] TypeError: n is not iterable
	at K_.provideHover (/home/sgass/.vscode/extensions/mshr-h.veriloghdl-1.16.0/dist/main.js:588:7681)
	at async C.provideHover (/usr/share/code/resources/app/out/vs/workbench/api/node/extensionHostProcess.js:161:106493)
2025-03-14 09:26:50.712 [error] [mshr-h.veriloghdl] provider FAILED
2025-03-14 09:26:50.713 [error] TypeError: n is not iterable
	at K_.provideHover (/home/sgass/.vscode/extensions/mshr-h.veriloghdl-1.16.0/dist/main.js:588:7681)
	at async C.provideHover (/usr/share/code/resources/app/out/vs/workbench/api/node/extensionHostProcess.js:161:106493)
2025-03-14 09:26:55.398 [error] [mshr-h.veriloghdl] provider FAILED
2025-03-14 09:26:55.398 [error] TypeError: n is not iterable
	at K_.provideHover (/home/sgass/.vscode/extensions/mshr-h.veriloghdl-1.16.0/dist/main.js:588:7681)
	at async C.provideHover (/usr/share/code/resources/app/out/vs/workbench/api/node/extensionHostProcess.js:161:106493)
2025-03-14 09:26:55.849 [error] [mshr-h.veriloghdl] provider FAILED
2025-03-14 09:26:55.849 [error] TypeError: n is not iterable
	at K_.provideHover (/home/sgass/.vscode/extensions/mshr-h.veriloghdl-1.16.0/dist/main.js:588:7681)
	at async C.provideHover (/usr/share/code/resources/app/out/vs/workbench/api/node/extensionHostProcess.js:161:106493)
2025-03-14 09:27:21.077 [error] [mshr-h.veriloghdl] provider FAILED
2025-03-14 09:27:21.078 [error] TypeError: n is not iterable
	at K_.provideHover (/home/sgass/.vscode/extensions/mshr-h.veriloghdl-1.16.0/dist/main.js:588:7681)
	at async C.provideHover (/usr/share/code/resources/app/out/vs/workbench/api/node/extensionHostProcess.js:161:106493)
2025-03-14 09:27:35.117 [error] [mshr-h.veriloghdl] provider FAILED
2025-03-14 09:27:35.117 [error] TypeError: n is not iterable
	at K_.provideHover (/home/sgass/.vscode/extensions/mshr-h.veriloghdl-1.16.0/dist/main.js:588:7681)
	at async C.provideHover (/usr/share/code/resources/app/out/vs/workbench/api/node/extensionHostProcess.js:161:106493)
2025-03-14 09:27:46.893 [error] [mshr-h.veriloghdl] provider FAILED
2025-03-14 09:27:46.893 [error] TypeError: n is not iterable
	at K_.provideHover (/home/sgass/.vscode/extensions/mshr-h.veriloghdl-1.16.0/dist/main.js:588:7681)
	at async C.provideHover (/usr/share/code/resources/app/out/vs/workbench/api/node/extensionHostProcess.js:161:106493)
2025-03-14 09:27:47.096 [error] [mshr-h.veriloghdl] provider FAILED
2025-03-14 09:27:47.096 [error] TypeError: n is not iterable
	at K_.provideHover (/home/sgass/.vscode/extensions/mshr-h.veriloghdl-1.16.0/dist/main.js:588:7681)
	at async C.provideHover (/usr/share/code/resources/app/out/vs/workbench/api/node/extensionHostProcess.js:161:106493)
2025-03-14 09:27:48.223 [error] [mshr-h.veriloghdl] provider FAILED
2025-03-14 09:27:48.223 [error] TypeError: n is not iterable
	at K_.provideHover (/home/sgass/.vscode/extensions/mshr-h.veriloghdl-1.16.0/dist/main.js:588:7681)
	at async C.provideHover (/usr/share/code/resources/app/out/vs/workbench/api/node/extensionHostProcess.js:161:106493)
2025-03-14 09:29:25.252 [error] [mshr-h.veriloghdl] provider FAILED
2025-03-14 09:29:25.252 [error] TypeError: n is not iterable
	at K_.provideHover (/home/sgass/.vscode/extensions/mshr-h.veriloghdl-1.16.0/dist/main.js:588:7681)
	at async C.provideHover (/usr/share/code/resources/app/out/vs/workbench/api/node/extensionHostProcess.js:161:106493)
2025-03-14 09:33:33.817 [error] [mshr-h.veriloghdl] provider FAILED
2025-03-14 09:33:33.817 [error] TypeError: n is not iterable
	at K_.provideHover (/home/sgass/.vscode/extensions/mshr-h.veriloghdl-1.16.0/dist/main.js:588:7681)
	at async C.provideHover (/usr/share/code/resources/app/out/vs/workbench/api/node/extensionHostProcess.js:161:106493)
2025-03-14 09:33:42.124 [error] [mshr-h.veriloghdl] provider FAILED
2025-03-14 09:33:42.124 [error] TypeError: n is not iterable
	at K_.provideHover (/home/sgass/.vscode/extensions/mshr-h.veriloghdl-1.16.0/dist/main.js:588:7681)
	at async C.provideHover (/usr/share/code/resources/app/out/vs/workbench/api/node/extensionHostProcess.js:161:106493)
2025-03-14 09:34:04.303 [error] [mshr-h.veriloghdl] provider FAILED
2025-03-14 09:34:04.303 [error] TypeError: n is not iterable
	at K_.provideHover (/home/sgass/.vscode/extensions/mshr-h.veriloghdl-1.16.0/dist/main.js:588:7681)
	at async C.provideHover (/usr/share/code/resources/app/out/vs/workbench/api/node/extensionHostProcess.js:161:106493)
2025-03-14 09:40:19.719 [error] [mshr-h.veriloghdl] provider FAILED
2025-03-14 09:40:19.719 [error] TypeError: n is not iterable
	at K_.provideHover (/home/sgass/.vscode/extensions/mshr-h.veriloghdl-1.16.0/dist/main.js:588:7681)
	at async C.provideHover (/usr/share/code/resources/app/out/vs/workbench/api/node/extensionHostProcess.js:161:106493)
2025-03-14 09:41:06.485 [error] [mshr-h.veriloghdl] provider FAILED
2025-03-14 09:41:06.485 [error] TypeError: n is not iterable
	at K_.provideHover (/home/sgass/.vscode/extensions/mshr-h.veriloghdl-1.16.0/dist/main.js:588:7681)
	at async C.provideHover (/usr/share/code/resources/app/out/vs/workbench/api/node/extensionHostProcess.js:161:106493)
2025-03-14 09:41:07.986 [error] [mshr-h.veriloghdl] provider FAILED
2025-03-14 09:41:07.986 [error] TypeError: n is not iterable
	at K_.provideHover (/home/sgass/.vscode/extensions/mshr-h.veriloghdl-1.16.0/dist/main.js:588:7681)
	at async C.provideHover (/usr/share/code/resources/app/out/vs/workbench/api/node/extensionHostProcess.js:161:106493)
2025-03-14 09:41:16.267 [error] [mshr-h.veriloghdl] provider FAILED
2025-03-14 09:41:16.267 [error] TypeError: n is not iterable
	at K_.provideHover (/home/sgass/.vscode/extensions/mshr-h.veriloghdl-1.16.0/dist/main.js:588:7681)
	at async C.provideHover (/usr/share/code/resources/app/out/vs/workbench/api/node/extensionHostProcess.js:161:106493)
2025-03-14 09:41:16.584 [error] [mshr-h.veriloghdl] provider FAILED
2025-03-14 09:41:16.584 [error] TypeError: n is not iterable
	at K_.provideHover (/home/sgass/.vscode/extensions/mshr-h.veriloghdl-1.16.0/dist/main.js:588:7681)
	at async C.provideHover (/usr/share/code/resources/app/out/vs/workbench/api/node/extensionHostProcess.js:161:106493)
2025-03-14 09:41:18.633 [error] [mshr-h.veriloghdl] provider FAILED
2025-03-14 09:41:18.636 [error] TypeError: n is not iterable
	at K_.provideHover (/home/sgass/.vscode/extensions/mshr-h.veriloghdl-1.16.0/dist/main.js:588:7681)
	at async C.provideHover (/usr/share/code/resources/app/out/vs/workbench/api/node/extensionHostProcess.js:161:106493)
2025-03-14 09:41:19.601 [error] [mshr-h.veriloghdl] provider FAILED
2025-03-14 09:41:19.602 [error] TypeError: n is not iterable
	at K_.provideHover (/home/sgass/.vscode/extensions/mshr-h.veriloghdl-1.16.0/dist/main.js:588:7681)
	at async C.provideHover (/usr/share/code/resources/app/out/vs/workbench/api/node/extensionHostProcess.js:161:106493)
2025-03-14 09:41:22.677 [error] [mshr-h.veriloghdl] provider FAILED
2025-03-14 09:41:22.677 [error] TypeError: n is not iterable
	at K_.provideHover (/home/sgass/.vscode/extensions/mshr-h.veriloghdl-1.16.0/dist/main.js:588:7681)
	at async C.provideHover (/usr/share/code/resources/app/out/vs/workbench/api/node/extensionHostProcess.js:161:106493)
2025-03-14 09:41:29.303 [error] [mshr-h.veriloghdl] provider FAILED
2025-03-14 09:41:29.303 [error] TypeError: n is not iterable
	at K_.provideHover (/home/sgass/.vscode/extensions/mshr-h.veriloghdl-1.16.0/dist/main.js:588:7681)
	at async C.provideHover (/usr/share/code/resources/app/out/vs/workbench/api/node/extensionHostProcess.js:161:106493)
2025-03-14 09:41:30.541 [error] [mshr-h.veriloghdl] provider FAILED
2025-03-14 09:41:30.541 [error] TypeError: n is not iterable
	at K_.provideHover (/home/sgass/.vscode/extensions/mshr-h.veriloghdl-1.16.0/dist/main.js:588:7681)
	at async C.provideHover (/usr/share/code/resources/app/out/vs/workbench/api/node/extensionHostProcess.js:161:106493)
2025-03-14 09:44:24.362 [error] [mshr-h.veriloghdl] provider FAILED
2025-03-14 09:44:24.362 [error] TypeError: n is not iterable
	at K_.provideHover (/home/sgass/.vscode/extensions/mshr-h.veriloghdl-1.16.0/dist/main.js:588:7681)
	at async C.provideHover (/usr/share/code/resources/app/out/vs/workbench/api/node/extensionHostProcess.js:161:106493)
2025-03-14 09:44:24.711 [error] [mshr-h.veriloghdl] provider FAILED
2025-03-14 09:44:24.711 [error] TypeError: n is not iterable
	at K_.provideHover (/home/sgass/.vscode/extensions/mshr-h.veriloghdl-1.16.0/dist/main.js:588:7681)
	at async C.provideHover (/usr/share/code/resources/app/out/vs/workbench/api/node/extensionHostProcess.js:161:106493)
2025-03-14 09:47:02.605 [error] [mshr-h.veriloghdl] provider FAILED
2025-03-14 09:47:02.605 [error] TypeError: n is not iterable
	at K_.provideHover (/home/sgass/.vscode/extensions/mshr-h.veriloghdl-1.16.0/dist/main.js:588:7681)
	at async C.provideHover (/usr/share/code/resources/app/out/vs/workbench/api/node/extensionHostProcess.js:161:106493)
2025-03-14 09:47:20.654 [error] [mshr-h.veriloghdl] provider FAILED
2025-03-14 09:47:20.654 [error] TypeError: n is not iterable
	at K_.provideHover (/home/sgass/.vscode/extensions/mshr-h.veriloghdl-1.16.0/dist/main.js:588:7681)
	at async C.provideHover (/usr/share/code/resources/app/out/vs/workbench/api/node/extensionHostProcess.js:161:106493)
2025-03-14 09:47:53.387 [error] [mshr-h.veriloghdl] provider FAILED
2025-03-14 09:47:53.387 [error] TypeError: n is not iterable
	at K_.provideHover (/home/sgass/.vscode/extensions/mshr-h.veriloghdl-1.16.0/dist/main.js:588:7681)
	at async C.provideHover (/usr/share/code/resources/app/out/vs/workbench/api/node/extensionHostProcess.js:161:106493)
2025-03-14 09:48:01.883 [error] [mshr-h.veriloghdl] provider FAILED
2025-03-14 09:48:01.884 [error] TypeError: n is not iterable
	at K_.provideHover (/home/sgass/.vscode/extensions/mshr-h.veriloghdl-1.16.0/dist/main.js:588:7681)
	at async C.provideHover (/usr/share/code/resources/app/out/vs/workbench/api/node/extensionHostProcess.js:161:106493)
2025-03-14 09:48:03.901 [error] [mshr-h.veriloghdl] provider FAILED
2025-03-14 09:48:03.901 [error] TypeError: n is not iterable
	at K_.provideHover (/home/sgass/.vscode/extensions/mshr-h.veriloghdl-1.16.0/dist/main.js:588:7681)
	at async C.provideHover (/usr/share/code/resources/app/out/vs/workbench/api/node/extensionHostProcess.js:161:106493)
2025-03-14 09:48:07.338 [error] [mshr-h.veriloghdl] provider FAILED
2025-03-14 09:48:07.341 [error] TypeError: n is not iterable
	at K_.provideHover (/home/sgass/.vscode/extensions/mshr-h.veriloghdl-1.16.0/dist/main.js:588:7681)
	at async C.provideHover (/usr/share/code/resources/app/out/vs/workbench/api/node/extensionHostProcess.js:161:106493)
2025-03-14 09:48:22.053 [error] [mshr-h.veriloghdl] provider FAILED
2025-03-14 09:48:22.053 [error] TypeError: n is not iterable
	at K_.provideHover (/home/sgass/.vscode/extensions/mshr-h.veriloghdl-1.16.0/dist/main.js:588:7681)
	at async C.provideHover (/usr/share/code/resources/app/out/vs/workbench/api/node/extensionHostProcess.js:161:106493)
2025-03-14 09:48:53.331 [error] [mshr-h.veriloghdl] provider FAILED
2025-03-14 09:48:53.331 [error] TypeError: n is not iterable
	at K_.provideHover (/home/sgass/.vscode/extensions/mshr-h.veriloghdl-1.16.0/dist/main.js:588:7681)
	at async C.provideHover (/usr/share/code/resources/app/out/vs/workbench/api/node/extensionHostProcess.js:161:106493)
2025-03-14 09:48:54.033 [error] [mshr-h.veriloghdl] provider FAILED
2025-03-14 09:48:54.033 [error] TypeError: n is not iterable
	at K_.provideHover (/home/sgass/.vscode/extensions/mshr-h.veriloghdl-1.16.0/dist/main.js:588:7681)
	at async C.provideHover (/usr/share/code/resources/app/out/vs/workbench/api/node/extensionHostProcess.js:161:106493)
2025-03-14 09:49:12.014 [error] [mshr-h.veriloghdl] provider FAILED
2025-03-14 09:49:12.014 [error] TypeError: n is not iterable
	at K_.provideHover (/home/sgass/.vscode/extensions/mshr-h.veriloghdl-1.16.0/dist/main.js:588:7681)
	at async C.provideHover (/usr/share/code/resources/app/out/vs/workbench/api/node/extensionHostProcess.js:161:106493)
2025-03-14 09:49:12.465 [error] [mshr-h.veriloghdl] provider FAILED
2025-03-14 09:49:12.465 [error] TypeError: n is not iterable
	at K_.provideHover (/home/sgass/.vscode/extensions/mshr-h.veriloghdl-1.16.0/dist/main.js:588:7681)
	at async C.provideHover (/usr/share/code/resources/app/out/vs/workbench/api/node/extensionHostProcess.js:161:106493)
2025-03-14 09:49:36.151 [error] [mshr-h.veriloghdl] provider FAILED
2025-03-14 09:49:36.151 [error] TypeError: n is not iterable
	at K_.provideHover (/home/sgass/.vscode/extensions/mshr-h.veriloghdl-1.16.0/dist/main.js:588:7681)
	at async C.provideHover (/usr/share/code/resources/app/out/vs/workbench/api/node/extensionHostProcess.js:161:106493)
2025-03-14 09:49:36.385 [error] [mshr-h.veriloghdl] provider FAILED
2025-03-14 09:49:36.385 [error] TypeError: n is not iterable
	at K_.provideHover (/home/sgass/.vscode/extensions/mshr-h.veriloghdl-1.16.0/dist/main.js:588:7681)
	at async C.provideHover (/usr/share/code/resources/app/out/vs/workbench/api/node/extensionHostProcess.js:161:106493)
2025-03-14 09:49:37.236 [error] [mshr-h.veriloghdl] provider FAILED
2025-03-14 09:49:37.236 [error] TypeError: n is not iterable
	at K_.provideHover (/home/sgass/.vscode/extensions/mshr-h.veriloghdl-1.16.0/dist/main.js:588:7681)
	at async C.provideHover (/usr/share/code/resources/app/out/vs/workbench/api/node/extensionHostProcess.js:161:106493)
2025-03-14 09:49:48.307 [error] [mshr-h.veriloghdl] provider FAILED
2025-03-14 09:49:48.308 [error] TypeError: n is not iterable
	at K_.provideHover (/home/sgass/.vscode/extensions/mshr-h.veriloghdl-1.16.0/dist/main.js:588:7681)
	at async C.provideHover (/usr/share/code/resources/app/out/vs/workbench/api/node/extensionHostProcess.js:161:106493)
2025-03-14 09:50:08.926 [error] [mshr-h.veriloghdl] provider FAILED
2025-03-14 09:50:08.926 [error] TypeError: n is not iterable
	at K_.provideHover (/home/sgass/.vscode/extensions/mshr-h.veriloghdl-1.16.0/dist/main.js:588:7681)
	at async C.provideHover (/usr/share/code/resources/app/out/vs/workbench/api/node/extensionHostProcess.js:161:106493)
2025-03-14 09:50:09.460 [error] [mshr-h.veriloghdl] provider FAILED
2025-03-14 09:50:09.462 [error] TypeError: n is not iterable
	at K_.provideHover (/home/sgass/.vscode/extensions/mshr-h.veriloghdl-1.16.0/dist/main.js:588:7681)
	at async C.provideHover (/usr/share/code/resources/app/out/vs/workbench/api/node/extensionHostProcess.js:161:106493)
2025-03-14 09:52:13.544 [error] [mshr-h.veriloghdl] provider FAILED
2025-03-14 09:52:13.544 [error] TypeError: n is not iterable
	at K_.provideHover (/home/sgass/.vscode/extensions/mshr-h.veriloghdl-1.16.0/dist/main.js:588:7681)
	at async C.provideHover (/usr/share/code/resources/app/out/vs/workbench/api/node/extensionHostProcess.js:161:106493)
2025-03-14 09:52:20.811 [error] [mshr-h.veriloghdl] provider FAILED
2025-03-14 09:52:20.811 [error] TypeError: n is not iterable
	at K_.provideHover (/home/sgass/.vscode/extensions/mshr-h.veriloghdl-1.16.0/dist/main.js:588:7681)
	at async C.provideHover (/usr/share/code/resources/app/out/vs/workbench/api/node/extensionHostProcess.js:161:106493)
2025-03-14 09:52:42.894 [error] [mshr-h.veriloghdl] provider FAILED
2025-03-14 09:52:42.894 [error] TypeError: n is not iterable
	at K_.provideHover (/home/sgass/.vscode/extensions/mshr-h.veriloghdl-1.16.0/dist/main.js:588:7681)
	at async C.provideHover (/usr/share/code/resources/app/out/vs/workbench/api/node/extensionHostProcess.js:161:106493)
2025-03-14 09:52:43.135 [error] [mshr-h.veriloghdl] provider FAILED
2025-03-14 09:52:43.136 [error] TypeError: n is not iterable
	at K_.provideHover (/home/sgass/.vscode/extensions/mshr-h.veriloghdl-1.16.0/dist/main.js:588:7681)
	at async C.provideHover (/usr/share/code/resources/app/out/vs/workbench/api/node/extensionHostProcess.js:161:106493)
2025-03-14 09:52:53.340 [error] [mshr-h.veriloghdl] provider FAILED
2025-03-14 09:52:53.340 [error] TypeError: n is not iterable
	at K_.provideHover (/home/sgass/.vscode/extensions/mshr-h.veriloghdl-1.16.0/dist/main.js:588:7681)
	at async C.provideHover (/usr/share/code/resources/app/out/vs/workbench/api/node/extensionHostProcess.js:161:106493)
2025-03-14 09:52:57.194 [error] [mshr-h.veriloghdl] provider FAILED
2025-03-14 09:52:57.194 [error] TypeError: n is not iterable
	at K_.provideHover (/home/sgass/.vscode/extensions/mshr-h.veriloghdl-1.16.0/dist/main.js:588:7681)
	at async C.provideHover (/usr/share/code/resources/app/out/vs/workbench/api/node/extensionHostProcess.js:161:106493)
2025-03-14 09:54:10.192 [error] [mshr-h.veriloghdl] provider FAILED
2025-03-14 09:54:10.192 [error] TypeError: n is not iterable
	at K_.provideHover (/home/sgass/.vscode/extensions/mshr-h.veriloghdl-1.16.0/dist/main.js:588:7681)
	at async C.provideHover (/usr/share/code/resources/app/out/vs/workbench/api/node/extensionHostProcess.js:161:106493)
2025-03-14 09:54:49.622 [error] [mshr-h.veriloghdl] provider FAILED
2025-03-14 09:54:49.622 [error] TypeError: n is not iterable
	at K_.provideHover (/home/sgass/.vscode/extensions/mshr-h.veriloghdl-1.16.0/dist/main.js:588:7681)
	at async C.provideHover (/usr/share/code/resources/app/out/vs/workbench/api/node/extensionHostProcess.js:161:106493)
2025-03-14 09:54:50.023 [error] [mshr-h.veriloghdl] provider FAILED
2025-03-14 09:54:50.023 [error] TypeError: n is not iterable
	at K_.provideHover (/home/sgass/.vscode/extensions/mshr-h.veriloghdl-1.16.0/dist/main.js:588:7681)
	at async C.provideHover (/usr/share/code/resources/app/out/vs/workbench/api/node/extensionHostProcess.js:161:106493)
2025-03-14 09:55:34.211 [error] [mshr-h.veriloghdl] provider FAILED
2025-03-14 09:55:34.211 [error] TypeError: n is not iterable
	at K_.provideHover (/home/sgass/.vscode/extensions/mshr-h.veriloghdl-1.16.0/dist/main.js:588:7681)
	at async C.provideHover (/usr/share/code/resources/app/out/vs/workbench/api/node/extensionHostProcess.js:161:106493)
2025-03-14 09:56:19.002 [error] [mshr-h.veriloghdl] provider FAILED
2025-03-14 09:56:19.002 [error] TypeError: n is not iterable
	at K_.provideHover (/home/sgass/.vscode/extensions/mshr-h.veriloghdl-1.16.0/dist/main.js:588:7681)
	at async C.provideHover (/usr/share/code/resources/app/out/vs/workbench/api/node/extensionHostProcess.js:161:106493)
2025-03-14 09:56:45.955 [error] [mshr-h.veriloghdl] provider FAILED
2025-03-14 09:56:45.955 [error] TypeError: n is not iterable
	at K_.provideHover (/home/sgass/.vscode/extensions/mshr-h.veriloghdl-1.16.0/dist/main.js:588:7681)
	at async C.provideHover (/usr/share/code/resources/app/out/vs/workbench/api/node/extensionHostProcess.js:161:106493)
2025-03-14 09:56:48.069 [error] [mshr-h.veriloghdl] provider FAILED
2025-03-14 09:56:48.070 [error] TypeError: n is not iterable
	at K_.provideHover (/home/sgass/.vscode/extensions/mshr-h.veriloghdl-1.16.0/dist/main.js:588:7681)
	at async C.provideHover (/usr/share/code/resources/app/out/vs/workbench/api/node/extensionHostProcess.js:161:106493)
2025-03-14 09:56:48.837 [error] [mshr-h.veriloghdl] provider FAILED
2025-03-14 09:56:48.837 [error] TypeError: n is not iterable
	at K_.provideHover (/home/sgass/.vscode/extensions/mshr-h.veriloghdl-1.16.0/dist/main.js:588:7681)
	at async C.provideHover (/usr/share/code/resources/app/out/vs/workbench/api/node/extensionHostProcess.js:161:106493)
2025-03-14 09:56:53.336 [error] [mshr-h.veriloghdl] provider FAILED
2025-03-14 09:56:53.336 [error] TypeError: n is not iterable
	at K_.provideHover (/home/sgass/.vscode/extensions/mshr-h.veriloghdl-1.16.0/dist/main.js:588:7681)
	at async C.provideHover (/usr/share/code/resources/app/out/vs/workbench/api/node/extensionHostProcess.js:161:106493)
2025-03-14 09:57:08.818 [error] [mshr-h.veriloghdl] provider FAILED
2025-03-14 09:57:08.818 [error] TypeError: n is not iterable
	at K_.provideHover (/home/sgass/.vscode/extensions/mshr-h.veriloghdl-1.16.0/dist/main.js:588:7681)
	at async C.provideHover (/usr/share/code/resources/app/out/vs/workbench/api/node/extensionHostProcess.js:161:106493)
2025-03-14 09:57:09.648 [error] [mshr-h.veriloghdl] provider FAILED
2025-03-14 09:57:09.648 [error] TypeError: n is not iterable
	at K_.provideHover (/home/sgass/.vscode/extensions/mshr-h.veriloghdl-1.16.0/dist/main.js:588:7681)
	at async C.provideHover (/usr/share/code/resources/app/out/vs/workbench/api/node/extensionHostProcess.js:161:106493)
2025-03-14 09:57:09.818 [error] [mshr-h.veriloghdl] provider FAILED
2025-03-14 09:57:09.818 [error] TypeError: n is not iterable
	at K_.provideHover (/home/sgass/.vscode/extensions/mshr-h.veriloghdl-1.16.0/dist/main.js:588:7681)
	at async C.provideHover (/usr/share/code/resources/app/out/vs/workbench/api/node/extensionHostProcess.js:161:106493)
2025-03-14 09:57:39.495 [error] [mshr-h.veriloghdl] provider FAILED
2025-03-14 09:57:39.495 [error] TypeError: n is not iterable
	at K_.provideHover (/home/sgass/.vscode/extensions/mshr-h.veriloghdl-1.16.0/dist/main.js:588:7681)
	at async C.provideHover (/usr/share/code/resources/app/out/vs/workbench/api/node/extensionHostProcess.js:161:106493)
2025-03-14 09:57:45.906 [error] [mshr-h.veriloghdl] provider FAILED
2025-03-14 09:57:45.907 [error] TypeError: n is not iterable
	at K_.provideHover (/home/sgass/.vscode/extensions/mshr-h.veriloghdl-1.16.0/dist/main.js:588:7681)
	at async C.provideHover (/usr/share/code/resources/app/out/vs/workbench/api/node/extensionHostProcess.js:161:106493)
2025-03-14 09:59:00.133 [error] [mshr-h.veriloghdl] provider FAILED
2025-03-14 09:59:00.134 [error] TypeError: n is not iterable
	at K_.provideHover (/home/sgass/.vscode/extensions/mshr-h.veriloghdl-1.16.0/dist/main.js:588:7681)
	at async C.provideHover (/usr/share/code/resources/app/out/vs/workbench/api/node/extensionHostProcess.js:161:106493)
2025-03-14 09:59:01.481 [error] [mshr-h.veriloghdl] provider FAILED
2025-03-14 09:59:01.482 [error] TypeError: n is not iterable
	at K_.provideHover (/home/sgass/.vscode/extensions/mshr-h.veriloghdl-1.16.0/dist/main.js:588:7681)
	at async C.provideHover (/usr/share/code/resources/app/out/vs/workbench/api/node/extensionHostProcess.js:161:106493)
2025-03-14 09:59:07.232 [error] [mshr-h.veriloghdl] provider FAILED
2025-03-14 09:59:07.232 [error] TypeError: n is not iterable
	at K_.provideHover (/home/sgass/.vscode/extensions/mshr-h.veriloghdl-1.16.0/dist/main.js:588:7681)
	at async C.provideHover (/usr/share/code/resources/app/out/vs/workbench/api/node/extensionHostProcess.js:161:106493)
2025-03-14 10:00:56.159 [error] [mshr-h.veriloghdl] provider FAILED
2025-03-14 10:00:56.159 [error] TypeError: n is not iterable
	at K_.provideHover (/home/sgass/.vscode/extensions/mshr-h.veriloghdl-1.16.0/dist/main.js:588:7681)
	at async C.provideHover (/usr/share/code/resources/app/out/vs/workbench/api/node/extensionHostProcess.js:161:106493)
2025-03-14 10:02:23.027 [error] [mshr-h.veriloghdl] provider FAILED
2025-03-14 10:02:23.027 [error] TypeError: n is not iterable
	at K_.provideHover (/home/sgass/.vscode/extensions/mshr-h.veriloghdl-1.16.0/dist/main.js:588:7681)
	at async C.provideHover (/usr/share/code/resources/app/out/vs/workbench/api/node/extensionHostProcess.js:161:106493)
2025-03-14 10:03:06.512 [error] [mshr-h.veriloghdl] provider FAILED
2025-03-14 10:03:06.512 [error] TypeError: n is not iterable
	at K_.provideHover (/home/sgass/.vscode/extensions/mshr-h.veriloghdl-1.16.0/dist/main.js:588:7681)
	at async C.provideHover (/usr/share/code/resources/app/out/vs/workbench/api/node/extensionHostProcess.js:161:106493)
2025-03-14 10:03:13.376 [error] [mshr-h.veriloghdl] provider FAILED
2025-03-14 10:03:13.376 [error] TypeError: n is not iterable
	at K_.provideHover (/home/sgass/.vscode/extensions/mshr-h.veriloghdl-1.16.0/dist/main.js:588:7681)
	at async C.provideHover (/usr/share/code/resources/app/out/vs/workbench/api/node/extensionHostProcess.js:161:106493)
2025-03-14 10:04:29.439 [error] [mshr-h.veriloghdl] provider FAILED
2025-03-14 10:04:29.439 [error] TypeError: n is not iterable
	at K_.provideHover (/home/sgass/.vscode/extensions/mshr-h.veriloghdl-1.16.0/dist/main.js:588:7681)
	at async C.provideHover (/usr/share/code/resources/app/out/vs/workbench/api/node/extensionHostProcess.js:161:106493)
2025-03-14 10:04:35.172 [error] [mshr-h.veriloghdl] provider FAILED
2025-03-14 10:04:35.172 [error] TypeError: n is not iterable
	at K_.provideHover (/home/sgass/.vscode/extensions/mshr-h.veriloghdl-1.16.0/dist/main.js:588:7681)
	at async C.provideHover (/usr/share/code/resources/app/out/vs/workbench/api/node/extensionHostProcess.js:161:106493)
2025-03-14 10:07:14.387 [error] [mshr-h.veriloghdl] provider FAILED
2025-03-14 10:07:14.387 [error] TypeError: n is not iterable
	at K_.provideHover (/home/sgass/.vscode/extensions/mshr-h.veriloghdl-1.16.0/dist/main.js:588:7681)
	at async C.provideHover (/usr/share/code/resources/app/out/vs/workbench/api/node/extensionHostProcess.js:161:106493)
2025-03-14 10:07:27.296 [error] [mshr-h.veriloghdl] provider FAILED
2025-03-14 10:07:27.296 [error] TypeError: n is not iterable
	at K_.provideHover (/home/sgass/.vscode/extensions/mshr-h.veriloghdl-1.16.0/dist/main.js:588:7681)
	at async C.provideHover (/usr/share/code/resources/app/out/vs/workbench/api/node/extensionHostProcess.js:161:106493)
2025-03-14 10:08:02.448 [error] [mshr-h.veriloghdl] provider FAILED
2025-03-14 10:08:02.448 [error] TypeError: n is not iterable
	at K_.provideHover (/home/sgass/.vscode/extensions/mshr-h.veriloghdl-1.16.0/dist/main.js:588:7681)
	at async C.provideHover (/usr/share/code/resources/app/out/vs/workbench/api/node/extensionHostProcess.js:161:106493)
2025-03-14 10:08:32.698 [error] [mshr-h.veriloghdl] provider FAILED
2025-03-14 10:08:32.699 [error] TypeError: n is not iterable
	at K_.provideHover (/home/sgass/.vscode/extensions/mshr-h.veriloghdl-1.16.0/dist/main.js:588:7681)
	at async C.provideHover (/usr/share/code/resources/app/out/vs/workbench/api/node/extensionHostProcess.js:161:106493)
2025-03-14 10:08:40.682 [error] [mshr-h.veriloghdl] provider FAILED
2025-03-14 10:08:40.683 [error] TypeError: n is not iterable
	at K_.provideHover (/home/sgass/.vscode/extensions/mshr-h.veriloghdl-1.16.0/dist/main.js:588:7681)
	at async C.provideHover (/usr/share/code/resources/app/out/vs/workbench/api/node/extensionHostProcess.js:161:106493)
2025-03-14 10:08:41.402 [error] [mshr-h.veriloghdl] provider FAILED
2025-03-14 10:08:41.402 [error] TypeError: n is not iterable
	at K_.provideHover (/home/sgass/.vscode/extensions/mshr-h.veriloghdl-1.16.0/dist/main.js:588:7681)
	at async C.provideHover (/usr/share/code/resources/app/out/vs/workbench/api/node/extensionHostProcess.js:161:106493)
2025-03-14 10:08:47.585 [error] [mshr-h.veriloghdl] provider FAILED
2025-03-14 10:08:47.585 [error] TypeError: n is not iterable
	at K_.provideHover (/home/sgass/.vscode/extensions/mshr-h.veriloghdl-1.16.0/dist/main.js:588:7681)
	at async C.provideHover (/usr/share/code/resources/app/out/vs/workbench/api/node/extensionHostProcess.js:161:106493)
2025-03-14 10:08:48.787 [error] [mshr-h.veriloghdl] provider FAILED
2025-03-14 10:08:48.787 [error] TypeError: n is not iterable
	at K_.provideHover (/home/sgass/.vscode/extensions/mshr-h.veriloghdl-1.16.0/dist/main.js:588:7681)
	at async C.provideHover (/usr/share/code/resources/app/out/vs/workbench/api/node/extensionHostProcess.js:161:106493)
2025-03-14 10:08:49.243 [error] [mshr-h.veriloghdl] provider FAILED
2025-03-14 10:08:49.243 [error] TypeError: n is not iterable
	at K_.provideHover (/home/sgass/.vscode/extensions/mshr-h.veriloghdl-1.16.0/dist/main.js:588:7681)
	at async C.provideHover (/usr/share/code/resources/app/out/vs/workbench/api/node/extensionHostProcess.js:161:106493)
2025-03-14 10:09:18.360 [error] [mshr-h.veriloghdl] provider FAILED
2025-03-14 10:09:18.361 [error] TypeError: n is not iterable
	at K_.provideHover (/home/sgass/.vscode/extensions/mshr-h.veriloghdl-1.16.0/dist/main.js:588:7681)
	at async C.provideHover (/usr/share/code/resources/app/out/vs/workbench/api/node/extensionHostProcess.js:161:106493)
2025-03-14 10:09:21.451 [error] [mshr-h.veriloghdl] provider FAILED
2025-03-14 10:09:21.451 [error] TypeError: n is not iterable
	at K_.provideHover (/home/sgass/.vscode/extensions/mshr-h.veriloghdl-1.16.0/dist/main.js:588:7681)
	at async C.provideHover (/usr/share/code/resources/app/out/vs/workbench/api/node/extensionHostProcess.js:161:106493)
2025-03-14 10:09:46.650 [error] [mshr-h.veriloghdl] provider FAILED
2025-03-14 10:09:46.650 [error] TypeError: n is not iterable
	at K_.provideHover (/home/sgass/.vscode/extensions/mshr-h.veriloghdl-1.16.0/dist/main.js:588:7681)
	at async C.provideHover (/usr/share/code/resources/app/out/vs/workbench/api/node/extensionHostProcess.js:161:106493)
2025-03-14 10:10:00.619 [error] [mshr-h.veriloghdl] provider FAILED
2025-03-14 10:10:00.619 [error] TypeError: n is not iterable
	at K_.provideHover (/home/sgass/.vscode/extensions/mshr-h.veriloghdl-1.16.0/dist/main.js:588:7681)
	at async C.provideHover (/usr/share/code/resources/app/out/vs/workbench/api/node/extensionHostProcess.js:161:106493)
2025-03-14 10:10:15.698 [error] [mshr-h.veriloghdl] provider FAILED
2025-03-14 10:10:15.699 [error] TypeError: n is not iterable
	at K_.provideHover (/home/sgass/.vscode/extensions/mshr-h.veriloghdl-1.16.0/dist/main.js:588:7681)
	at async C.provideHover (/usr/share/code/resources/app/out/vs/workbench/api/node/extensionHostProcess.js:161:106493)
2025-03-14 10:10:16.137 [error] [mshr-h.veriloghdl] provider FAILED
2025-03-14 10:10:16.137 [error] TypeError: n is not iterable
	at K_.provideHover (/home/sgass/.vscode/extensions/mshr-h.veriloghdl-1.16.0/dist/main.js:588:7681)
	at async C.provideHover (/usr/share/code/resources/app/out/vs/workbench/api/node/extensionHostProcess.js:161:106493)
2025-03-14 10:10:16.704 [error] [mshr-h.veriloghdl] provider FAILED
2025-03-14 10:10:16.704 [error] TypeError: n is not iterable
	at K_.provideHover (/home/sgass/.vscode/extensions/mshr-h.veriloghdl-1.16.0/dist/main.js:588:7681)
	at async C.provideHover (/usr/share/code/resources/app/out/vs/workbench/api/node/extensionHostProcess.js:161:106493)
2025-03-14 10:10:49.828 [error] [mshr-h.veriloghdl] provider FAILED
2025-03-14 10:10:49.828 [error] TypeError: n is not iterable
	at K_.provideHover (/home/sgass/.vscode/extensions/mshr-h.veriloghdl-1.16.0/dist/main.js:588:7681)
	at async C.provideHover (/usr/share/code/resources/app/out/vs/workbench/api/node/extensionHostProcess.js:161:106493)
2025-03-14 10:11:10.090 [error] [mshr-h.veriloghdl] provider FAILED
2025-03-14 10:11:10.090 [error] TypeError: n is not iterable
	at K_.provideHover (/home/sgass/.vscode/extensions/mshr-h.veriloghdl-1.16.0/dist/main.js:588:7681)
	at async C.provideHover (/usr/share/code/resources/app/out/vs/workbench/api/node/extensionHostProcess.js:161:106493)
2025-03-14 10:11:27.623 [error] [mshr-h.veriloghdl] provider FAILED
2025-03-14 10:11:27.623 [error] TypeError: n is not iterable
	at K_.provideHover (/home/sgass/.vscode/extensions/mshr-h.veriloghdl-1.16.0/dist/main.js:588:7681)
	at async C.provideHover (/usr/share/code/resources/app/out/vs/workbench/api/node/extensionHostProcess.js:161:106493)
2025-03-14 10:11:30.989 [error] [mshr-h.veriloghdl] provider FAILED
2025-03-14 10:11:30.989 [error] TypeError: n is not iterable
	at K_.provideHover (/home/sgass/.vscode/extensions/mshr-h.veriloghdl-1.16.0/dist/main.js:588:7681)
	at async C.provideHover (/usr/share/code/resources/app/out/vs/workbench/api/node/extensionHostProcess.js:161:106493)
2025-03-14 10:11:33.956 [error] [mshr-h.veriloghdl] provider FAILED
2025-03-14 10:11:33.956 [error] TypeError: n is not iterable
	at K_.provideHover (/home/sgass/.vscode/extensions/mshr-h.veriloghdl-1.16.0/dist/main.js:588:7681)
	at async C.provideHover (/usr/share/code/resources/app/out/vs/workbench/api/node/extensionHostProcess.js:161:106493)
2025-03-14 10:11:34.189 [error] [mshr-h.veriloghdl] provider FAILED
2025-03-14 10:11:34.189 [error] TypeError: n is not iterable
	at K_.provideHover (/home/sgass/.vscode/extensions/mshr-h.veriloghdl-1.16.0/dist/main.js:588:7681)
	at async C.provideHover (/usr/share/code/resources/app/out/vs/workbench/api/node/extensionHostProcess.js:161:106493)
2025-03-14 10:11:43.273 [error] [mshr-h.veriloghdl] provider FAILED
2025-03-14 10:11:43.273 [error] TypeError: n is not iterable
	at K_.provideHover (/home/sgass/.vscode/extensions/mshr-h.veriloghdl-1.16.0/dist/main.js:588:7681)
	at async C.provideHover (/usr/share/code/resources/app/out/vs/workbench/api/node/extensionHostProcess.js:161:106493)
2025-03-14 10:11:43.661 [error] [mshr-h.veriloghdl] provider FAILED
2025-03-14 10:11:43.661 [error] TypeError: n is not iterable
	at K_.provideHover (/home/sgass/.vscode/extensions/mshr-h.veriloghdl-1.16.0/dist/main.js:588:7681)
	at async C.provideHover (/usr/share/code/resources/app/out/vs/workbench/api/node/extensionHostProcess.js:161:106493)
2025-03-14 10:12:24.173 [error] [mshr-h.veriloghdl] provider FAILED
2025-03-14 10:12:24.173 [error] TypeError: n is not iterable
	at K_.provideHover (/home/sgass/.vscode/extensions/mshr-h.veriloghdl-1.16.0/dist/main.js:588:7681)
	at async C.provideHover (/usr/share/code/resources/app/out/vs/workbench/api/node/extensionHostProcess.js:161:106493)
2025-03-14 10:12:29.075 [error] [mshr-h.veriloghdl] provider FAILED
2025-03-14 10:12:29.075 [error] TypeError: n is not iterable
	at K_.provideHover (/home/sgass/.vscode/extensions/mshr-h.veriloghdl-1.16.0/dist/main.js:588:7681)
	at async C.provideHover (/usr/share/code/resources/app/out/vs/workbench/api/node/extensionHostProcess.js:161:106493)
2025-03-14 10:12:38.873 [error] [mshr-h.veriloghdl] provider FAILED
2025-03-14 10:12:38.873 [error] TypeError: n is not iterable
	at K_.provideHover (/home/sgass/.vscode/extensions/mshr-h.veriloghdl-1.16.0/dist/main.js:588:7681)
	at async C.provideHover (/usr/share/code/resources/app/out/vs/workbench/api/node/extensionHostProcess.js:161:106493)
2025-03-14 10:12:39.508 [error] [mshr-h.veriloghdl] provider FAILED
2025-03-14 10:12:39.508 [error] TypeError: n is not iterable
	at K_.provideHover (/home/sgass/.vscode/extensions/mshr-h.veriloghdl-1.16.0/dist/main.js:588:7681)
	at async C.provideHover (/usr/share/code/resources/app/out/vs/workbench/api/node/extensionHostProcess.js:161:106493)
2025-03-14 10:12:43.175 [error] [mshr-h.veriloghdl] provider FAILED
2025-03-14 10:12:43.175 [error] TypeError: n is not iterable
	at K_.provideHover (/home/sgass/.vscode/extensions/mshr-h.veriloghdl-1.16.0/dist/main.js:588:7681)
	at async C.provideHover (/usr/share/code/resources/app/out/vs/workbench/api/node/extensionHostProcess.js:161:106493)
2025-03-14 10:12:43.442 [error] [mshr-h.veriloghdl] provider FAILED
2025-03-14 10:12:43.442 [error] TypeError: n is not iterable
	at K_.provideHover (/home/sgass/.vscode/extensions/mshr-h.veriloghdl-1.16.0/dist/main.js:588:7681)
	at async C.provideHover (/usr/share/code/resources/app/out/vs/workbench/api/node/extensionHostProcess.js:161:106493)
2025-03-14 10:12:51.872 [error] [mshr-h.veriloghdl] provider FAILED
2025-03-14 10:12:51.872 [error] TypeError: n is not iterable
	at K_.provideHover (/home/sgass/.vscode/extensions/mshr-h.veriloghdl-1.16.0/dist/main.js:588:7681)
	at async C.provideHover (/usr/share/code/resources/app/out/vs/workbench/api/node/extensionHostProcess.js:161:106493)
2025-03-14 10:12:55.527 [error] [mshr-h.veriloghdl] provider FAILED
2025-03-14 10:12:55.527 [error] TypeError: n is not iterable
	at K_.provideHover (/home/sgass/.vscode/extensions/mshr-h.veriloghdl-1.16.0/dist/main.js:588:7681)
	at async C.provideHover (/usr/share/code/resources/app/out/vs/workbench/api/node/extensionHostProcess.js:161:106493)
2025-03-14 10:12:59.576 [error] [mshr-h.veriloghdl] provider FAILED
2025-03-14 10:12:59.576 [error] TypeError: n is not iterable
	at K_.provideHover (/home/sgass/.vscode/extensions/mshr-h.veriloghdl-1.16.0/dist/main.js:588:7681)
	at async C.provideHover (/usr/share/code/resources/app/out/vs/workbench/api/node/extensionHostProcess.js:161:106493)
2025-03-14 10:13:08.210 [error] [mshr-h.veriloghdl] provider FAILED
2025-03-14 10:13:08.210 [error] TypeError: n is not iterable
	at K_.provideHover (/home/sgass/.vscode/extensions/mshr-h.veriloghdl-1.16.0/dist/main.js:588:7681)
	at async C.provideHover (/usr/share/code/resources/app/out/vs/workbench/api/node/extensionHostProcess.js:161:106493)
2025-03-14 10:13:08.542 [error] [mshr-h.veriloghdl] provider FAILED
2025-03-14 10:13:08.542 [error] TypeError: n is not iterable
	at K_.provideHover (/home/sgass/.vscode/extensions/mshr-h.veriloghdl-1.16.0/dist/main.js:588:7681)
	at async C.provideHover (/usr/share/code/resources/app/out/vs/workbench/api/node/extensionHostProcess.js:161:106493)
2025-03-14 10:13:16.362 [error] [mshr-h.veriloghdl] provider FAILED
2025-03-14 10:13:16.362 [error] TypeError: n is not iterable
	at K_.provideHover (/home/sgass/.vscode/extensions/mshr-h.veriloghdl-1.16.0/dist/main.js:588:7681)
	at async C.provideHover (/usr/share/code/resources/app/out/vs/workbench/api/node/extensionHostProcess.js:161:106493)
2025-03-14 10:13:21.077 [error] [mshr-h.veriloghdl] provider FAILED
2025-03-14 10:13:21.078 [error] TypeError: n is not iterable
	at K_.provideHover (/home/sgass/.vscode/extensions/mshr-h.veriloghdl-1.16.0/dist/main.js:588:7681)
	at async C.provideHover (/usr/share/code/resources/app/out/vs/workbench/api/node/extensionHostProcess.js:161:106493)
2025-03-14 10:13:41.561 [error] [mshr-h.veriloghdl] provider FAILED
2025-03-14 10:13:41.561 [error] TypeError: n is not iterable
	at K_.provideHover (/home/sgass/.vscode/extensions/mshr-h.veriloghdl-1.16.0/dist/main.js:588:7681)
	at async C.provideHover (/usr/share/code/resources/app/out/vs/workbench/api/node/extensionHostProcess.js:161:106493)
2025-03-14 10:13:41.993 [error] [mshr-h.veriloghdl] provider FAILED
2025-03-14 10:13:41.993 [error] TypeError: n is not iterable
	at K_.provideHover (/home/sgass/.vscode/extensions/mshr-h.veriloghdl-1.16.0/dist/main.js:588:7681)
	at async C.provideHover (/usr/share/code/resources/app/out/vs/workbench/api/node/extensionHostProcess.js:161:106493)
2025-03-14 10:13:55.577 [error] [mshr-h.veriloghdl] provider FAILED
2025-03-14 10:13:55.577 [error] TypeError: n is not iterable
	at K_.provideHover (/home/sgass/.vscode/extensions/mshr-h.veriloghdl-1.16.0/dist/main.js:588:7681)
	at async C.provideHover (/usr/share/code/resources/app/out/vs/workbench/api/node/extensionHostProcess.js:161:106493)
2025-03-14 10:13:56.193 [error] [mshr-h.veriloghdl] provider FAILED
2025-03-14 10:13:56.194 [error] TypeError: n is not iterable
	at K_.provideHover (/home/sgass/.vscode/extensions/mshr-h.veriloghdl-1.16.0/dist/main.js:588:7681)
	at async C.provideHover (/usr/share/code/resources/app/out/vs/workbench/api/node/extensionHostProcess.js:161:106493)
2025-03-14 10:14:24.879 [error] [mshr-h.veriloghdl] provider FAILED
2025-03-14 10:14:24.879 [error] TypeError: n is not iterable
	at K_.provideHover (/home/sgass/.vscode/extensions/mshr-h.veriloghdl-1.16.0/dist/main.js:588:7681)
	at async C.provideHover (/usr/share/code/resources/app/out/vs/workbench/api/node/extensionHostProcess.js:161:106493)
2025-03-14 10:14:25.280 [error] [mshr-h.veriloghdl] provider FAILED
2025-03-14 10:14:25.280 [error] TypeError: n is not iterable
	at K_.provideHover (/home/sgass/.vscode/extensions/mshr-h.veriloghdl-1.16.0/dist/main.js:588:7681)
	at async C.provideHover (/usr/share/code/resources/app/out/vs/workbench/api/node/extensionHostProcess.js:161:106493)
2025-03-14 10:14:35.250 [error] [mshr-h.veriloghdl] provider FAILED
2025-03-14 10:14:35.250 [error] TypeError: n is not iterable
	at K_.provideHover (/home/sgass/.vscode/extensions/mshr-h.veriloghdl-1.16.0/dist/main.js:588:7681)
	at async C.provideHover (/usr/share/code/resources/app/out/vs/workbench/api/node/extensionHostProcess.js:161:106493)
2025-03-14 10:14:35.512 [error] [mshr-h.veriloghdl] provider FAILED
2025-03-14 10:14:35.513 [error] TypeError: n is not iterable
	at K_.provideHover (/home/sgass/.vscode/extensions/mshr-h.veriloghdl-1.16.0/dist/main.js:588:7681)
	at async C.provideHover (/usr/share/code/resources/app/out/vs/workbench/api/node/extensionHostProcess.js:161:106493)
2025-03-14 10:14:51.162 [error] [mshr-h.veriloghdl] provider FAILED
2025-03-14 10:14:51.162 [error] TypeError: n is not iterable
	at K_.provideHover (/home/sgass/.vscode/extensions/mshr-h.veriloghdl-1.16.0/dist/main.js:588:7681)
	at async C.provideHover (/usr/share/code/resources/app/out/vs/workbench/api/node/extensionHostProcess.js:161:106493)
2025-03-14 10:14:52.012 [error] [mshr-h.veriloghdl] provider FAILED
2025-03-14 10:14:52.012 [error] TypeError: n is not iterable
	at K_.provideHover (/home/sgass/.vscode/extensions/mshr-h.veriloghdl-1.16.0/dist/main.js:588:7681)
	at async C.provideHover (/usr/share/code/resources/app/out/vs/workbench/api/node/extensionHostProcess.js:161:106493)
2025-03-14 10:14:55.097 [error] [mshr-h.veriloghdl] provider FAILED
2025-03-14 10:14:55.097 [error] TypeError: n is not iterable
	at K_.provideHover (/home/sgass/.vscode/extensions/mshr-h.veriloghdl-1.16.0/dist/main.js:588:7681)
	at async C.provideHover (/usr/share/code/resources/app/out/vs/workbench/api/node/extensionHostProcess.js:161:106493)
2025-03-14 10:14:57.761 [error] [mshr-h.veriloghdl] provider FAILED
2025-03-14 10:14:57.761 [error] TypeError: n is not iterable
	at K_.provideHover (/home/sgass/.vscode/extensions/mshr-h.veriloghdl-1.16.0/dist/main.js:588:7681)
	at async C.provideHover (/usr/share/code/resources/app/out/vs/workbench/api/node/extensionHostProcess.js:161:106493)
2025-03-14 10:15:01.029 [error] [mshr-h.veriloghdl] provider FAILED
2025-03-14 10:15:01.035 [error] TypeError: n is not iterable
	at K_.provideHover (/home/sgass/.vscode/extensions/mshr-h.veriloghdl-1.16.0/dist/main.js:588:7681)
	at async C.provideHover (/usr/share/code/resources/app/out/vs/workbench/api/node/extensionHostProcess.js:161:106493)
2025-03-14 10:15:52.615 [error] [mshr-h.veriloghdl] provider FAILED
2025-03-14 10:15:52.615 [error] TypeError: n is not iterable
	at K_.provideHover (/home/sgass/.vscode/extensions/mshr-h.veriloghdl-1.16.0/dist/main.js:588:7681)
	at async C.provideHover (/usr/share/code/resources/app/out/vs/workbench/api/node/extensionHostProcess.js:161:106493)
2025-03-14 10:16:01.013 [error] [mshr-h.veriloghdl] provider FAILED
2025-03-14 10:16:01.013 [error] TypeError: n is not iterable
	at K_.provideHover (/home/sgass/.vscode/extensions/mshr-h.veriloghdl-1.16.0/dist/main.js:588:7681)
	at async C.provideHover (/usr/share/code/resources/app/out/vs/workbench/api/node/extensionHostProcess.js:161:106493)
2025-03-14 10:16:01.378 [error] [mshr-h.veriloghdl] provider FAILED
2025-03-14 10:16:01.378 [error] TypeError: n is not iterable
	at K_.provideHover (/home/sgass/.vscode/extensions/mshr-h.veriloghdl-1.16.0/dist/main.js:588:7681)
	at async C.provideHover (/usr/share/code/resources/app/out/vs/workbench/api/node/extensionHostProcess.js:161:106493)
2025-03-14 10:16:11.648 [error] [mshr-h.veriloghdl] provider FAILED
2025-03-14 10:16:11.648 [error] TypeError: n is not iterable
	at K_.provideHover (/home/sgass/.vscode/extensions/mshr-h.veriloghdl-1.16.0/dist/main.js:588:7681)
	at async C.provideHover (/usr/share/code/resources/app/out/vs/workbench/api/node/extensionHostProcess.js:161:106493)
2025-03-14 10:16:12.880 [error] [mshr-h.veriloghdl] provider FAILED
2025-03-14 10:16:12.880 [error] TypeError: n is not iterable
	at K_.provideHover (/home/sgass/.vscode/extensions/mshr-h.veriloghdl-1.16.0/dist/main.js:588:7681)
	at async C.provideHover (/usr/share/code/resources/app/out/vs/workbench/api/node/extensionHostProcess.js:161:106493)
2025-03-14 10:16:22.881 [error] [mshr-h.veriloghdl] provider FAILED
2025-03-14 10:16:22.881 [error] TypeError: n is not iterable
	at K_.provideHover (/home/sgass/.vscode/extensions/mshr-h.veriloghdl-1.16.0/dist/main.js:588:7681)
	at async C.provideHover (/usr/share/code/resources/app/out/vs/workbench/api/node/extensionHostProcess.js:161:106493)
2025-03-14 10:16:36.732 [error] [mshr-h.veriloghdl] provider FAILED
2025-03-14 10:16:36.732 [error] TypeError: n is not iterable
	at K_.provideHover (/home/sgass/.vscode/extensions/mshr-h.veriloghdl-1.16.0/dist/main.js:588:7681)
	at async C.provideHover (/usr/share/code/resources/app/out/vs/workbench/api/node/extensionHostProcess.js:161:106493)
2025-03-14 10:16:38.080 [error] [mshr-h.veriloghdl] provider FAILED
2025-03-14 10:16:38.080 [error] TypeError: n is not iterable
	at K_.provideHover (/home/sgass/.vscode/extensions/mshr-h.veriloghdl-1.16.0/dist/main.js:588:7681)
	at async C.provideHover (/usr/share/code/resources/app/out/vs/workbench/api/node/extensionHostProcess.js:161:106493)
2025-03-14 10:16:42.231 [error] [mshr-h.veriloghdl] provider FAILED
2025-03-14 10:16:42.231 [error] TypeError: n is not iterable
	at K_.provideHover (/home/sgass/.vscode/extensions/mshr-h.veriloghdl-1.16.0/dist/main.js:588:7681)
	at async C.provideHover (/usr/share/code/resources/app/out/vs/workbench/api/node/extensionHostProcess.js:161:106493)
2025-03-14 10:16:42.531 [error] [mshr-h.veriloghdl] provider FAILED
2025-03-14 10:16:42.532 [error] TypeError: n is not iterable
	at K_.provideHover (/home/sgass/.vscode/extensions/mshr-h.veriloghdl-1.16.0/dist/main.js:588:7681)
	at async C.provideHover (/usr/share/code/resources/app/out/vs/workbench/api/node/extensionHostProcess.js:161:106493)
2025-03-14 10:16:42.701 [error] [mshr-h.veriloghdl] provider FAILED
2025-03-14 10:16:42.702 [error] TypeError: n is not iterable
	at K_.provideHover (/home/sgass/.vscode/extensions/mshr-h.veriloghdl-1.16.0/dist/main.js:588:7681)
	at async C.provideHover (/usr/share/code/resources/app/out/vs/workbench/api/node/extensionHostProcess.js:161:106493)
2025-03-14 10:16:50.431 [error] [mshr-h.veriloghdl] provider FAILED
2025-03-14 10:16:50.431 [error] TypeError: n is not iterable
	at K_.provideHover (/home/sgass/.vscode/extensions/mshr-h.veriloghdl-1.16.0/dist/main.js:588:7681)
	at async C.provideHover (/usr/share/code/resources/app/out/vs/workbench/api/node/extensionHostProcess.js:161:106493)
2025-03-14 10:16:51.131 [error] [mshr-h.veriloghdl] provider FAILED
2025-03-14 10:16:51.131 [error] TypeError: n is not iterable
	at K_.provideHover (/home/sgass/.vscode/extensions/mshr-h.veriloghdl-1.16.0/dist/main.js:588:7681)
	at async C.provideHover (/usr/share/code/resources/app/out/vs/workbench/api/node/extensionHostProcess.js:161:106493)
2025-03-14 10:17:01.862 [error] [mshr-h.veriloghdl] provider FAILED
2025-03-14 10:17:01.862 [error] TypeError: n is not iterable
	at K_.provideHover (/home/sgass/.vscode/extensions/mshr-h.veriloghdl-1.16.0/dist/main.js:588:7681)
	at async C.provideHover (/usr/share/code/resources/app/out/vs/workbench/api/node/extensionHostProcess.js:161:106493)
2025-03-14 10:17:02.178 [error] [mshr-h.veriloghdl] provider FAILED
2025-03-14 10:17:02.178 [error] TypeError: n is not iterable
	at K_.provideHover (/home/sgass/.vscode/extensions/mshr-h.veriloghdl-1.16.0/dist/main.js:588:7681)
	at async C.provideHover (/usr/share/code/resources/app/out/vs/workbench/api/node/extensionHostProcess.js:161:106493)
2025-03-14 10:17:27.247 [error] [mshr-h.veriloghdl] provider FAILED
2025-03-14 10:17:27.247 [error] TypeError: n is not iterable
	at K_.provideHover (/home/sgass/.vscode/extensions/mshr-h.veriloghdl-1.16.0/dist/main.js:588:7681)
	at async C.provideHover (/usr/share/code/resources/app/out/vs/workbench/api/node/extensionHostProcess.js:161:106493)
2025-03-14 10:17:52.631 [error] [mshr-h.veriloghdl] provider FAILED
2025-03-14 10:17:52.631 [error] TypeError: n is not iterable
	at K_.provideHover (/home/sgass/.vscode/extensions/mshr-h.veriloghdl-1.16.0/dist/main.js:588:7681)
	at async C.provideHover (/usr/share/code/resources/app/out/vs/workbench/api/node/extensionHostProcess.js:161:106493)
2025-03-14 10:17:52.848 [error] [mshr-h.veriloghdl] provider FAILED
2025-03-14 10:17:52.848 [error] TypeError: n is not iterable
	at K_.provideHover (/home/sgass/.vscode/extensions/mshr-h.veriloghdl-1.16.0/dist/main.js:588:7681)
	at async C.provideHover (/usr/share/code/resources/app/out/vs/workbench/api/node/extensionHostProcess.js:161:106493)
2025-03-14 10:18:03.049 [error] [mshr-h.veriloghdl] provider FAILED
2025-03-14 10:18:03.049 [error] TypeError: n is not iterable
	at K_.provideHover (/home/sgass/.vscode/extensions/mshr-h.veriloghdl-1.16.0/dist/main.js:588:7681)
	at async C.provideHover (/usr/share/code/resources/app/out/vs/workbench/api/node/extensionHostProcess.js:161:106493)
2025-03-14 10:18:21.514 [error] [mshr-h.veriloghdl] provider FAILED
2025-03-14 10:18:21.514 [error] TypeError: n is not iterable
	at K_.provideHover (/home/sgass/.vscode/extensions/mshr-h.veriloghdl-1.16.0/dist/main.js:588:7681)
	at async C.provideHover (/usr/share/code/resources/app/out/vs/workbench/api/node/extensionHostProcess.js:161:106493)
2025-03-14 10:18:25.230 [error] [mshr-h.veriloghdl] provider FAILED
2025-03-14 10:18:25.231 [error] TypeError: n is not iterable
	at K_.provideHover (/home/sgass/.vscode/extensions/mshr-h.veriloghdl-1.16.0/dist/main.js:588:7681)
	at async C.provideHover (/usr/share/code/resources/app/out/vs/workbench/api/node/extensionHostProcess.js:161:106493)
2025-03-14 10:18:28.782 [error] [mshr-h.veriloghdl] provider FAILED
2025-03-14 10:18:28.782 [error] TypeError: n is not iterable
	at K_.provideHover (/home/sgass/.vscode/extensions/mshr-h.veriloghdl-1.16.0/dist/main.js:588:7681)
	at async C.provideHover (/usr/share/code/resources/app/out/vs/workbench/api/node/extensionHostProcess.js:161:106493)
2025-03-14 10:18:29.031 [error] [mshr-h.veriloghdl] provider FAILED
2025-03-14 10:18:29.031 [error] TypeError: n is not iterable
	at K_.provideHover (/home/sgass/.vscode/extensions/mshr-h.veriloghdl-1.16.0/dist/main.js:588:7681)
	at async C.provideHover (/usr/share/code/resources/app/out/vs/workbench/api/node/extensionHostProcess.js:161:106493)
2025-03-14 10:18:29.432 [error] [mshr-h.veriloghdl] provider FAILED
2025-03-14 10:18:29.432 [error] TypeError: n is not iterable
	at K_.provideHover (/home/sgass/.vscode/extensions/mshr-h.veriloghdl-1.16.0/dist/main.js:588:7681)
	at async C.provideHover (/usr/share/code/resources/app/out/vs/workbench/api/node/extensionHostProcess.js:161:106493)
2025-03-14 10:18:36.565 [error] [mshr-h.veriloghdl] provider FAILED
2025-03-14 10:18:36.565 [error] TypeError: n is not iterable
	at K_.provideHover (/home/sgass/.vscode/extensions/mshr-h.veriloghdl-1.16.0/dist/main.js:588:7681)
	at async C.provideHover (/usr/share/code/resources/app/out/vs/workbench/api/node/extensionHostProcess.js:161:106493)
2025-03-14 10:18:37.082 [error] [mshr-h.veriloghdl] provider FAILED
2025-03-14 10:18:37.082 [error] TypeError: n is not iterable
	at K_.provideHover (/home/sgass/.vscode/extensions/mshr-h.veriloghdl-1.16.0/dist/main.js:588:7681)
	at async C.provideHover (/usr/share/code/resources/app/out/vs/workbench/api/node/extensionHostProcess.js:161:106493)
2025-03-14 10:19:47.781 [error] [mshr-h.veriloghdl] provider FAILED
2025-03-14 10:19:47.781 [error] TypeError: n is not iterable
	at K_.provideHover (/home/sgass/.vscode/extensions/mshr-h.veriloghdl-1.16.0/dist/main.js:588:7681)
	at async C.provideHover (/usr/share/code/resources/app/out/vs/workbench/api/node/extensionHostProcess.js:161:106493)
2025-03-14 10:20:01.801 [error] [mshr-h.veriloghdl] provider FAILED
2025-03-14 10:20:01.801 [error] TypeError: n is not iterable
	at K_.provideHover (/home/sgass/.vscode/extensions/mshr-h.veriloghdl-1.16.0/dist/main.js:588:7681)
	at async C.provideHover (/usr/share/code/resources/app/out/vs/workbench/api/node/extensionHostProcess.js:161:106493)
2025-03-14 10:20:02.083 [error] [mshr-h.veriloghdl] provider FAILED
2025-03-14 10:20:02.083 [error] TypeError: n is not iterable
	at K_.provideHover (/home/sgass/.vscode/extensions/mshr-h.veriloghdl-1.16.0/dist/main.js:588:7681)
	at async C.provideHover (/usr/share/code/resources/app/out/vs/workbench/api/node/extensionHostProcess.js:161:106493)
2025-03-14 10:20:20.497 [error] [mshr-h.veriloghdl] provider FAILED
2025-03-14 10:20:20.497 [error] TypeError: n is not iterable
	at K_.provideHover (/home/sgass/.vscode/extensions/mshr-h.veriloghdl-1.16.0/dist/main.js:588:7681)
	at async C.provideHover (/usr/share/code/resources/app/out/vs/workbench/api/node/extensionHostProcess.js:161:106493)
2025-03-14 10:20:20.882 [error] [mshr-h.veriloghdl] provider FAILED
2025-03-14 10:20:20.883 [error] TypeError: n is not iterable
	at K_.provideHover (/home/sgass/.vscode/extensions/mshr-h.veriloghdl-1.16.0/dist/main.js:588:7681)
	at async C.provideHover (/usr/share/code/resources/app/out/vs/workbench/api/node/extensionHostProcess.js:161:106493)
2025-03-14 10:20:21.498 [error] [mshr-h.veriloghdl] provider FAILED
2025-03-14 10:20:21.498 [error] TypeError: n is not iterable
	at K_.provideHover (/home/sgass/.vscode/extensions/mshr-h.veriloghdl-1.16.0/dist/main.js:588:7681)
	at async C.provideHover (/usr/share/code/resources/app/out/vs/workbench/api/node/extensionHostProcess.js:161:106493)
2025-03-14 10:20:22.292 [error] [mshr-h.veriloghdl] provider FAILED
2025-03-14 10:20:22.292 [error] TypeError: n is not iterable
	at K_.provideHover (/home/sgass/.vscode/extensions/mshr-h.veriloghdl-1.16.0/dist/main.js:588:7681)
	at async C.provideHover (/usr/share/code/resources/app/out/vs/workbench/api/node/extensionHostProcess.js:161:106493)
2025-03-14 10:30:11.272 [error] [mshr-h.veriloghdl] provider FAILED
2025-03-14 10:30:11.272 [error] TypeError: n is not iterable
	at K_.provideHover (/home/sgass/.vscode/extensions/mshr-h.veriloghdl-1.16.0/dist/main.js:588:7681)
	at async C.provideHover (/usr/share/code/resources/app/out/vs/workbench/api/node/extensionHostProcess.js:161:106493)
2025-03-14 10:30:22.005 [error] [mshr-h.veriloghdl] provider FAILED
2025-03-14 10:30:22.006 [error] Error: Illegal argument: character must be non-negative
	at P (/usr/share/code/resources/app/out/vs/workbench/api/node/extensionHostProcess.js:10:1144)
	at new m (/usr/share/code/resources/app/out/vs/workbench/api/node/extensionHostProcess.js:159:5074)
	at new $ (/usr/share/code/resources/app/out/vs/workbench/api/node/extensionHostProcess.js:159:6616)
	at qf.findSymbol (/home/sgass/.vscode/extensions/mshr-h.veriloghdl-1.16.0/dist/main.js:65:73657)
	at K_.provideHover (/home/sgass/.vscode/extensions/mshr-h.veriloghdl-1.16.0/dist/main.js:588:7652)
	at C.provideHover (/usr/share/code/resources/app/out/vs/workbench/api/node/extensionHostProcess.js:161:106506)
	at /usr/share/code/resources/app/out/vs/workbench/api/node/extensionHostProcess.js:161:138699
	at We.s (/usr/share/code/resources/app/out/vs/workbench/api/node/extensionHostProcess.js:161:136041)
	at We.$provideHover (/usr/share/code/resources/app/out/vs/workbench/api/node/extensionHostProcess.js:161:138686)
	at y.S (/usr/share/code/resources/app/out/vs/workbench/api/node/extensionHostProcess.js:158:5968)
	at y.Q (/usr/share/code/resources/app/out/vs/workbench/api/node/extensionHostProcess.js:158:5734)
	at y.M (/usr/share/code/resources/app/out/vs/workbench/api/node/extensionHostProcess.js:158:4729)
	at y.L (/usr/share/code/resources/app/out/vs/workbench/api/node/extensionHostProcess.js:158:3602)
	at i.value (/usr/share/code/resources/app/out/vs/workbench/api/node/extensionHostProcess.js:158:2297)
	at r.B (/usr/share/code/resources/app/out/vs/workbench/api/node/extensionHostProcess.js:90:732)
	at r.fire (/usr/share/code/resources/app/out/vs/workbench/api/node/extensionHostProcess.js:90:949)
	at a.fire (/usr/share/code/resources/app/out/vs/workbench/api/node/extensionHostProcess.js:115:14463)
	at i.value (/usr/share/code/resources/app/out/vs/workbench/api/node/extensionHostProcess.js:184:8635)
	at r.B (/usr/share/code/resources/app/out/vs/workbench/api/node/extensionHostProcess.js:90:732)
	at r.fire (/usr/share/code/resources/app/out/vs/workbench/api/node/extensionHostProcess.js:90:949)
	at a.fire (/usr/share/code/resources/app/out/vs/workbench/api/node/extensionHostProcess.js:115:14463)
	at MessagePortMain.<anonymous> (/usr/share/code/resources/app/out/vs/workbench/api/node/extensionHostProcess.js:184:6761)
	at MessagePortMain.emit (node:events:519:28)
	at MessagePortMain._internalPort.emit (node:electron/js2c/utility_init:2:2619)
2025-03-14 10:33:40.015 [error] [mshr-h.veriloghdl] provider FAILED
2025-03-14 10:33:40.015 [error] TypeError: n is not iterable
	at K_.provideHover (/home/sgass/.vscode/extensions/mshr-h.veriloghdl-1.16.0/dist/main.js:588:7681)
	at async C.provideHover (/usr/share/code/resources/app/out/vs/workbench/api/node/extensionHostProcess.js:161:106493)
2025-03-14 10:33:40.614 [error] [mshr-h.veriloghdl] provider FAILED
2025-03-14 10:33:40.614 [error] TypeError: n is not iterable
	at K_.provideHover (/home/sgass/.vscode/extensions/mshr-h.veriloghdl-1.16.0/dist/main.js:588:7681)
	at async C.provideHover (/usr/share/code/resources/app/out/vs/workbench/api/node/extensionHostProcess.js:161:106493)
2025-03-14 10:33:48.836 [error] [mshr-h.veriloghdl] provider FAILED
2025-03-14 10:33:48.836 [error] TypeError: n is not iterable
	at K_.provideHover (/home/sgass/.vscode/extensions/mshr-h.veriloghdl-1.16.0/dist/main.js:588:7681)
	at async C.provideHover (/usr/share/code/resources/app/out/vs/workbench/api/node/extensionHostProcess.js:161:106493)
2025-03-14 10:33:55.532 [error] [mshr-h.veriloghdl] provider FAILED
2025-03-14 10:33:55.532 [error] TypeError: n is not iterable
	at K_.provideHover (/home/sgass/.vscode/extensions/mshr-h.veriloghdl-1.16.0/dist/main.js:588:7681)
	at async C.provideHover (/usr/share/code/resources/app/out/vs/workbench/api/node/extensionHostProcess.js:161:106493)
2025-03-14 10:33:59.831 [error] [mshr-h.veriloghdl] provider FAILED
2025-03-14 10:33:59.831 [error] TypeError: n is not iterable
	at K_.provideHover (/home/sgass/.vscode/extensions/mshr-h.veriloghdl-1.16.0/dist/main.js:588:7681)
	at async C.provideHover (/usr/share/code/resources/app/out/vs/workbench/api/node/extensionHostProcess.js:161:106493)
2025-03-14 10:34:07.282 [error] [mshr-h.veriloghdl] provider FAILED
2025-03-14 10:34:07.282 [error] TypeError: n is not iterable
	at K_.provideHover (/home/sgass/.vscode/extensions/mshr-h.veriloghdl-1.16.0/dist/main.js:588:7681)
	at async C.provideHover (/usr/share/code/resources/app/out/vs/workbench/api/node/extensionHostProcess.js:161:106493)
2025-03-14 10:34:08.498 [error] [mshr-h.veriloghdl] provider FAILED
2025-03-14 10:34:08.498 [error] TypeError: n is not iterable
	at K_.provideHover (/home/sgass/.vscode/extensions/mshr-h.veriloghdl-1.16.0/dist/main.js:588:7681)
	at async C.provideHover (/usr/share/code/resources/app/out/vs/workbench/api/node/extensionHostProcess.js:161:106493)
2025-03-14 10:34:29.048 [error] [mshr-h.veriloghdl] provider FAILED
2025-03-14 10:34:29.048 [error] TypeError: n is not iterable
	at K_.provideHover (/home/sgass/.vscode/extensions/mshr-h.veriloghdl-1.16.0/dist/main.js:588:7681)
	at async C.provideHover (/usr/share/code/resources/app/out/vs/workbench/api/node/extensionHostProcess.js:161:106493)
2025-03-14 10:34:34.766 [error] [mshr-h.veriloghdl] provider FAILED
2025-03-14 10:34:34.766 [error] TypeError: n is not iterable
	at K_.provideHover (/home/sgass/.vscode/extensions/mshr-h.veriloghdl-1.16.0/dist/main.js:588:7681)
	at async C.provideHover (/usr/share/code/resources/app/out/vs/workbench/api/node/extensionHostProcess.js:161:106493)
2025-03-14 10:34:59.064 [error] [mshr-h.veriloghdl] provider FAILED
2025-03-14 10:34:59.064 [error] TypeError: n is not iterable
	at K_.provideHover (/home/sgass/.vscode/extensions/mshr-h.veriloghdl-1.16.0/dist/main.js:588:7681)
	at async C.provideHover (/usr/share/code/resources/app/out/vs/workbench/api/node/extensionHostProcess.js:161:106493)
2025-03-14 10:34:59.427 [error] [mshr-h.veriloghdl] provider FAILED
2025-03-14 10:34:59.428 [error] TypeError: n is not iterable
	at K_.provideHover (/home/sgass/.vscode/extensions/mshr-h.veriloghdl-1.16.0/dist/main.js:588:7681)
	at async C.provideHover (/usr/share/code/resources/app/out/vs/workbench/api/node/extensionHostProcess.js:161:106493)
2025-03-14 10:45:19.302 [error] [mshr-h.veriloghdl] provider FAILED
2025-03-14 10:45:19.302 [error] TypeError: n is not iterable
	at K_.provideHover (/home/sgass/.vscode/extensions/mshr-h.veriloghdl-1.16.0/dist/main.js:588:7681)
	at async C.provideHover (/usr/share/code/resources/app/out/vs/workbench/api/node/extensionHostProcess.js:161:106493)
2025-03-14 10:45:21.058 [error] [mshr-h.veriloghdl] provider FAILED
2025-03-14 10:45:21.059 [error] Error: Illegal argument: character must be non-negative
	at P (/usr/share/code/resources/app/out/vs/workbench/api/node/extensionHostProcess.js:10:1144)
	at new m (/usr/share/code/resources/app/out/vs/workbench/api/node/extensionHostProcess.js:159:5074)
	at new $ (/usr/share/code/resources/app/out/vs/workbench/api/node/extensionHostProcess.js:159:6616)
	at qf.findSymbol (/home/sgass/.vscode/extensions/mshr-h.veriloghdl-1.16.0/dist/main.js:65:73657)
	at K_.provideHover (/home/sgass/.vscode/extensions/mshr-h.veriloghdl-1.16.0/dist/main.js:588:7652)
	at C.provideHover (/usr/share/code/resources/app/out/vs/workbench/api/node/extensionHostProcess.js:161:106506)
	at /usr/share/code/resources/app/out/vs/workbench/api/node/extensionHostProcess.js:161:138699
	at We.s (/usr/share/code/resources/app/out/vs/workbench/api/node/extensionHostProcess.js:161:136041)
	at We.$provideHover (/usr/share/code/resources/app/out/vs/workbench/api/node/extensionHostProcess.js:161:138686)
	at y.S (/usr/share/code/resources/app/out/vs/workbench/api/node/extensionHostProcess.js:158:5968)
	at y.Q (/usr/share/code/resources/app/out/vs/workbench/api/node/extensionHostProcess.js:158:5734)
	at y.M (/usr/share/code/resources/app/out/vs/workbench/api/node/extensionHostProcess.js:158:4729)
	at y.L (/usr/share/code/resources/app/out/vs/workbench/api/node/extensionHostProcess.js:158:3602)
	at i.value (/usr/share/code/resources/app/out/vs/workbench/api/node/extensionHostProcess.js:158:2297)
	at r.B (/usr/share/code/resources/app/out/vs/workbench/api/node/extensionHostProcess.js:90:732)
	at r.fire (/usr/share/code/resources/app/out/vs/workbench/api/node/extensionHostProcess.js:90:949)
	at a.fire (/usr/share/code/resources/app/out/vs/workbench/api/node/extensionHostProcess.js:115:14463)
	at i.value (/usr/share/code/resources/app/out/vs/workbench/api/node/extensionHostProcess.js:184:8635)
	at r.B (/usr/share/code/resources/app/out/vs/workbench/api/node/extensionHostProcess.js:90:732)
	at r.fire (/usr/share/code/resources/app/out/vs/workbench/api/node/extensionHostProcess.js:90:949)
	at a.fire (/usr/share/code/resources/app/out/vs/workbench/api/node/extensionHostProcess.js:115:14463)
	at MessagePortMain.<anonymous> (/usr/share/code/resources/app/out/vs/workbench/api/node/extensionHostProcess.js:184:6761)
	at MessagePortMain.emit (node:events:519:28)
	at MessagePortMain._internalPort.emit (node:electron/js2c/utility_init:2:2619)
2025-03-14 10:45:47.184 [error] [mshr-h.veriloghdl] provider FAILED
2025-03-14 10:45:47.185 [error] Error: Illegal argument: character must be non-negative
	at P (/usr/share/code/resources/app/out/vs/workbench/api/node/extensionHostProcess.js:10:1144)
	at new m (/usr/share/code/resources/app/out/vs/workbench/api/node/extensionHostProcess.js:159:5074)
	at new $ (/usr/share/code/resources/app/out/vs/workbench/api/node/extensionHostProcess.js:159:6616)
	at qf.findSymbol (/home/sgass/.vscode/extensions/mshr-h.veriloghdl-1.16.0/dist/main.js:65:73657)
	at K_.provideHover (/home/sgass/.vscode/extensions/mshr-h.veriloghdl-1.16.0/dist/main.js:588:7652)
	at C.provideHover (/usr/share/code/resources/app/out/vs/workbench/api/node/extensionHostProcess.js:161:106506)
	at /usr/share/code/resources/app/out/vs/workbench/api/node/extensionHostProcess.js:161:138699
	at We.s (/usr/share/code/resources/app/out/vs/workbench/api/node/extensionHostProcess.js:161:136041)
	at We.$provideHover (/usr/share/code/resources/app/out/vs/workbench/api/node/extensionHostProcess.js:161:138686)
	at y.S (/usr/share/code/resources/app/out/vs/workbench/api/node/extensionHostProcess.js:158:5968)
	at y.Q (/usr/share/code/resources/app/out/vs/workbench/api/node/extensionHostProcess.js:158:5734)
	at y.M (/usr/share/code/resources/app/out/vs/workbench/api/node/extensionHostProcess.js:158:4729)
	at y.L (/usr/share/code/resources/app/out/vs/workbench/api/node/extensionHostProcess.js:158:3602)
	at i.value (/usr/share/code/resources/app/out/vs/workbench/api/node/extensionHostProcess.js:158:2297)
	at r.B (/usr/share/code/resources/app/out/vs/workbench/api/node/extensionHostProcess.js:90:732)
	at r.fire (/usr/share/code/resources/app/out/vs/workbench/api/node/extensionHostProcess.js:90:949)
	at a.fire (/usr/share/code/resources/app/out/vs/workbench/api/node/extensionHostProcess.js:115:14463)
	at i.value (/usr/share/code/resources/app/out/vs/workbench/api/node/extensionHostProcess.js:184:8635)
	at r.B (/usr/share/code/resources/app/out/vs/workbench/api/node/extensionHostProcess.js:90:732)
	at r.fire (/usr/share/code/resources/app/out/vs/workbench/api/node/extensionHostProcess.js:90:949)
	at a.fire (/usr/share/code/resources/app/out/vs/workbench/api/node/extensionHostProcess.js:115:14463)
	at MessagePortMain.<anonymous> (/usr/share/code/resources/app/out/vs/workbench/api/node/extensionHostProcess.js:184:6761)
	at MessagePortMain.emit (node:events:519:28)
	at MessagePortMain._internalPort.emit (node:electron/js2c/utility_init:2:2619)
2025-03-14 10:46:05.567 [error] [mshr-h.veriloghdl] provider FAILED
2025-03-14 10:46:05.567 [error] TypeError: n is not iterable
	at K_.provideHover (/home/sgass/.vscode/extensions/mshr-h.veriloghdl-1.16.0/dist/main.js:588:7681)
	at async C.provideHover (/usr/share/code/resources/app/out/vs/workbench/api/node/extensionHostProcess.js:161:106493)
2025-03-14 10:46:48.161 [error] [mshr-h.veriloghdl] provider FAILED
2025-03-14 10:46:48.161 [error] TypeError: n is not iterable
	at K_.provideHover (/home/sgass/.vscode/extensions/mshr-h.veriloghdl-1.16.0/dist/main.js:588:7681)
	at async C.provideHover (/usr/share/code/resources/app/out/vs/workbench/api/node/extensionHostProcess.js:161:106493)
2025-03-14 10:48:11.706 [error] [mshr-h.veriloghdl] provider FAILED
2025-03-14 10:48:11.707 [error] TypeError: n is not iterable
	at K_.provideHover (/home/sgass/.vscode/extensions/mshr-h.veriloghdl-1.16.0/dist/main.js:588:7681)
	at async C.provideHover (/usr/share/code/resources/app/out/vs/workbench/api/node/extensionHostProcess.js:161:106493)
2025-03-14 10:48:21.640 [error] [mshr-h.veriloghdl] provider FAILED
2025-03-14 10:48:21.641 [error] TypeError: n is not iterable
	at K_.provideHover (/home/sgass/.vscode/extensions/mshr-h.veriloghdl-1.16.0/dist/main.js:588:7681)
	at async C.provideHover (/usr/share/code/resources/app/out/vs/workbench/api/node/extensionHostProcess.js:161:106493)
2025-03-14 10:48:24.807 [error] [mshr-h.veriloghdl] provider FAILED
2025-03-14 10:48:24.807 [error] TypeError: n is not iterable
	at K_.provideHover (/home/sgass/.vscode/extensions/mshr-h.veriloghdl-1.16.0/dist/main.js:588:7681)
	at async C.provideHover (/usr/share/code/resources/app/out/vs/workbench/api/node/extensionHostProcess.js:161:106493)
2025-03-14 10:48:28.537 [error] [mshr-h.veriloghdl] provider FAILED
2025-03-14 10:48:28.537 [error] TypeError: n is not iterable
	at K_.provideHover (/home/sgass/.vscode/extensions/mshr-h.veriloghdl-1.16.0/dist/main.js:588:7681)
	at async C.provideHover (/usr/share/code/resources/app/out/vs/workbench/api/node/extensionHostProcess.js:161:106493)
2025-03-14 10:48:46.589 [error] [mshr-h.veriloghdl] provider FAILED
2025-03-14 10:48:46.590 [error] TypeError: n is not iterable
	at K_.provideHover (/home/sgass/.vscode/extensions/mshr-h.veriloghdl-1.16.0/dist/main.js:588:7681)
	at async C.provideHover (/usr/share/code/resources/app/out/vs/workbench/api/node/extensionHostProcess.js:161:106493)
2025-03-14 10:48:49.082 [error] [mshr-h.veriloghdl] provider FAILED
2025-03-14 10:48:49.082 [error] TypeError: n is not iterable
	at K_.provideHover (/home/sgass/.vscode/extensions/mshr-h.veriloghdl-1.16.0/dist/main.js:588:7681)
	at async C.provideHover (/usr/share/code/resources/app/out/vs/workbench/api/node/extensionHostProcess.js:161:106493)
2025-03-14 10:48:49.407 [error] [mshr-h.veriloghdl] provider FAILED
2025-03-14 10:48:49.407 [error] TypeError: n is not iterable
	at K_.provideHover (/home/sgass/.vscode/extensions/mshr-h.veriloghdl-1.16.0/dist/main.js:588:7681)
	at async C.provideHover (/usr/share/code/resources/app/out/vs/workbench/api/node/extensionHostProcess.js:161:106493)
2025-03-14 10:48:51.527 [error] [mshr-h.veriloghdl] provider FAILED
2025-03-14 10:48:51.527 [error] TypeError: n is not iterable
	at K_.provideHover (/home/sgass/.vscode/extensions/mshr-h.veriloghdl-1.16.0/dist/main.js:588:7681)
	at async C.provideHover (/usr/share/code/resources/app/out/vs/workbench/api/node/extensionHostProcess.js:161:106493)
2025-03-14 10:48:51.706 [error] [mshr-h.veriloghdl] provider FAILED
2025-03-14 10:48:51.706 [error] TypeError: n is not iterable
	at K_.provideHover (/home/sgass/.vscode/extensions/mshr-h.veriloghdl-1.16.0/dist/main.js:588:7681)
	at async C.provideHover (/usr/share/code/resources/app/out/vs/workbench/api/node/extensionHostProcess.js:161:106493)
2025-03-14 10:48:52.489 [error] [mshr-h.veriloghdl] provider FAILED
2025-03-14 10:48:52.490 [error] TypeError: n is not iterable
	at K_.provideHover (/home/sgass/.vscode/extensions/mshr-h.veriloghdl-1.16.0/dist/main.js:588:7681)
	at async C.provideHover (/usr/share/code/resources/app/out/vs/workbench/api/node/extensionHostProcess.js:161:106493)
2025-03-14 10:49:16.237 [error] [mshr-h.veriloghdl] provider FAILED
2025-03-14 10:49:16.237 [error] TypeError: n is not iterable
	at K_.provideHover (/home/sgass/.vscode/extensions/mshr-h.veriloghdl-1.16.0/dist/main.js:588:7681)
	at async C.provideHover (/usr/share/code/resources/app/out/vs/workbench/api/node/extensionHostProcess.js:161:106493)
2025-03-14 10:50:28.661 [error] [mshr-h.veriloghdl] provider FAILED
2025-03-14 10:50:28.661 [error] TypeError: n is not iterable
	at K_.provideHover (/home/sgass/.vscode/extensions/mshr-h.veriloghdl-1.16.0/dist/main.js:588:7681)
	at async C.provideHover (/usr/share/code/resources/app/out/vs/workbench/api/node/extensionHostProcess.js:161:106493)
2025-03-14 10:50:36.914 [error] [mshr-h.veriloghdl] provider FAILED
2025-03-14 10:50:36.914 [error] TypeError: n is not iterable
	at K_.provideHover (/home/sgass/.vscode/extensions/mshr-h.veriloghdl-1.16.0/dist/main.js:588:7681)
	at async C.provideHover (/usr/share/code/resources/app/out/vs/workbench/api/node/extensionHostProcess.js:161:106493)
2025-03-14 10:50:53.083 [error] [mshr-h.veriloghdl] provider FAILED
2025-03-14 10:50:53.083 [error] TypeError: n is not iterable
	at K_.provideHover (/home/sgass/.vscode/extensions/mshr-h.veriloghdl-1.16.0/dist/main.js:588:7681)
	at async C.provideHover (/usr/share/code/resources/app/out/vs/workbench/api/node/extensionHostProcess.js:161:106493)
2025-03-14 10:51:12.465 [error] [mshr-h.veriloghdl] provider FAILED
2025-03-14 10:51:12.465 [error] TypeError: n is not iterable
	at K_.provideHover (/home/sgass/.vscode/extensions/mshr-h.veriloghdl-1.16.0/dist/main.js:588:7681)
	at async C.provideHover (/usr/share/code/resources/app/out/vs/workbench/api/node/extensionHostProcess.js:161:106493)
2025-03-14 10:51:16.649 [error] [mshr-h.veriloghdl] provider FAILED
2025-03-14 10:51:16.649 [error] TypeError: n is not iterable
	at K_.provideHover (/home/sgass/.vscode/extensions/mshr-h.veriloghdl-1.16.0/dist/main.js:588:7681)
	at async C.provideHover (/usr/share/code/resources/app/out/vs/workbench/api/node/extensionHostProcess.js:161:106493)
2025-03-14 10:51:26.648 [error] [mshr-h.veriloghdl] provider FAILED
2025-03-14 10:51:26.649 [error] TypeError: n is not iterable
	at K_.provideHover (/home/sgass/.vscode/extensions/mshr-h.veriloghdl-1.16.0/dist/main.js:588:7681)
	at async C.provideHover (/usr/share/code/resources/app/out/vs/workbench/api/node/extensionHostProcess.js:161:106493)
2025-03-14 10:51:27.382 [error] [mshr-h.veriloghdl] provider FAILED
2025-03-14 10:51:27.382 [error] TypeError: n is not iterable
	at K_.provideHover (/home/sgass/.vscode/extensions/mshr-h.veriloghdl-1.16.0/dist/main.js:588:7681)
	at async C.provideHover (/usr/share/code/resources/app/out/vs/workbench/api/node/extensionHostProcess.js:161:106493)
2025-03-14 10:51:30.617 [error] [mshr-h.veriloghdl] provider FAILED
2025-03-14 10:51:30.619 [error] TypeError: n is not iterable
	at K_.provideHover (/home/sgass/.vscode/extensions/mshr-h.veriloghdl-1.16.0/dist/main.js:588:7681)
	at async C.provideHover (/usr/share/code/resources/app/out/vs/workbench/api/node/extensionHostProcess.js:161:106493)
2025-03-14 10:51:30.919 [error] [mshr-h.veriloghdl] provider FAILED
2025-03-14 10:51:30.919 [error] TypeError: n is not iterable
	at K_.provideHover (/home/sgass/.vscode/extensions/mshr-h.veriloghdl-1.16.0/dist/main.js:588:7681)
	at async C.provideHover (/usr/share/code/resources/app/out/vs/workbench/api/node/extensionHostProcess.js:161:106493)
2025-03-14 10:51:58.132 [error] [mshr-h.veriloghdl] provider FAILED
2025-03-14 10:51:58.132 [error] TypeError: n is not iterable
	at K_.provideHover (/home/sgass/.vscode/extensions/mshr-h.veriloghdl-1.16.0/dist/main.js:588:7681)
	at async C.provideHover (/usr/share/code/resources/app/out/vs/workbench/api/node/extensionHostProcess.js:161:106493)
2025-03-14 10:53:04.078 [error] [mshr-h.veriloghdl] provider FAILED
2025-03-14 10:53:04.078 [error] TypeError: n is not iterable
	at K_.provideHover (/home/sgass/.vscode/extensions/mshr-h.veriloghdl-1.16.0/dist/main.js:588:7681)
	at async C.provideHover (/usr/share/code/resources/app/out/vs/workbench/api/node/extensionHostProcess.js:161:106493)
2025-03-14 10:53:05.196 [error] [mshr-h.veriloghdl] provider FAILED
2025-03-14 10:53:05.196 [error] TypeError: n is not iterable
	at K_.provideHover (/home/sgass/.vscode/extensions/mshr-h.veriloghdl-1.16.0/dist/main.js:588:7681)
	at async C.provideHover (/usr/share/code/resources/app/out/vs/workbench/api/node/extensionHostProcess.js:161:106493)
2025-03-14 10:53:18.756 [error] [mshr-h.veriloghdl] provider FAILED
2025-03-14 10:53:18.756 [error] TypeError: n is not iterable
	at K_.provideHover (/home/sgass/.vscode/extensions/mshr-h.veriloghdl-1.16.0/dist/main.js:588:7681)
	at async C.provideHover (/usr/share/code/resources/app/out/vs/workbench/api/node/extensionHostProcess.js:161:106493)
2025-03-14 10:53:19.110 [error] [mshr-h.veriloghdl] provider FAILED
2025-03-14 10:53:19.110 [error] TypeError: n is not iterable
	at K_.provideHover (/home/sgass/.vscode/extensions/mshr-h.veriloghdl-1.16.0/dist/main.js:588:7681)
	at async C.provideHover (/usr/share/code/resources/app/out/vs/workbench/api/node/extensionHostProcess.js:161:106493)
2025-03-14 10:53:20.746 [error] [mshr-h.veriloghdl] provider FAILED
2025-03-14 10:53:20.746 [error] TypeError: n is not iterable
	at K_.provideHover (/home/sgass/.vscode/extensions/mshr-h.veriloghdl-1.16.0/dist/main.js:588:7681)
	at async C.provideHover (/usr/share/code/resources/app/out/vs/workbench/api/node/extensionHostProcess.js:161:106493)
2025-03-14 10:53:36.516 [error] [mshr-h.veriloghdl] provider FAILED
2025-03-14 10:53:36.517 [error] TypeError: n is not iterable
	at K_.provideHover (/home/sgass/.vscode/extensions/mshr-h.veriloghdl-1.16.0/dist/main.js:588:7681)
	at async C.provideHover (/usr/share/code/resources/app/out/vs/workbench/api/node/extensionHostProcess.js:161:106493)
2025-03-14 10:54:12.025 [error] [mshr-h.veriloghdl] provider FAILED
2025-03-14 10:54:12.025 [error] TypeError: n is not iterable
	at K_.provideHover (/home/sgass/.vscode/extensions/mshr-h.veriloghdl-1.16.0/dist/main.js:588:7681)
	at async C.provideHover (/usr/share/code/resources/app/out/vs/workbench/api/node/extensionHostProcess.js:161:106493)
2025-03-14 10:54:12.607 [error] [mshr-h.veriloghdl] provider FAILED
2025-03-14 10:54:12.607 [error] TypeError: n is not iterable
	at K_.provideHover (/home/sgass/.vscode/extensions/mshr-h.veriloghdl-1.16.0/dist/main.js:588:7681)
	at async C.provideHover (/usr/share/code/resources/app/out/vs/workbench/api/node/extensionHostProcess.js:161:106493)
2025-03-14 10:54:21.891 [error] [mshr-h.veriloghdl] provider FAILED
2025-03-14 10:54:21.891 [error] TypeError: n is not iterable
	at K_.provideHover (/home/sgass/.vscode/extensions/mshr-h.veriloghdl-1.16.0/dist/main.js:588:7681)
	at async C.provideHover (/usr/share/code/resources/app/out/vs/workbench/api/node/extensionHostProcess.js:161:106493)
2025-03-14 10:54:39.523 [error] [mshr-h.veriloghdl] provider FAILED
2025-03-14 10:54:39.523 [error] TypeError: n is not iterable
	at K_.provideHover (/home/sgass/.vscode/extensions/mshr-h.veriloghdl-1.16.0/dist/main.js:588:7681)
	at async C.provideHover (/usr/share/code/resources/app/out/vs/workbench/api/node/extensionHostProcess.js:161:106493)
2025-03-14 10:57:55.467 [error] [mshr-h.veriloghdl] provider FAILED
2025-03-14 10:57:55.467 [error] TypeError: n is not iterable
	at K_.provideHover (/home/sgass/.vscode/extensions/mshr-h.veriloghdl-1.16.0/dist/main.js:588:7681)
	at async C.provideHover (/usr/share/code/resources/app/out/vs/workbench/api/node/extensionHostProcess.js:161:106493)
2025-03-14 10:58:02.171 [error] [mshr-h.veriloghdl] provider FAILED
2025-03-14 10:58:02.171 [error] TypeError: n is not iterable
	at K_.provideHover (/home/sgass/.vscode/extensions/mshr-h.veriloghdl-1.16.0/dist/main.js:588:7681)
	at async C.provideHover (/usr/share/code/resources/app/out/vs/workbench/api/node/extensionHostProcess.js:161:106493)
2025-03-14 10:58:02.526 [error] [mshr-h.veriloghdl] provider FAILED
2025-03-14 10:58:02.526 [error] TypeError: n is not iterable
	at K_.provideHover (/home/sgass/.vscode/extensions/mshr-h.veriloghdl-1.16.0/dist/main.js:588:7681)
	at async C.provideHover (/usr/share/code/resources/app/out/vs/workbench/api/node/extensionHostProcess.js:161:106493)
2025-03-14 10:58:02.962 [error] [mshr-h.veriloghdl] provider FAILED
2025-03-14 10:58:02.962 [error] TypeError: n is not iterable
	at K_.provideHover (/home/sgass/.vscode/extensions/mshr-h.veriloghdl-1.16.0/dist/main.js:588:7681)
	at async C.provideHover (/usr/share/code/resources/app/out/vs/workbench/api/node/extensionHostProcess.js:161:106493)
2025-03-14 10:58:05.551 [error] [mshr-h.veriloghdl] provider FAILED
2025-03-14 10:58:05.551 [error] TypeError: n is not iterable
	at K_.provideHover (/home/sgass/.vscode/extensions/mshr-h.veriloghdl-1.16.0/dist/main.js:588:7681)
	at async C.provideHover (/usr/share/code/resources/app/out/vs/workbench/api/node/extensionHostProcess.js:161:106493)
2025-03-14 10:58:27.789 [error] [mshr-h.veriloghdl] provider FAILED
2025-03-14 10:58:27.789 [error] TypeError: n is not iterable
	at K_.provideHover (/home/sgass/.vscode/extensions/mshr-h.veriloghdl-1.16.0/dist/main.js:588:7681)
	at async C.provideHover (/usr/share/code/resources/app/out/vs/workbench/api/node/extensionHostProcess.js:161:106493)
2025-03-14 10:58:28.150 [error] [mshr-h.veriloghdl] provider FAILED
2025-03-14 10:58:28.150 [error] TypeError: n is not iterable
	at K_.provideHover (/home/sgass/.vscode/extensions/mshr-h.veriloghdl-1.16.0/dist/main.js:588:7681)
	at async C.provideHover (/usr/share/code/resources/app/out/vs/workbench/api/node/extensionHostProcess.js:161:106493)
2025-03-14 10:58:44.098 [error] [mshr-h.veriloghdl] provider FAILED
2025-03-14 10:58:44.099 [error] TypeError: n is not iterable
	at K_.provideHover (/home/sgass/.vscode/extensions/mshr-h.veriloghdl-1.16.0/dist/main.js:588:7681)
	at async C.provideHover (/usr/share/code/resources/app/out/vs/workbench/api/node/extensionHostProcess.js:161:106493)
2025-03-14 10:59:02.383 [error] [mshr-h.veriloghdl] provider FAILED
2025-03-14 10:59:02.383 [error] TypeError: n is not iterable
	at K_.provideHover (/home/sgass/.vscode/extensions/mshr-h.veriloghdl-1.16.0/dist/main.js:588:7681)
	at async C.provideHover (/usr/share/code/resources/app/out/vs/workbench/api/node/extensionHostProcess.js:161:106493)
2025-03-14 10:59:02.565 [error] [mshr-h.veriloghdl] provider FAILED
2025-03-14 10:59:02.566 [error] TypeError: n is not iterable
	at K_.provideHover (/home/sgass/.vscode/extensions/mshr-h.veriloghdl-1.16.0/dist/main.js:588:7681)
	at async C.provideHover (/usr/share/code/resources/app/out/vs/workbench/api/node/extensionHostProcess.js:161:106493)
2025-03-14 10:59:50.298 [error] [mshr-h.veriloghdl] provider FAILED
2025-03-14 10:59:50.298 [error] TypeError: n is not iterable
	at K_.provideHover (/home/sgass/.vscode/extensions/mshr-h.veriloghdl-1.16.0/dist/main.js:588:7681)
	at async C.provideHover (/usr/share/code/resources/app/out/vs/workbench/api/node/extensionHostProcess.js:161:106493)
2025-03-14 11:00:32.500 [error] [mshr-h.veriloghdl] provider FAILED
2025-03-14 11:00:32.500 [error] TypeError: n is not iterable
	at K_.provideHover (/home/sgass/.vscode/extensions/mshr-h.veriloghdl-1.16.0/dist/main.js:588:7681)
	at async C.provideHover (/usr/share/code/resources/app/out/vs/workbench/api/node/extensionHostProcess.js:161:106493)
2025-03-14 11:00:37.263 [error] [mshr-h.veriloghdl] provider FAILED
2025-03-14 11:00:37.263 [error] TypeError: n is not iterable
	at K_.provideHover (/home/sgass/.vscode/extensions/mshr-h.veriloghdl-1.16.0/dist/main.js:588:7681)
	at async C.provideHover (/usr/share/code/resources/app/out/vs/workbench/api/node/extensionHostProcess.js:161:106493)
2025-03-14 11:00:37.630 [error] [mshr-h.veriloghdl] provider FAILED
2025-03-14 11:00:37.630 [error] TypeError: n is not iterable
	at K_.provideHover (/home/sgass/.vscode/extensions/mshr-h.veriloghdl-1.16.0/dist/main.js:588:7681)
	at async C.provideHover (/usr/share/code/resources/app/out/vs/workbench/api/node/extensionHostProcess.js:161:106493)
2025-03-14 11:00:43.763 [error] [mshr-h.veriloghdl] provider FAILED
2025-03-14 11:00:43.763 [error] TypeError: n is not iterable
	at K_.provideHover (/home/sgass/.vscode/extensions/mshr-h.veriloghdl-1.16.0/dist/main.js:588:7681)
	at async C.provideHover (/usr/share/code/resources/app/out/vs/workbench/api/node/extensionHostProcess.js:161:106493)
2025-03-14 11:01:09.012 [error] [mshr-h.veriloghdl] provider FAILED
2025-03-14 11:01:09.012 [error] TypeError: n is not iterable
	at K_.provideHover (/home/sgass/.vscode/extensions/mshr-h.veriloghdl-1.16.0/dist/main.js:588:7681)
	at async C.provideHover (/usr/share/code/resources/app/out/vs/workbench/api/node/extensionHostProcess.js:161:106493)
2025-03-14 11:01:12.630 [error] [mshr-h.veriloghdl] provider FAILED
2025-03-14 11:01:12.630 [error] TypeError: n is not iterable
	at K_.provideHover (/home/sgass/.vscode/extensions/mshr-h.veriloghdl-1.16.0/dist/main.js:588:7681)
	at async C.provideHover (/usr/share/code/resources/app/out/vs/workbench/api/node/extensionHostProcess.js:161:106493)
2025-03-14 11:01:12.964 [error] [mshr-h.veriloghdl] provider FAILED
2025-03-14 11:01:12.964 [error] TypeError: n is not iterable
	at K_.provideHover (/home/sgass/.vscode/extensions/mshr-h.veriloghdl-1.16.0/dist/main.js:588:7681)
	at async C.provideHover (/usr/share/code/resources/app/out/vs/workbench/api/node/extensionHostProcess.js:161:106493)
2025-03-14 11:01:13.169 [error] [mshr-h.veriloghdl] provider FAILED
2025-03-14 11:01:13.169 [error] TypeError: n is not iterable
	at K_.provideHover (/home/sgass/.vscode/extensions/mshr-h.veriloghdl-1.16.0/dist/main.js:588:7681)
	at async C.provideHover (/usr/share/code/resources/app/out/vs/workbench/api/node/extensionHostProcess.js:161:106493)
2025-03-14 11:01:13.366 [error] [mshr-h.veriloghdl] provider FAILED
2025-03-14 11:01:13.366 [error] TypeError: n is not iterable
	at K_.provideHover (/home/sgass/.vscode/extensions/mshr-h.veriloghdl-1.16.0/dist/main.js:588:7681)
	at async C.provideHover (/usr/share/code/resources/app/out/vs/workbench/api/node/extensionHostProcess.js:161:106493)
2025-03-14 11:01:21.396 [error] [mshr-h.veriloghdl] provider FAILED
2025-03-14 11:01:21.396 [error] TypeError: n is not iterable
	at K_.provideHover (/home/sgass/.vscode/extensions/mshr-h.veriloghdl-1.16.0/dist/main.js:588:7681)
	at async C.provideHover (/usr/share/code/resources/app/out/vs/workbench/api/node/extensionHostProcess.js:161:106493)
2025-03-14 11:01:31.761 [error] [mshr-h.veriloghdl] provider FAILED
2025-03-14 11:01:31.761 [error] TypeError: n is not iterable
	at K_.provideHover (/home/sgass/.vscode/extensions/mshr-h.veriloghdl-1.16.0/dist/main.js:588:7681)
	at async C.provideHover (/usr/share/code/resources/app/out/vs/workbench/api/node/extensionHostProcess.js:161:106493)
2025-03-14 11:01:34.495 [error] [mshr-h.veriloghdl] provider FAILED
2025-03-14 11:01:34.495 [error] TypeError: n is not iterable
	at K_.provideHover (/home/sgass/.vscode/extensions/mshr-h.veriloghdl-1.16.0/dist/main.js:588:7681)
	at async C.provideHover (/usr/share/code/resources/app/out/vs/workbench/api/node/extensionHostProcess.js:161:106493)
2025-03-14 11:01:37.430 [error] [mshr-h.veriloghdl] provider FAILED
2025-03-14 11:01:37.430 [error] TypeError: n is not iterable
	at K_.provideHover (/home/sgass/.vscode/extensions/mshr-h.veriloghdl-1.16.0/dist/main.js:588:7681)
	at async C.provideHover (/usr/share/code/resources/app/out/vs/workbench/api/node/extensionHostProcess.js:161:106493)
2025-03-14 11:01:37.880 [error] [mshr-h.veriloghdl] provider FAILED
2025-03-14 11:01:37.880 [error] TypeError: n is not iterable
	at K_.provideHover (/home/sgass/.vscode/extensions/mshr-h.veriloghdl-1.16.0/dist/main.js:588:7681)
	at async C.provideHover (/usr/share/code/resources/app/out/vs/workbench/api/node/extensionHostProcess.js:161:106493)
2025-03-14 11:01:38.365 [error] [mshr-h.veriloghdl] provider FAILED
2025-03-14 11:01:38.365 [error] TypeError: n is not iterable
	at K_.provideHover (/home/sgass/.vscode/extensions/mshr-h.veriloghdl-1.16.0/dist/main.js:588:7681)
	at async C.provideHover (/usr/share/code/resources/app/out/vs/workbench/api/node/extensionHostProcess.js:161:106493)
2025-03-14 11:01:38.641 [error] [mshr-h.veriloghdl] provider FAILED
2025-03-14 11:01:38.641 [error] TypeError: n is not iterable
	at K_.provideHover (/home/sgass/.vscode/extensions/mshr-h.veriloghdl-1.16.0/dist/main.js:588:7681)
	at async C.provideHover (/usr/share/code/resources/app/out/vs/workbench/api/node/extensionHostProcess.js:161:106493)
2025-03-14 11:01:53.312 [error] [mshr-h.veriloghdl] provider FAILED
2025-03-14 11:01:53.312 [error] TypeError: n is not iterable
	at K_.provideHover (/home/sgass/.vscode/extensions/mshr-h.veriloghdl-1.16.0/dist/main.js:588:7681)
	at async C.provideHover (/usr/share/code/resources/app/out/vs/workbench/api/node/extensionHostProcess.js:161:106493)
2025-03-14 11:01:57.593 [error] [mshr-h.veriloghdl] provider FAILED
2025-03-14 11:01:57.593 [error] TypeError: n is not iterable
	at K_.provideHover (/home/sgass/.vscode/extensions/mshr-h.veriloghdl-1.16.0/dist/main.js:588:7681)
	at async C.provideHover (/usr/share/code/resources/app/out/vs/workbench/api/node/extensionHostProcess.js:161:106493)
2025-03-14 11:01:58.978 [error] [mshr-h.veriloghdl] provider FAILED
2025-03-14 11:01:58.985 [error] TypeError: n is not iterable
	at K_.provideHover (/home/sgass/.vscode/extensions/mshr-h.veriloghdl-1.16.0/dist/main.js:588:7681)
	at async C.provideHover (/usr/share/code/resources/app/out/vs/workbench/api/node/extensionHostProcess.js:161:106493)
2025-03-14 11:02:20.761 [error] [mshr-h.veriloghdl] provider FAILED
2025-03-14 11:02:20.761 [error] TypeError: n is not iterable
	at K_.provideHover (/home/sgass/.vscode/extensions/mshr-h.veriloghdl-1.16.0/dist/main.js:588:7681)
	at async C.provideHover (/usr/share/code/resources/app/out/vs/workbench/api/node/extensionHostProcess.js:161:106493)
2025-03-14 11:02:46.235 [error] [mshr-h.veriloghdl] provider FAILED
2025-03-14 11:02:46.235 [error] TypeError: n is not iterable
	at K_.provideHover (/home/sgass/.vscode/extensions/mshr-h.veriloghdl-1.16.0/dist/main.js:588:7681)
	at async C.provideHover (/usr/share/code/resources/app/out/vs/workbench/api/node/extensionHostProcess.js:161:106493)
2025-03-14 11:03:02.310 [error] [mshr-h.veriloghdl] provider FAILED
2025-03-14 11:03:02.311 [error] TypeError: n is not iterable
	at K_.provideHover (/home/sgass/.vscode/extensions/mshr-h.veriloghdl-1.16.0/dist/main.js:588:7681)
	at async C.provideHover (/usr/share/code/resources/app/out/vs/workbench/api/node/extensionHostProcess.js:161:106493)
2025-03-14 11:03:03.491 [error] [mshr-h.veriloghdl] provider FAILED
2025-03-14 11:03:03.491 [error] TypeError: n is not iterable
	at K_.provideHover (/home/sgass/.vscode/extensions/mshr-h.veriloghdl-1.16.0/dist/main.js:588:7681)
	at async C.provideHover (/usr/share/code/resources/app/out/vs/workbench/api/node/extensionHostProcess.js:161:106493)
2025-03-14 11:03:04.509 [error] [mshr-h.veriloghdl] provider FAILED
2025-03-14 11:03:04.509 [error] TypeError: n is not iterable
	at K_.provideHover (/home/sgass/.vscode/extensions/mshr-h.veriloghdl-1.16.0/dist/main.js:588:7681)
	at async C.provideHover (/usr/share/code/resources/app/out/vs/workbench/api/node/extensionHostProcess.js:161:106493)
2025-03-14 11:03:05.094 [error] [mshr-h.veriloghdl] provider FAILED
2025-03-14 11:03:05.100 [error] TypeError: n is not iterable
	at K_.provideHover (/home/sgass/.vscode/extensions/mshr-h.veriloghdl-1.16.0/dist/main.js:588:7681)
	at async C.provideHover (/usr/share/code/resources/app/out/vs/workbench/api/node/extensionHostProcess.js:161:106493)
2025-03-14 11:03:08.378 [error] [mshr-h.veriloghdl] provider FAILED
2025-03-14 11:03:08.378 [error] TypeError: n is not iterable
	at K_.provideHover (/home/sgass/.vscode/extensions/mshr-h.veriloghdl-1.16.0/dist/main.js:588:7681)
	at async C.provideHover (/usr/share/code/resources/app/out/vs/workbench/api/node/extensionHostProcess.js:161:106493)
2025-03-14 11:03:08.859 [error] [mshr-h.veriloghdl] provider FAILED
2025-03-14 11:03:08.859 [error] TypeError: n is not iterable
	at K_.provideHover (/home/sgass/.vscode/extensions/mshr-h.veriloghdl-1.16.0/dist/main.js:588:7681)
	at async C.provideHover (/usr/share/code/resources/app/out/vs/workbench/api/node/extensionHostProcess.js:161:106493)
2025-03-14 11:03:30.840 [error] [mshr-h.veriloghdl] provider FAILED
2025-03-14 11:03:30.840 [error] TypeError: n is not iterable
	at K_.provideHover (/home/sgass/.vscode/extensions/mshr-h.veriloghdl-1.16.0/dist/main.js:588:7681)
	at async C.provideHover (/usr/share/code/resources/app/out/vs/workbench/api/node/extensionHostProcess.js:161:106493)
2025-03-14 11:03:31.360 [error] [mshr-h.veriloghdl] provider FAILED
2025-03-14 11:03:31.361 [error] TypeError: n is not iterable
	at K_.provideHover (/home/sgass/.vscode/extensions/mshr-h.veriloghdl-1.16.0/dist/main.js:588:7681)
	at async C.provideHover (/usr/share/code/resources/app/out/vs/workbench/api/node/extensionHostProcess.js:161:106493)
2025-03-14 11:03:44.057 [error] [mshr-h.veriloghdl] provider FAILED
2025-03-14 11:03:44.057 [error] TypeError: n is not iterable
	at K_.provideHover (/home/sgass/.vscode/extensions/mshr-h.veriloghdl-1.16.0/dist/main.js:588:7681)
	at async C.provideHover (/usr/share/code/resources/app/out/vs/workbench/api/node/extensionHostProcess.js:161:106493)
2025-03-14 11:03:44.858 [error] [mshr-h.veriloghdl] provider FAILED
2025-03-14 11:03:44.858 [error] TypeError: n is not iterable
	at K_.provideHover (/home/sgass/.vscode/extensions/mshr-h.veriloghdl-1.16.0/dist/main.js:588:7681)
	at async C.provideHover (/usr/share/code/resources/app/out/vs/workbench/api/node/extensionHostProcess.js:161:106493)
2025-03-14 11:03:49.222 [error] [mshr-h.veriloghdl] provider FAILED
2025-03-14 11:03:49.222 [error] TypeError: n is not iterable
	at K_.provideHover (/home/sgass/.vscode/extensions/mshr-h.veriloghdl-1.16.0/dist/main.js:588:7681)
	at async C.provideHover (/usr/share/code/resources/app/out/vs/workbench/api/node/extensionHostProcess.js:161:106493)
2025-03-14 11:03:49.522 [error] [mshr-h.veriloghdl] provider FAILED
2025-03-14 11:03:49.522 [error] TypeError: n is not iterable
	at K_.provideHover (/home/sgass/.vscode/extensions/mshr-h.veriloghdl-1.16.0/dist/main.js:588:7681)
	at async C.provideHover (/usr/share/code/resources/app/out/vs/workbench/api/node/extensionHostProcess.js:161:106493)
2025-03-14 11:03:49.841 [error] [mshr-h.veriloghdl] provider FAILED
2025-03-14 11:03:49.841 [error] TypeError: n is not iterable
	at K_.provideHover (/home/sgass/.vscode/extensions/mshr-h.veriloghdl-1.16.0/dist/main.js:588:7681)
	at async C.provideHover (/usr/share/code/resources/app/out/vs/workbench/api/node/extensionHostProcess.js:161:106493)
2025-03-14 11:04:42.473 [error] [mshr-h.veriloghdl] provider FAILED
2025-03-14 11:04:42.473 [error] TypeError: n is not iterable
	at K_.provideHover (/home/sgass/.vscode/extensions/mshr-h.veriloghdl-1.16.0/dist/main.js:588:7681)
	at async C.provideHover (/usr/share/code/resources/app/out/vs/workbench/api/node/extensionHostProcess.js:161:106493)
2025-03-14 11:05:21.255 [error] [mshr-h.veriloghdl] provider FAILED
2025-03-14 11:05:21.255 [error] TypeError: n is not iterable
	at K_.provideHover (/home/sgass/.vscode/extensions/mshr-h.veriloghdl-1.16.0/dist/main.js:588:7681)
	at async C.provideHover (/usr/share/code/resources/app/out/vs/workbench/api/node/extensionHostProcess.js:161:106493)
2025-03-14 11:05:25.654 [error] [mshr-h.veriloghdl] provider FAILED
2025-03-14 11:05:25.655 [error] TypeError: n is not iterable
	at K_.provideHover (/home/sgass/.vscode/extensions/mshr-h.veriloghdl-1.16.0/dist/main.js:588:7681)
	at async C.provideHover (/usr/share/code/resources/app/out/vs/workbench/api/node/extensionHostProcess.js:161:106493)
2025-03-14 11:05:26.555 [error] [mshr-h.veriloghdl] provider FAILED
2025-03-14 11:05:26.556 [error] TypeError: n is not iterable
	at K_.provideHover (/home/sgass/.vscode/extensions/mshr-h.veriloghdl-1.16.0/dist/main.js:588:7681)
	at async C.provideHover (/usr/share/code/resources/app/out/vs/workbench/api/node/extensionHostProcess.js:161:106493)
2025-03-14 11:05:34.072 [error] [mshr-h.veriloghdl] provider FAILED
2025-03-14 11:05:34.072 [error] TypeError: n is not iterable
	at K_.provideHover (/home/sgass/.vscode/extensions/mshr-h.veriloghdl-1.16.0/dist/main.js:588:7681)
	at async C.provideHover (/usr/share/code/resources/app/out/vs/workbench/api/node/extensionHostProcess.js:161:106493)
2025-03-14 11:05:54.651 [error] [mshr-h.veriloghdl] provider FAILED
2025-03-14 11:05:54.651 [error] TypeError: n is not iterable
	at K_.provideHover (/home/sgass/.vscode/extensions/mshr-h.veriloghdl-1.16.0/dist/main.js:588:7681)
	at async C.provideHover (/usr/share/code/resources/app/out/vs/workbench/api/node/extensionHostProcess.js:161:106493)
2025-03-14 11:05:54.938 [error] [mshr-h.veriloghdl] provider FAILED
2025-03-14 11:05:54.938 [error] TypeError: n is not iterable
	at K_.provideHover (/home/sgass/.vscode/extensions/mshr-h.veriloghdl-1.16.0/dist/main.js:588:7681)
	at async C.provideHover (/usr/share/code/resources/app/out/vs/workbench/api/node/extensionHostProcess.js:161:106493)
2025-03-14 11:08:21.134 [error] [mshr-h.veriloghdl] provider FAILED
2025-03-14 11:08:21.134 [error] TypeError: n is not iterable
	at K_.provideHover (/home/sgass/.vscode/extensions/mshr-h.veriloghdl-1.16.0/dist/main.js:588:7681)
	at async C.provideHover (/usr/share/code/resources/app/out/vs/workbench/api/node/extensionHostProcess.js:161:106493)
2025-03-14 11:10:21.732 [error] [mshr-h.veriloghdl] provider FAILED
2025-03-14 11:10:21.732 [error] TypeError: n is not iterable
	at K_.provideHover (/home/sgass/.vscode/extensions/mshr-h.veriloghdl-1.16.0/dist/main.js:588:7681)
	at async C.provideHover (/usr/share/code/resources/app/out/vs/workbench/api/node/extensionHostProcess.js:161:106493)
2025-03-14 11:10:22.166 [error] [mshr-h.veriloghdl] provider FAILED
2025-03-14 11:10:22.166 [error] TypeError: n is not iterable
	at K_.provideHover (/home/sgass/.vscode/extensions/mshr-h.veriloghdl-1.16.0/dist/main.js:588:7681)
	at async C.provideHover (/usr/share/code/resources/app/out/vs/workbench/api/node/extensionHostProcess.js:161:106493)
2025-03-14 11:10:27.381 [error] [mshr-h.veriloghdl] provider FAILED
2025-03-14 11:10:27.381 [error] TypeError: n is not iterable
	at K_.provideHover (/home/sgass/.vscode/extensions/mshr-h.veriloghdl-1.16.0/dist/main.js:588:7681)
	at async C.provideHover (/usr/share/code/resources/app/out/vs/workbench/api/node/extensionHostProcess.js:161:106493)
2025-03-14 11:10:27.871 [error] [mshr-h.veriloghdl] provider FAILED
2025-03-14 11:10:27.872 [error] TypeError: n is not iterable
	at K_.provideHover (/home/sgass/.vscode/extensions/mshr-h.veriloghdl-1.16.0/dist/main.js:588:7681)
	at async C.provideHover (/usr/share/code/resources/app/out/vs/workbench/api/node/extensionHostProcess.js:161:106493)
2025-03-14 11:11:50.363 [error] [mshr-h.veriloghdl] provider FAILED
2025-03-14 11:11:50.363 [error] TypeError: n is not iterable
	at K_.provideHover (/home/sgass/.vscode/extensions/mshr-h.veriloghdl-1.16.0/dist/main.js:588:7681)
	at async C.provideHover (/usr/share/code/resources/app/out/vs/workbench/api/node/extensionHostProcess.js:161:106493)
2025-03-14 11:12:05.580 [error] [mshr-h.veriloghdl] provider FAILED
2025-03-14 11:12:05.580 [error] TypeError: n is not iterable
	at K_.provideHover (/home/sgass/.vscode/extensions/mshr-h.veriloghdl-1.16.0/dist/main.js:588:7681)
	at async C.provideHover (/usr/share/code/resources/app/out/vs/workbench/api/node/extensionHostProcess.js:161:106493)
2025-03-14 11:12:20.526 [error] [mshr-h.veriloghdl] provider FAILED
2025-03-14 11:12:20.526 [error] TypeError: n is not iterable
	at K_.provideHover (/home/sgass/.vscode/extensions/mshr-h.veriloghdl-1.16.0/dist/main.js:588:7681)
	at async C.provideHover (/usr/share/code/resources/app/out/vs/workbench/api/node/extensionHostProcess.js:161:106493)
2025-03-14 11:12:40.443 [error] [mshr-h.veriloghdl] provider FAILED
2025-03-14 11:12:40.443 [error] TypeError: n is not iterable
	at K_.provideHover (/home/sgass/.vscode/extensions/mshr-h.veriloghdl-1.16.0/dist/main.js:588:7681)
	at async C.provideHover (/usr/share/code/resources/app/out/vs/workbench/api/node/extensionHostProcess.js:161:106493)
2025-03-14 11:12:47.261 [error] [mshr-h.veriloghdl] provider FAILED
2025-03-14 11:12:47.261 [error] TypeError: n is not iterable
	at K_.provideHover (/home/sgass/.vscode/extensions/mshr-h.veriloghdl-1.16.0/dist/main.js:588:7681)
	at async C.provideHover (/usr/share/code/resources/app/out/vs/workbench/api/node/extensionHostProcess.js:161:106493)
2025-03-14 11:13:29.843 [error] [mshr-h.veriloghdl] provider FAILED
2025-03-14 11:13:29.843 [error] TypeError: n is not iterable
	at K_.provideHover (/home/sgass/.vscode/extensions/mshr-h.veriloghdl-1.16.0/dist/main.js:588:7681)
	at async C.provideHover (/usr/share/code/resources/app/out/vs/workbench/api/node/extensionHostProcess.js:161:106493)
2025-03-14 11:13:31.027 [error] [mshr-h.veriloghdl] provider FAILED
2025-03-14 11:13:31.027 [error] TypeError: n is not iterable
	at K_.provideHover (/home/sgass/.vscode/extensions/mshr-h.veriloghdl-1.16.0/dist/main.js:588:7681)
	at async C.provideHover (/usr/share/code/resources/app/out/vs/workbench/api/node/extensionHostProcess.js:161:106493)
2025-03-14 11:13:31.294 [error] [mshr-h.veriloghdl] provider FAILED
2025-03-14 11:13:31.294 [error] TypeError: n is not iterable
	at K_.provideHover (/home/sgass/.vscode/extensions/mshr-h.veriloghdl-1.16.0/dist/main.js:588:7681)
	at async C.provideHover (/usr/share/code/resources/app/out/vs/workbench/api/node/extensionHostProcess.js:161:106493)
2025-03-14 11:13:31.730 [error] [mshr-h.veriloghdl] provider FAILED
2025-03-14 11:13:31.733 [error] TypeError: n is not iterable
	at K_.provideHover (/home/sgass/.vscode/extensions/mshr-h.veriloghdl-1.16.0/dist/main.js:588:7681)
	at async C.provideHover (/usr/share/code/resources/app/out/vs/workbench/api/node/extensionHostProcess.js:161:106493)
2025-03-14 11:13:48.885 [error] [mshr-h.veriloghdl] provider FAILED
2025-03-14 11:13:48.885 [error] TypeError: n is not iterable
	at K_.provideHover (/home/sgass/.vscode/extensions/mshr-h.veriloghdl-1.16.0/dist/main.js:588:7681)
	at async C.provideHover (/usr/share/code/resources/app/out/vs/workbench/api/node/extensionHostProcess.js:161:106493)
2025-03-14 11:13:59.125 [error] [mshr-h.veriloghdl] provider FAILED
2025-03-14 11:13:59.125 [error] TypeError: n is not iterable
	at K_.provideHover (/home/sgass/.vscode/extensions/mshr-h.veriloghdl-1.16.0/dist/main.js:588:7681)
	at async C.provideHover (/usr/share/code/resources/app/out/vs/workbench/api/node/extensionHostProcess.js:161:106493)
2025-03-14 11:14:08.576 [error] [mshr-h.veriloghdl] provider FAILED
2025-03-14 11:14:08.576 [error] TypeError: n is not iterable
	at K_.provideHover (/home/sgass/.vscode/extensions/mshr-h.veriloghdl-1.16.0/dist/main.js:588:7681)
	at async C.provideHover (/usr/share/code/resources/app/out/vs/workbench/api/node/extensionHostProcess.js:161:106493)
2025-03-14 11:14:52.408 [error] [mshr-h.veriloghdl] provider FAILED
2025-03-14 11:14:52.408 [error] TypeError: n is not iterable
	at K_.provideHover (/home/sgass/.vscode/extensions/mshr-h.veriloghdl-1.16.0/dist/main.js:588:7681)
	at async C.provideHover (/usr/share/code/resources/app/out/vs/workbench/api/node/extensionHostProcess.js:161:106493)
2025-03-14 11:14:56.838 [error] [mshr-h.veriloghdl] provider FAILED
2025-03-14 11:14:56.838 [error] TypeError: n is not iterable
	at K_.provideHover (/home/sgass/.vscode/extensions/mshr-h.veriloghdl-1.16.0/dist/main.js:588:7681)
	at async C.provideHover (/usr/share/code/resources/app/out/vs/workbench/api/node/extensionHostProcess.js:161:106493)
2025-03-14 11:14:59.774 [error] [mshr-h.veriloghdl] provider FAILED
2025-03-14 11:14:59.774 [error] TypeError: n is not iterable
	at K_.provideHover (/home/sgass/.vscode/extensions/mshr-h.veriloghdl-1.16.0/dist/main.js:588:7681)
	at async C.provideHover (/usr/share/code/resources/app/out/vs/workbench/api/node/extensionHostProcess.js:161:106493)
2025-03-14 11:15:04.205 [error] [mshr-h.veriloghdl] provider FAILED
2025-03-14 11:15:04.205 [error] TypeError: n is not iterable
	at K_.provideHover (/home/sgass/.vscode/extensions/mshr-h.veriloghdl-1.16.0/dist/main.js:588:7681)
	at async C.provideHover (/usr/share/code/resources/app/out/vs/workbench/api/node/extensionHostProcess.js:161:106493)
2025-03-14 11:15:08.375 [error] [mshr-h.veriloghdl] provider FAILED
2025-03-14 11:15:08.375 [error] TypeError: n is not iterable
	at K_.provideHover (/home/sgass/.vscode/extensions/mshr-h.veriloghdl-1.16.0/dist/main.js:588:7681)
	at async C.provideHover (/usr/share/code/resources/app/out/vs/workbench/api/node/extensionHostProcess.js:161:106493)
2025-03-14 11:16:41.089 [error] [mshr-h.veriloghdl] provider FAILED
2025-03-14 11:16:41.089 [error] TypeError: n is not iterable
	at K_.provideHover (/home/sgass/.vscode/extensions/mshr-h.veriloghdl-1.16.0/dist/main.js:588:7681)
	at async C.provideHover (/usr/share/code/resources/app/out/vs/workbench/api/node/extensionHostProcess.js:161:106493)
2025-03-14 11:16:49.254 [error] [mshr-h.veriloghdl] provider FAILED
2025-03-14 11:16:49.254 [error] TypeError: n is not iterable
	at K_.provideHover (/home/sgass/.vscode/extensions/mshr-h.veriloghdl-1.16.0/dist/main.js:588:7681)
	at async C.provideHover (/usr/share/code/resources/app/out/vs/workbench/api/node/extensionHostProcess.js:161:106493)
2025-03-14 11:17:53.150 [error] [mshr-h.veriloghdl] provider FAILED
2025-03-14 11:17:53.150 [error] TypeError: n is not iterable
	at K_.provideHover (/home/sgass/.vscode/extensions/mshr-h.veriloghdl-1.16.0/dist/main.js:588:7681)
	at async C.provideHover (/usr/share/code/resources/app/out/vs/workbench/api/node/extensionHostProcess.js:161:106493)
2025-03-14 11:18:37.361 [error] [mshr-h.veriloghdl] provider FAILED
2025-03-14 11:18:37.361 [error] TypeError: n is not iterable
	at K_.provideHover (/home/sgass/.vscode/extensions/mshr-h.veriloghdl-1.16.0/dist/main.js:588:7681)
	at async C.provideHover (/usr/share/code/resources/app/out/vs/workbench/api/node/extensionHostProcess.js:161:106493)
2025-03-14 11:20:03.671 [error] [mshr-h.veriloghdl] provider FAILED
2025-03-14 11:20:03.671 [error] TypeError: n is not iterable
	at K_.provideHover (/home/sgass/.vscode/extensions/mshr-h.veriloghdl-1.16.0/dist/main.js:588:7681)
	at async C.provideHover (/usr/share/code/resources/app/out/vs/workbench/api/node/extensionHostProcess.js:161:106493)
2025-03-14 11:20:03.861 [error] [mshr-h.veriloghdl] provider FAILED
2025-03-14 11:20:03.861 [error] TypeError: n is not iterable
	at K_.provideHover (/home/sgass/.vscode/extensions/mshr-h.veriloghdl-1.16.0/dist/main.js:588:7681)
	at async C.provideHover (/usr/share/code/resources/app/out/vs/workbench/api/node/extensionHostProcess.js:161:106493)
2025-03-14 11:20:04.055 [error] [mshr-h.veriloghdl] provider FAILED
2025-03-14 11:20:04.055 [error] TypeError: n is not iterable
	at K_.provideHover (/home/sgass/.vscode/extensions/mshr-h.veriloghdl-1.16.0/dist/main.js:588:7681)
	at async C.provideHover (/usr/share/code/resources/app/out/vs/workbench/api/node/extensionHostProcess.js:161:106493)
2025-03-14 11:20:13.001 [error] [mshr-h.veriloghdl] provider FAILED
2025-03-14 11:20:13.001 [error] TypeError: n is not iterable
	at K_.provideHover (/home/sgass/.vscode/extensions/mshr-h.veriloghdl-1.16.0/dist/main.js:588:7681)
	at async C.provideHover (/usr/share/code/resources/app/out/vs/workbench/api/node/extensionHostProcess.js:161:106493)
2025-03-14 11:20:13.385 [error] [mshr-h.veriloghdl] provider FAILED
2025-03-14 11:20:13.385 [error] TypeError: n is not iterable
	at K_.provideHover (/home/sgass/.vscode/extensions/mshr-h.veriloghdl-1.16.0/dist/main.js:588:7681)
	at async C.provideHover (/usr/share/code/resources/app/out/vs/workbench/api/node/extensionHostProcess.js:161:106493)
2025-03-14 11:20:13.852 [error] [mshr-h.veriloghdl] provider FAILED
2025-03-14 11:20:13.852 [error] TypeError: n is not iterable
	at K_.provideHover (/home/sgass/.vscode/extensions/mshr-h.veriloghdl-1.16.0/dist/main.js:588:7681)
	at async C.provideHover (/usr/share/code/resources/app/out/vs/workbench/api/node/extensionHostProcess.js:161:106493)
2025-03-14 11:20:14.151 [error] [mshr-h.veriloghdl] provider FAILED
2025-03-14 11:20:14.151 [error] TypeError: n is not iterable
	at K_.provideHover (/home/sgass/.vscode/extensions/mshr-h.veriloghdl-1.16.0/dist/main.js:588:7681)
	at async C.provideHover (/usr/share/code/resources/app/out/vs/workbench/api/node/extensionHostProcess.js:161:106493)
2025-03-14 11:20:14.638 [error] [mshr-h.veriloghdl] provider FAILED
2025-03-14 11:20:14.638 [error] TypeError: n is not iterable
	at K_.provideHover (/home/sgass/.vscode/extensions/mshr-h.veriloghdl-1.16.0/dist/main.js:588:7681)
	at async C.provideHover (/usr/share/code/resources/app/out/vs/workbench/api/node/extensionHostProcess.js:161:106493)
2025-03-14 11:20:15.205 [error] [mshr-h.veriloghdl] provider FAILED
2025-03-14 11:20:15.205 [error] TypeError: n is not iterable
	at K_.provideHover (/home/sgass/.vscode/extensions/mshr-h.veriloghdl-1.16.0/dist/main.js:588:7681)
	at async C.provideHover (/usr/share/code/resources/app/out/vs/workbench/api/node/extensionHostProcess.js:161:106493)
2025-03-14 11:20:31.618 [error] [mshr-h.veriloghdl] provider FAILED
2025-03-14 11:20:31.618 [error] TypeError: n is not iterable
	at K_.provideHover (/home/sgass/.vscode/extensions/mshr-h.veriloghdl-1.16.0/dist/main.js:588:7681)
	at async C.provideHover (/usr/share/code/resources/app/out/vs/workbench/api/node/extensionHostProcess.js:161:106493)
2025-03-14 11:20:32.368 [error] [mshr-h.veriloghdl] provider FAILED
2025-03-14 11:20:32.369 [error] TypeError: n is not iterable
	at K_.provideHover (/home/sgass/.vscode/extensions/mshr-h.veriloghdl-1.16.0/dist/main.js:588:7681)
	at async C.provideHover (/usr/share/code/resources/app/out/vs/workbench/api/node/extensionHostProcess.js:161:106493)
2025-03-14 11:21:22.596 [error] [mshr-h.veriloghdl] provider FAILED
2025-03-14 11:21:22.597 [error] TypeError: n is not iterable
	at K_.provideHover (/home/sgass/.vscode/extensions/mshr-h.veriloghdl-1.16.0/dist/main.js:588:7681)
	at async C.provideHover (/usr/share/code/resources/app/out/vs/workbench/api/node/extensionHostProcess.js:161:106493)
2025-03-14 11:21:55.281 [error] [mshr-h.veriloghdl] provider FAILED
2025-03-14 11:21:55.281 [error] TypeError: n is not iterable
	at K_.provideHover (/home/sgass/.vscode/extensions/mshr-h.veriloghdl-1.16.0/dist/main.js:588:7681)
	at async C.provideHover (/usr/share/code/resources/app/out/vs/workbench/api/node/extensionHostProcess.js:161:106493)
2025-03-14 11:21:56.483 [error] [mshr-h.veriloghdl] provider FAILED
2025-03-14 11:21:56.483 [error] TypeError: n is not iterable
	at K_.provideHover (/home/sgass/.vscode/extensions/mshr-h.veriloghdl-1.16.0/dist/main.js:588:7681)
	at async C.provideHover (/usr/share/code/resources/app/out/vs/workbench/api/node/extensionHostProcess.js:161:106493)
2025-03-14 11:21:56.652 [error] [mshr-h.veriloghdl] provider FAILED
2025-03-14 11:21:56.652 [error] TypeError: n is not iterable
	at K_.provideHover (/home/sgass/.vscode/extensions/mshr-h.veriloghdl-1.16.0/dist/main.js:588:7681)
	at async C.provideHover (/usr/share/code/resources/app/out/vs/workbench/api/node/extensionHostProcess.js:161:106493)
2025-03-14 11:22:08.080 [error] [mshr-h.veriloghdl] provider FAILED
2025-03-14 11:22:08.080 [error] TypeError: n is not iterable
	at K_.provideHover (/home/sgass/.vscode/extensions/mshr-h.veriloghdl-1.16.0/dist/main.js:588:7681)
	at async C.provideHover (/usr/share/code/resources/app/out/vs/workbench/api/node/extensionHostProcess.js:161:106493)
2025-03-14 11:22:10.965 [error] [mshr-h.veriloghdl] provider FAILED
2025-03-14 11:22:10.965 [error] TypeError: n is not iterable
	at K_.provideHover (/home/sgass/.vscode/extensions/mshr-h.veriloghdl-1.16.0/dist/main.js:588:7681)
	at async C.provideHover (/usr/share/code/resources/app/out/vs/workbench/api/node/extensionHostProcess.js:161:106493)
2025-03-14 11:22:12.768 [error] [mshr-h.veriloghdl] provider FAILED
2025-03-14 11:22:12.768 [error] TypeError: n is not iterable
	at K_.provideHover (/home/sgass/.vscode/extensions/mshr-h.veriloghdl-1.16.0/dist/main.js:588:7681)
	at async C.provideHover (/usr/share/code/resources/app/out/vs/workbench/api/node/extensionHostProcess.js:161:106493)
2025-03-14 11:22:28.229 [error] [mshr-h.veriloghdl] provider FAILED
2025-03-14 11:22:28.229 [error] TypeError: n is not iterable
	at K_.provideHover (/home/sgass/.vscode/extensions/mshr-h.veriloghdl-1.16.0/dist/main.js:588:7681)
	at async C.provideHover (/usr/share/code/resources/app/out/vs/workbench/api/node/extensionHostProcess.js:161:106493)
2025-03-14 11:22:31.784 [error] [mshr-h.veriloghdl] provider FAILED
2025-03-14 11:22:31.784 [error] TypeError: n is not iterable
	at K_.provideHover (/home/sgass/.vscode/extensions/mshr-h.veriloghdl-1.16.0/dist/main.js:588:7681)
	at async C.provideHover (/usr/share/code/resources/app/out/vs/workbench/api/node/extensionHostProcess.js:161:106493)
2025-03-14 11:22:32.100 [error] [mshr-h.veriloghdl] provider FAILED
2025-03-14 11:22:32.101 [error] TypeError: n is not iterable
	at K_.provideHover (/home/sgass/.vscode/extensions/mshr-h.veriloghdl-1.16.0/dist/main.js:588:7681)
	at async C.provideHover (/usr/share/code/resources/app/out/vs/workbench/api/node/extensionHostProcess.js:161:106493)
2025-03-14 11:23:32.243 [error] [mshr-h.veriloghdl] provider FAILED
2025-03-14 11:23:32.243 [error] TypeError: n is not iterable
	at K_.provideHover (/home/sgass/.vscode/extensions/mshr-h.veriloghdl-1.16.0/dist/main.js:588:7681)
	at async C.provideHover (/usr/share/code/resources/app/out/vs/workbench/api/node/extensionHostProcess.js:161:106493)
2025-03-14 11:23:35.628 [error] [mshr-h.veriloghdl] provider FAILED
2025-03-14 11:23:35.628 [error] TypeError: n is not iterable
	at K_.provideHover (/home/sgass/.vscode/extensions/mshr-h.veriloghdl-1.16.0/dist/main.js:588:7681)
	at async C.provideHover (/usr/share/code/resources/app/out/vs/workbench/api/node/extensionHostProcess.js:161:106493)
2025-03-14 11:23:36.546 [error] [mshr-h.veriloghdl] provider FAILED
2025-03-14 11:23:36.549 [error] TypeError: n is not iterable
	at K_.provideHover (/home/sgass/.vscode/extensions/mshr-h.veriloghdl-1.16.0/dist/main.js:588:7681)
	at async C.provideHover (/usr/share/code/resources/app/out/vs/workbench/api/node/extensionHostProcess.js:161:106493)
2025-03-14 11:24:01.660 [error] [mshr-h.veriloghdl] provider FAILED
2025-03-14 11:24:01.660 [error] TypeError: n is not iterable
	at K_.provideHover (/home/sgass/.vscode/extensions/mshr-h.veriloghdl-1.16.0/dist/main.js:588:7681)
	at async C.provideHover (/usr/share/code/resources/app/out/vs/workbench/api/node/extensionHostProcess.js:161:106493)
2025-03-14 11:24:02.161 [error] [mshr-h.veriloghdl] provider FAILED
2025-03-14 11:24:02.161 [error] TypeError: n is not iterable
	at K_.provideHover (/home/sgass/.vscode/extensions/mshr-h.veriloghdl-1.16.0/dist/main.js:588:7681)
	at async C.provideHover (/usr/share/code/resources/app/out/vs/workbench/api/node/extensionHostProcess.js:161:106493)
2025-03-14 11:24:02.406 [error] [mshr-h.veriloghdl] provider FAILED
2025-03-14 11:24:02.406 [error] TypeError: n is not iterable
	at K_.provideHover (/home/sgass/.vscode/extensions/mshr-h.veriloghdl-1.16.0/dist/main.js:588:7681)
	at async C.provideHover (/usr/share/code/resources/app/out/vs/workbench/api/node/extensionHostProcess.js:161:106493)
2025-03-14 11:24:22.627 [error] [mshr-h.veriloghdl] provider FAILED
2025-03-14 11:24:22.627 [error] TypeError: n is not iterable
	at K_.provideHover (/home/sgass/.vscode/extensions/mshr-h.veriloghdl-1.16.0/dist/main.js:588:7681)
	at async C.provideHover (/usr/share/code/resources/app/out/vs/workbench/api/node/extensionHostProcess.js:161:106493)
2025-03-14 11:25:27.792 [error] [mshr-h.veriloghdl] provider FAILED
2025-03-14 11:25:27.792 [error] TypeError: n is not iterable
	at K_.provideHover (/home/sgass/.vscode/extensions/mshr-h.veriloghdl-1.16.0/dist/main.js:588:7681)
	at async C.provideHover (/usr/share/code/resources/app/out/vs/workbench/api/node/extensionHostProcess.js:161:106493)
2025-03-14 11:25:32.127 [error] [mshr-h.veriloghdl] provider FAILED
2025-03-14 11:25:32.127 [error] TypeError: n is not iterable
	at K_.provideHover (/home/sgass/.vscode/extensions/mshr-h.veriloghdl-1.16.0/dist/main.js:588:7681)
	at async C.provideHover (/usr/share/code/resources/app/out/vs/workbench/api/node/extensionHostProcess.js:161:106493)
2025-03-14 11:25:42.890 [error] [mshr-h.veriloghdl] provider FAILED
2025-03-14 11:25:42.890 [error] TypeError: n is not iterable
	at K_.provideHover (/home/sgass/.vscode/extensions/mshr-h.veriloghdl-1.16.0/dist/main.js:588:7681)
	at async C.provideHover (/usr/share/code/resources/app/out/vs/workbench/api/node/extensionHostProcess.js:161:106493)
2025-03-14 11:26:01.979 [error] [mshr-h.veriloghdl] provider FAILED
2025-03-14 11:26:01.979 [error] TypeError: n is not iterable
	at K_.provideHover (/home/sgass/.vscode/extensions/mshr-h.veriloghdl-1.16.0/dist/main.js:588:7681)
	at async C.provideHover (/usr/share/code/resources/app/out/vs/workbench/api/node/extensionHostProcess.js:161:106493)
2025-03-14 11:26:08.641 [error] [mshr-h.veriloghdl] provider FAILED
2025-03-14 11:26:08.642 [error] TypeError: n is not iterable
	at K_.provideHover (/home/sgass/.vscode/extensions/mshr-h.veriloghdl-1.16.0/dist/main.js:588:7681)
	at async C.provideHover (/usr/share/code/resources/app/out/vs/workbench/api/node/extensionHostProcess.js:161:106493)
2025-03-14 11:26:20.242 [error] [mshr-h.veriloghdl] provider FAILED
2025-03-14 11:26:20.242 [error] TypeError: n is not iterable
	at K_.provideHover (/home/sgass/.vscode/extensions/mshr-h.veriloghdl-1.16.0/dist/main.js:588:7681)
	at async C.provideHover (/usr/share/code/resources/app/out/vs/workbench/api/node/extensionHostProcess.js:161:106493)
2025-03-14 11:26:21.088 [error] [mshr-h.veriloghdl] provider FAILED
2025-03-14 11:26:21.088 [error] TypeError: n is not iterable
	at K_.provideHover (/home/sgass/.vscode/extensions/mshr-h.veriloghdl-1.16.0/dist/main.js:588:7681)
	at async C.provideHover (/usr/share/code/resources/app/out/vs/workbench/api/node/extensionHostProcess.js:161:106493)
2025-03-14 11:26:51.690 [error] [mshr-h.veriloghdl] provider FAILED
2025-03-14 11:26:51.691 [error] TypeError: n is not iterable
	at K_.provideHover (/home/sgass/.vscode/extensions/mshr-h.veriloghdl-1.16.0/dist/main.js:588:7681)
	at async C.provideHover (/usr/share/code/resources/app/out/vs/workbench/api/node/extensionHostProcess.js:161:106493)
2025-03-14 11:27:09.290 [error] [mshr-h.veriloghdl] provider FAILED
2025-03-14 11:27:09.290 [error] TypeError: n is not iterable
	at K_.provideHover (/home/sgass/.vscode/extensions/mshr-h.veriloghdl-1.16.0/dist/main.js:588:7681)
	at async C.provideHover (/usr/share/code/resources/app/out/vs/workbench/api/node/extensionHostProcess.js:161:106493)
2025-03-14 11:28:00.821 [error] [mshr-h.veriloghdl] provider FAILED
2025-03-14 11:28:00.821 [error] TypeError: n is not iterable
	at K_.provideHover (/home/sgass/.vscode/extensions/mshr-h.veriloghdl-1.16.0/dist/main.js:588:7681)
	at async C.provideHover (/usr/share/code/resources/app/out/vs/workbench/api/node/extensionHostProcess.js:161:106493)
2025-03-14 11:28:01.239 [error] [mshr-h.veriloghdl] provider FAILED
2025-03-14 11:28:01.239 [error] TypeError: n is not iterable
	at K_.provideHover (/home/sgass/.vscode/extensions/mshr-h.veriloghdl-1.16.0/dist/main.js:588:7681)
	at async C.provideHover (/usr/share/code/resources/app/out/vs/workbench/api/node/extensionHostProcess.js:161:106493)
2025-03-14 11:28:01.573 [error] [mshr-h.veriloghdl] provider FAILED
2025-03-14 11:28:01.573 [error] Error: Illegal argument: character must be non-negative
	at P (/usr/share/code/resources/app/out/vs/workbench/api/node/extensionHostProcess.js:10:1144)
	at new m (/usr/share/code/resources/app/out/vs/workbench/api/node/extensionHostProcess.js:159:5074)
	at new $ (/usr/share/code/resources/app/out/vs/workbench/api/node/extensionHostProcess.js:159:6616)
	at qf.findSymbol (/home/sgass/.vscode/extensions/mshr-h.veriloghdl-1.16.0/dist/main.js:65:73657)
	at K_.provideHover (/home/sgass/.vscode/extensions/mshr-h.veriloghdl-1.16.0/dist/main.js:588:7652)
	at C.provideHover (/usr/share/code/resources/app/out/vs/workbench/api/node/extensionHostProcess.js:161:106506)
	at /usr/share/code/resources/app/out/vs/workbench/api/node/extensionHostProcess.js:161:138699
	at We.s (/usr/share/code/resources/app/out/vs/workbench/api/node/extensionHostProcess.js:161:136041)
	at We.$provideHover (/usr/share/code/resources/app/out/vs/workbench/api/node/extensionHostProcess.js:161:138686)
	at y.S (/usr/share/code/resources/app/out/vs/workbench/api/node/extensionHostProcess.js:158:5968)
	at y.Q (/usr/share/code/resources/app/out/vs/workbench/api/node/extensionHostProcess.js:158:5734)
	at y.M (/usr/share/code/resources/app/out/vs/workbench/api/node/extensionHostProcess.js:158:4729)
	at y.L (/usr/share/code/resources/app/out/vs/workbench/api/node/extensionHostProcess.js:158:3602)
	at i.value (/usr/share/code/resources/app/out/vs/workbench/api/node/extensionHostProcess.js:158:2297)
	at r.B (/usr/share/code/resources/app/out/vs/workbench/api/node/extensionHostProcess.js:90:732)
	at r.fire (/usr/share/code/resources/app/out/vs/workbench/api/node/extensionHostProcess.js:90:949)
	at a.fire (/usr/share/code/resources/app/out/vs/workbench/api/node/extensionHostProcess.js:115:14463)
	at i.value (/usr/share/code/resources/app/out/vs/workbench/api/node/extensionHostProcess.js:184:8635)
	at r.B (/usr/share/code/resources/app/out/vs/workbench/api/node/extensionHostProcess.js:90:732)
	at r.fire (/usr/share/code/resources/app/out/vs/workbench/api/node/extensionHostProcess.js:90:949)
	at a.fire (/usr/share/code/resources/app/out/vs/workbench/api/node/extensionHostProcess.js:115:14463)
	at MessagePortMain.<anonymous> (/usr/share/code/resources/app/out/vs/workbench/api/node/extensionHostProcess.js:184:6761)
	at MessagePortMain.emit (node:events:519:28)
	at MessagePortMain._internalPort.emit (node:electron/js2c/utility_init:2:2619)
2025-03-14 11:28:02.955 [error] [mshr-h.veriloghdl] provider FAILED
2025-03-14 11:28:02.955 [error] TypeError: n is not iterable
	at K_.provideHover (/home/sgass/.vscode/extensions/mshr-h.veriloghdl-1.16.0/dist/main.js:588:7681)
	at async C.provideHover (/usr/share/code/resources/app/out/vs/workbench/api/node/extensionHostProcess.js:161:106493)
2025-03-14 11:28:03.540 [error] [mshr-h.veriloghdl] provider FAILED
2025-03-14 11:28:03.541 [error] Error: Illegal argument: character must be non-negative
	at P (/usr/share/code/resources/app/out/vs/workbench/api/node/extensionHostProcess.js:10:1144)
	at new m (/usr/share/code/resources/app/out/vs/workbench/api/node/extensionHostProcess.js:159:5074)
	at new $ (/usr/share/code/resources/app/out/vs/workbench/api/node/extensionHostProcess.js:159:6616)
	at qf.findSymbol (/home/sgass/.vscode/extensions/mshr-h.veriloghdl-1.16.0/dist/main.js:65:73657)
	at K_.provideHover (/home/sgass/.vscode/extensions/mshr-h.veriloghdl-1.16.0/dist/main.js:588:7652)
	at C.provideHover (/usr/share/code/resources/app/out/vs/workbench/api/node/extensionHostProcess.js:161:106506)
	at /usr/share/code/resources/app/out/vs/workbench/api/node/extensionHostProcess.js:161:138699
	at We.s (/usr/share/code/resources/app/out/vs/workbench/api/node/extensionHostProcess.js:161:136041)
	at We.$provideHover (/usr/share/code/resources/app/out/vs/workbench/api/node/extensionHostProcess.js:161:138686)
	at y.S (/usr/share/code/resources/app/out/vs/workbench/api/node/extensionHostProcess.js:158:5968)
	at y.Q (/usr/share/code/resources/app/out/vs/workbench/api/node/extensionHostProcess.js:158:5734)
	at y.M (/usr/share/code/resources/app/out/vs/workbench/api/node/extensionHostProcess.js:158:4729)
	at y.L (/usr/share/code/resources/app/out/vs/workbench/api/node/extensionHostProcess.js:158:3602)
	at i.value (/usr/share/code/resources/app/out/vs/workbench/api/node/extensionHostProcess.js:158:2297)
	at r.B (/usr/share/code/resources/app/out/vs/workbench/api/node/extensionHostProcess.js:90:732)
	at r.fire (/usr/share/code/resources/app/out/vs/workbench/api/node/extensionHostProcess.js:90:949)
	at a.fire (/usr/share/code/resources/app/out/vs/workbench/api/node/extensionHostProcess.js:115:14463)
	at i.value (/usr/share/code/resources/app/out/vs/workbench/api/node/extensionHostProcess.js:184:8635)
	at r.B (/usr/share/code/resources/app/out/vs/workbench/api/node/extensionHostProcess.js:90:732)
	at r.fire (/usr/share/code/resources/app/out/vs/workbench/api/node/extensionHostProcess.js:90:949)
	at a.fire (/usr/share/code/resources/app/out/vs/workbench/api/node/extensionHostProcess.js:115:14463)
	at MessagePortMain.<anonymous> (/usr/share/code/resources/app/out/vs/workbench/api/node/extensionHostProcess.js:184:6761)
	at MessagePortMain.emit (node:events:519:28)
	at MessagePortMain._internalPort.emit (node:electron/js2c/utility_init:2:2619)
2025-03-14 11:28:28.344 [error] [mshr-h.veriloghdl] provider FAILED
2025-03-14 11:28:28.345 [error] TypeError: n is not iterable
	at K_.provideHover (/home/sgass/.vscode/extensions/mshr-h.veriloghdl-1.16.0/dist/main.js:588:7681)
	at async C.provideHover (/usr/share/code/resources/app/out/vs/workbench/api/node/extensionHostProcess.js:161:106493)
2025-03-14 11:28:28.845 [error] [mshr-h.veriloghdl] provider FAILED
2025-03-14 11:28:28.845 [error] TypeError: n is not iterable
	at K_.provideHover (/home/sgass/.vscode/extensions/mshr-h.veriloghdl-1.16.0/dist/main.js:588:7681)
	at async C.provideHover (/usr/share/code/resources/app/out/vs/workbench/api/node/extensionHostProcess.js:161:106493)
2025-03-14 11:28:31.884 [error] [mshr-h.veriloghdl] provider FAILED
2025-03-14 11:28:31.884 [error] TypeError: n is not iterable
	at K_.provideHover (/home/sgass/.vscode/extensions/mshr-h.veriloghdl-1.16.0/dist/main.js:588:7681)
	at async C.provideHover (/usr/share/code/resources/app/out/vs/workbench/api/node/extensionHostProcess.js:161:106493)
2025-03-14 11:28:32.500 [error] [mshr-h.veriloghdl] provider FAILED
2025-03-14 11:28:32.500 [error] TypeError: n is not iterable
	at K_.provideHover (/home/sgass/.vscode/extensions/mshr-h.veriloghdl-1.16.0/dist/main.js:588:7681)
	at async C.provideHover (/usr/share/code/resources/app/out/vs/workbench/api/node/extensionHostProcess.js:161:106493)
2025-03-14 11:29:01.703 [error] [mshr-h.veriloghdl] provider FAILED
2025-03-14 11:29:01.703 [error] TypeError: n is not iterable
	at K_.provideHover (/home/sgass/.vscode/extensions/mshr-h.veriloghdl-1.16.0/dist/main.js:588:7681)
	at async C.provideHover (/usr/share/code/resources/app/out/vs/workbench/api/node/extensionHostProcess.js:161:106493)
2025-03-14 11:29:02.422 [error] [mshr-h.veriloghdl] provider FAILED
2025-03-14 11:29:02.422 [error] TypeError: n is not iterable
	at K_.provideHover (/home/sgass/.vscode/extensions/mshr-h.veriloghdl-1.16.0/dist/main.js:588:7681)
	at async C.provideHover (/usr/share/code/resources/app/out/vs/workbench/api/node/extensionHostProcess.js:161:106493)
2025-03-14 11:29:15.936 [error] [mshr-h.veriloghdl] provider FAILED
2025-03-14 11:29:15.936 [error] TypeError: n is not iterable
	at K_.provideHover (/home/sgass/.vscode/extensions/mshr-h.veriloghdl-1.16.0/dist/main.js:588:7681)
	at async C.provideHover (/usr/share/code/resources/app/out/vs/workbench/api/node/extensionHostProcess.js:161:106493)
2025-03-14 11:29:33.120 [error] [mshr-h.veriloghdl] provider FAILED
2025-03-14 11:29:33.120 [error] TypeError: n is not iterable
	at K_.provideHover (/home/sgass/.vscode/extensions/mshr-h.veriloghdl-1.16.0/dist/main.js:588:7681)
	at async C.provideHover (/usr/share/code/resources/app/out/vs/workbench/api/node/extensionHostProcess.js:161:106493)
2025-03-14 11:29:42.901 [error] [mshr-h.veriloghdl] provider FAILED
2025-03-14 11:29:42.901 [error] TypeError: n is not iterable
	at K_.provideHover (/home/sgass/.vscode/extensions/mshr-h.veriloghdl-1.16.0/dist/main.js:588:7681)
	at async C.provideHover (/usr/share/code/resources/app/out/vs/workbench/api/node/extensionHostProcess.js:161:106493)
2025-03-14 11:29:46.920 [error] [mshr-h.veriloghdl] provider FAILED
2025-03-14 11:29:46.920 [error] TypeError: n is not iterable
	at K_.provideHover (/home/sgass/.vscode/extensions/mshr-h.veriloghdl-1.16.0/dist/main.js:588:7681)
	at async C.provideHover (/usr/share/code/resources/app/out/vs/workbench/api/node/extensionHostProcess.js:161:106493)
2025-03-14 11:29:47.090 [error] [mshr-h.veriloghdl] provider FAILED
2025-03-14 11:29:47.090 [error] TypeError: n is not iterable
	at K_.provideHover (/home/sgass/.vscode/extensions/mshr-h.veriloghdl-1.16.0/dist/main.js:588:7681)
	at async C.provideHover (/usr/share/code/resources/app/out/vs/workbench/api/node/extensionHostProcess.js:161:106493)
2025-03-14 11:30:20.102 [error] [mshr-h.veriloghdl] provider FAILED
2025-03-14 11:30:20.102 [error] TypeError: n is not iterable
	at K_.provideHover (/home/sgass/.vscode/extensions/mshr-h.veriloghdl-1.16.0/dist/main.js:588:7681)
	at async C.provideHover (/usr/share/code/resources/app/out/vs/workbench/api/node/extensionHostProcess.js:161:106493)
2025-03-14 11:30:21.885 [error] [mshr-h.veriloghdl] provider FAILED
2025-03-14 11:30:21.885 [error] TypeError: n is not iterable
	at K_.provideHover (/home/sgass/.vscode/extensions/mshr-h.veriloghdl-1.16.0/dist/main.js:588:7681)
	at async C.provideHover (/usr/share/code/resources/app/out/vs/workbench/api/node/extensionHostProcess.js:161:106493)
2025-03-14 11:30:37.001 [error] [mshr-h.veriloghdl] provider FAILED
2025-03-14 11:30:37.001 [error] TypeError: n is not iterable
	at K_.provideHover (/home/sgass/.vscode/extensions/mshr-h.veriloghdl-1.16.0/dist/main.js:588:7681)
	at async C.provideHover (/usr/share/code/resources/app/out/vs/workbench/api/node/extensionHostProcess.js:161:106493)
2025-03-14 11:30:41.921 [error] [mshr-h.veriloghdl] provider FAILED
2025-03-14 11:30:41.921 [error] TypeError: n is not iterable
	at K_.provideHover (/home/sgass/.vscode/extensions/mshr-h.veriloghdl-1.16.0/dist/main.js:588:7681)
	at async C.provideHover (/usr/share/code/resources/app/out/vs/workbench/api/node/extensionHostProcess.js:161:106493)
2025-03-14 11:32:52.722 [error] [mshr-h.veriloghdl] provider FAILED
2025-03-14 11:32:52.722 [error] TypeError: n is not iterable
	at K_.provideHover (/home/sgass/.vscode/extensions/mshr-h.veriloghdl-1.16.0/dist/main.js:588:7681)
	at async C.provideHover (/usr/share/code/resources/app/out/vs/workbench/api/node/extensionHostProcess.js:161:106493)
2025-03-14 11:33:51.065 [error] [mshr-h.veriloghdl] provider FAILED
2025-03-14 11:33:51.065 [error] TypeError: n is not iterable
	at K_.provideHover (/home/sgass/.vscode/extensions/mshr-h.veriloghdl-1.16.0/dist/main.js:588:7681)
	at async C.provideHover (/usr/share/code/resources/app/out/vs/workbench/api/node/extensionHostProcess.js:161:106493)
2025-03-14 11:33:51.906 [error] [mshr-h.veriloghdl] provider FAILED
2025-03-14 11:33:51.906 [error] TypeError: n is not iterable
	at K_.provideHover (/home/sgass/.vscode/extensions/mshr-h.veriloghdl-1.16.0/dist/main.js:588:7681)
	at async C.provideHover (/usr/share/code/resources/app/out/vs/workbench/api/node/extensionHostProcess.js:161:106493)
2025-03-14 11:33:52.554 [error] [mshr-h.veriloghdl] provider FAILED
2025-03-14 11:33:52.555 [error] TypeError: n is not iterable
	at K_.provideHover (/home/sgass/.vscode/extensions/mshr-h.veriloghdl-1.16.0/dist/main.js:588:7681)
	at async C.provideHover (/usr/share/code/resources/app/out/vs/workbench/api/node/extensionHostProcess.js:161:106493)
2025-03-14 11:33:55.465 [error] [mshr-h.veriloghdl] provider FAILED
2025-03-14 11:33:55.465 [error] TypeError: n is not iterable
	at K_.provideHover (/home/sgass/.vscode/extensions/mshr-h.veriloghdl-1.16.0/dist/main.js:588:7681)
	at async C.provideHover (/usr/share/code/resources/app/out/vs/workbench/api/node/extensionHostProcess.js:161:106493)
2025-03-14 11:34:16.545 [error] [mshr-h.veriloghdl] provider FAILED
2025-03-14 11:34:16.545 [error] TypeError: n is not iterable
	at K_.provideHover (/home/sgass/.vscode/extensions/mshr-h.veriloghdl-1.16.0/dist/main.js:588:7681)
	at async C.provideHover (/usr/share/code/resources/app/out/vs/workbench/api/node/extensionHostProcess.js:161:106493)
2025-03-14 11:38:52.781 [error] [mshr-h.veriloghdl] provider FAILED
2025-03-14 11:38:52.781 [error] TypeError: n is not iterable
	at K_.provideHover (/home/sgass/.vscode/extensions/mshr-h.veriloghdl-1.16.0/dist/main.js:588:7681)
	at async C.provideHover (/usr/share/code/resources/app/out/vs/workbench/api/node/extensionHostProcess.js:161:106493)
2025-03-14 11:38:53.701 [error] [mshr-h.veriloghdl] provider FAILED
2025-03-14 11:38:53.701 [error] TypeError: n is not iterable
	at K_.provideHover (/home/sgass/.vscode/extensions/mshr-h.veriloghdl-1.16.0/dist/main.js:588:7681)
	at async C.provideHover (/usr/share/code/resources/app/out/vs/workbench/api/node/extensionHostProcess.js:161:106493)
2025-03-14 11:42:08.360 [error] [mshr-h.veriloghdl] provider FAILED
2025-03-14 11:42:08.360 [error] TypeError: n is not iterable
	at K_.provideHover (/home/sgass/.vscode/extensions/mshr-h.veriloghdl-1.16.0/dist/main.js:588:7681)
	at async C.provideHover (/usr/share/code/resources/app/out/vs/workbench/api/node/extensionHostProcess.js:161:106493)
2025-03-14 11:43:10.977 [error] [mshr-h.veriloghdl] provider FAILED
2025-03-14 11:43:10.977 [error] TypeError: n is not iterable
	at K_.provideHover (/home/sgass/.vscode/extensions/mshr-h.veriloghdl-1.16.0/dist/main.js:588:7681)
	at async C.provideHover (/usr/share/code/resources/app/out/vs/workbench/api/node/extensionHostProcess.js:161:106493)
2025-03-14 11:43:12.668 [error] [mshr-h.veriloghdl] provider FAILED
2025-03-14 11:43:12.668 [error] TypeError: n is not iterable
	at K_.provideHover (/home/sgass/.vscode/extensions/mshr-h.veriloghdl-1.16.0/dist/main.js:588:7681)
	at async C.provideHover (/usr/share/code/resources/app/out/vs/workbench/api/node/extensionHostProcess.js:161:106493)
2025-03-14 11:43:42.342 [error] [mshr-h.veriloghdl] provider FAILED
2025-03-14 11:43:42.342 [error] TypeError: n is not iterable
	at K_.provideHover (/home/sgass/.vscode/extensions/mshr-h.veriloghdl-1.16.0/dist/main.js:588:7681)
	at async C.provideHover (/usr/share/code/resources/app/out/vs/workbench/api/node/extensionHostProcess.js:161:106493)
2025-03-14 11:43:49.891 [error] [mshr-h.veriloghdl] provider FAILED
2025-03-14 11:43:49.891 [error] TypeError: n is not iterable
	at K_.provideHover (/home/sgass/.vscode/extensions/mshr-h.veriloghdl-1.16.0/dist/main.js:588:7681)
	at async C.provideHover (/usr/share/code/resources/app/out/vs/workbench/api/node/extensionHostProcess.js:161:106493)
2025-03-14 11:43:58.507 [error] [mshr-h.veriloghdl] provider FAILED
2025-03-14 11:43:58.508 [error] TypeError: n is not iterable
	at K_.provideHover (/home/sgass/.vscode/extensions/mshr-h.veriloghdl-1.16.0/dist/main.js:588:7681)
	at async C.provideHover (/usr/share/code/resources/app/out/vs/workbench/api/node/extensionHostProcess.js:161:106493)
2025-03-14 11:43:58.705 [error] [mshr-h.veriloghdl] provider FAILED
2025-03-14 11:43:58.705 [error] TypeError: n is not iterable
	at K_.provideHover (/home/sgass/.vscode/extensions/mshr-h.veriloghdl-1.16.0/dist/main.js:588:7681)
	at async C.provideHover (/usr/share/code/resources/app/out/vs/workbench/api/node/extensionHostProcess.js:161:106493)
2025-03-14 11:44:00.542 [error] [mshr-h.veriloghdl] provider FAILED
2025-03-14 11:44:00.542 [error] TypeError: n is not iterable
	at K_.provideHover (/home/sgass/.vscode/extensions/mshr-h.veriloghdl-1.16.0/dist/main.js:588:7681)
	at async C.provideHover (/usr/share/code/resources/app/out/vs/workbench/api/node/extensionHostProcess.js:161:106493)
2025-03-14 11:44:27.158 [error] [mshr-h.veriloghdl] provider FAILED
2025-03-14 11:44:27.158 [error] TypeError: n is not iterable
	at K_.provideHover (/home/sgass/.vscode/extensions/mshr-h.veriloghdl-1.16.0/dist/main.js:588:7681)
	at async C.provideHover (/usr/share/code/resources/app/out/vs/workbench/api/node/extensionHostProcess.js:161:106493)
2025-03-14 11:44:56.674 [error] [mshr-h.veriloghdl] provider FAILED
2025-03-14 11:44:56.674 [error] TypeError: n is not iterable
	at K_.provideHover (/home/sgass/.vscode/extensions/mshr-h.veriloghdl-1.16.0/dist/main.js:588:7681)
	at async C.provideHover (/usr/share/code/resources/app/out/vs/workbench/api/node/extensionHostProcess.js:161:106493)
2025-03-14 11:44:59.573 [error] [mshr-h.veriloghdl] provider FAILED
2025-03-14 11:44:59.573 [error] TypeError: n is not iterable
	at K_.provideHover (/home/sgass/.vscode/extensions/mshr-h.veriloghdl-1.16.0/dist/main.js:588:7681)
	at async C.provideHover (/usr/share/code/resources/app/out/vs/workbench/api/node/extensionHostProcess.js:161:106493)
2025-03-14 11:45:02.203 [error] [mshr-h.veriloghdl] provider FAILED
2025-03-14 11:45:02.204 [error] TypeError: n is not iterable
	at K_.provideHover (/home/sgass/.vscode/extensions/mshr-h.veriloghdl-1.16.0/dist/main.js:588:7681)
	at async C.provideHover (/usr/share/code/resources/app/out/vs/workbench/api/node/extensionHostProcess.js:161:106493)
2025-03-14 11:45:47.821 [error] [mshr-h.veriloghdl] provider FAILED
2025-03-14 11:45:47.822 [error] TypeError: n is not iterable
	at K_.provideHover (/home/sgass/.vscode/extensions/mshr-h.veriloghdl-1.16.0/dist/main.js:588:7681)
	at async C.provideHover (/usr/share/code/resources/app/out/vs/workbench/api/node/extensionHostProcess.js:161:106493)
2025-03-14 11:47:19.772 [error] [mshr-h.veriloghdl] provider FAILED
2025-03-14 11:47:19.772 [error] TypeError: n is not iterable
	at K_.provideHover (/home/sgass/.vscode/extensions/mshr-h.veriloghdl-1.16.0/dist/main.js:588:7681)
	at async C.provideHover (/usr/share/code/resources/app/out/vs/workbench/api/node/extensionHostProcess.js:161:106493)
2025-03-14 11:47:53.620 [error] [mshr-h.veriloghdl] provider FAILED
2025-03-14 11:47:53.620 [error] TypeError: n is not iterable
	at K_.provideHover (/home/sgass/.vscode/extensions/mshr-h.veriloghdl-1.16.0/dist/main.js:588:7681)
	at async C.provideHover (/usr/share/code/resources/app/out/vs/workbench/api/node/extensionHostProcess.js:161:106493)
2025-03-14 11:48:03.653 [error] [mshr-h.veriloghdl] provider FAILED
2025-03-14 11:48:03.653 [error] TypeError: n is not iterable
	at K_.provideHover (/home/sgass/.vscode/extensions/mshr-h.veriloghdl-1.16.0/dist/main.js:588:7681)
	at async C.provideHover (/usr/share/code/resources/app/out/vs/workbench/api/node/extensionHostProcess.js:161:106493)
2025-03-14 11:48:04.088 [error] [mshr-h.veriloghdl] provider FAILED
2025-03-14 11:48:04.088 [error] TypeError: n is not iterable
	at K_.provideHover (/home/sgass/.vscode/extensions/mshr-h.veriloghdl-1.16.0/dist/main.js:588:7681)
	at async C.provideHover (/usr/share/code/resources/app/out/vs/workbench/api/node/extensionHostProcess.js:161:106493)
2025-03-14 11:48:04.437 [error] [mshr-h.veriloghdl] provider FAILED
2025-03-14 11:48:04.437 [error] TypeError: n is not iterable
	at K_.provideHover (/home/sgass/.vscode/extensions/mshr-h.veriloghdl-1.16.0/dist/main.js:588:7681)
	at async C.provideHover (/usr/share/code/resources/app/out/vs/workbench/api/node/extensionHostProcess.js:161:106493)
2025-03-14 11:48:05.268 [error] [mshr-h.veriloghdl] provider FAILED
2025-03-14 11:48:05.268 [error] TypeError: n is not iterable
	at K_.provideHover (/home/sgass/.vscode/extensions/mshr-h.veriloghdl-1.16.0/dist/main.js:588:7681)
	at async C.provideHover (/usr/share/code/resources/app/out/vs/workbench/api/node/extensionHostProcess.js:161:106493)
2025-03-14 11:48:22.986 [error] [mshr-h.veriloghdl] provider FAILED
2025-03-14 11:48:22.986 [error] TypeError: n is not iterable
	at K_.provideHover (/home/sgass/.vscode/extensions/mshr-h.veriloghdl-1.16.0/dist/main.js:588:7681)
	at async C.provideHover (/usr/share/code/resources/app/out/vs/workbench/api/node/extensionHostProcess.js:161:106493)
2025-03-14 11:48:23.863 [error] [mshr-h.veriloghdl] provider FAILED
2025-03-14 11:48:23.863 [error] TypeError: n is not iterable
	at K_.provideHover (/home/sgass/.vscode/extensions/mshr-h.veriloghdl-1.16.0/dist/main.js:588:7681)
	at async C.provideHover (/usr/share/code/resources/app/out/vs/workbench/api/node/extensionHostProcess.js:161:106493)
2025-03-14 11:48:32.138 [error] [mshr-h.veriloghdl] provider FAILED
2025-03-14 11:48:32.138 [error] TypeError: n is not iterable
	at K_.provideHover (/home/sgass/.vscode/extensions/mshr-h.veriloghdl-1.16.0/dist/main.js:588:7681)
	at async C.provideHover (/usr/share/code/resources/app/out/vs/workbench/api/node/extensionHostProcess.js:161:106493)
2025-03-14 11:48:57.621 [error] [mshr-h.veriloghdl] provider FAILED
2025-03-14 11:48:57.621 [error] TypeError: n is not iterable
	at K_.provideHover (/home/sgass/.vscode/extensions/mshr-h.veriloghdl-1.16.0/dist/main.js:588:7681)
	at async C.provideHover (/usr/share/code/resources/app/out/vs/workbench/api/node/extensionHostProcess.js:161:106493)
2025-03-14 11:48:58.420 [error] [mshr-h.veriloghdl] provider FAILED
2025-03-14 11:48:58.420 [error] TypeError: n is not iterable
	at K_.provideHover (/home/sgass/.vscode/extensions/mshr-h.veriloghdl-1.16.0/dist/main.js:588:7681)
	at async C.provideHover (/usr/share/code/resources/app/out/vs/workbench/api/node/extensionHostProcess.js:161:106493)
2025-03-14 11:51:38.255 [error] [mshr-h.veriloghdl] provider FAILED
2025-03-14 11:51:38.256 [error] TypeError: n is not iterable
	at K_.provideHover (/home/sgass/.vscode/extensions/mshr-h.veriloghdl-1.16.0/dist/main.js:588:7681)
	at async C.provideHover (/usr/share/code/resources/app/out/vs/workbench/api/node/extensionHostProcess.js:161:106493)
2025-03-14 11:51:38.523 [error] [mshr-h.veriloghdl] provider FAILED
2025-03-14 11:51:38.524 [error] TypeError: n is not iterable
	at K_.provideHover (/home/sgass/.vscode/extensions/mshr-h.veriloghdl-1.16.0/dist/main.js:588:7681)
	at async C.provideHover (/usr/share/code/resources/app/out/vs/workbench/api/node/extensionHostProcess.js:161:106493)
2025-03-14 11:51:54.645 [error] [mshr-h.veriloghdl] provider FAILED
2025-03-14 11:51:54.645 [error] TypeError: n is not iterable
	at K_.provideHover (/home/sgass/.vscode/extensions/mshr-h.veriloghdl-1.16.0/dist/main.js:588:7681)
	at async C.provideHover (/usr/share/code/resources/app/out/vs/workbench/api/node/extensionHostProcess.js:161:106493)
2025-03-14 11:52:53.951 [error] [mshr-h.veriloghdl] provider FAILED
2025-03-14 11:52:53.951 [error] TypeError: n is not iterable
	at K_.provideHover (/home/sgass/.vscode/extensions/mshr-h.veriloghdl-1.16.0/dist/main.js:588:7681)
	at async C.provideHover (/usr/share/code/resources/app/out/vs/workbench/api/node/extensionHostProcess.js:161:106493)
2025-03-14 11:52:54.281 [error] [mshr-h.veriloghdl] provider FAILED
2025-03-14 11:52:54.281 [error] TypeError: n is not iterable
	at K_.provideHover (/home/sgass/.vscode/extensions/mshr-h.veriloghdl-1.16.0/dist/main.js:588:7681)
	at async C.provideHover (/usr/share/code/resources/app/out/vs/workbench/api/node/extensionHostProcess.js:161:106493)
2025-03-14 11:55:13.801 [error] [mshr-h.veriloghdl] provider FAILED
2025-03-14 11:55:13.801 [error] TypeError: n is not iterable
	at K_.provideHover (/home/sgass/.vscode/extensions/mshr-h.veriloghdl-1.16.0/dist/main.js:588:7681)
	at async C.provideHover (/usr/share/code/resources/app/out/vs/workbench/api/node/extensionHostProcess.js:161:106493)
2025-03-14 11:55:14.233 [error] [mshr-h.veriloghdl] provider FAILED
2025-03-14 11:55:14.233 [error] TypeError: n is not iterable
	at K_.provideHover (/home/sgass/.vscode/extensions/mshr-h.veriloghdl-1.16.0/dist/main.js:588:7681)
	at async C.provideHover (/usr/share/code/resources/app/out/vs/workbench/api/node/extensionHostProcess.js:161:106493)
2025-03-14 11:56:53.875 [error] [mshr-h.veriloghdl] provider FAILED
2025-03-14 11:56:53.875 [error] TypeError: n is not iterable
	at K_.provideHover (/home/sgass/.vscode/extensions/mshr-h.veriloghdl-1.16.0/dist/main.js:588:7681)
	at async C.provideHover (/usr/share/code/resources/app/out/vs/workbench/api/node/extensionHostProcess.js:161:106493)
2025-03-14 11:57:10.819 [error] [mshr-h.veriloghdl] provider FAILED
2025-03-14 11:57:10.819 [error] TypeError: n is not iterable
	at K_.provideHover (/home/sgass/.vscode/extensions/mshr-h.veriloghdl-1.16.0/dist/main.js:588:7681)
	at async C.provideHover (/usr/share/code/resources/app/out/vs/workbench/api/node/extensionHostProcess.js:161:106493)
2025-03-14 11:57:12.809 [error] [mshr-h.veriloghdl] provider FAILED
2025-03-14 11:57:12.809 [error] TypeError: n is not iterable
	at K_.provideHover (/home/sgass/.vscode/extensions/mshr-h.veriloghdl-1.16.0/dist/main.js:588:7681)
	at async C.provideHover (/usr/share/code/resources/app/out/vs/workbench/api/node/extensionHostProcess.js:161:106493)
2025-03-14 11:57:28.244 [error] [mshr-h.veriloghdl] provider FAILED
2025-03-14 11:57:28.244 [error] TypeError: n is not iterable
	at K_.provideHover (/home/sgass/.vscode/extensions/mshr-h.veriloghdl-1.16.0/dist/main.js:588:7681)
	at async C.provideHover (/usr/share/code/resources/app/out/vs/workbench/api/node/extensionHostProcess.js:161:106493)
2025-03-14 11:57:28.694 [error] [mshr-h.veriloghdl] provider FAILED
2025-03-14 11:57:28.694 [error] TypeError: n is not iterable
	at K_.provideHover (/home/sgass/.vscode/extensions/mshr-h.veriloghdl-1.16.0/dist/main.js:588:7681)
	at async C.provideHover (/usr/share/code/resources/app/out/vs/workbench/api/node/extensionHostProcess.js:161:106493)
2025-03-14 11:59:00.336 [error] [mshr-h.veriloghdl] provider FAILED
2025-03-14 11:59:00.336 [error] TypeError: n is not iterable
	at K_.provideHover (/home/sgass/.vscode/extensions/mshr-h.veriloghdl-1.16.0/dist/main.js:588:7681)
	at async C.provideHover (/usr/share/code/resources/app/out/vs/workbench/api/node/extensionHostProcess.js:161:106493)
2025-03-14 11:59:35.641 [error] [mshr-h.veriloghdl] provider FAILED
2025-03-14 11:59:35.641 [error] TypeError: n is not iterable
	at K_.provideHover (/home/sgass/.vscode/extensions/mshr-h.veriloghdl-1.16.0/dist/main.js:588:7681)
	at async C.provideHover (/usr/share/code/resources/app/out/vs/workbench/api/node/extensionHostProcess.js:161:106493)
2025-03-14 11:59:38.265 [error] [mshr-h.veriloghdl] provider FAILED
2025-03-14 11:59:38.265 [error] TypeError: n is not iterable
	at K_.provideHover (/home/sgass/.vscode/extensions/mshr-h.veriloghdl-1.16.0/dist/main.js:588:7681)
	at async C.provideHover (/usr/share/code/resources/app/out/vs/workbench/api/node/extensionHostProcess.js:161:106493)
2025-03-14 11:59:48.569 [error] [mshr-h.veriloghdl] provider FAILED
2025-03-14 11:59:48.569 [error] TypeError: n is not iterable
	at K_.provideHover (/home/sgass/.vscode/extensions/mshr-h.veriloghdl-1.16.0/dist/main.js:588:7681)
	at async C.provideHover (/usr/share/code/resources/app/out/vs/workbench/api/node/extensionHostProcess.js:161:106493)
2025-03-14 11:59:55.816 [error] [mshr-h.veriloghdl] provider FAILED
2025-03-14 11:59:55.816 [error] TypeError: n is not iterable
	at K_.provideHover (/home/sgass/.vscode/extensions/mshr-h.veriloghdl-1.16.0/dist/main.js:588:7681)
	at async C.provideHover (/usr/share/code/resources/app/out/vs/workbench/api/node/extensionHostProcess.js:161:106493)
2025-03-14 12:00:32.803 [error] [mshr-h.veriloghdl] provider FAILED
2025-03-14 12:00:32.803 [error] TypeError: n is not iterable
	at K_.provideHover (/home/sgass/.vscode/extensions/mshr-h.veriloghdl-1.16.0/dist/main.js:588:7681)
	at async C.provideHover (/usr/share/code/resources/app/out/vs/workbench/api/node/extensionHostProcess.js:161:106493)
2025-03-14 12:01:10.006 [error] [mshr-h.veriloghdl] provider FAILED
2025-03-14 12:01:10.006 [error] TypeError: n is not iterable
	at K_.provideHover (/home/sgass/.vscode/extensions/mshr-h.veriloghdl-1.16.0/dist/main.js:588:7681)
	at async C.provideHover (/usr/share/code/resources/app/out/vs/workbench/api/node/extensionHostProcess.js:161:106493)
2025-03-14 12:01:14.571 [error] [mshr-h.veriloghdl] provider FAILED
2025-03-14 12:01:14.571 [error] TypeError: n is not iterable
	at K_.provideHover (/home/sgass/.vscode/extensions/mshr-h.veriloghdl-1.16.0/dist/main.js:588:7681)
	at async C.provideHover (/usr/share/code/resources/app/out/vs/workbench/api/node/extensionHostProcess.js:161:106493)
2025-03-14 12:01:18.472 [error] [mshr-h.veriloghdl] provider FAILED
2025-03-14 12:01:18.473 [error] TypeError: n is not iterable
	at K_.provideHover (/home/sgass/.vscode/extensions/mshr-h.veriloghdl-1.16.0/dist/main.js:588:7681)
	at async C.provideHover (/usr/share/code/resources/app/out/vs/workbench/api/node/extensionHostProcess.js:161:106493)
2025-03-14 12:01:48.770 [error] [mshr-h.veriloghdl] provider FAILED
2025-03-14 12:01:48.770 [error] TypeError: n is not iterable
	at K_.provideHover (/home/sgass/.vscode/extensions/mshr-h.veriloghdl-1.16.0/dist/main.js:588:7681)
	at async C.provideHover (/usr/share/code/resources/app/out/vs/workbench/api/node/extensionHostProcess.js:161:106493)
2025-03-14 12:01:48.993 [error] [mshr-h.veriloghdl] provider FAILED
2025-03-14 12:01:48.993 [error] TypeError: n is not iterable
	at K_.provideHover (/home/sgass/.vscode/extensions/mshr-h.veriloghdl-1.16.0/dist/main.js:588:7681)
	at async C.provideHover (/usr/share/code/resources/app/out/vs/workbench/api/node/extensionHostProcess.js:161:106493)
2025-03-14 12:01:51.421 [error] [mshr-h.veriloghdl] provider FAILED
2025-03-14 12:01:51.421 [error] TypeError: n is not iterable
	at K_.provideHover (/home/sgass/.vscode/extensions/mshr-h.veriloghdl-1.16.0/dist/main.js:588:7681)
	at async C.provideHover (/usr/share/code/resources/app/out/vs/workbench/api/node/extensionHostProcess.js:161:106493)
2025-03-14 12:02:08.275 [error] [mshr-h.veriloghdl] provider FAILED
2025-03-14 12:02:08.275 [error] TypeError: n is not iterable
	at K_.provideHover (/home/sgass/.vscode/extensions/mshr-h.veriloghdl-1.16.0/dist/main.js:588:7681)
	at async C.provideHover (/usr/share/code/resources/app/out/vs/workbench/api/node/extensionHostProcess.js:161:106493)
2025-03-14 12:02:11.653 [error] [mshr-h.veriloghdl] provider FAILED
2025-03-14 12:02:11.653 [error] TypeError: n is not iterable
	at K_.provideHover (/home/sgass/.vscode/extensions/mshr-h.veriloghdl-1.16.0/dist/main.js:588:7681)
	at async C.provideHover (/usr/share/code/resources/app/out/vs/workbench/api/node/extensionHostProcess.js:161:106493)
2025-03-14 12:02:11.837 [error] [mshr-h.veriloghdl] provider FAILED
2025-03-14 12:02:11.837 [error] TypeError: n is not iterable
	at K_.provideHover (/home/sgass/.vscode/extensions/mshr-h.veriloghdl-1.16.0/dist/main.js:588:7681)
	at async C.provideHover (/usr/share/code/resources/app/out/vs/workbench/api/node/extensionHostProcess.js:161:106493)
2025-03-14 12:04:33.501 [error] [mshr-h.veriloghdl] provider FAILED
2025-03-14 12:04:33.501 [error] TypeError: n is not iterable
	at K_.provideHover (/home/sgass/.vscode/extensions/mshr-h.veriloghdl-1.16.0/dist/main.js:588:7681)
	at async C.provideHover (/usr/share/code/resources/app/out/vs/workbench/api/node/extensionHostProcess.js:161:106493)
2025-03-14 12:04:40.220 [error] [mshr-h.veriloghdl] provider FAILED
2025-03-14 12:04:40.220 [error] TypeError: n is not iterable
	at K_.provideHover (/home/sgass/.vscode/extensions/mshr-h.veriloghdl-1.16.0/dist/main.js:588:7681)
	at async C.provideHover (/usr/share/code/resources/app/out/vs/workbench/api/node/extensionHostProcess.js:161:106493)
2025-03-14 12:04:47.571 [error] [mshr-h.veriloghdl] provider FAILED
2025-03-14 12:04:47.571 [error] TypeError: n is not iterable
	at K_.provideHover (/home/sgass/.vscode/extensions/mshr-h.veriloghdl-1.16.0/dist/main.js:588:7681)
	at async C.provideHover (/usr/share/code/resources/app/out/vs/workbench/api/node/extensionHostProcess.js:161:106493)
2025-03-14 12:06:28.489 [error] [mshr-h.veriloghdl] provider FAILED
2025-03-14 12:06:28.489 [error] TypeError: n is not iterable
	at K_.provideHover (/home/sgass/.vscode/extensions/mshr-h.veriloghdl-1.16.0/dist/main.js:588:7681)
	at async C.provideHover (/usr/share/code/resources/app/out/vs/workbench/api/node/extensionHostProcess.js:161:106493)
2025-03-14 12:09:41.503 [error] [mshr-h.veriloghdl] provider FAILED
2025-03-14 12:09:41.503 [error] TypeError: n is not iterable
	at K_.provideHover (/home/sgass/.vscode/extensions/mshr-h.veriloghdl-1.16.0/dist/main.js:588:7681)
	at async C.provideHover (/usr/share/code/resources/app/out/vs/workbench/api/node/extensionHostProcess.js:161:106493)
2025-03-14 12:10:08.037 [error] [mshr-h.veriloghdl] provider FAILED
2025-03-14 12:10:08.037 [error] TypeError: n is not iterable
	at K_.provideHover (/home/sgass/.vscode/extensions/mshr-h.veriloghdl-1.16.0/dist/main.js:588:7681)
	at async C.provideHover (/usr/share/code/resources/app/out/vs/workbench/api/node/extensionHostProcess.js:161:106493)
2025-03-14 12:11:05.202 [error] [mshr-h.veriloghdl] provider FAILED
2025-03-14 12:11:05.202 [error] TypeError: n is not iterable
	at K_.provideHover (/home/sgass/.vscode/extensions/mshr-h.veriloghdl-1.16.0/dist/main.js:588:7681)
	at async C.provideHover (/usr/share/code/resources/app/out/vs/workbench/api/node/extensionHostProcess.js:161:106493)
2025-03-14 12:12:37.650 [error] [mshr-h.veriloghdl] provider FAILED
2025-03-14 12:12:37.650 [error] TypeError: n is not iterable
	at K_.provideHover (/home/sgass/.vscode/extensions/mshr-h.veriloghdl-1.16.0/dist/main.js:588:7681)
	at async C.provideHover (/usr/share/code/resources/app/out/vs/workbench/api/node/extensionHostProcess.js:161:106493)
2025-03-14 12:12:55.134 [error] [mshr-h.veriloghdl] provider FAILED
2025-03-14 12:12:55.135 [error] TypeError: n is not iterable
	at K_.provideHover (/home/sgass/.vscode/extensions/mshr-h.veriloghdl-1.16.0/dist/main.js:588:7681)
	at async C.provideHover (/usr/share/code/resources/app/out/vs/workbench/api/node/extensionHostProcess.js:161:106493)
2025-03-14 12:13:00.808 [error] [mshr-h.veriloghdl] provider FAILED
2025-03-14 12:13:00.809 [error] TypeError: n is not iterable
	at K_.provideHover (/home/sgass/.vscode/extensions/mshr-h.veriloghdl-1.16.0/dist/main.js:588:7681)
	at async C.provideHover (/usr/share/code/resources/app/out/vs/workbench/api/node/extensionHostProcess.js:161:106493)
2025-03-14 12:13:09.237 [error] [mshr-h.veriloghdl] provider FAILED
2025-03-14 12:13:09.237 [error] TypeError: n is not iterable
	at K_.provideHover (/home/sgass/.vscode/extensions/mshr-h.veriloghdl-1.16.0/dist/main.js:588:7681)
	at async C.provideHover (/usr/share/code/resources/app/out/vs/workbench/api/node/extensionHostProcess.js:161:106493)
2025-03-14 12:13:10.038 [error] [mshr-h.veriloghdl] provider FAILED
2025-03-14 12:13:10.038 [error] TypeError: n is not iterable
	at K_.provideHover (/home/sgass/.vscode/extensions/mshr-h.veriloghdl-1.16.0/dist/main.js:588:7681)
	at async C.provideHover (/usr/share/code/resources/app/out/vs/workbench/api/node/extensionHostProcess.js:161:106493)
2025-03-14 12:13:10.372 [error] [mshr-h.veriloghdl] provider FAILED
2025-03-14 12:13:10.372 [error] TypeError: n is not iterable
	at K_.provideHover (/home/sgass/.vscode/extensions/mshr-h.veriloghdl-1.16.0/dist/main.js:588:7681)
	at async C.provideHover (/usr/share/code/resources/app/out/vs/workbench/api/node/extensionHostProcess.js:161:106493)
2025-03-14 12:13:17.850 [error] [mshr-h.veriloghdl] provider FAILED
2025-03-14 12:13:17.850 [error] TypeError: n is not iterable
	at K_.provideHover (/home/sgass/.vscode/extensions/mshr-h.veriloghdl-1.16.0/dist/main.js:588:7681)
	at async C.provideHover (/usr/share/code/resources/app/out/vs/workbench/api/node/extensionHostProcess.js:161:106493)
2025-03-14 12:13:21.089 [error] [mshr-h.veriloghdl] provider FAILED
2025-03-14 12:13:21.089 [error] TypeError: n is not iterable
	at K_.provideHover (/home/sgass/.vscode/extensions/mshr-h.veriloghdl-1.16.0/dist/main.js:588:7681)
	at async C.provideHover (/usr/share/code/resources/app/out/vs/workbench/api/node/extensionHostProcess.js:161:106493)
2025-03-14 12:13:27.074 [error] [mshr-h.veriloghdl] provider FAILED
2025-03-14 12:13:27.074 [error] TypeError: n is not iterable
	at K_.provideHover (/home/sgass/.vscode/extensions/mshr-h.veriloghdl-1.16.0/dist/main.js:588:7681)
	at async C.provideHover (/usr/share/code/resources/app/out/vs/workbench/api/node/extensionHostProcess.js:161:106493)
2025-03-14 12:13:27.265 [error] [mshr-h.veriloghdl] provider FAILED
2025-03-14 12:13:27.265 [error] TypeError: n is not iterable
	at K_.provideHover (/home/sgass/.vscode/extensions/mshr-h.veriloghdl-1.16.0/dist/main.js:588:7681)
	at async C.provideHover (/usr/share/code/resources/app/out/vs/workbench/api/node/extensionHostProcess.js:161:106493)
2025-03-14 12:13:27.785 [error] [mshr-h.veriloghdl] provider FAILED
2025-03-14 12:13:27.785 [error] TypeError: n is not iterable
	at K_.provideHover (/home/sgass/.vscode/extensions/mshr-h.veriloghdl-1.16.0/dist/main.js:588:7681)
	at async C.provideHover (/usr/share/code/resources/app/out/vs/workbench/api/node/extensionHostProcess.js:161:106493)
2025-03-14 12:13:41.750 [error] [mshr-h.veriloghdl] provider FAILED
2025-03-14 12:13:41.750 [error] TypeError: n is not iterable
	at K_.provideHover (/home/sgass/.vscode/extensions/mshr-h.veriloghdl-1.16.0/dist/main.js:588:7681)
	at async C.provideHover (/usr/share/code/resources/app/out/vs/workbench/api/node/extensionHostProcess.js:161:106493)
2025-03-14 12:13:47.634 [error] [mshr-h.veriloghdl] provider FAILED
2025-03-14 12:13:47.634 [error] TypeError: n is not iterable
	at K_.provideHover (/home/sgass/.vscode/extensions/mshr-h.veriloghdl-1.16.0/dist/main.js:588:7681)
	at async C.provideHover (/usr/share/code/resources/app/out/vs/workbench/api/node/extensionHostProcess.js:161:106493)
2025-03-14 12:13:47.834 [error] [mshr-h.veriloghdl] provider FAILED
2025-03-14 12:13:47.834 [error] TypeError: n is not iterable
	at K_.provideHover (/home/sgass/.vscode/extensions/mshr-h.veriloghdl-1.16.0/dist/main.js:588:7681)
	at async C.provideHover (/usr/share/code/resources/app/out/vs/workbench/api/node/extensionHostProcess.js:161:106493)
2025-03-14 12:13:48.034 [error] [mshr-h.veriloghdl] provider FAILED
2025-03-14 12:13:48.035 [error] TypeError: n is not iterable
	at K_.provideHover (/home/sgass/.vscode/extensions/mshr-h.veriloghdl-1.16.0/dist/main.js:588:7681)
	at async C.provideHover (/usr/share/code/resources/app/out/vs/workbench/api/node/extensionHostProcess.js:161:106493)
2025-03-14 12:13:58.149 [error] [mshr-h.veriloghdl] provider FAILED
2025-03-14 12:13:58.149 [error] TypeError: n is not iterable
	at K_.provideHover (/home/sgass/.vscode/extensions/mshr-h.veriloghdl-1.16.0/dist/main.js:588:7681)
	at async C.provideHover (/usr/share/code/resources/app/out/vs/workbench/api/node/extensionHostProcess.js:161:106493)
2025-03-14 12:14:04.083 [error] [mshr-h.veriloghdl] provider FAILED
2025-03-14 12:14:04.083 [error] TypeError: n is not iterable
	at K_.provideHover (/home/sgass/.vscode/extensions/mshr-h.veriloghdl-1.16.0/dist/main.js:588:7681)
	at async C.provideHover (/usr/share/code/resources/app/out/vs/workbench/api/node/extensionHostProcess.js:161:106493)
2025-03-14 16:20:29.142 [info] Extension host terminating: renderer closed the MessagePort
2025-03-14 16:20:29.162 [error] Canceled: Canceled
	at new D (/usr/share/code/resources/app/out/vs/workbench/api/node/extensionHostProcess.js:151:35235)
	at y.U (/usr/share/code/resources/app/out/vs/workbench/api/node/extensionHostProcess.js:158:6005)
	at V.<computed>.F.charCodeAt.A.CharCode.DollarSign.V.<computed> (/usr/share/code/resources/app/out/vs/workbench/api/node/extensionHostProcess.js:158:3107)
	at h.g (/usr/share/code/resources/app/out/vs/workbench/api/node/extensionHostProcess.js:161:210015)
	at h.executeCommand (/usr/share/code/resources/app/out/vs/workbench/api/node/extensionHostProcess.js:161:209453)
	at C.registerCommand.description (/usr/share/code/resources/app/out/vs/workbench/api/node/extensionHostProcess.js:161:208777)
	at h (/usr/share/code/resources/app/out/vs/workbench/api/node/extensionHostProcess.js:161:210554)
	at h.g (/usr/share/code/resources/app/out/vs/workbench/api/node/extensionHostProcess.js:161:209546)
	at h.executeCommand (/usr/share/code/resources/app/out/vs/workbench/api/node/extensionHostProcess.js:161:209453)
	at Object.executeCommand (/usr/share/code/resources/app/out/vs/workbench/api/node/extensionHostProcess.js:171:30683)
	at i.O [as value] (/usr/share/code/resources/app/extensions/git/dist/main.js:2:952009)
	at r.B (/usr/share/code/resources/app/out/vs/workbench/api/node/extensionHostProcess.js:90:732)
	at r.C (/usr/share/code/resources/app/out/vs/workbench/api/node/extensionHostProcess.js:90:802)
	at r.fire (/usr/share/code/resources/app/out/vs/workbench/api/node/extensionHostProcess.js:90:1018)
	at Object.p [as dispose] (/usr/share/code/resources/app/extensions/git/dist/main.js:2:972587)
	at /usr/share/code/resources/app/extensions/git/dist/main.js:2:978709
	at Array.forEach (<anonymous>)
	at f.dispose (/usr/share/code/resources/app/extensions/git/dist/main.js:2:978695)
	at o.<anonymous> (/usr/share/code/resources/app/out/vs/workbench/api/node/extensionHostProcess.js:159:4176)
	at o.dispose (/usr/share/code/resources/app/out/vs/workbench/api/node/extensionHostProcess.js:159:4273)
	at o.<anonymous> (/usr/share/code/resources/app/extensions/git/dist/main.js:2:954307)
	at o.dispose (/usr/share/code/resources/app/out/vs/workbench/api/node/extensionHostProcess.js:159:4273)
	at $ (/usr/share/code/resources/app/out/vs/workbench/api/node/extensionHostProcess.js:30:744)
	at /usr/share/code/resources/app/out/vs/workbench/api/node/extensionHostProcess.js:167:13607
	at /usr/share/code/resources/app/out/vs/workbench/api/node/extensionHostProcess.js:30:1112
	at Object.dispose (/usr/share/code/resources/app/out/vs/workbench/api/node/extensionHostProcess.js:11:11463)
	at m.eb (/usr/share/code/resources/app/out/vs/workbench/api/node/extensionHostProcess.js:167:10282)
	at /usr/share/code/resources/app/out/vs/workbench/api/node/extensionHostProcess.js:167:8153
	at Array.map (<anonymous>)
	at m.$ (/usr/share/code/resources/app/out/vs/workbench/api/node/extensionHostProcess.js:167:8140)
	at m.terminate (/usr/share/code/resources/app/out/vs/workbench/api/node/extensionHostProcess.js:167:8413)
	at $.terminate (/usr/share/code/resources/app/out/vs/workbench/api/node/extensionHostProcess.js:171:1513)
	at n (/usr/share/code/resources/app/out/vs/workbench/api/node/extensionHostProcess.js:184:10613)
	at MessagePortMain.<anonymous> (/usr/share/code/resources/app/out/vs/workbench/api/node/extensionHostProcess.js:184:6805)
	at MessagePortMain.emit (node:events:519:28)
	at MessagePortMain._internalPort.emit (node:electron/js2c/utility_init:2:2619) setContext undefined
2025-03-14 16:20:29.162 [error] Canceled: Canceled
	at new D (/usr/share/code/resources/app/out/vs/workbench/api/node/extensionHostProcess.js:151:35235)
	at y.U (/usr/share/code/resources/app/out/vs/workbench/api/node/extensionHostProcess.js:158:6005)
	at V.<computed>.F.charCodeAt.A.CharCode.DollarSign.V.<computed> (/usr/share/code/resources/app/out/vs/workbench/api/node/extensionHostProcess.js:158:3107)
	at h.g (/usr/share/code/resources/app/out/vs/workbench/api/node/extensionHostProcess.js:161:210015)
	at h.executeCommand (/usr/share/code/resources/app/out/vs/workbench/api/node/extensionHostProcess.js:161:209453)
	at C.registerCommand.description (/usr/share/code/resources/app/out/vs/workbench/api/node/extensionHostProcess.js:161:208777)
	at h (/usr/share/code/resources/app/out/vs/workbench/api/node/extensionHostProcess.js:161:210554)
	at h.g (/usr/share/code/resources/app/out/vs/workbench/api/node/extensionHostProcess.js:161:209546)
	at h.executeCommand (/usr/share/code/resources/app/out/vs/workbench/api/node/extensionHostProcess.js:161:209453)
	at Object.executeCommand (/usr/share/code/resources/app/out/vs/workbench/api/node/extensionHostProcess.js:171:30683)
	at i.O [as value] (/usr/share/code/resources/app/extensions/git/dist/main.js:2:952009)
	at r.B (/usr/share/code/resources/app/out/vs/workbench/api/node/extensionHostProcess.js:90:732)
	at r.C (/usr/share/code/resources/app/out/vs/workbench/api/node/extensionHostProcess.js:90:802)
	at r.fire (/usr/share/code/resources/app/out/vs/workbench/api/node/extensionHostProcess.js:90:1018)
	at Object.p [as dispose] (/usr/share/code/resources/app/extensions/git/dist/main.js:2:972587)
	at /usr/share/code/resources/app/extensions/git/dist/main.js:2:978709
	at Array.forEach (<anonymous>)
	at f.dispose (/usr/share/code/resources/app/extensions/git/dist/main.js:2:978695)
	at o.<anonymous> (/usr/share/code/resources/app/out/vs/workbench/api/node/extensionHostProcess.js:159:4176)
	at o.dispose (/usr/share/code/resources/app/out/vs/workbench/api/node/extensionHostProcess.js:159:4273)
	at o.<anonymous> (/usr/share/code/resources/app/extensions/git/dist/main.js:2:954307)
	at o.dispose (/usr/share/code/resources/app/out/vs/workbench/api/node/extensionHostProcess.js:159:4273)
	at $ (/usr/share/code/resources/app/out/vs/workbench/api/node/extensionHostProcess.js:30:744)
	at /usr/share/code/resources/app/out/vs/workbench/api/node/extensionHostProcess.js:167:13607
	at /usr/share/code/resources/app/out/vs/workbench/api/node/extensionHostProcess.js:30:1112
	at Object.dispose (/usr/share/code/resources/app/out/vs/workbench/api/node/extensionHostProcess.js:11:11463)
	at m.eb (/usr/share/code/resources/app/out/vs/workbench/api/node/extensionHostProcess.js:167:10282)
	at /usr/share/code/resources/app/out/vs/workbench/api/node/extensionHostProcess.js:167:8153
	at Array.map (<anonymous>)
	at m.$ (/usr/share/code/resources/app/out/vs/workbench/api/node/extensionHostProcess.js:167:8140)
	at m.terminate (/usr/share/code/resources/app/out/vs/workbench/api/node/extensionHostProcess.js:167:8413)
	at $.terminate (/usr/share/code/resources/app/out/vs/workbench/api/node/extensionHostProcess.js:171:1513)
	at n (/usr/share/code/resources/app/out/vs/workbench/api/node/extensionHostProcess.js:184:10613)
	at MessagePortMain.<anonymous> (/usr/share/code/resources/app/out/vs/workbench/api/node/extensionHostProcess.js:184:6805)
	at MessagePortMain.emit (node:events:519:28)
	at MessagePortMain._internalPort.emit (node:electron/js2c/utility_init:2:2619) setContext undefined
2025-03-14 16:20:29.162 [error] Canceled: Canceled
	at new D (/usr/share/code/resources/app/out/vs/workbench/api/node/extensionHostProcess.js:151:35235)
	at y.U (/usr/share/code/resources/app/out/vs/workbench/api/node/extensionHostProcess.js:158:6005)
	at V.<computed>.F.charCodeAt.A.CharCode.DollarSign.V.<computed> (/usr/share/code/resources/app/out/vs/workbench/api/node/extensionHostProcess.js:158:3107)
	at h.g (/usr/share/code/resources/app/out/vs/workbench/api/node/extensionHostProcess.js:161:210015)
	at h.executeCommand (/usr/share/code/resources/app/out/vs/workbench/api/node/extensionHostProcess.js:161:209453)
	at C.registerCommand.description (/usr/share/code/resources/app/out/vs/workbench/api/node/extensionHostProcess.js:161:208777)
	at h (/usr/share/code/resources/app/out/vs/workbench/api/node/extensionHostProcess.js:161:210554)
	at h.g (/usr/share/code/resources/app/out/vs/workbench/api/node/extensionHostProcess.js:161:209546)
	at h.executeCommand (/usr/share/code/resources/app/out/vs/workbench/api/node/extensionHostProcess.js:161:209453)
	at Object.executeCommand (/usr/share/code/resources/app/out/vs/workbench/api/node/extensionHostProcess.js:171:30683)
	at i.O [as value] (/usr/share/code/resources/app/extensions/git/dist/main.js:2:952009)
	at r.B (/usr/share/code/resources/app/out/vs/workbench/api/node/extensionHostProcess.js:90:732)
	at r.C (/usr/share/code/resources/app/out/vs/workbench/api/node/extensionHostProcess.js:90:802)
	at r.fire (/usr/share/code/resources/app/out/vs/workbench/api/node/extensionHostProcess.js:90:1018)
	at Object.p [as dispose] (/usr/share/code/resources/app/extensions/git/dist/main.js:2:972587)
	at /usr/share/code/resources/app/extensions/git/dist/main.js:2:978709
	at Array.forEach (<anonymous>)
	at f.dispose (/usr/share/code/resources/app/extensions/git/dist/main.js:2:978695)
	at o.<anonymous> (/usr/share/code/resources/app/out/vs/workbench/api/node/extensionHostProcess.js:159:4176)
	at o.dispose (/usr/share/code/resources/app/out/vs/workbench/api/node/extensionHostProcess.js:159:4273)
	at o.<anonymous> (/usr/share/code/resources/app/extensions/git/dist/main.js:2:954307)
	at o.dispose (/usr/share/code/resources/app/out/vs/workbench/api/node/extensionHostProcess.js:159:4273)
	at $ (/usr/share/code/resources/app/out/vs/workbench/api/node/extensionHostProcess.js:30:744)
	at /usr/share/code/resources/app/out/vs/workbench/api/node/extensionHostProcess.js:167:13607
	at /usr/share/code/resources/app/out/vs/workbench/api/node/extensionHostProcess.js:30:1112
	at Object.dispose (/usr/share/code/resources/app/out/vs/workbench/api/node/extensionHostProcess.js:11:11463)
	at m.eb (/usr/share/code/resources/app/out/vs/workbench/api/node/extensionHostProcess.js:167:10282)
	at /usr/share/code/resources/app/out/vs/workbench/api/node/extensionHostProcess.js:167:8153
	at Array.map (<anonymous>)
	at m.$ (/usr/share/code/resources/app/out/vs/workbench/api/node/extensionHostProcess.js:167:8140)
	at m.terminate (/usr/share/code/resources/app/out/vs/workbench/api/node/extensionHostProcess.js:167:8413)
	at $.terminate (/usr/share/code/resources/app/out/vs/workbench/api/node/extensionHostProcess.js:171:1513)
	at n (/usr/share/code/resources/app/out/vs/workbench/api/node/extensionHostProcess.js:184:10613)
	at MessagePortMain.<anonymous> (/usr/share/code/resources/app/out/vs/workbench/api/node/extensionHostProcess.js:184:6805)
	at MessagePortMain.emit (node:events:519:28)
	at MessagePortMain._internalPort.emit (node:electron/js2c/utility_init:2:2619) setContext undefined
2025-03-14 16:20:29.162 [error] Canceled: Canceled
	at new D (/usr/share/code/resources/app/out/vs/workbench/api/node/extensionHostProcess.js:151:35235)
	at y.U (/usr/share/code/resources/app/out/vs/workbench/api/node/extensionHostProcess.js:158:6005)
	at V.<computed>.F.charCodeAt.A.CharCode.DollarSign.V.<computed> (/usr/share/code/resources/app/out/vs/workbench/api/node/extensionHostProcess.js:158:3107)
	at h.g (/usr/share/code/resources/app/out/vs/workbench/api/node/extensionHostProcess.js:161:210015)
	at h.executeCommand (/usr/share/code/resources/app/out/vs/workbench/api/node/extensionHostProcess.js:161:209453)
	at C.registerCommand.description (/usr/share/code/resources/app/out/vs/workbench/api/node/extensionHostProcess.js:161:208777)
	at h (/usr/share/code/resources/app/out/vs/workbench/api/node/extensionHostProcess.js:161:210554)
	at h.g (/usr/share/code/resources/app/out/vs/workbench/api/node/extensionHostProcess.js:161:209546)
	at h.executeCommand (/usr/share/code/resources/app/out/vs/workbench/api/node/extensionHostProcess.js:161:209453)
	at Object.executeCommand (/usr/share/code/resources/app/out/vs/workbench/api/node/extensionHostProcess.js:171:30683)
	at i.O [as value] (/usr/share/code/resources/app/extensions/git/dist/main.js:2:952009)
	at r.B (/usr/share/code/resources/app/out/vs/workbench/api/node/extensionHostProcess.js:90:732)
	at r.C (/usr/share/code/resources/app/out/vs/workbench/api/node/extensionHostProcess.js:90:802)
	at r.fire (/usr/share/code/resources/app/out/vs/workbench/api/node/extensionHostProcess.js:90:1018)
	at Object.p [as dispose] (/usr/share/code/resources/app/extensions/git/dist/main.js:2:972587)
	at /usr/share/code/resources/app/extensions/git/dist/main.js:2:978709
	at Array.forEach (<anonymous>)
	at f.dispose (/usr/share/code/resources/app/extensions/git/dist/main.js:2:978695)
	at o.<anonymous> (/usr/share/code/resources/app/out/vs/workbench/api/node/extensionHostProcess.js:159:4176)
	at o.dispose (/usr/share/code/resources/app/out/vs/workbench/api/node/extensionHostProcess.js:159:4273)
	at o.<anonymous> (/usr/share/code/resources/app/extensions/git/dist/main.js:2:954307)
	at o.dispose (/usr/share/code/resources/app/out/vs/workbench/api/node/extensionHostProcess.js:159:4273)
	at $ (/usr/share/code/resources/app/out/vs/workbench/api/node/extensionHostProcess.js:30:744)
	at /usr/share/code/resources/app/out/vs/workbench/api/node/extensionHostProcess.js:167:13607
	at /usr/share/code/resources/app/out/vs/workbench/api/node/extensionHostProcess.js:30:1112
	at Object.dispose (/usr/share/code/resources/app/out/vs/workbench/api/node/extensionHostProcess.js:11:11463)
	at m.eb (/usr/share/code/resources/app/out/vs/workbench/api/node/extensionHostProcess.js:167:10282)
	at /usr/share/code/resources/app/out/vs/workbench/api/node/extensionHostProcess.js:167:8153
	at Array.map (<anonymous>)
	at m.$ (/usr/share/code/resources/app/out/vs/workbench/api/node/extensionHostProcess.js:167:8140)
	at m.terminate (/usr/share/code/resources/app/out/vs/workbench/api/node/extensionHostProcess.js:167:8413)
	at $.terminate (/usr/share/code/resources/app/out/vs/workbench/api/node/extensionHostProcess.js:171:1513)
	at n (/usr/share/code/resources/app/out/vs/workbench/api/node/extensionHostProcess.js:184:10613)
	at MessagePortMain.<anonymous> (/usr/share/code/resources/app/out/vs/workbench/api/node/extensionHostProcess.js:184:6805)
	at MessagePortMain.emit (node:events:519:28)
	at MessagePortMain._internalPort.emit (node:electron/js2c/utility_init:2:2619) setContext undefined
2025-03-14 16:20:29.162 [error] Canceled: Canceled
	at new D (/usr/share/code/resources/app/out/vs/workbench/api/node/extensionHostProcess.js:151:35235)
	at y.U (/usr/share/code/resources/app/out/vs/workbench/api/node/extensionHostProcess.js:158:6005)
	at V.<computed>.F.charCodeAt.A.CharCode.DollarSign.V.<computed> (/usr/share/code/resources/app/out/vs/workbench/api/node/extensionHostProcess.js:158:3107)
	at h.g (/usr/share/code/resources/app/out/vs/workbench/api/node/extensionHostProcess.js:161:210015)
	at h.executeCommand (/usr/share/code/resources/app/out/vs/workbench/api/node/extensionHostProcess.js:161:209453)
	at C.registerCommand.description (/usr/share/code/resources/app/out/vs/workbench/api/node/extensionHostProcess.js:161:208777)
	at h (/usr/share/code/resources/app/out/vs/workbench/api/node/extensionHostProcess.js:161:210554)
	at h.g (/usr/share/code/resources/app/out/vs/workbench/api/node/extensionHostProcess.js:161:209546)
	at h.executeCommand (/usr/share/code/resources/app/out/vs/workbench/api/node/extensionHostProcess.js:161:209453)
	at Object.executeCommand (/usr/share/code/resources/app/out/vs/workbench/api/node/extensionHostProcess.js:171:30683)
	at i.O [as value] (/usr/share/code/resources/app/extensions/git/dist/main.js:2:952009)
	at r.B (/usr/share/code/resources/app/out/vs/workbench/api/node/extensionHostProcess.js:90:732)
	at r.C (/usr/share/code/resources/app/out/vs/workbench/api/node/extensionHostProcess.js:90:802)
	at r.fire (/usr/share/code/resources/app/out/vs/workbench/api/node/extensionHostProcess.js:90:1018)
	at Object.p [as dispose] (/usr/share/code/resources/app/extensions/git/dist/main.js:2:972587)
	at /usr/share/code/resources/app/extensions/git/dist/main.js:2:978709
	at Array.forEach (<anonymous>)
	at f.dispose (/usr/share/code/resources/app/extensions/git/dist/main.js:2:978695)
	at o.<anonymous> (/usr/share/code/resources/app/out/vs/workbench/api/node/extensionHostProcess.js:159:4176)
	at o.dispose (/usr/share/code/resources/app/out/vs/workbench/api/node/extensionHostProcess.js:159:4273)
	at o.<anonymous> (/usr/share/code/resources/app/extensions/git/dist/main.js:2:954307)
	at o.dispose (/usr/share/code/resources/app/out/vs/workbench/api/node/extensionHostProcess.js:159:4273)
	at $ (/usr/share/code/resources/app/out/vs/workbench/api/node/extensionHostProcess.js:30:744)
	at /usr/share/code/resources/app/out/vs/workbench/api/node/extensionHostProcess.js:167:13607
	at /usr/share/code/resources/app/out/vs/workbench/api/node/extensionHostProcess.js:30:1112
	at Object.dispose (/usr/share/code/resources/app/out/vs/workbench/api/node/extensionHostProcess.js:11:11463)
	at m.eb (/usr/share/code/resources/app/out/vs/workbench/api/node/extensionHostProcess.js:167:10282)
	at /usr/share/code/resources/app/out/vs/workbench/api/node/extensionHostProcess.js:167:8153
	at Array.map (<anonymous>)
	at m.$ (/usr/share/code/resources/app/out/vs/workbench/api/node/extensionHostProcess.js:167:8140)
	at m.terminate (/usr/share/code/resources/app/out/vs/workbench/api/node/extensionHostProcess.js:167:8413)
	at $.terminate (/usr/share/code/resources/app/out/vs/workbench/api/node/extensionHostProcess.js:171:1513)
	at n (/usr/share/code/resources/app/out/vs/workbench/api/node/extensionHostProcess.js:184:10613)
	at MessagePortMain.<anonymous> (/usr/share/code/resources/app/out/vs/workbench/api/node/extensionHostProcess.js:184:6805)
	at MessagePortMain.emit (node:events:519:28)
	at MessagePortMain._internalPort.emit (node:electron/js2c/utility_init:2:2619) setContext undefined
2025-03-14 16:20:29.162 [error] Canceled: Canceled
	at new D (/usr/share/code/resources/app/out/vs/workbench/api/node/extensionHostProcess.js:151:35235)
	at y.U (/usr/share/code/resources/app/out/vs/workbench/api/node/extensionHostProcess.js:158:6005)
	at V.<computed>.F.charCodeAt.A.CharCode.DollarSign.V.<computed> (/usr/share/code/resources/app/out/vs/workbench/api/node/extensionHostProcess.js:158:3107)
	at h.g (/usr/share/code/resources/app/out/vs/workbench/api/node/extensionHostProcess.js:161:210015)
	at h.executeCommand (/usr/share/code/resources/app/out/vs/workbench/api/node/extensionHostProcess.js:161:209453)
	at C.registerCommand.description (/usr/share/code/resources/app/out/vs/workbench/api/node/extensionHostProcess.js:161:208777)
	at h (/usr/share/code/resources/app/out/vs/workbench/api/node/extensionHostProcess.js:161:210554)
	at h.g (/usr/share/code/resources/app/out/vs/workbench/api/node/extensionHostProcess.js:161:209546)
	at h.executeCommand (/usr/share/code/resources/app/out/vs/workbench/api/node/extensionHostProcess.js:161:209453)
	at Object.executeCommand (/usr/share/code/resources/app/out/vs/workbench/api/node/extensionHostProcess.js:171:30683)
	at i.O [as value] (/usr/share/code/resources/app/extensions/git/dist/main.js:2:952009)
	at r.B (/usr/share/code/resources/app/out/vs/workbench/api/node/extensionHostProcess.js:90:732)
	at r.C (/usr/share/code/resources/app/out/vs/workbench/api/node/extensionHostProcess.js:90:802)
	at r.fire (/usr/share/code/resources/app/out/vs/workbench/api/node/extensionHostProcess.js:90:1018)
	at Object.p [as dispose] (/usr/share/code/resources/app/extensions/git/dist/main.js:2:972587)
	at /usr/share/code/resources/app/extensions/git/dist/main.js:2:978709
	at Array.forEach (<anonymous>)
	at f.dispose (/usr/share/code/resources/app/extensions/git/dist/main.js:2:978695)
	at o.<anonymous> (/usr/share/code/resources/app/out/vs/workbench/api/node/extensionHostProcess.js:159:4176)
	at o.dispose (/usr/share/code/resources/app/out/vs/workbench/api/node/extensionHostProcess.js:159:4273)
	at o.<anonymous> (/usr/share/code/resources/app/extensions/git/dist/main.js:2:954307)
	at o.dispose (/usr/share/code/resources/app/out/vs/workbench/api/node/extensionHostProcess.js:159:4273)
	at $ (/usr/share/code/resources/app/out/vs/workbench/api/node/extensionHostProcess.js:30:744)
	at /usr/share/code/resources/app/out/vs/workbench/api/node/extensionHostProcess.js:167:13607
	at /usr/share/code/resources/app/out/vs/workbench/api/node/extensionHostProcess.js:30:1112
	at Object.dispose (/usr/share/code/resources/app/out/vs/workbench/api/node/extensionHostProcess.js:11:11463)
	at m.eb (/usr/share/code/resources/app/out/vs/workbench/api/node/extensionHostProcess.js:167:10282)
	at /usr/share/code/resources/app/out/vs/workbench/api/node/extensionHostProcess.js:167:8153
	at Array.map (<anonymous>)
	at m.$ (/usr/share/code/resources/app/out/vs/workbench/api/node/extensionHostProcess.js:167:8140)
	at m.terminate (/usr/share/code/resources/app/out/vs/workbench/api/node/extensionHostProcess.js:167:8413)
	at $.terminate (/usr/share/code/resources/app/out/vs/workbench/api/node/extensionHostProcess.js:171:1513)
	at n (/usr/share/code/resources/app/out/vs/workbench/api/node/extensionHostProcess.js:184:10613)
	at MessagePortMain.<anonymous> (/usr/share/code/resources/app/out/vs/workbench/api/node/extensionHostProcess.js:184:6805)
	at MessagePortMain.emit (node:events:519:28)
	at MessagePortMain._internalPort.emit (node:electron/js2c/utility_init:2:2619) setContext undefined
2025-03-14 16:20:29.162 [error] Canceled: Canceled
	at new D (/usr/share/code/resources/app/out/vs/workbench/api/node/extensionHostProcess.js:151:35235)
	at y.U (/usr/share/code/resources/app/out/vs/workbench/api/node/extensionHostProcess.js:158:6005)
	at V.<computed>.F.charCodeAt.A.CharCode.DollarSign.V.<computed> (/usr/share/code/resources/app/out/vs/workbench/api/node/extensionHostProcess.js:158:3107)
	at h.g (/usr/share/code/resources/app/out/vs/workbench/api/node/extensionHostProcess.js:161:210015)
	at h.executeCommand (/usr/share/code/resources/app/out/vs/workbench/api/node/extensionHostProcess.js:161:209453)
	at C.registerCommand.description (/usr/share/code/resources/app/out/vs/workbench/api/node/extensionHostProcess.js:161:208777)
	at h (/usr/share/code/resources/app/out/vs/workbench/api/node/extensionHostProcess.js:161:210554)
	at h.g (/usr/share/code/resources/app/out/vs/workbench/api/node/extensionHostProcess.js:161:209546)
	at h.executeCommand (/usr/share/code/resources/app/out/vs/workbench/api/node/extensionHostProcess.js:161:209453)
	at Object.executeCommand (/usr/share/code/resources/app/out/vs/workbench/api/node/extensionHostProcess.js:171:30683)
	at i.O [as value] (/usr/share/code/resources/app/extensions/git/dist/main.js:2:952009)
	at r.B (/usr/share/code/resources/app/out/vs/workbench/api/node/extensionHostProcess.js:90:732)
	at r.C (/usr/share/code/resources/app/out/vs/workbench/api/node/extensionHostProcess.js:90:802)
	at r.fire (/usr/share/code/resources/app/out/vs/workbench/api/node/extensionHostProcess.js:90:1018)
	at Object.p [as dispose] (/usr/share/code/resources/app/extensions/git/dist/main.js:2:972587)
	at /usr/share/code/resources/app/extensions/git/dist/main.js:2:978709
	at Array.forEach (<anonymous>)
	at f.dispose (/usr/share/code/resources/app/extensions/git/dist/main.js:2:978695)
	at o.<anonymous> (/usr/share/code/resources/app/out/vs/workbench/api/node/extensionHostProcess.js:159:4176)
	at o.dispose (/usr/share/code/resources/app/out/vs/workbench/api/node/extensionHostProcess.js:159:4273)
	at o.<anonymous> (/usr/share/code/resources/app/extensions/git/dist/main.js:2:954307)
	at o.dispose (/usr/share/code/resources/app/out/vs/workbench/api/node/extensionHostProcess.js:159:4273)
	at $ (/usr/share/code/resources/app/out/vs/workbench/api/node/extensionHostProcess.js:30:744)
	at /usr/share/code/resources/app/out/vs/workbench/api/node/extensionHostProcess.js:167:13607
	at /usr/share/code/resources/app/out/vs/workbench/api/node/extensionHostProcess.js:30:1112
	at Object.dispose (/usr/share/code/resources/app/out/vs/workbench/api/node/extensionHostProcess.js:11:11463)
	at m.eb (/usr/share/code/resources/app/out/vs/workbench/api/node/extensionHostProcess.js:167:10282)
	at /usr/share/code/resources/app/out/vs/workbench/api/node/extensionHostProcess.js:167:8153
	at Array.map (<anonymous>)
	at m.$ (/usr/share/code/resources/app/out/vs/workbench/api/node/extensionHostProcess.js:167:8140)
	at m.terminate (/usr/share/code/resources/app/out/vs/workbench/api/node/extensionHostProcess.js:167:8413)
	at $.terminate (/usr/share/code/resources/app/out/vs/workbench/api/node/extensionHostProcess.js:171:1513)
	at n (/usr/share/code/resources/app/out/vs/workbench/api/node/extensionHostProcess.js:184:10613)
	at MessagePortMain.<anonymous> (/usr/share/code/resources/app/out/vs/workbench/api/node/extensionHostProcess.js:184:6805)
	at MessagePortMain.emit (node:events:519:28)
	at MessagePortMain._internalPort.emit (node:electron/js2c/utility_init:2:2619) setContext undefined
2025-03-14 16:20:29.162 [error] Canceled: Canceled
	at new D (/usr/share/code/resources/app/out/vs/workbench/api/node/extensionHostProcess.js:151:35235)
	at y.U (/usr/share/code/resources/app/out/vs/workbench/api/node/extensionHostProcess.js:158:6005)
	at V.<computed>.F.charCodeAt.A.CharCode.DollarSign.V.<computed> (/usr/share/code/resources/app/out/vs/workbench/api/node/extensionHostProcess.js:158:3107)
	at h.g (/usr/share/code/resources/app/out/vs/workbench/api/node/extensionHostProcess.js:161:210015)
	at h.executeCommand (/usr/share/code/resources/app/out/vs/workbench/api/node/extensionHostProcess.js:161:209453)
	at C.registerCommand.description (/usr/share/code/resources/app/out/vs/workbench/api/node/extensionHostProcess.js:161:208777)
	at h (/usr/share/code/resources/app/out/vs/workbench/api/node/extensionHostProcess.js:161:210554)
	at h.g (/usr/share/code/resources/app/out/vs/workbench/api/node/extensionHostProcess.js:161:209546)
	at h.executeCommand (/usr/share/code/resources/app/out/vs/workbench/api/node/extensionHostProcess.js:161:209453)
	at Object.executeCommand (/usr/share/code/resources/app/out/vs/workbench/api/node/extensionHostProcess.js:171:30683)
	at i.O [as value] (/usr/share/code/resources/app/extensions/git/dist/main.js:2:952009)
	at r.B (/usr/share/code/resources/app/out/vs/workbench/api/node/extensionHostProcess.js:90:732)
	at r.C (/usr/share/code/resources/app/out/vs/workbench/api/node/extensionHostProcess.js:90:802)
	at r.fire (/usr/share/code/resources/app/out/vs/workbench/api/node/extensionHostProcess.js:90:1018)
	at Object.p [as dispose] (/usr/share/code/resources/app/extensions/git/dist/main.js:2:972587)
	at /usr/share/code/resources/app/extensions/git/dist/main.js:2:978709
	at Array.forEach (<anonymous>)
	at f.dispose (/usr/share/code/resources/app/extensions/git/dist/main.js:2:978695)
	at o.<anonymous> (/usr/share/code/resources/app/out/vs/workbench/api/node/extensionHostProcess.js:159:4176)
	at o.dispose (/usr/share/code/resources/app/out/vs/workbench/api/node/extensionHostProcess.js:159:4273)
	at o.<anonymous> (/usr/share/code/resources/app/extensions/git/dist/main.js:2:954307)
	at o.dispose (/usr/share/code/resources/app/out/vs/workbench/api/node/extensionHostProcess.js:159:4273)
	at $ (/usr/share/code/resources/app/out/vs/workbench/api/node/extensionHostProcess.js:30:744)
	at /usr/share/code/resources/app/out/vs/workbench/api/node/extensionHostProcess.js:167:13607
	at /usr/share/code/resources/app/out/vs/workbench/api/node/extensionHostProcess.js:30:1112
	at Object.dispose (/usr/share/code/resources/app/out/vs/workbench/api/node/extensionHostProcess.js:11:11463)
	at m.eb (/usr/share/code/resources/app/out/vs/workbench/api/node/extensionHostProcess.js:167:10282)
	at /usr/share/code/resources/app/out/vs/workbench/api/node/extensionHostProcess.js:167:8153
	at Array.map (<anonymous>)
	at m.$ (/usr/share/code/resources/app/out/vs/workbench/api/node/extensionHostProcess.js:167:8140)
	at m.terminate (/usr/share/code/resources/app/out/vs/workbench/api/node/extensionHostProcess.js:167:8413)
	at $.terminate (/usr/share/code/resources/app/out/vs/workbench/api/node/extensionHostProcess.js:171:1513)
	at n (/usr/share/code/resources/app/out/vs/workbench/api/node/extensionHostProcess.js:184:10613)
	at MessagePortMain.<anonymous> (/usr/share/code/resources/app/out/vs/workbench/api/node/extensionHostProcess.js:184:6805)
	at MessagePortMain.emit (node:events:519:28)
	at MessagePortMain._internalPort.emit (node:electron/js2c/utility_init:2:2619) setContext undefined
2025-03-14 16:20:29.163 [error] Canceled: Canceled
	at new D (/usr/share/code/resources/app/out/vs/workbench/api/node/extensionHostProcess.js:151:35235)
	at y.U (/usr/share/code/resources/app/out/vs/workbench/api/node/extensionHostProcess.js:158:6005)
	at V.<computed>.F.charCodeAt.A.CharCode.DollarSign.V.<computed> (/usr/share/code/resources/app/out/vs/workbench/api/node/extensionHostProcess.js:158:3107)
	at h.g (/usr/share/code/resources/app/out/vs/workbench/api/node/extensionHostProcess.js:161:210015)
	at h.executeCommand (/usr/share/code/resources/app/out/vs/workbench/api/node/extensionHostProcess.js:161:209453)
	at C.registerCommand.description (/usr/share/code/resources/app/out/vs/workbench/api/node/extensionHostProcess.js:161:208777)
	at h (/usr/share/code/resources/app/out/vs/workbench/api/node/extensionHostProcess.js:161:210554)
	at h.g (/usr/share/code/resources/app/out/vs/workbench/api/node/extensionHostProcess.js:161:209546)
	at h.executeCommand (/usr/share/code/resources/app/out/vs/workbench/api/node/extensionHostProcess.js:161:209453)
	at Object.executeCommand (/usr/share/code/resources/app/out/vs/workbench/api/node/extensionHostProcess.js:171:30683)
	at set hasGitHubRepositories (/usr/share/code/resources/app/extensions/github/dist/extension.js:2:322969)
	at /usr/share/code/resources/app/extensions/github/dist/extension.js:2:323928
	at i.value (/usr/share/code/resources/app/extensions/git/dist/main.js:2:1060944)
	at r.B (/usr/share/code/resources/app/out/vs/workbench/api/node/extensionHostProcess.js:90:732)
	at r.C (/usr/share/code/resources/app/out/vs/workbench/api/node/extensionHostProcess.js:90:802)
	at r.fire (/usr/share/code/resources/app/out/vs/workbench/api/node/extensionHostProcess.js:90:1018)
	at Object.p [as dispose] (/usr/share/code/resources/app/extensions/git/dist/main.js:2:972587)
	at /usr/share/code/resources/app/extensions/git/dist/main.js:2:978709
	at Array.forEach (<anonymous>)
	at f.dispose (/usr/share/code/resources/app/extensions/git/dist/main.js:2:978695)
	at o.<anonymous> (/usr/share/code/resources/app/out/vs/workbench/api/node/extensionHostProcess.js:159:4176)
	at o.dispose (/usr/share/code/resources/app/out/vs/workbench/api/node/extensionHostProcess.js:159:4273)
	at o.<anonymous> (/usr/share/code/resources/app/extensions/git/dist/main.js:2:954307)
	at o.dispose (/usr/share/code/resources/app/out/vs/workbench/api/node/extensionHostProcess.js:159:4273)
	at $ (/usr/share/code/resources/app/out/vs/workbench/api/node/extensionHostProcess.js:30:744)
	at /usr/share/code/resources/app/out/vs/workbench/api/node/extensionHostProcess.js:167:13607
	at /usr/share/code/resources/app/out/vs/workbench/api/node/extensionHostProcess.js:30:1112
	at Object.dispose (/usr/share/code/resources/app/out/vs/workbench/api/node/extensionHostProcess.js:11:11463)
	at m.eb (/usr/share/code/resources/app/out/vs/workbench/api/node/extensionHostProcess.js:167:10282)
	at /usr/share/code/resources/app/out/vs/workbench/api/node/extensionHostProcess.js:167:8153
	at Array.map (<anonymous>)
	at m.$ (/usr/share/code/resources/app/out/vs/workbench/api/node/extensionHostProcess.js:167:8140)
	at m.terminate (/usr/share/code/resources/app/out/vs/workbench/api/node/extensionHostProcess.js:167:8413)
	at $.terminate (/usr/share/code/resources/app/out/vs/workbench/api/node/extensionHostProcess.js:171:1513)
	at n (/usr/share/code/resources/app/out/vs/workbench/api/node/extensionHostProcess.js:184:10613)
	at MessagePortMain.<anonymous> (/usr/share/code/resources/app/out/vs/workbench/api/node/extensionHostProcess.js:184:6805)
	at MessagePortMain.emit (node:events:519:28)
	at MessagePortMain._internalPort.emit (node:electron/js2c/utility_init:2:2619) setContext undefined
2025-03-14 16:20:29.163 [error] Canceled: Canceled
	at new D (/usr/share/code/resources/app/out/vs/workbench/api/node/extensionHostProcess.js:151:35235)
	at y.U (/usr/share/code/resources/app/out/vs/workbench/api/node/extensionHostProcess.js:158:6005)
	at V.<computed>.F.charCodeAt.A.CharCode.DollarSign.V.<computed> (/usr/share/code/resources/app/out/vs/workbench/api/node/extensionHostProcess.js:158:3107)
	at h.g (/usr/share/code/resources/app/out/vs/workbench/api/node/extensionHostProcess.js:161:210015)
	at h.executeCommand (/usr/share/code/resources/app/out/vs/workbench/api/node/extensionHostProcess.js:161:209453)
	at C.registerCommand.description (/usr/share/code/resources/app/out/vs/workbench/api/node/extensionHostProcess.js:161:208777)
	at h (/usr/share/code/resources/app/out/vs/workbench/api/node/extensionHostProcess.js:161:210554)
	at h.g (/usr/share/code/resources/app/out/vs/workbench/api/node/extensionHostProcess.js:161:209546)
	at h.executeCommand (/usr/share/code/resources/app/out/vs/workbench/api/node/extensionHostProcess.js:161:209453)
	at Object.executeCommand (/usr/share/code/resources/app/out/vs/workbench/api/node/extensionHostProcess.js:171:30683)
	at i.O [as value] (/usr/share/code/resources/app/extensions/git/dist/main.js:2:952009)
	at r.B (/usr/share/code/resources/app/out/vs/workbench/api/node/extensionHostProcess.js:90:732)
	at r.C (/usr/share/code/resources/app/out/vs/workbench/api/node/extensionHostProcess.js:90:802)
	at r.fire (/usr/share/code/resources/app/out/vs/workbench/api/node/extensionHostProcess.js:90:1018)
	at Object.p [as dispose] (/usr/share/code/resources/app/extensions/git/dist/main.js:2:972587)
	at /usr/share/code/resources/app/extensions/git/dist/main.js:2:978709
	at Array.forEach (<anonymous>)
	at f.dispose (/usr/share/code/resources/app/extensions/git/dist/main.js:2:978695)
	at o.<anonymous> (/usr/share/code/resources/app/out/vs/workbench/api/node/extensionHostProcess.js:159:4176)
	at o.dispose (/usr/share/code/resources/app/out/vs/workbench/api/node/extensionHostProcess.js:159:4273)
	at o.<anonymous> (/usr/share/code/resources/app/extensions/git/dist/main.js:2:954307)
	at o.dispose (/usr/share/code/resources/app/out/vs/workbench/api/node/extensionHostProcess.js:159:4273)
	at $ (/usr/share/code/resources/app/out/vs/workbench/api/node/extensionHostProcess.js:30:744)
	at /usr/share/code/resources/app/out/vs/workbench/api/node/extensionHostProcess.js:167:13607
	at /usr/share/code/resources/app/out/vs/workbench/api/node/extensionHostProcess.js:30:1112
	at Object.dispose (/usr/share/code/resources/app/out/vs/workbench/api/node/extensionHostProcess.js:11:11463)
	at m.eb (/usr/share/code/resources/app/out/vs/workbench/api/node/extensionHostProcess.js:167:10282)
	at /usr/share/code/resources/app/out/vs/workbench/api/node/extensionHostProcess.js:167:8153
	at Array.map (<anonymous>)
	at m.$ (/usr/share/code/resources/app/out/vs/workbench/api/node/extensionHostProcess.js:167:8140)
	at m.terminate (/usr/share/code/resources/app/out/vs/workbench/api/node/extensionHostProcess.js:167:8413)
	at $.terminate (/usr/share/code/resources/app/out/vs/workbench/api/node/extensionHostProcess.js:171:1513)
	at n (/usr/share/code/resources/app/out/vs/workbench/api/node/extensionHostProcess.js:184:10613)
	at MessagePortMain.<anonymous> (/usr/share/code/resources/app/out/vs/workbench/api/node/extensionHostProcess.js:184:6805)
	at MessagePortMain.emit (node:events:519:28)
	at MessagePortMain._internalPort.emit (node:electron/js2c/utility_init:2:2619) setContext undefined
2025-03-14 16:20:29.163 [error] Canceled: Canceled
	at new D (/usr/share/code/resources/app/out/vs/workbench/api/node/extensionHostProcess.js:151:35235)
	at y.U (/usr/share/code/resources/app/out/vs/workbench/api/node/extensionHostProcess.js:158:6005)
	at V.<computed>.F.charCodeAt.A.CharCode.DollarSign.V.<computed> (/usr/share/code/resources/app/out/vs/workbench/api/node/extensionHostProcess.js:158:3107)
	at h.g (/usr/share/code/resources/app/out/vs/workbench/api/node/extensionHostProcess.js:161:210015)
	at h.executeCommand (/usr/share/code/resources/app/out/vs/workbench/api/node/extensionHostProcess.js:161:209453)
	at C.registerCommand.description (/usr/share/code/resources/app/out/vs/workbench/api/node/extensionHostProcess.js:161:208777)
	at h (/usr/share/code/resources/app/out/vs/workbench/api/node/extensionHostProcess.js:161:210554)
	at h.g (/usr/share/code/resources/app/out/vs/workbench/api/node/extensionHostProcess.js:161:209546)
	at h.executeCommand (/usr/share/code/resources/app/out/vs/workbench/api/node/extensionHostProcess.js:161:209453)
	at Object.executeCommand (/usr/share/code/resources/app/out/vs/workbench/api/node/extensionHostProcess.js:171:30683)
	at set hasGitHubRepositories (/usr/share/code/resources/app/extensions/github/dist/extension.js:2:322969)
	at /usr/share/code/resources/app/extensions/github/dist/extension.js:2:323928
	at i.value (/usr/share/code/resources/app/extensions/git/dist/main.js:2:1060944)
	at r.B (/usr/share/code/resources/app/out/vs/workbench/api/node/extensionHostProcess.js:90:732)
	at r.C (/usr/share/code/resources/app/out/vs/workbench/api/node/extensionHostProcess.js:90:802)
	at r.fire (/usr/share/code/resources/app/out/vs/workbench/api/node/extensionHostProcess.js:90:1018)
	at Object.p [as dispose] (/usr/share/code/resources/app/extensions/git/dist/main.js:2:972587)
	at /usr/share/code/resources/app/extensions/git/dist/main.js:2:978709
	at Array.forEach (<anonymous>)
	at f.dispose (/usr/share/code/resources/app/extensions/git/dist/main.js:2:978695)
	at o.<anonymous> (/usr/share/code/resources/app/out/vs/workbench/api/node/extensionHostProcess.js:159:4176)
	at o.dispose (/usr/share/code/resources/app/out/vs/workbench/api/node/extensionHostProcess.js:159:4273)
	at o.<anonymous> (/usr/share/code/resources/app/extensions/git/dist/main.js:2:954307)
	at o.dispose (/usr/share/code/resources/app/out/vs/workbench/api/node/extensionHostProcess.js:159:4273)
	at $ (/usr/share/code/resources/app/out/vs/workbench/api/node/extensionHostProcess.js:30:744)
	at /usr/share/code/resources/app/out/vs/workbench/api/node/extensionHostProcess.js:167:13607
	at /usr/share/code/resources/app/out/vs/workbench/api/node/extensionHostProcess.js:30:1112
	at Object.dispose (/usr/share/code/resources/app/out/vs/workbench/api/node/extensionHostProcess.js:11:11463)
	at m.eb (/usr/share/code/resources/app/out/vs/workbench/api/node/extensionHostProcess.js:167:10282)
	at /usr/share/code/resources/app/out/vs/workbench/api/node/extensionHostProcess.js:167:8153
	at Array.map (<anonymous>)
	at m.$ (/usr/share/code/resources/app/out/vs/workbench/api/node/extensionHostProcess.js:167:8140)
	at m.terminate (/usr/share/code/resources/app/out/vs/workbench/api/node/extensionHostProcess.js:167:8413)
	at $.terminate (/usr/share/code/resources/app/out/vs/workbench/api/node/extensionHostProcess.js:171:1513)
	at n (/usr/share/code/resources/app/out/vs/workbench/api/node/extensionHostProcess.js:184:10613)
	at MessagePortMain.<anonymous> (/usr/share/code/resources/app/out/vs/workbench/api/node/extensionHostProcess.js:184:6805)
	at MessagePortMain.emit (node:events:519:28)
	at MessagePortMain._internalPort.emit (node:electron/js2c/utility_init:2:2619) setContext undefined
2025-03-14 16:20:29.163 [error] Canceled: Canceled
	at new D (/usr/share/code/resources/app/out/vs/workbench/api/node/extensionHostProcess.js:151:35235)
	at y.U (/usr/share/code/resources/app/out/vs/workbench/api/node/extensionHostProcess.js:158:6005)
	at V.<computed>.F.charCodeAt.A.CharCode.DollarSign.V.<computed> (/usr/share/code/resources/app/out/vs/workbench/api/node/extensionHostProcess.js:158:3107)
	at h.g (/usr/share/code/resources/app/out/vs/workbench/api/node/extensionHostProcess.js:161:210015)
	at h.executeCommand (/usr/share/code/resources/app/out/vs/workbench/api/node/extensionHostProcess.js:161:209453)
	at C.registerCommand.description (/usr/share/code/resources/app/out/vs/workbench/api/node/extensionHostProcess.js:161:208777)
	at h (/usr/share/code/resources/app/out/vs/workbench/api/node/extensionHostProcess.js:161:210554)
	at h.g (/usr/share/code/resources/app/out/vs/workbench/api/node/extensionHostProcess.js:161:209546)
	at h.executeCommand (/usr/share/code/resources/app/out/vs/workbench/api/node/extensionHostProcess.js:161:209453)
	at Object.executeCommand (/usr/share/code/resources/app/out/vs/workbench/api/node/extensionHostProcess.js:171:30683)
	at i.O [as value] (/usr/share/code/resources/app/extensions/git/dist/main.js:2:952009)
	at r.B (/usr/share/code/resources/app/out/vs/workbench/api/node/extensionHostProcess.js:90:732)
	at r.C (/usr/share/code/resources/app/out/vs/workbench/api/node/extensionHostProcess.js:90:802)
	at r.fire (/usr/share/code/resources/app/out/vs/workbench/api/node/extensionHostProcess.js:90:1018)
	at Object.p [as dispose] (/usr/share/code/resources/app/extensions/git/dist/main.js:2:972587)
	at /usr/share/code/resources/app/extensions/git/dist/main.js:2:978709
	at Array.forEach (<anonymous>)
	at f.dispose (/usr/share/code/resources/app/extensions/git/dist/main.js:2:978695)
	at o.<anonymous> (/usr/share/code/resources/app/out/vs/workbench/api/node/extensionHostProcess.js:159:4176)
	at o.dispose (/usr/share/code/resources/app/out/vs/workbench/api/node/extensionHostProcess.js:159:4273)
	at o.<anonymous> (/usr/share/code/resources/app/extensions/git/dist/main.js:2:954307)
	at o.dispose (/usr/share/code/resources/app/out/vs/workbench/api/node/extensionHostProcess.js:159:4273)
	at $ (/usr/share/code/resources/app/out/vs/workbench/api/node/extensionHostProcess.js:30:744)
	at /usr/share/code/resources/app/out/vs/workbench/api/node/extensionHostProcess.js:167:13607
	at /usr/share/code/resources/app/out/vs/workbench/api/node/extensionHostProcess.js:30:1112
	at Object.dispose (/usr/share/code/resources/app/out/vs/workbench/api/node/extensionHostProcess.js:11:11463)
	at m.eb (/usr/share/code/resources/app/out/vs/workbench/api/node/extensionHostProcess.js:167:10282)
	at /usr/share/code/resources/app/out/vs/workbench/api/node/extensionHostProcess.js:167:8153
	at Array.map (<anonymous>)
	at m.$ (/usr/share/code/resources/app/out/vs/workbench/api/node/extensionHostProcess.js:167:8140)
	at m.terminate (/usr/share/code/resources/app/out/vs/workbench/api/node/extensionHostProcess.js:167:8413)
	at $.terminate (/usr/share/code/resources/app/out/vs/workbench/api/node/extensionHostProcess.js:171:1513)
	at n (/usr/share/code/resources/app/out/vs/workbench/api/node/extensionHostProcess.js:184:10613)
	at MessagePortMain.<anonymous> (/usr/share/code/resources/app/out/vs/workbench/api/node/extensionHostProcess.js:184:6805)
	at MessagePortMain.emit (node:events:519:28)
	at MessagePortMain._internalPort.emit (node:electron/js2c/utility_init:2:2619) setContext undefined
2025-03-14 16:20:29.163 [error] Canceled: Canceled
	at new D (/usr/share/code/resources/app/out/vs/workbench/api/node/extensionHostProcess.js:151:35235)
	at y.U (/usr/share/code/resources/app/out/vs/workbench/api/node/extensionHostProcess.js:158:6005)
	at V.<computed>.F.charCodeAt.A.CharCode.DollarSign.V.<computed> (/usr/share/code/resources/app/out/vs/workbench/api/node/extensionHostProcess.js:158:3107)
	at h.g (/usr/share/code/resources/app/out/vs/workbench/api/node/extensionHostProcess.js:161:210015)
	at h.executeCommand (/usr/share/code/resources/app/out/vs/workbench/api/node/extensionHostProcess.js:161:209453)
	at C.registerCommand.description (/usr/share/code/resources/app/out/vs/workbench/api/node/extensionHostProcess.js:161:208777)
	at h (/usr/share/code/resources/app/out/vs/workbench/api/node/extensionHostProcess.js:161:210554)
	at h.g (/usr/share/code/resources/app/out/vs/workbench/api/node/extensionHostProcess.js:161:209546)
	at h.executeCommand (/usr/share/code/resources/app/out/vs/workbench/api/node/extensionHostProcess.js:161:209453)
	at Object.executeCommand (/usr/share/code/resources/app/out/vs/workbench/api/node/extensionHostProcess.js:171:30683)
	at set hasGitHubRepositories (/usr/share/code/resources/app/extensions/github/dist/extension.js:2:322969)
	at /usr/share/code/resources/app/extensions/github/dist/extension.js:2:323928
	at i.value (/usr/share/code/resources/app/extensions/git/dist/main.js:2:1060944)
	at r.B (/usr/share/code/resources/app/out/vs/workbench/api/node/extensionHostProcess.js:90:732)
	at r.C (/usr/share/code/resources/app/out/vs/workbench/api/node/extensionHostProcess.js:90:802)
	at r.fire (/usr/share/code/resources/app/out/vs/workbench/api/node/extensionHostProcess.js:90:1018)
	at Object.p [as dispose] (/usr/share/code/resources/app/extensions/git/dist/main.js:2:972587)
	at /usr/share/code/resources/app/extensions/git/dist/main.js:2:978709
	at Array.forEach (<anonymous>)
	at f.dispose (/usr/share/code/resources/app/extensions/git/dist/main.js:2:978695)
	at o.<anonymous> (/usr/share/code/resources/app/out/vs/workbench/api/node/extensionHostProcess.js:159:4176)
	at o.dispose (/usr/share/code/resources/app/out/vs/workbench/api/node/extensionHostProcess.js:159:4273)
	at o.<anonymous> (/usr/share/code/resources/app/extensions/git/dist/main.js:2:954307)
	at o.dispose (/usr/share/code/resources/app/out/vs/workbench/api/node/extensionHostProcess.js:159:4273)
	at $ (/usr/share/code/resources/app/out/vs/workbench/api/node/extensionHostProcess.js:30:744)
	at /usr/share/code/resources/app/out/vs/workbench/api/node/extensionHostProcess.js:167:13607
	at /usr/share/code/resources/app/out/vs/workbench/api/node/extensionHostProcess.js:30:1112
	at Object.dispose (/usr/share/code/resources/app/out/vs/workbench/api/node/extensionHostProcess.js:11:11463)
	at m.eb (/usr/share/code/resources/app/out/vs/workbench/api/node/extensionHostProcess.js:167:10282)
	at /usr/share/code/resources/app/out/vs/workbench/api/node/extensionHostProcess.js:167:8153
	at Array.map (<anonymous>)
	at m.$ (/usr/share/code/resources/app/out/vs/workbench/api/node/extensionHostProcess.js:167:8140)
	at m.terminate (/usr/share/code/resources/app/out/vs/workbench/api/node/extensionHostProcess.js:167:8413)
	at $.terminate (/usr/share/code/resources/app/out/vs/workbench/api/node/extensionHostProcess.js:171:1513)
	at n (/usr/share/code/resources/app/out/vs/workbench/api/node/extensionHostProcess.js:184:10613)
	at MessagePortMain.<anonymous> (/usr/share/code/resources/app/out/vs/workbench/api/node/extensionHostProcess.js:184:6805)
	at MessagePortMain.emit (node:events:519:28)
	at MessagePortMain._internalPort.emit (node:electron/js2c/utility_init:2:2619) setContext undefined
2025-03-14 16:20:29.163 [info] Extension host with pid 1205464 exiting with code 0
