2025-03-11 16:49:29.376 [info] mshr-h.veriloghdl is now active.
2025-03-11 16:49:29.376 [info] [ExtensionManager] previousVersion: "1.16.0", currentVersion: "1.16.0"
2025-03-11 16:49:29.376 [info] ctags manager configure
2025-03-11 16:49:29.376 [warning] [LintManager] Invalid linter name: none
2025-03-11 16:49:29.376 [info] mshr-h.veriloghdl activation finished.
2025-03-11 16:49:29.376 [info] [VerilogDocumentSymbolProvider] [VerilogSymbol] Symbols Requested: file:///home/sgass/Projects/kepler/hdl/rtl/board/mpcut1/board_mpcut1_top.sv
2025-03-11 16:49:29.376 [info] indexing "/home/sgass/Projects/kepler/hdl/rtl/board/mpcut1/board_mpcut1_top.sv"
2025-03-11 16:49:29.376 [info] executing ctags
2025-03-11 16:49:29.376 [info] Executing Command: ctags -f - --fields=+K --sort=no --excmd=n --fields-SystemVerilog=+{parameter} "/home/sgass/Projects/kepler/hdl/rtl/board/mpcut1/board_mpcut1_top.sv"
2025-03-11 16:49:29.376 [info] [VerilogDocumentSymbolProvider] [VerilogSymbol] Symbols Requested: file:///home/sgass/Projects/kepler/hdl/rtl/board/mpcut1/board_mpcut1_top.sv
2025-03-11 16:49:29.376 [info] indexing "/home/sgass/Projects/kepler/hdl/rtl/board/mpcut1/board_mpcut1_top.sv"
2025-03-11 16:49:29.376 [info] executing ctags
2025-03-11 16:49:29.376 [info] Executing Command: ctags -f - --fields=+K --sort=no --excmd=n --fields-SystemVerilog=+{parameter} "/home/sgass/Projects/kepler/hdl/rtl/board/mpcut1/board_mpcut1_top.sv"
2025-03-11 16:49:29.376 [info] building symbols
2025-03-11 16:49:29.376 [info] [VerilogDocumentSymbolProvider] 2 top-level symbols returned
2025-03-11 16:49:29.376 [info] [VerilogDocumentSymbolProvider] 2 top-level symbols returned
2025-03-11 16:49:30.359 [info] [VerilogDocumentSymbolProvider] [VerilogSymbol] Symbols Requested: file:///home/sgass/Projects/kepler/hdl/rtl/board/mpcut1/board_mpcut1_system.sv
2025-03-11 16:49:30.359 [info] indexing "/home/sgass/Projects/kepler/hdl/rtl/board/mpcut1/board_mpcut1_system.sv"
2025-03-11 16:49:30.359 [info] executing ctags
2025-03-11 16:49:30.359 [info] Executing Command: ctags -f - --fields=+K --sort=no --excmd=n --fields-SystemVerilog=+{parameter} "/home/sgass/Projects/kepler/hdl/rtl/board/mpcut1/board_mpcut1_system.sv"
2025-03-11 16:49:30.366 [info] building symbols
2025-03-11 16:49:30.376 [info] [VerilogDocumentSymbolProvider] 1 top-level symbols returned
2025-03-11 16:49:31.889 [info] [VerilogDocumentSymbolProvider] [VerilogSymbol] Symbols Requested: file:///home/sgass/Projects/kepler/hdl/rtl/board/mpcut1/board_mpcut1_interface.sv
2025-03-11 16:49:31.889 [info] indexing "/home/sgass/Projects/kepler/hdl/rtl/board/mpcut1/board_mpcut1_interface.sv"
2025-03-11 16:49:31.889 [info] executing ctags
2025-03-11 16:49:31.889 [info] Executing Command: ctags -f - --fields=+K --sort=no --excmd=n --fields-SystemVerilog=+{parameter} "/home/sgass/Projects/kepler/hdl/rtl/board/mpcut1/board_mpcut1_interface.sv"
2025-03-11 16:49:31.892 [info] building symbols
2025-03-11 16:49:31.892 [info] [VerilogDocumentSymbolProvider] 1 top-level symbols returned
2025-03-11 16:49:34.266 [info] [VerilogDocumentSymbolProvider] [VerilogSymbol] Symbols Requested: file:///home/sgass/Projects/kepler/hdl/rtl/board/mpcut1/board_mpcut1_zynq_wrapper.sv
2025-03-11 16:49:34.266 [info] indexing "/home/sgass/Projects/kepler/hdl/rtl/board/mpcut1/board_mpcut1_zynq_wrapper.sv"
2025-03-11 16:49:34.266 [info] executing ctags
2025-03-11 16:49:34.266 [info] Executing Command: ctags -f - --fields=+K --sort=no --excmd=n --fields-SystemVerilog=+{parameter} "/home/sgass/Projects/kepler/hdl/rtl/board/mpcut1/board_mpcut1_zynq_wrapper.sv"
2025-03-11 16:49:34.271 [info] building symbols
2025-03-11 16:49:34.272 [info] [VerilogDocumentSymbolProvider] 1 top-level symbols returned
2025-03-11 16:49:37.829 [info] [VerilogHoverProvider] Hover requested
2025-03-11 16:49:38.314 [warning] [VerilogHoverProvider] Hover object not found
2025-03-11 16:50:22.662 [info] [VerilogHoverProvider] Hover requested
2025-03-11 16:50:23.052 [info] [VerilogHoverProvider] Hover object returned
2025-03-11 16:50:23.238 [info] [VerilogHoverProvider] Hover requested
2025-03-11 16:50:23.714 [info] [VerilogHoverProvider] Hover object returned
2025-03-11 16:50:23.840 [info] [VerilogHoverProvider] Hover requested
2025-03-11 16:50:24.282 [info] indexing "/home/sgass/Projects/kepler/hdl/rtl/aether/aether_blades_t1.sv"
2025-03-11 16:50:24.282 [info] executing ctags
2025-03-11 16:50:24.282 [info] Executing Command: ctags -f - --fields=+K --sort=no --excmd=n --fields-SystemVerilog=+{parameter} "/home/sgass/Projects/kepler/hdl/rtl/aether/aether_blades_t1.sv"
2025-03-11 16:50:24.284 [info] building symbols
2025-03-11 16:50:24.285 [info] [VerilogHoverProvider] Hover object returned
2025-03-11 16:50:24.676 [info] [VerilogHoverProvider] Hover requested
2025-03-11 16:50:25.052 [info] [VerilogHoverProvider] Hover object returned
2025-03-11 16:50:25.872 [info] [VerilogHoverProvider] Hover requested
2025-03-11 16:50:29.136 [info] [VerilogHoverProvider] Hover requested
2025-03-11 16:50:29.445 [info] [VerilogHoverProvider] Hover requested
2025-03-11 16:50:29.562 [warning] [VerilogHoverProvider] Hover object not found
2025-03-11 16:50:29.844 [warning] [VerilogHoverProvider] Hover object not found
2025-03-11 16:50:30.838 [info] [VerilogHoverProvider] Hover requested
2025-03-11 16:50:31.221 [info] [VerilogHoverProvider] Hover object returned
2025-03-11 16:50:32.074 [info] [VerilogHoverProvider] Hover requested
2025-03-11 16:50:32.549 [info] [VerilogHoverProvider] Hover object returned
2025-03-11 16:50:32.890 [info] [VerilogHoverProvider] Hover requested
2025-03-11 16:50:33.237 [info] [VerilogHoverProvider] Hover requested
2025-03-11 16:50:33.307 [warning] [VerilogHoverProvider] Hover object not found
2025-03-11 16:50:33.647 [warning] [VerilogHoverProvider] Hover object not found
2025-03-11 16:50:33.654 [info] [VerilogHoverProvider] Hover requested
2025-03-11 16:50:34.059 [warning] [VerilogHoverProvider] Hover object not found
2025-03-11 16:50:34.941 [info] [VerilogHoverProvider] Hover requested
2025-03-11 16:50:35.326 [warning] [VerilogHoverProvider] Hover object not found
2025-03-11 16:50:35.691 [info] [VerilogHoverProvider] Hover requested
2025-03-11 16:50:36.087 [warning] [VerilogHoverProvider] Hover object not found
2025-03-11 16:50:36.607 [info] [VerilogHoverProvider] Hover requested
2025-03-11 16:51:05.276 [info] [VerilogHoverProvider] Hover requested
2025-03-11 16:51:05.705 [info] [VerilogHoverProvider] Hover object returned
2025-03-11 16:51:24.192 [info] [VerilogHoverProvider] Hover requested
2025-03-11 16:51:24.570 [info] [VerilogHoverProvider] Hover object returned
2025-03-11 16:51:24.674 [info] [VerilogHoverProvider] Hover requested
2025-03-11 16:51:25.087 [info] [VerilogHoverProvider] Hover object returned
2025-03-11 16:51:26.260 [info] [VerilogHoverProvider] Hover requested
2025-03-11 16:51:26.569 [info] [VerilogHoverProvider] Hover requested
2025-03-11 16:51:26.666 [info] [VerilogHoverProvider] Hover object returned
2025-03-11 16:51:26.772 [info] [VerilogHoverProvider] Hover requested
2025-03-11 16:51:26.972 [info] [VerilogHoverProvider] Hover object returned
2025-03-11 16:51:27.184 [info] [VerilogHoverProvider] Hover object returned
2025-03-11 16:51:27.632 [info] [VerilogHoverProvider] Hover requested
2025-03-11 16:51:28.072 [warning] [VerilogHoverProvider] Hover object not found
2025-03-11 16:51:29.422 [info] [VerilogHoverProvider] Hover requested
2025-03-11 16:51:29.810 [info] [VerilogHoverProvider] Hover object returned
2025-03-11 16:51:32.003 [info] [VerilogHoverProvider] Hover requested
2025-03-11 16:51:32.319 [info] [VerilogHoverProvider] Hover requested
2025-03-11 16:51:32.402 [warning] [VerilogHoverProvider] Hover object not found
2025-03-11 16:51:32.722 [warning] [VerilogHoverProvider] Hover object not found
2025-03-11 16:51:33.916 [info] [VerilogHoverProvider] Hover requested
2025-03-11 16:51:34.293 [warning] [VerilogHoverProvider] Hover object not found
2025-03-11 16:51:36.434 [info] [VerilogHoverProvider] Hover requested
2025-03-11 16:51:36.823 [warning] [VerilogHoverProvider] Hover object not found
2025-03-11 16:51:37.969 [info] [VerilogHoverProvider] Hover requested
2025-03-11 16:51:38.371 [warning] [VerilogHoverProvider] Hover object not found
2025-03-11 16:51:42.709 [info] [VerilogHoverProvider] Hover requested
2025-03-11 16:51:44.060 [info] [VerilogHoverProvider] Hover requested
2025-03-11 16:51:44.505 [warning] [VerilogHoverProvider] Hover object not found
2025-03-11 16:51:44.869 [info] [VerilogHoverProvider] Hover requested
2025-03-11 16:51:45.910 [info] [VerilogDefinitionProvider] Definitions Requested: file:///home/sgass/Projects/kepler/hdl/rtl/board/mpcut1/board_mpcut1_top.sv
2025-03-11 16:51:46.389 [info] [VerilogDefinitionProvider] 1 definitions returned
2025-03-11 16:51:58.286 [info] [VerilogHoverProvider] Hover requested
2025-03-11 16:51:58.635 [info] [VerilogHoverProvider] Hover requested
2025-03-11 16:51:58.721 [warning] [VerilogHoverProvider] Hover object not found
2025-03-11 16:51:59.010 [warning] [VerilogHoverProvider] Hover object not found
2025-03-11 16:51:59.236 [info] [VerilogHoverProvider] Hover requested
2025-03-11 16:51:59.663 [warning] [VerilogHoverProvider] Hover object not found
2025-03-11 16:52:13.324 [info] [VerilogHoverProvider] Hover requested
2025-03-11 16:52:23.616 [info] [VerilogDocumentSymbolProvider] [VerilogSymbol] Symbols Requested: file:///home/sgass/Projects/kepler/hdl/rtl/aether/aether_blades_t1.sv
2025-03-11 16:52:23.616 [info] [VerilogDocumentSymbolProvider] 1 top-level symbols returned
2025-03-11 16:52:25.337 [info] [VerilogHoverProvider] Hover requested
2025-03-11 16:52:43.876 [info] [VerilogHoverProvider] Hover requested
2025-03-11 16:57:50.305 [info] [VerilogHoverProvider] Hover requested
2025-03-11 16:57:50.735 [warning] [VerilogHoverProvider] Hover object not found
2025-03-11 16:57:55.337 [info] [VerilogHoverProvider] Hover requested
2025-03-11 16:58:13.938 [info] [VerilogDocumentSymbolProvider] [VerilogSymbol] Symbols Requested: file:///home/sgass/Projects/kepler/hdl/rtl/aether/aether_blade_ecg.sv
2025-03-11 16:58:13.938 [info] indexing "/home/sgass/Projects/kepler/hdl/rtl/aether/aether_blade_ecg.sv"
2025-03-11 16:58:13.938 [info] executing ctags
2025-03-11 16:58:13.938 [info] Executing Command: ctags -f - --fields=+K --sort=no --excmd=n --fields-SystemVerilog=+{parameter} "/home/sgass/Projects/kepler/hdl/rtl/aether/aether_blade_ecg.sv"
2025-03-11 16:58:13.941 [info] building symbols
2025-03-11 16:58:13.941 [info] [VerilogDocumentSymbolProvider] 1 top-level symbols returned
2025-03-11 16:58:14.588 [info] [VerilogDocumentSymbolProvider] [VerilogSymbol] Symbols Requested: file:///home/sgass/Projects/kepler/hdl/rtl/aether/aether_blade_ecp.sv
2025-03-11 16:58:14.588 [info] indexing "/home/sgass/Projects/kepler/hdl/rtl/aether/aether_blade_ecp.sv"
2025-03-11 16:58:14.588 [info] executing ctags
2025-03-11 16:58:14.588 [info] Executing Command: ctags -f - --fields=+K --sort=no --excmd=n --fields-SystemVerilog=+{parameter} "/home/sgass/Projects/kepler/hdl/rtl/aether/aether_blade_ecp.sv"
2025-03-11 16:58:14.590 [info] building symbols
2025-03-11 16:58:14.591 [info] [VerilogDocumentSymbolProvider] 1 top-level symbols returned
2025-03-11 16:58:15.121 [info] [VerilogDocumentSymbolProvider] [VerilogSymbol] Symbols Requested: file:///home/sgass/Projects/kepler/hdl/rtl/aether/aether_blade_hdr.sv
2025-03-11 16:58:15.121 [info] indexing "/home/sgass/Projects/kepler/hdl/rtl/aether/aether_blade_hdr.sv"
2025-03-11 16:58:15.121 [info] executing ctags
2025-03-11 16:58:15.121 [info] Executing Command: ctags -f - --fields=+K --sort=no --excmd=n --fields-SystemVerilog=+{parameter} "/home/sgass/Projects/kepler/hdl/rtl/aether/aether_blade_hdr.sv"
2025-03-11 16:58:15.123 [info] building symbols
2025-03-11 16:58:15.124 [info] [VerilogDocumentSymbolProvider] 1 top-level symbols returned
2025-03-11 16:58:16.497 [info] [VerilogDocumentSymbolProvider] [VerilogSymbol] Symbols Requested: file:///home/sgass/Projects/kepler/hdl/rtl/aether/aether_blade_oisl.sv
2025-03-11 16:58:16.497 [info] indexing "/home/sgass/Projects/kepler/hdl/rtl/aether/aether_blade_oisl.sv"
2025-03-11 16:58:16.497 [info] executing ctags
2025-03-11 16:58:16.497 [info] Executing Command: ctags -f - --fields=+K --sort=no --excmd=n --fields-SystemVerilog=+{parameter} "/home/sgass/Projects/kepler/hdl/rtl/aether/aether_blade_oisl.sv"
2025-03-11 16:58:16.501 [info] building symbols
2025-03-11 16:58:16.501 [info] [VerilogDocumentSymbolProvider] 1 top-level symbols returned
2025-03-11 16:58:18.996 [info] [VerilogHoverProvider] Hover requested
2025-03-11 16:58:19.394 [info] [VerilogHoverProvider] Hover object returned
2025-03-11 16:58:19.460 [info] [VerilogHoverProvider] Hover requested
2025-03-11 16:58:19.676 [info] [VerilogHoverProvider] Hover requested
2025-03-11 16:58:19.846 [info] [VerilogHoverProvider] Hover object returned
2025-03-11 16:58:20.072 [info] [VerilogHoverProvider] Hover object returned
2025-03-11 16:58:20.143 [info] [VerilogHoverProvider] Hover requested
2025-03-11 16:58:20.546 [info] [VerilogHoverProvider] Hover object returned
2025-03-11 16:58:24.829 [info] [VerilogHoverProvider] Hover requested
2025-03-11 16:58:25.256 [info] [VerilogHoverProvider] Hover object returned
2025-03-11 16:58:26.287 [info] [VerilogHoverProvider] Hover requested
2025-03-11 16:58:26.721 [info] [VerilogHoverProvider] Hover object returned
2025-03-11 16:58:59.519 [info] [VerilogDocumentSymbolProvider] [VerilogSymbol] Symbols Requested: file:///home/sgass/Projects/kepler/hdl/rtl/aether/aether_blade.sv
2025-03-11 16:58:59.519 [info] indexing "/home/sgass/Projects/kepler/hdl/rtl/aether/aether_blade.sv"
2025-03-11 16:58:59.519 [info] executing ctags
2025-03-11 16:58:59.519 [info] Executing Command: ctags -f - --fields=+K --sort=no --excmd=n --fields-SystemVerilog=+{parameter} "/home/sgass/Projects/kepler/hdl/rtl/aether/aether_blade.sv"
2025-03-11 16:58:59.523 [info] building symbols
2025-03-11 16:58:59.523 [info] [VerilogDocumentSymbolProvider] 1 top-level symbols returned
2025-03-11 16:59:01.168 [info] [VerilogHoverProvider] Hover requested
2025-03-11 16:59:01.555 [info] [VerilogHoverProvider] Hover object returned
2025-03-11 16:59:09.565 [info] [VerilogHoverProvider] Hover requested
2025-03-11 16:59:09.834 [info] [VerilogHoverProvider] Hover requested
2025-03-11 16:59:10.020 [warning] [VerilogHoverProvider] Hover object not found
2025-03-11 16:59:10.240 [warning] [VerilogHoverProvider] Hover object not found
2025-03-11 16:59:11.405 [info] [VerilogHoverProvider] Hover requested
2025-03-11 16:59:11.823 [warning] [VerilogHoverProvider] Hover object not found
2025-03-11 16:59:16.307 [info] [VerilogHoverProvider] Hover requested
2025-03-11 16:59:17.995 [info] [VerilogHoverProvider] Hover requested
2025-03-11 16:59:19.192 [info] [VerilogHoverProvider] Hover requested
2025-03-11 16:59:19.556 [info] [VerilogHoverProvider] Hover requested
2025-03-11 16:59:20.293 [info] [VerilogHoverProvider] Hover requested
2025-03-11 16:59:20.677 [info] [VerilogHoverProvider] Hover object returned
2025-03-11 16:59:33.008 [info] [VerilogHoverProvider] Hover requested
2025-03-11 16:59:33.401 [info] [VerilogHoverProvider] Hover object returned
2025-03-11 16:59:33.866 [info] [VerilogHoverProvider] Hover requested
2025-03-11 16:59:34.295 [info] [VerilogHoverProvider] Hover object returned
2025-03-11 16:59:50.544 [info] [VerilogHoverProvider] Hover requested
2025-03-11 16:59:50.758 [info] [VerilogHoverProvider] Hover requested
2025-03-11 16:59:50.947 [warning] [VerilogHoverProvider] Hover object not found
2025-03-11 16:59:51.761 [info] [VerilogHoverProvider] Hover requested
2025-03-11 16:59:52.142 [warning] [VerilogHoverProvider] Hover object not found
2025-03-11 16:59:52.159 [info] [VerilogHoverProvider] Hover requested
2025-03-11 16:59:52.543 [info] [VerilogHoverProvider] Hover requested
2025-03-11 16:59:52.575 [info] [VerilogHoverProvider] Hover object returned
2025-03-11 16:59:52.966 [info] [VerilogHoverProvider] Hover object returned
2025-03-11 16:59:53.144 [info] [VerilogHoverProvider] Hover requested
2025-03-11 16:59:53.545 [info] [VerilogHoverProvider] Hover object returned
2025-03-11 16:59:53.732 [info] [VerilogHoverProvider] Hover requested
2025-03-11 16:59:54.121 [info] [VerilogHoverProvider] Hover object returned
2025-03-11 16:59:55.456 [info] [VerilogHoverProvider] Hover requested
2025-03-11 16:59:57.852 [info] [VerilogHoverProvider] Hover requested
2025-03-11 16:59:58.270 [warning] [VerilogHoverProvider] Hover object not found
2025-03-11 16:59:59.485 [info] [VerilogHoverProvider] Hover requested
2025-03-11 16:59:59.975 [info] [VerilogHoverProvider] Hover object returned
2025-03-11 17:00:00.437 [info] [VerilogHoverProvider] Hover requested
2025-03-11 17:00:00.841 [info] [VerilogHoverProvider] Hover object returned
2025-03-11 17:00:17.627 [info] [VerilogHoverProvider] Hover requested
2025-03-11 17:00:18.100 [info] indexing "/home/sgass/Projects/kepler/hdl/rtl/xfi/xfi_int.sv"
2025-03-11 17:00:18.100 [info] executing ctags
2025-03-11 17:00:18.100 [info] Executing Command: ctags -f - --fields=+K --sort=no --excmd=n --fields-SystemVerilog=+{parameter} "/home/sgass/Projects/kepler/hdl/rtl/xfi/xfi_int.sv"
2025-03-11 17:00:18.103 [info] building symbols
2025-03-11 17:00:18.103 [warning] [VerilogHoverProvider] Hover object not found
2025-03-11 17:00:22.260 [info] [VerilogHoverProvider] Hover requested
2025-03-11 17:00:25.738 [info] [VerilogHoverProvider] Hover requested
2025-03-11 17:00:26.138 [warning] [VerilogHoverProvider] Hover object not found
2025-03-11 17:00:26.853 [info] [VerilogHoverProvider] Hover requested
2025-03-11 17:00:27.256 [warning] [VerilogHoverProvider] Hover object not found
2025-03-11 17:00:27.569 [info] [VerilogHoverProvider] Hover requested
2025-03-11 17:00:28.006 [warning] [VerilogHoverProvider] Hover object not found
2025-03-11 17:00:34.903 [info] [VerilogHoverProvider] Hover requested
2025-03-11 17:00:35.369 [info] [VerilogHoverProvider] Hover requested
2025-03-11 17:00:44.178 [info] [VerilogHoverProvider] Hover requested
2025-03-11 17:00:44.562 [info] [VerilogHoverProvider] Hover requested
2025-03-11 17:00:44.975 [warning] [VerilogHoverProvider] Hover object not found
2025-03-12 08:43:31.215 [info] Deactivated
2025-03-12 08:43:32.381 [info] mshr-h.veriloghdl is now active.
2025-03-12 08:43:32.381 [info] [ExtensionManager] previousVersion: "1.16.0", currentVersion: "1.16.0"
2025-03-12 08:43:32.381 [info] ctags manager configure
2025-03-12 08:43:32.381 [warning] [LintManager] Invalid linter name: none
2025-03-12 08:43:32.381 [info] mshr-h.veriloghdl activation finished.
2025-03-12 08:43:32.492 [warning] [LintManager] Invalid linter name: none
2025-03-12 08:43:32.614 [warning] [LintManager] Invalid linter name: none
2025-03-12 08:43:32.661 [warning] [LintManager] Invalid linter name: none
2025-03-12 08:43:32.714 [warning] [LintManager] Invalid linter name: none
2025-03-12 08:43:34.356 [warning] [LintManager] Invalid linter name: none
2025-03-12 09:29:21.094 [info] Deactivated
2025-03-12 09:29:22.233 [info] mshr-h.veriloghdl is now active.
2025-03-12 09:29:22.233 [info] [ExtensionManager] previousVersion: "1.16.0", currentVersion: "1.16.0"
2025-03-12 09:29:22.233 [info] ctags manager configure
2025-03-12 09:29:22.233 [warning] [LintManager] Invalid linter name: none
2025-03-12 09:29:22.233 [info] mshr-h.veriloghdl activation finished.
2025-03-12 09:29:22.271 [warning] [LintManager] Invalid linter name: none
2025-03-12 09:29:23.794 [warning] [LintManager] Invalid linter name: none
2025-03-12 09:29:24.207 [info] [VerilogDocumentSymbolProvider] [VerilogSymbol] Symbols Requested: file:///home/sgass/Projects/kepler/hdl/rtl/board/mpcut1/board_mpcut1_system.sv
2025-03-12 09:29:24.207 [info] indexing "/home/sgass/Projects/kepler/hdl/rtl/board/mpcut1/board_mpcut1_system.sv"
2025-03-12 09:29:24.207 [info] executing ctags
2025-03-12 09:29:24.207 [info] Executing Command: ctags -f - --fields=+K --sort=no --excmd=n --fields-SystemVerilog=+{parameter} "/home/sgass/Projects/kepler/hdl/rtl/board/mpcut1/board_mpcut1_system.sv"
2025-03-12 09:29:24.224 [info] building symbols
2025-03-12 09:29:24.236 [info] [VerilogDocumentSymbolProvider] 1 top-level symbols returned
2025-03-12 09:29:24.310 [warning] [LintManager] Invalid linter name: none
2025-03-12 09:29:26.913 [info] [VerilogHoverProvider] Hover requested
2025-03-12 09:29:27.414 [info] [VerilogHoverProvider] Hover requested
2025-03-12 09:29:28.541 [info] [VerilogHoverProvider] Hover requested
2025-03-12 09:30:00.011 [info] [VerilogDocumentSymbolProvider] [VerilogSymbol] Symbols Requested: file:///home/sgass/Projects/kepler/hdl/rtl/board/mpcut1/board_mpcut1_top.sv
2025-03-12 09:30:00.011 [info] indexing "/home/sgass/Projects/kepler/hdl/rtl/board/mpcut1/board_mpcut1_top.sv"
2025-03-12 09:30:00.011 [info] executing ctags
2025-03-12 09:30:00.011 [info] Executing Command: ctags -f - --fields=+K --sort=no --excmd=n --fields-SystemVerilog=+{parameter} "/home/sgass/Projects/kepler/hdl/rtl/board/mpcut1/board_mpcut1_top.sv"
2025-03-12 09:30:00.017 [info] building symbols
2025-03-12 09:30:00.021 [info] [VerilogDocumentSymbolProvider] 2 top-level symbols returned
2025-03-12 09:30:00.784 [info] [VerilogHoverProvider] Hover requested
2025-03-12 09:30:06.304 [info] [VerilogHoverProvider] Hover requested
2025-03-12 09:30:10.505 [info] [VerilogHoverProvider] Hover requested
2025-03-12 09:30:11.194 [info] [VerilogHoverProvider] Hover object returned
2025-03-12 09:30:15.077 [info] [VerilogHoverProvider] Hover requested
2025-03-12 09:30:15.331 [info] [VerilogHoverProvider] Hover requested
2025-03-12 09:30:15.831 [info] [VerilogHoverProvider] Hover requested
2025-03-12 09:30:15.862 [info] [VerilogHoverProvider] Hover object returned
2025-03-12 09:30:16.184 [info] [VerilogHoverProvider] Hover object returned
2025-03-12 09:30:16.671 [warning] [VerilogHoverProvider] Hover object not found
2025-03-12 09:30:25.881 [info] [VerilogHoverProvider] Hover requested
2025-03-12 09:30:26.681 [info] [VerilogHoverProvider] Hover object returned
2025-03-12 09:30:52.688 [info] [VerilogHoverProvider] Hover requested
2025-03-12 09:30:53.463 [info] [VerilogHoverProvider] Hover object returned
2025-03-12 09:31:15.321 [info] [VerilogDocumentSymbolProvider] [VerilogSymbol] Symbols Requested: file:///home/sgass/Projects/kepler/hdl/rtl/aether/aether_mpcu_xcvrs.sv
2025-03-12 09:31:15.321 [info] indexing "/home/sgass/Projects/kepler/hdl/rtl/aether/aether_mpcu_xcvrs.sv"
2025-03-12 09:31:15.321 [info] executing ctags
2025-03-12 09:31:15.321 [info] Executing Command: ctags -f - --fields=+K --sort=no --excmd=n --fields-SystemVerilog=+{parameter} "/home/sgass/Projects/kepler/hdl/rtl/aether/aether_mpcu_xcvrs.sv"
2025-03-12 09:31:15.324 [info] building symbols
2025-03-12 09:31:15.325 [info] [VerilogDocumentSymbolProvider] 1 top-level symbols returned
2025-03-12 09:31:18.308 [info] [VerilogHoverProvider] Hover requested
2025-03-12 09:31:19.771 [info] [VerilogHoverProvider] Hover requested
2025-03-12 09:31:20.167 [info] [VerilogHoverProvider] Hover object returned
2025-03-12 09:31:23.034 [info] [VerilogHoverProvider] Hover requested
2025-03-12 09:31:23.416 [info] [VerilogHoverProvider] Hover object returned
2025-03-12 09:31:50.359 [info] [VerilogHoverProvider] Hover requested
2025-03-12 09:31:50.740 [warning] [VerilogHoverProvider] Hover object not found
2025-03-12 09:31:50.824 [info] [VerilogHoverProvider] Hover requested
2025-03-12 09:31:51.218 [warning] [VerilogHoverProvider] Hover object not found
2025-03-12 09:31:53.211 [info] [VerilogHoverProvider] Hover requested
2025-03-12 09:31:53.691 [warning] [VerilogHoverProvider] Hover object not found
2025-03-12 09:32:55.783 [info] [VerilogHoverProvider] Hover requested
2025-03-12 09:32:56.216 [info] [VerilogHoverProvider] Hover object returned
2025-03-12 09:33:01.030 [info] [VerilogHoverProvider] Hover requested
2025-03-12 09:33:01.434 [info] [VerilogHoverProvider] Hover object returned
2025-03-12 09:33:31.242 [info] [VerilogHoverProvider] Hover requested
2025-03-12 09:33:31.605 [info] [VerilogHoverProvider] Hover requested
2025-03-12 09:33:35.395 [info] [VerilogHoverProvider] Hover requested
2025-03-12 09:33:44.707 [info] [VerilogDocumentSymbolProvider] [VerilogSymbol] Symbols Requested: file:///home/sgass/Projects/kepler/hdl/rtl/xcvr/xcvr_quad.sv
2025-03-12 09:33:44.707 [info] indexing "/home/sgass/Projects/kepler/hdl/rtl/xcvr/xcvr_quad.sv"
2025-03-12 09:33:44.707 [info] executing ctags
2025-03-12 09:33:44.707 [info] Executing Command: ctags -f - --fields=+K --sort=no --excmd=n --fields-SystemVerilog=+{parameter} "/home/sgass/Projects/kepler/hdl/rtl/xcvr/xcvr_quad.sv"
2025-03-12 09:33:44.710 [info] building symbols
2025-03-12 09:33:44.711 [info] [VerilogDocumentSymbolProvider] 1 top-level symbols returned
2025-03-12 09:33:47.213 [info] [VerilogHoverProvider] Hover requested
2025-03-12 09:33:47.642 [info] [VerilogHoverProvider] Hover object returned
2025-03-12 09:33:59.213 [info] [VerilogHoverProvider] Hover requested
2025-03-12 09:33:59.632 [info] [VerilogHoverProvider] Hover object returned
2025-03-12 09:34:01.685 [info] [VerilogHoverProvider] Hover requested
2025-03-12 09:34:02.167 [info] [VerilogHoverProvider] Hover object returned
2025-03-12 09:34:02.652 [info] [VerilogHoverProvider] Hover requested
2025-03-12 09:34:03.076 [info] [VerilogHoverProvider] Hover object returned
2025-03-12 09:34:04.337 [info] [VerilogHoverProvider] Hover requested
2025-03-12 09:34:04.771 [info] [VerilogHoverProvider] Hover requested
2025-03-12 09:34:05.176 [warning] [VerilogHoverProvider] Hover object not found
2025-03-12 09:35:09.633 [info] [VerilogHoverProvider] Hover requested
2025-03-12 09:35:10.078 [warning] [VerilogHoverProvider] Hover object not found
2025-03-12 09:35:10.868 [info] [VerilogHoverProvider] Hover requested
2025-03-12 09:35:11.085 [info] [VerilogHoverProvider] Hover requested
2025-03-12 09:35:11.351 [info] [VerilogHoverProvider] Hover object returned
2025-03-12 09:35:11.489 [info] [VerilogHoverProvider] Hover object returned
2025-03-12 09:35:11.600 [info] [VerilogHoverProvider] Hover requested
2025-03-12 09:35:12.019 [info] [VerilogHoverProvider] Hover object returned
2025-03-12 09:35:12.420 [info] [VerilogHoverProvider] Hover requested
2025-03-12 09:35:13.507 [info] [VerilogHoverProvider] Hover requested
2025-03-12 09:35:13.933 [info] [VerilogHoverProvider] Hover object returned
2025-03-12 09:35:14.655 [info] [VerilogHoverProvider] Hover requested
2025-03-12 09:35:15.137 [info] [VerilogHoverProvider] Hover object returned
2025-03-12 09:35:15.635 [info] [VerilogHoverProvider] Hover requested
2025-03-12 09:35:16.036 [info] [VerilogHoverProvider] Hover object returned
2025-03-12 09:35:16.117 [info] [VerilogHoverProvider] Hover requested
2025-03-12 09:35:16.537 [info] [VerilogHoverProvider] Hover object returned
2025-03-12 09:35:17.425 [info] [VerilogHoverProvider] Hover requested
2025-03-12 09:35:29.235 [info] [VerilogHoverProvider] Hover requested
2025-03-12 09:35:38.768 [info] [VerilogHoverProvider] Hover requested
2025-03-12 09:35:39.171 [info] [VerilogHoverProvider] Hover object returned
2025-03-12 09:36:39.949 [info] [VerilogHoverProvider] Hover requested
2025-03-12 09:36:40.300 [info] [VerilogHoverProvider] Hover requested
2025-03-12 09:36:40.665 [info] [VerilogHoverProvider] Hover requested
2025-03-12 09:36:40.711 [info] [VerilogHoverProvider] Hover object returned
2025-03-12 09:36:40.882 [info] [VerilogHoverProvider] Hover requested
2025-03-12 09:36:41.066 [info] [VerilogHoverProvider] Hover object returned
2025-03-12 09:36:41.289 [info] [VerilogHoverProvider] Hover object returned
2025-03-12 09:36:48.974 [info] [VerilogHoverProvider] Hover requested
2025-03-12 09:36:49.386 [info] [VerilogHoverProvider] Hover object returned
2025-03-12 09:36:49.658 [info] [VerilogHoverProvider] Hover requested
2025-03-12 09:36:50.073 [info] [VerilogHoverProvider] Hover object returned
2025-03-12 09:36:51.545 [info] [VerilogHoverProvider] Hover requested
2025-03-12 09:36:51.883 [info] [VerilogHoverProvider] Hover requested
2025-03-12 09:36:51.976 [info] [VerilogHoverProvider] Hover object returned
2025-03-12 09:36:52.286 [info] [VerilogHoverProvider] Hover object returned
2025-03-12 09:36:53.944 [info] [VerilogHoverProvider] Hover requested
2025-03-12 09:36:54.644 [info] [VerilogHoverProvider] Hover requested
2025-03-12 09:36:55.106 [warning] [VerilogHoverProvider] Hover object not found
2025-03-12 09:36:55.460 [info] [VerilogHoverProvider] Hover requested
2025-03-12 09:36:55.676 [info] [VerilogHoverProvider] Hover requested
2025-03-12 09:36:55.892 [info] [VerilogHoverProvider] Hover requested
2025-03-12 09:36:55.919 [warning] [VerilogHoverProvider] Hover object not found
2025-03-12 09:36:56.095 [warning] [VerilogHoverProvider] Hover object not found
2025-03-12 09:36:56.304 [warning] [VerilogHoverProvider] Hover object not found
2025-03-12 09:36:56.710 [info] [VerilogHoverProvider] Hover requested
2025-03-12 09:36:57.100 [info] [VerilogHoverProvider] Hover object returned
2025-03-12 09:37:09.137 [info] [VerilogDefinitionProvider] Definitions Requested: file:///home/sgass/Projects/kepler/hdl/rtl/board/mpcut1/board_mpcut1_system.sv
2025-03-12 09:37:09.594 [info] [VerilogDefinitionProvider] 1 definitions returned
2025-03-12 09:37:15.643 [info] [VerilogHoverProvider] Hover requested
2025-03-12 09:37:16.028 [info] [VerilogHoverProvider] Hover object returned
2025-03-12 09:37:16.573 [info] [VerilogHoverProvider] Hover requested
2025-03-12 09:37:16.970 [info] [VerilogHoverProvider] Hover object returned
2025-03-12 09:37:17.082 [info] [VerilogHoverProvider] Hover requested
2025-03-12 09:37:17.572 [info] [VerilogHoverProvider] Hover object returned
2025-03-12 09:37:17.882 [info] [VerilogHoverProvider] Hover requested
2025-03-12 09:37:18.180 [info] [VerilogHoverProvider] Hover requested
2025-03-12 09:37:18.350 [info] [VerilogHoverProvider] Hover object returned
2025-03-12 09:37:18.572 [info] [VerilogHoverProvider] Hover object returned
2025-03-12 09:37:20.428 [info] [VerilogHoverProvider] Hover requested
2025-03-12 09:37:20.901 [info] [VerilogHoverProvider] Hover object returned
2025-03-12 09:37:22.007 [info] [VerilogHoverProvider] Hover requested
2025-03-12 09:37:22.439 [info] [VerilogHoverProvider] Hover object returned
2025-03-12 09:37:22.518 [info] [VerilogHoverProvider] Hover requested
2025-03-12 09:37:22.936 [info] [VerilogHoverProvider] Hover object returned
2025-03-12 09:37:29.949 [info] [VerilogHoverProvider] Hover requested
2025-03-12 09:37:30.733 [info] [VerilogHoverProvider] Hover requested
2025-03-12 09:37:31.034 [info] [VerilogHoverProvider] Hover requested
2025-03-12 09:37:31.152 [info] [VerilogHoverProvider] Hover object returned
2025-03-12 09:37:31.315 [info] [VerilogHoverProvider] Hover requested
2025-03-12 09:37:31.443 [info] [VerilogHoverProvider] Hover object returned
2025-03-12 09:37:31.706 [info] [VerilogHoverProvider] Hover object returned
2025-03-12 09:37:46.441 [info] [VerilogHoverProvider] Hover requested
2025-03-12 09:37:46.883 [info] [VerilogHoverProvider] Hover object returned
2025-03-12 09:37:53.620 [info] [VerilogHoverProvider] Hover requested
2025-03-12 09:38:05.685 [info] [VerilogHoverProvider] Hover requested
2025-03-12 09:38:06.118 [info] [VerilogHoverProvider] Hover object returned
2025-03-12 09:38:08.364 [info] [VerilogHoverProvider] Hover requested
2025-03-12 09:38:08.772 [info] [VerilogHoverProvider] Hover object returned
2025-03-12 09:38:11.149 [info] [VerilogHoverProvider] Hover requested
2025-03-12 09:38:13.170 [info] [VerilogHoverProvider] Hover requested
2025-03-12 09:38:21.446 [info] [VerilogDocumentSymbolProvider] [VerilogSymbol] Symbols Requested: file:///home/sgass/Projects/kepler/hdl/rtl/ethernet/ethernet_crossbar.sv
2025-03-12 09:38:21.446 [info] indexing "/home/sgass/Projects/kepler/hdl/rtl/ethernet/ethernet_crossbar.sv"
2025-03-12 09:38:21.446 [info] executing ctags
2025-03-12 09:38:21.446 [info] Executing Command: ctags -f - --fields=+K --sort=no --excmd=n --fields-SystemVerilog=+{parameter} "/home/sgass/Projects/kepler/hdl/rtl/ethernet/ethernet_crossbar.sv"
2025-03-12 09:38:21.450 [info] building symbols
2025-03-12 09:38:21.453 [info] [VerilogDocumentSymbolProvider] 1 top-level symbols returned
2025-03-12 09:38:27.967 [info] [VerilogHoverProvider] Hover requested
2025-03-12 09:38:28.371 [warning] [VerilogHoverProvider] Hover object not found
2025-03-12 09:38:29.448 [info] [VerilogHoverProvider] Hover requested
2025-03-12 09:38:29.947 [warning] [VerilogHoverProvider] Hover object not found
2025-03-12 09:38:30.665 [info] [VerilogHoverProvider] Hover requested
2025-03-12 09:38:31.062 [info] [VerilogHoverProvider] Hover requested
2025-03-12 09:38:31.158 [warning] [VerilogHoverProvider] Hover object not found
2025-03-12 09:38:31.436 [warning] [VerilogHoverProvider] Hover object not found
2025-03-12 09:38:37.432 [info] [VerilogHoverProvider] Hover requested
2025-03-12 09:39:01.587 [info] [VerilogHoverProvider] Hover requested
2025-03-12 09:39:02.003 [warning] [VerilogHoverProvider] Hover object not found
2025-03-12 09:39:02.243 [info] [VerilogHoverProvider] Hover requested
2025-03-12 09:39:37.253 [info] [VerilogHoverProvider] Hover requested
2025-03-12 09:39:37.689 [warning] [VerilogHoverProvider] Hover object not found
2025-03-12 10:43:17.258 [info] [VerilogHoverProvider] Hover requested
2025-03-12 10:43:17.634 [warning] [VerilogHoverProvider] Hover object not found
2025-03-12 10:44:28.353 [info] [VerilogHoverProvider] Hover requested
2025-03-12 10:44:28.810 [info] [VerilogHoverProvider] Hover object returned
2025-03-12 10:44:29.355 [info] [VerilogHoverProvider] Hover requested
2025-03-12 10:44:29.764 [info] [VerilogHoverProvider] Hover object returned
2025-03-12 10:44:31.898 [info] [VerilogHoverProvider] Hover requested
2025-03-12 10:44:32.380 [info] [VerilogHoverProvider] Hover object returned
2025-03-12 10:44:33.606 [info] [VerilogHoverProvider] Hover requested
2025-03-12 10:44:34.017 [info] [VerilogHoverProvider] Hover object returned
2025-03-12 10:44:38.273 [info] [VerilogHoverProvider] Hover requested
2025-03-12 10:44:38.454 [info] [VerilogHoverProvider] Hover requested
2025-03-12 10:44:38.689 [info] [VerilogHoverProvider] Hover object returned
2025-03-12 10:44:38.722 [info] [VerilogHoverProvider] Hover requested
2025-03-12 10:44:38.876 [info] [VerilogHoverProvider] Hover object returned
2025-03-12 10:44:38.921 [info] [VerilogHoverProvider] Hover requested
2025-03-12 10:44:39.129 [info] [VerilogHoverProvider] Hover object returned
2025-03-12 10:44:39.327 [info] [VerilogHoverProvider] Hover object returned
2025-03-12 10:44:39.339 [info] [VerilogHoverProvider] Hover requested
2025-03-12 10:44:39.690 [info] [VerilogHoverProvider] Hover requested
2025-03-12 10:44:39.717 [info] [VerilogHoverProvider] Hover object returned
2025-03-12 10:44:39.907 [info] [VerilogHoverProvider] Hover requested
2025-03-12 10:44:40.084 [info] [VerilogHoverProvider] Hover object returned
2025-03-12 10:44:40.320 [info] [VerilogHoverProvider] Hover object returned
2025-03-12 10:44:40.475 [info] [VerilogHoverProvider] Hover requested
2025-03-12 10:44:40.903 [info] [VerilogHoverProvider] Hover object returned
2025-03-12 10:44:47.120 [info] [VerilogHoverProvider] Hover requested
2025-03-12 10:44:47.300 [info] [VerilogHoverProvider] Hover requested
2025-03-12 10:44:47.550 [warning] [VerilogHoverProvider] Hover object not found
2025-03-12 10:44:47.705 [warning] [VerilogHoverProvider] Hover object not found
2025-03-12 10:44:51.751 [info] [VerilogHoverProvider] Hover requested
2025-03-12 10:44:52.167 [warning] [VerilogHoverProvider] Hover object not found
2025-03-12 10:58:12.669 [info] [VerilogHoverProvider] Hover requested
2025-03-12 10:58:14.594 [info] [VerilogHoverProvider] Hover requested
2025-03-12 10:58:15.011 [info] [VerilogHoverProvider] Hover object returned
2025-03-12 10:58:53.828 [info] [VerilogHoverProvider] Hover requested
2025-03-12 10:58:54.217 [info] [VerilogHoverProvider] Hover object returned
2025-03-12 10:59:25.566 [info] [VerilogHoverProvider] Hover requested
2025-03-12 10:59:25.875 [info] [VerilogHoverProvider] Hover requested
2025-03-12 10:59:26.004 [info] [VerilogHoverProvider] Hover object returned
2025-03-12 10:59:26.290 [info] [VerilogHoverProvider] Hover object returned
2025-03-12 10:59:26.994 [info] [VerilogHoverProvider] Hover requested
2025-03-12 10:59:27.437 [info] [VerilogHoverProvider] Hover object returned
2025-03-12 10:59:27.474 [info] [VerilogHoverProvider] Hover requested
2025-03-12 10:59:27.899 [info] [VerilogHoverProvider] Hover object returned
2025-03-12 10:59:27.959 [info] [VerilogHoverProvider] Hover requested
2025-03-12 10:59:28.339 [info] [VerilogHoverProvider] Hover object returned
2025-03-12 10:59:31.746 [info] [VerilogHoverProvider] Hover requested
2025-03-12 10:59:37.663 [info] [VerilogHoverProvider] Hover requested
2025-03-12 10:59:59.594 [info] [VerilogHoverProvider] Hover requested
2025-03-12 11:00:00.001 [info] [VerilogHoverProvider] Hover object returned
2025-03-12 11:00:07.375 [info] [VerilogDocumentSymbolProvider] [VerilogSymbol] Symbols Requested: file:///home/sgass/Projects/kepler/hdl/rtl/aether/aether_mpcu_sgmii.sv
2025-03-12 11:00:07.375 [info] indexing "/home/sgass/Projects/kepler/hdl/rtl/aether/aether_mpcu_sgmii.sv"
2025-03-12 11:00:07.375 [info] executing ctags
2025-03-12 11:00:07.375 [info] Executing Command: ctags -f - --fields=+K --sort=no --excmd=n --fields-SystemVerilog=+{parameter} "/home/sgass/Projects/kepler/hdl/rtl/aether/aether_mpcu_sgmii.sv"
2025-03-12 11:00:07.377 [info] building symbols
2025-03-12 11:00:07.378 [info] [VerilogDocumentSymbolProvider] 1 top-level symbols returned
2025-03-12 11:00:08.322 [info] [VerilogHoverProvider] Hover requested
2025-03-12 11:00:08.741 [info] [VerilogHoverProvider] Hover object returned
2025-03-12 11:00:08.954 [info] [VerilogHoverProvider] Hover requested
2025-03-12 11:00:10.105 [info] [VerilogHoverProvider] Hover requested
2025-03-12 11:00:10.514 [info] indexing "/home/sgass/Projects/kepler/hdl/rtl/ethernet/ethernet_lvds_sgmii_riu.sv"
2025-03-12 11:00:10.514 [info] executing ctags
2025-03-12 11:00:10.514 [info] Executing Command: ctags -f - --fields=+K --sort=no --excmd=n --fields-SystemVerilog=+{parameter} "/home/sgass/Projects/kepler/hdl/rtl/ethernet/ethernet_lvds_sgmii_riu.sv"
2025-03-12 11:00:10.517 [info] building symbols
2025-03-12 11:00:10.517 [info] [VerilogHoverProvider] Hover object returned
2025-03-12 11:00:11.493 [info] [VerilogHoverProvider] Hover requested
2025-03-12 11:00:11.691 [info] [VerilogHoverProvider] Hover requested
2025-03-12 11:00:11.894 [info] [VerilogHoverProvider] Hover object returned
2025-03-12 11:00:12.008 [info] [VerilogHoverProvider] Hover requested
2025-03-12 11:00:12.095 [info] [VerilogHoverProvider] Hover object returned
2025-03-12 11:00:12.395 [info] [VerilogHoverProvider] Hover object returned
2025-03-12 11:00:13.794 [info] [VerilogHoverProvider] Hover requested
2025-03-12 11:00:14.234 [info] [VerilogHoverProvider] Hover object returned
2025-03-12 11:00:22.134 [info] [VerilogHoverProvider] Hover requested
2025-03-12 11:00:22.397 [info] [VerilogHoverProvider] Hover requested
2025-03-12 11:00:22.543 [info] [VerilogHoverProvider] Hover object returned
2025-03-12 11:00:22.778 [info] [VerilogHoverProvider] Hover object returned
2025-03-12 11:00:31.395 [info] [VerilogHoverProvider] Hover requested
2025-03-12 11:00:31.844 [info] [VerilogHoverProvider] Hover object returned
2025-03-12 11:00:32.313 [info] [VerilogHoverProvider] Hover requested
2025-03-12 11:00:32.770 [info] [VerilogHoverProvider] Hover object returned
2025-03-12 11:00:34.895 [info] [VerilogHoverProvider] Hover requested
2025-03-12 11:00:35.176 [info] [VerilogHoverProvider] Hover requested
2025-03-12 11:00:35.365 [info] [VerilogHoverProvider] Hover object returned
2025-03-12 11:00:35.579 [info] [VerilogHoverProvider] Hover object returned
2025-03-12 11:00:39.702 [info] [VerilogCompletionItemProvider] Completion items requested
2025-03-12 11:00:39.703 [info] [VerilogCompletionItemProvider] 37 items requested
2025-03-12 11:00:40.041 [info] [VerilogDocumentSymbolProvider] [VerilogSymbol] Symbols Requested: file:///home/sgass/Projects/kepler/hdl/rtl/aether/aether_mpcu_sgmii.sv
2025-03-12 11:00:40.042 [info] [VerilogDocumentSymbolProvider] 1 top-level symbols returned
2025-03-12 11:00:42.398 [info] [VerilogDocumentSymbolProvider] [VerilogSymbol] Symbols Requested: file:///home/sgass/Projects/kepler/hdl/rtl/aether/aether_mpcu_sgmii.sv
2025-03-12 11:00:42.399 [info] [VerilogDocumentSymbolProvider] 1 top-level symbols returned
2025-03-12 11:01:22.443 [info] [VerilogDocumentSymbolProvider] [VerilogSymbol] Symbols Requested: file:///home/sgass/Projects/kepler/hdl/rtl/ethernet/ethernet_lvds_sgmii_riu.sv
2025-03-12 11:01:22.443 [info] [VerilogDocumentSymbolProvider] 1 top-level symbols returned
2025-03-12 11:01:23.991 [info] [VerilogHoverProvider] Hover requested
2025-03-12 11:01:24.401 [warning] [VerilogHoverProvider] Hover object not found
2025-03-12 11:01:27.674 [info] [VerilogHoverProvider] Hover requested
2025-03-12 11:01:28.081 [warning] [VerilogHoverProvider] Hover object not found
2025-03-12 11:01:29.175 [info] [VerilogHoverProvider] Hover requested
2025-03-12 11:01:29.640 [warning] [VerilogHoverProvider] Hover object not found
2025-03-12 11:01:30.140 [info] [VerilogHoverProvider] Hover requested
2025-03-12 11:01:31.214 [info] [VerilogHoverProvider] Hover requested
2025-03-12 11:01:31.610 [warning] [VerilogHoverProvider] Hover object not found
2025-03-12 11:01:32.524 [info] [VerilogHoverProvider] Hover requested
2025-03-12 11:01:32.985 [warning] [VerilogHoverProvider] Hover object not found
2025-03-12 11:01:33.740 [info] [VerilogHoverProvider] Hover requested
2025-03-12 11:01:34.156 [warning] [VerilogHoverProvider] Hover object not found
2025-03-12 11:01:36.142 [info] [VerilogHoverProvider] Hover requested
2025-03-12 11:01:36.526 [warning] [VerilogHoverProvider] Hover object not found
2025-03-12 11:01:37.840 [info] [VerilogHoverProvider] Hover requested
2025-03-12 11:01:38.254 [info] [VerilogHoverProvider] Hover requested
2025-03-12 11:01:38.288 [warning] [VerilogHoverProvider] Hover object not found
2025-03-12 11:01:38.673 [warning] [VerilogHoverProvider] Hover object not found
2025-03-12 11:01:39.007 [info] [VerilogHoverProvider] Hover requested
2025-03-12 11:01:39.462 [warning] [VerilogHoverProvider] Hover object not found
2025-03-12 11:01:41.625 [info] [VerilogHoverProvider] Hover requested
2025-03-12 11:01:42.015 [warning] [VerilogHoverProvider] Hover object not found
2025-03-12 11:01:43.075 [info] [VerilogHoverProvider] Hover requested
2025-03-12 11:01:43.289 [info] [VerilogHoverProvider] Hover requested
2025-03-12 11:01:43.472 [warning] [VerilogHoverProvider] Hover object not found
2025-03-12 11:01:43.692 [warning] [VerilogHoverProvider] Hover object not found
2025-03-12 11:01:43.788 [info] [VerilogHoverProvider] Hover requested
2025-03-12 11:01:43.973 [info] [VerilogHoverProvider] Hover requested
2025-03-12 11:01:44.274 [warning] [VerilogHoverProvider] Hover object not found
2025-03-12 11:01:44.688 [warning] [VerilogHoverProvider] Hover object not found
2025-03-12 11:01:48.593 [info] [VerilogHoverProvider] Hover requested
2025-03-12 11:01:49.012 [warning] [VerilogHoverProvider] Hover object not found
2025-03-12 11:01:52.108 [info] [VerilogHoverProvider] Hover requested
2025-03-12 11:01:52.526 [info] [VerilogHoverProvider] Hover object returned
2025-03-12 11:01:52.654 [info] [VerilogHoverProvider] Hover requested
2025-03-12 11:01:53.063 [info] [VerilogHoverProvider] Hover object returned
2025-03-12 11:01:55.045 [info] [VerilogHoverProvider] Hover requested
2025-03-12 11:01:55.348 [info] [VerilogHoverProvider] Hover requested
2025-03-12 11:01:55.423 [warning] [VerilogHoverProvider] Hover object not found
2025-03-12 11:01:55.754 [warning] [VerilogHoverProvider] Hover object not found
2025-03-12 11:01:55.844 [info] [VerilogHoverProvider] Hover requested
2025-03-12 11:01:56.261 [warning] [VerilogHoverProvider] Hover object not found
2025-03-12 11:01:56.395 [info] [VerilogHoverProvider] Hover requested
2025-03-12 11:01:56.694 [info] [VerilogHoverProvider] Hover requested
2025-03-12 11:01:57.106 [warning] [VerilogHoverProvider] Hover object not found
2025-03-12 11:01:57.509 [warning] [VerilogHoverProvider] Hover object not found
2025-03-12 11:01:57.630 [info] [VerilogHoverProvider] Hover requested
2025-03-12 11:01:57.814 [info] [VerilogHoverProvider] Hover requested
2025-03-12 11:01:58.294 [warning] [VerilogHoverProvider] Hover object not found
2025-03-12 11:02:01.089 [info] [VerilogHoverProvider] Hover requested
2025-03-12 11:02:01.421 [info] [VerilogHoverProvider] Hover requested
2025-03-12 11:02:01.515 [warning] [VerilogHoverProvider] Hover object not found
2025-03-12 11:02:01.825 [warning] [VerilogHoverProvider] Hover object not found
2025-03-12 11:02:02.408 [info] [VerilogHoverProvider] Hover requested
2025-03-12 11:02:02.794 [warning] [VerilogHoverProvider] Hover object not found
2025-03-12 11:02:06.399 [info] [VerilogHoverProvider] Hover requested
2025-03-12 11:02:06.885 [warning] [VerilogHoverProvider] Hover object not found
2025-03-12 11:02:06.947 [info] [VerilogHoverProvider] Hover requested
2025-03-12 11:02:07.232 [info] [VerilogHoverProvider] Hover requested
2025-03-12 11:02:07.351 [warning] [VerilogHoverProvider] Hover object not found
2025-03-12 11:02:07.648 [warning] [VerilogHoverProvider] Hover object not found
2025-03-12 11:02:07.749 [info] [VerilogHoverProvider] Hover requested
2025-03-12 11:02:08.049 [info] [VerilogHoverProvider] Hover requested
2025-03-12 11:02:08.294 [warning] [VerilogHoverProvider] Hover object not found
2025-03-12 11:02:08.618 [info] [VerilogHoverProvider] Hover requested
2025-03-12 11:02:08.840 [warning] [VerilogHoverProvider] Hover object not found
2025-03-12 11:02:09.385 [warning] [VerilogHoverProvider] Hover object not found
2025-03-12 11:02:09.419 [info] [VerilogHoverProvider] Hover requested
2025-03-12 11:02:10.152 [warning] [VerilogHoverProvider] Hover object not found
2025-03-12 11:02:10.823 [info] [VerilogHoverProvider] Hover requested
2025-03-12 11:02:11.222 [info] [VerilogHoverProvider] Hover requested
2025-03-12 11:02:11.320 [warning] [VerilogHoverProvider] Hover object not found
2025-03-12 11:02:11.964 [warning] [VerilogHoverProvider] Hover object not found
2025-03-12 11:02:12.125 [info] [VerilogHoverProvider] Hover requested
2025-03-12 11:02:12.759 [info] [VerilogHoverProvider] Hover requested
2025-03-12 11:02:12.806 [warning] [VerilogHoverProvider] Hover object not found
2025-03-12 11:02:13.563 [warning] [VerilogHoverProvider] Hover object not found
2025-03-12 11:02:13.677 [info] [VerilogHoverProvider] Hover requested
2025-03-12 11:02:21.774 [info] [VerilogHoverProvider] Hover requested
2025-03-12 11:02:24.889 [info] [VerilogHoverProvider] Hover requested
2025-03-12 11:02:26.939 [info] [VerilogHoverProvider] Hover requested
2025-03-12 11:02:27.365 [info] [VerilogHoverProvider] Hover object returned
2025-03-12 11:02:27.508 [info] [VerilogHoverProvider] Hover requested
2025-03-12 11:02:27.823 [info] [VerilogHoverProvider] Hover requested
2025-03-12 11:02:27.931 [info] [VerilogHoverProvider] Hover object returned
2025-03-12 11:02:28.007 [info] [VerilogHoverProvider] Hover requested
2025-03-12 11:02:28.239 [info] [VerilogHoverProvider] Hover object returned
2025-03-12 11:02:28.407 [info] [VerilogHoverProvider] Hover object returned
2025-03-12 11:02:28.558 [info] [VerilogHoverProvider] Hover requested
2025-03-12 11:02:28.945 [info] [VerilogHoverProvider] Hover object returned
2025-03-12 11:02:30.123 [info] [VerilogHoverProvider] Hover requested
2025-03-12 11:02:30.601 [info] [VerilogHoverProvider] Hover requested
2025-03-12 11:02:31.605 [info] [VerilogHoverProvider] Hover requested
2025-03-12 11:02:32.433 [info] [VerilogHoverProvider] Hover requested
2025-03-12 11:02:32.732 [info] [VerilogHoverProvider] Hover requested
2025-03-12 11:02:32.848 [warning] [VerilogHoverProvider] Hover object not found
2025-03-12 11:02:33.135 [warning] [VerilogHoverProvider] Hover object not found
2025-03-12 11:02:33.585 [info] [VerilogHoverProvider] Hover requested
2025-03-12 11:02:33.766 [info] [VerilogHoverProvider] Hover requested
2025-03-12 11:02:33.995 [warning] [VerilogHoverProvider] Hover object not found
2025-03-12 11:02:34.189 [warning] [VerilogHoverProvider] Hover object not found
2025-03-12 11:02:34.233 [info] [VerilogHoverProvider] Hover requested
2025-03-12 11:02:34.532 [info] [VerilogHoverProvider] Hover requested
2025-03-12 11:02:34.707 [warning] [VerilogHoverProvider] Hover object not found
2025-03-12 11:02:35.000 [info] [VerilogHoverProvider] Hover requested
2025-03-12 11:02:35.304 [warning] [VerilogHoverProvider] Hover object not found
2025-03-12 11:02:35.816 [warning] [VerilogHoverProvider] Hover object not found
2025-03-12 11:02:41.599 [info] [VerilogHoverProvider] Hover requested
2025-03-12 11:02:42.031 [info] [VerilogHoverProvider] Hover object returned
2025-03-12 11:02:43.183 [info] [VerilogHoverProvider] Hover requested
2025-03-12 11:02:43.642 [info] [VerilogHoverProvider] Hover object returned
2025-03-12 11:02:43.934 [info] [VerilogDefinitionProvider] Definitions Requested: file:///home/sgass/Projects/kepler/hdl/rtl/aether/aether_mpcu_sgmii.sv
2025-03-12 11:02:44.362 [info] [VerilogDefinitionProvider] 1 definitions returned
2025-03-12 11:02:52.519 [info] [VerilogDocumentSymbolProvider] [VerilogSymbol] Symbols Requested: file:///home/sgass/Projects/kepler/hdl/rtl/gmii/gmii_interface.sv
2025-03-12 11:02:52.519 [info] indexing "/home/sgass/Projects/kepler/hdl/rtl/gmii/gmii_interface.sv"
2025-03-12 11:02:52.519 [info] executing ctags
2025-03-12 11:02:52.519 [info] Executing Command: ctags -f - --fields=+K --sort=no --excmd=n --fields-SystemVerilog=+{parameter} "/home/sgass/Projects/kepler/hdl/rtl/gmii/gmii_interface.sv"
2025-03-12 11:02:52.523 [info] building symbols
2025-03-12 11:02:52.523 [info] [VerilogDocumentSymbolProvider] 3 top-level symbols returned
2025-03-12 11:02:57.472 [info] [VerilogHoverProvider] Hover requested
2025-03-12 11:02:57.871 [info] [VerilogHoverProvider] Hover requested
2025-03-12 11:02:57.951 [warning] [VerilogHoverProvider] Hover object not found
2025-03-12 11:02:58.247 [info] [VerilogHoverProvider] Hover object returned
2025-03-12 11:03:00.523 [info] [VerilogHoverProvider] Hover requested
2025-03-12 11:03:00.977 [warning] [VerilogHoverProvider] Hover object not found
2025-03-12 11:03:10.270 [info] [VerilogHoverProvider] Hover requested
2025-03-12 11:03:10.783 [warning] [VerilogHoverProvider] Hover object not found
2025-03-12 11:03:10.802 [info] [VerilogHoverProvider] Hover requested
2025-03-12 11:03:11.213 [info] [VerilogHoverProvider] Hover object returned
2025-03-12 11:03:13.654 [info] [VerilogHoverProvider] Hover requested
2025-03-12 11:03:17.572 [info] [VerilogHoverProvider] Hover requested
2025-03-12 11:03:18.020 [info] [VerilogHoverProvider] Hover requested
2025-03-12 11:03:18.063 [info] [VerilogHoverProvider] Hover object returned
2025-03-12 11:03:18.439 [info] [VerilogHoverProvider] Hover object returned
2025-03-12 11:03:19.634 [info] [VerilogHoverProvider] Hover requested
2025-03-12 11:03:19.970 [info] [VerilogHoverProvider] Hover requested
2025-03-12 11:03:20.124 [info] [VerilogHoverProvider] Hover object returned
2025-03-12 11:03:20.356 [info] [VerilogHoverProvider] Hover object returned
2025-03-12 11:03:20.636 [info] [VerilogHoverProvider] Hover requested
2025-03-12 11:03:20.830 [info] [VerilogDefinitionProvider] Definitions Requested: file:///home/sgass/Projects/kepler/hdl/rtl/board/mpcut1/board_mpcut1_system.sv
2025-03-12 11:03:21.023 [info] [VerilogHoverProvider] Hover object returned
2025-03-12 11:03:21.226 [info] [VerilogDefinitionProvider] 1 definitions returned
2025-03-12 11:03:31.520 [info] [VerilogHoverProvider] Hover requested
2025-03-12 11:03:31.929 [info] [VerilogHoverProvider] Hover object returned
2025-03-12 11:03:32.384 [info] [VerilogDefinitionProvider] Definitions Requested: file:///home/sgass/Projects/kepler/hdl/rtl/board/mpcut1/board_mpcut1_system.sv
2025-03-12 11:03:32.799 [info] [VerilogDefinitionProvider] 1 definitions returned
2025-03-12 11:03:34.340 [info] [VerilogHoverProvider] Hover requested
2025-03-12 11:03:34.761 [info] [VerilogHoverProvider] Hover object returned
2025-03-12 11:04:30.227 [info] [VerilogHoverProvider] Hover requested
2025-03-12 11:04:30.657 [info] [VerilogHoverProvider] Hover object returned
2025-03-12 11:04:31.872 [info] [VerilogHoverProvider] Hover requested
2025-03-12 11:04:32.311 [info] [VerilogHoverProvider] Hover object returned
2025-03-12 11:04:32.739 [info] [VerilogHoverProvider] Hover requested
2025-03-12 11:04:33.008 [info] [VerilogHoverProvider] Hover requested
2025-03-12 11:04:33.134 [info] [VerilogHoverProvider] Hover object returned
2025-03-12 11:04:33.403 [info] [VerilogHoverProvider] Hover object returned
2025-03-12 11:04:35.039 [info] [VerilogHoverProvider] Hover requested
2025-03-12 11:04:35.346 [info] [VerilogHoverProvider] Hover requested
2025-03-12 11:04:35.443 [info] [VerilogHoverProvider] Hover object returned
2025-03-12 11:04:35.733 [info] [VerilogHoverProvider] Hover object returned
2025-03-12 11:04:36.069 [info] [VerilogHoverProvider] Hover requested
2025-03-12 11:04:36.541 [info] [VerilogHoverProvider] Hover object returned
2025-03-12 11:05:56.432 [info] [VerilogHoverProvider] Hover requested
2025-03-12 11:05:56.858 [info] [VerilogHoverProvider] Hover object returned
2025-03-12 11:05:57.079 [info] [VerilogHoverProvider] Hover requested
2025-03-12 11:05:57.493 [info] [VerilogHoverProvider] Hover object returned
2025-03-12 11:05:57.734 [info] [VerilogDefinitionProvider] Definitions Requested: file:///home/sgass/Projects/kepler/hdl/rtl/board/mpcut1/board_mpcut1_top.sv
2025-03-12 11:05:58.140 [info] [VerilogDefinitionProvider] 1 definitions returned
2025-03-12 11:06:11.347 [info] [VerilogHoverProvider] Hover requested
2025-03-12 11:06:11.766 [info] [VerilogHoverProvider] Hover object returned
2025-03-12 11:06:13.186 [info] [VerilogHoverProvider] Hover requested
2025-03-12 11:06:13.568 [info] [VerilogHoverProvider] Hover object returned
2025-03-12 11:06:18.311 [info] [VerilogHoverProvider] Hover requested
2025-03-12 11:06:18.708 [info] [VerilogHoverProvider] Hover object returned
2025-03-12 11:06:39.994 [info] [VerilogHoverProvider] Hover requested
2025-03-12 11:06:40.596 [info] [VerilogHoverProvider] Hover requested
2025-03-12 11:06:40.979 [info] [VerilogHoverProvider] Hover object returned
2025-03-12 11:06:41.630 [info] [VerilogHoverProvider] Hover requested
2025-03-12 11:06:42.025 [warning] [VerilogHoverProvider] Hover object not found
2025-03-12 11:06:42.466 [info] [VerilogHoverProvider] Hover requested
2025-03-12 11:06:42.855 [info] [VerilogHoverProvider] Hover object returned
2025-03-12 11:06:43.484 [info] [VerilogHoverProvider] Hover requested
2025-03-12 11:06:43.915 [info] [VerilogHoverProvider] Hover object returned
2025-03-12 11:06:44.966 [info] [VerilogHoverProvider] Hover requested
2025-03-12 11:06:45.397 [info] [VerilogHoverProvider] Hover object returned
2025-03-12 11:06:45.702 [info] [VerilogHoverProvider] Hover requested
2025-03-12 11:06:46.084 [info] [VerilogHoverProvider] Hover object returned
2025-03-12 11:06:46.333 [info] [VerilogHoverProvider] Hover requested
2025-03-12 11:06:46.753 [warning] [VerilogHoverProvider] Hover object not found
2025-03-12 11:06:46.868 [info] [VerilogHoverProvider] Hover requested
2025-03-12 11:06:47.292 [warning] [VerilogHoverProvider] Hover object not found
2025-03-12 11:06:47.738 [info] [VerilogHoverProvider] Hover requested
2025-03-12 11:06:48.225 [warning] [VerilogHoverProvider] Hover object not found
2025-03-12 11:06:48.286 [info] [VerilogHoverProvider] Hover requested
2025-03-12 11:06:48.696 [warning] [VerilogHoverProvider] Hover object not found
2025-03-12 11:06:49.106 [info] [VerilogHoverProvider] Hover requested
2025-03-12 11:06:49.527 [info] [VerilogHoverProvider] Hover object returned
2025-03-12 11:06:49.589 [info] [VerilogHoverProvider] Hover requested
2025-03-12 11:06:50.140 [info] [VerilogHoverProvider] Hover requested
2025-03-12 11:06:50.213 [info] [VerilogHoverProvider] Hover object returned
2025-03-12 11:06:50.858 [info] [VerilogHoverProvider] Hover requested
2025-03-12 11:06:50.941 [info] [VerilogHoverProvider] Hover object returned
2025-03-12 11:06:51.676 [warning] [VerilogHoverProvider] Hover object not found
2025-03-12 11:06:51.693 [info] [VerilogHoverProvider] Hover requested
2025-03-12 11:06:51.894 [info] [VerilogHoverProvider] Hover requested
2025-03-12 11:06:52.214 [info] [VerilogHoverProvider] Hover requested
2025-03-12 11:06:52.421 [info] [VerilogHoverProvider] Hover requested
2025-03-12 11:06:52.518 [info] [VerilogHoverProvider] Hover object returned
2025-03-12 11:06:52.598 [info] [VerilogHoverProvider] Hover requested
2025-03-12 11:06:52.994 [info] [VerilogHoverProvider] Hover object returned
2025-03-12 11:06:53.375 [info] [VerilogHoverProvider] Hover object returned
2025-03-12 11:06:53.459 [info] [VerilogHoverProvider] Hover object returned
2025-03-12 11:06:53.689 [info] [VerilogHoverProvider] Hover object returned
2025-03-12 11:06:53.764 [info] [VerilogHoverProvider] Hover requested
2025-03-12 11:06:54.481 [warning] [VerilogHoverProvider] Hover object not found
2025-03-12 11:06:55.535 [info] [VerilogHoverProvider] Hover requested
2025-03-12 11:06:56.112 [warning] [VerilogHoverProvider] Hover object not found
2025-03-12 11:06:57.138 [info] [VerilogHoverProvider] Hover requested
2025-03-12 11:06:57.562 [warning] [VerilogHoverProvider] Hover object not found
2025-03-12 11:06:57.586 [info] [VerilogHoverProvider] Hover requested
2025-03-12 11:06:58.295 [warning] [VerilogHoverProvider] Hover object not found
2025-03-12 11:06:58.824 [info] [VerilogHoverProvider] Hover requested
2025-03-12 11:06:59.211 [info] [VerilogHoverProvider] Hover requested
2025-03-12 11:06:59.420 [warning] [VerilogHoverProvider] Hover object not found
2025-03-12 11:07:00.041 [warning] [VerilogHoverProvider] Hover object not found
2025-03-12 11:07:28.657 [info] [VerilogHoverProvider] Hover requested
2025-03-12 11:07:51.643 [info] [VerilogHoverProvider] Hover requested
2025-03-12 11:07:52.106 [warning] [VerilogHoverProvider] Hover object not found
2025-03-12 11:07:52.405 [info] [VerilogDefinitionProvider] Definitions Requested: file:///home/sgass/Projects/kepler/hdl/rtl/board/mpcut1/board_mpcut1_top.sv
2025-03-12 11:07:52.902 [info] [VerilogDefinitionProvider] 0 definitions returned
2025-03-12 11:07:53.347 [info] [VerilogHoverProvider] Hover requested
2025-03-12 11:07:53.764 [info] [VerilogHoverProvider] Hover object returned
2025-03-12 11:07:57.397 [info] [VerilogHoverProvider] Hover requested
2025-03-12 11:07:57.822 [info] [VerilogHoverProvider] Hover object returned
2025-03-12 11:08:20.527 [info] [VerilogDocumentSymbolProvider] [VerilogSymbol] Symbols Requested: file:///home/sgass/Projects/kepler/hdl/rtl/board/mpcut1/board_mpcut1_zynq_wrapper.sv
2025-03-12 11:08:20.527 [info] indexing "/home/sgass/Projects/kepler/hdl/rtl/board/mpcut1/board_mpcut1_zynq_wrapper.sv"
2025-03-12 11:08:20.527 [info] executing ctags
2025-03-12 11:08:20.527 [info] Executing Command: ctags -f - --fields=+K --sort=no --excmd=n --fields-SystemVerilog=+{parameter} "/home/sgass/Projects/kepler/hdl/rtl/board/mpcut1/board_mpcut1_zynq_wrapper.sv"
2025-03-12 11:08:20.530 [info] building symbols
2025-03-12 11:08:20.531 [info] [VerilogDocumentSymbolProvider] 1 top-level symbols returned
2025-03-12 11:08:28.437 [info] [VerilogHoverProvider] Hover requested
2025-03-12 11:08:28.859 [info] [VerilogHoverProvider] Hover object returned
2025-03-12 14:53:55.112 [info] [VerilogHoverProvider] Hover requested
2025-03-12 14:54:03.796 [info] [VerilogHoverProvider] Hover requested
2025-03-12 14:54:04.094 [info] [VerilogHoverProvider] Hover requested
2025-03-12 14:54:04.228 [warning] [VerilogHoverProvider] Hover object not found
2025-03-12 14:54:04.294 [info] [VerilogHoverProvider] Hover requested
2025-03-12 14:54:04.506 [warning] [VerilogHoverProvider] Hover object not found
2025-03-12 14:54:04.701 [info] [VerilogHoverProvider] Hover object returned
2025-03-12 14:54:04.897 [info] [VerilogHoverProvider] Hover requested
2025-03-12 14:54:09.098 [info] [VerilogHoverProvider] Hover requested
2025-03-12 15:04:19.830 [info] [VerilogHoverProvider] Hover requested
2025-03-12 15:04:20.214 [info] [VerilogHoverProvider] Hover object returned
2025-03-12 15:04:55.503 [info] [VerilogDocumentSymbolProvider] [VerilogSymbol] Symbols Requested: file:///home/sgass/Projects/kepler/hdl/rtl/ethernet/ethernet_point_to_multipoint_hub.sv
2025-03-12 15:04:55.503 [info] indexing "/home/sgass/Projects/kepler/hdl/rtl/ethernet/ethernet_point_to_multipoint_hub.sv"
2025-03-12 15:04:55.503 [info] executing ctags
2025-03-12 15:04:55.503 [info] Executing Command: ctags -f - --fields=+K --sort=no --excmd=n --fields-SystemVerilog=+{parameter} "/home/sgass/Projects/kepler/hdl/rtl/ethernet/ethernet_point_to_multipoint_hub.sv"
2025-03-12 15:04:55.506 [info] building symbols
2025-03-12 15:04:55.508 [info] [VerilogDocumentSymbolProvider] 1 top-level symbols returned
2025-03-12 15:05:32.486 [info] [VerilogDocumentSymbolProvider] [VerilogSymbol] Symbols Requested: file:///home/sgass/Projects/kepler/hdl/rtl/axis/axis_point_to_multipoint_hub.sv
2025-03-12 15:05:32.486 [info] indexing "/home/sgass/Projects/kepler/hdl/rtl/axis/axis_point_to_multipoint_hub.sv"
2025-03-12 15:05:32.486 [info] executing ctags
2025-03-12 15:05:32.486 [info] Executing Command: ctags -f - --fields=+K --sort=no --excmd=n --fields-SystemVerilog=+{parameter} "/home/sgass/Projects/kepler/hdl/rtl/axis/axis_point_to_multipoint_hub.sv"
2025-03-12 15:05:32.490 [info] building symbols
2025-03-12 15:05:32.490 [info] [VerilogDocumentSymbolProvider] 1 top-level symbols returned
2025-03-12 15:05:54.133 [info] [VerilogHoverProvider] Hover requested
2025-03-12 15:05:54.568 [info] indexing "/home/sgass/Projects/kepler/hdl/rtl/axis/axis_broadcast_wrapper.sv"
2025-03-12 15:05:54.568 [info] executing ctags
2025-03-12 15:05:54.568 [info] Executing Command: ctags -f - --fields=+K --sort=no --excmd=n --fields-SystemVerilog=+{parameter} "/home/sgass/Projects/kepler/hdl/rtl/axis/axis_broadcast_wrapper.sv"
2025-03-12 15:05:54.570 [info] building symbols
2025-03-12 15:05:54.570 [info] [VerilogHoverProvider] Hover object returned
2025-03-12 15:06:01.263 [info] [VerilogHoverProvider] Hover requested
2025-03-12 15:06:01.658 [warning] [VerilogHoverProvider] Hover object not found
2025-03-12 15:06:01.696 [info] [VerilogHoverProvider] Hover requested
2025-03-12 15:06:02.091 [warning] [VerilogHoverProvider] Hover object not found
2025-03-12 15:06:03.196 [info] [VerilogDocumentSymbolProvider] [VerilogSymbol] Symbols Requested: file:///home/sgass/Projects/kepler/hdl/rtl/axis/axis_point_to_multipoint_hub.sv
2025-03-12 15:06:03.196 [info] [VerilogDocumentSymbolProvider] 1 top-level symbols returned
2025-03-12 15:06:18.040 [info] [VerilogDocumentSymbolProvider] [VerilogSymbol] Symbols Requested: file:///home/sgass/Projects/kepler/hdl/rtl/axis/axis_point_to_multipoint_hub.sv
2025-03-12 15:06:18.040 [info] [VerilogDocumentSymbolProvider] 1 top-level symbols returned
2025-03-12 15:06:20.122 [info] [VerilogDocumentSymbolProvider] [VerilogSymbol] Symbols Requested: file:///home/sgass/Projects/kepler/hdl/rtl/axis/axis_point_to_multipoint_hub.sv
2025-03-12 15:06:20.122 [info] [VerilogDocumentSymbolProvider] 1 top-level symbols returned
2025-03-12 15:06:21.975 [info] [VerilogDocumentSymbolProvider] [VerilogSymbol] Symbols Requested: file:///home/sgass/Projects/kepler/hdl/rtl/axis/axis_point_to_multipoint_hub.sv
2025-03-12 15:06:21.976 [info] [VerilogDocumentSymbolProvider] 1 top-level symbols returned
2025-03-12 15:06:28.653 [info] [VerilogDocumentSymbolProvider] [VerilogSymbol] Symbols Requested: file:///home/sgass/Projects/kepler/hdl/rtl/axis/axis_point_to_multipoint_hub.sv
2025-03-12 15:06:28.653 [info] [VerilogDocumentSymbolProvider] 1 top-level symbols returned
2025-03-12 15:06:29.919 [info] [VerilogDocumentSymbolProvider] [VerilogSymbol] Symbols Requested: file:///home/sgass/Projects/kepler/hdl/rtl/axis/axis_point_to_multipoint_hub.sv
2025-03-12 15:06:29.920 [info] [VerilogDocumentSymbolProvider] 1 top-level symbols returned
2025-03-12 15:06:32.119 [info] [VerilogDocumentSymbolProvider] [VerilogSymbol] Symbols Requested: file:///home/sgass/Projects/kepler/hdl/rtl/axis/axis_point_to_multipoint_hub.sv
2025-03-12 15:06:32.120 [info] [VerilogDocumentSymbolProvider] 1 top-level symbols returned
2025-03-12 15:06:32.711 [info] [VerilogDocumentSymbolProvider] [VerilogSymbol] Symbols Requested: file:///home/sgass/Projects/kepler/hdl/rtl/axis/axis_point_to_multipoint_hub.sv
2025-03-12 15:06:32.712 [info] [VerilogDocumentSymbolProvider] 1 top-level symbols returned
2025-03-12 15:06:34.199 [info] [VerilogDocumentSymbolProvider] [VerilogSymbol] Symbols Requested: file:///home/sgass/Projects/kepler/hdl/rtl/axis/axis_point_to_multipoint_hub.sv
2025-03-12 15:06:34.200 [info] [VerilogDocumentSymbolProvider] 1 top-level symbols returned
2025-03-12 15:06:38.295 [info] [VerilogDocumentSymbolProvider] [VerilogSymbol] Symbols Requested: file:///home/sgass/Projects/kepler/hdl/rtl/axis/axis_point_to_multipoint_hub.sv
2025-03-12 15:06:38.295 [info] [VerilogDocumentSymbolProvider] 1 top-level symbols returned
2025-03-12 15:06:39.535 [info] [VerilogDocumentSymbolProvider] [VerilogSymbol] Symbols Requested: file:///home/sgass/Projects/kepler/hdl/rtl/axis/axis_point_to_multipoint_hub.sv
2025-03-12 15:06:39.535 [info] [VerilogDocumentSymbolProvider] 1 top-level symbols returned
2025-03-12 15:06:40.200 [info] [VerilogDocumentSymbolProvider] [VerilogSymbol] Symbols Requested: file:///home/sgass/Projects/kepler/hdl/rtl/axis/axis_point_to_multipoint_hub.sv
2025-03-12 15:06:40.200 [info] [VerilogDocumentSymbolProvider] 1 top-level symbols returned
2025-03-12 15:06:41.487 [info] [VerilogDocumentSymbolProvider] [VerilogSymbol] Symbols Requested: file:///home/sgass/Projects/kepler/hdl/rtl/axis/axis_point_to_multipoint_hub.sv
2025-03-12 15:06:41.488 [info] [VerilogDocumentSymbolProvider] 1 top-level symbols returned
2025-03-12 15:06:42.327 [info] [VerilogDocumentSymbolProvider] [VerilogSymbol] Symbols Requested: file:///home/sgass/Projects/kepler/hdl/rtl/axis/axis_point_to_multipoint_hub.sv
2025-03-12 15:06:42.327 [info] [VerilogDocumentSymbolProvider] 1 top-level symbols returned
2025-03-12 15:06:43.886 [info] [VerilogDocumentSymbolProvider] [VerilogSymbol] Symbols Requested: file:///home/sgass/Projects/kepler/hdl/rtl/axis/axis_point_to_multipoint_hub.sv
2025-03-12 15:06:43.887 [info] [VerilogDocumentSymbolProvider] 1 top-level symbols returned
2025-03-12 15:06:47.150 [info] [VerilogDocumentSymbolProvider] [VerilogSymbol] Symbols Requested: file:///home/sgass/Projects/kepler/hdl/rtl/axis/axis_point_to_multipoint_hub.sv
2025-03-12 15:06:47.150 [info] [VerilogDocumentSymbolProvider] 1 top-level symbols returned
2025-03-12 15:06:49.488 [info] [VerilogDocumentSymbolProvider] [VerilogSymbol] Symbols Requested: file:///home/sgass/Projects/kepler/hdl/rtl/axis/axis_point_to_multipoint_hub.sv
2025-03-12 15:06:49.489 [info] [VerilogDocumentSymbolProvider] 1 top-level symbols returned
2025-03-12 15:06:53.765 [info] [VerilogDocumentSymbolProvider] [VerilogSymbol] Symbols Requested: file:///home/sgass/Projects/kepler/hdl/rtl/axis/axis_point_to_multipoint_hub.sv
2025-03-12 15:06:53.766 [info] [VerilogDocumentSymbolProvider] 1 top-level symbols returned
2025-03-12 15:06:55.854 [info] [VerilogDocumentSymbolProvider] [VerilogSymbol] Symbols Requested: file:///home/sgass/Projects/kepler/hdl/rtl/axis/axis_point_to_multipoint_hub.sv
2025-03-12 15:06:55.855 [info] [VerilogDocumentSymbolProvider] 1 top-level symbols returned
2025-03-12 15:06:58.431 [info] [VerilogDocumentSymbolProvider] [VerilogSymbol] Symbols Requested: file:///home/sgass/Projects/kepler/hdl/rtl/axis/axis_point_to_multipoint_hub.sv
2025-03-12 15:06:58.431 [info] [VerilogDocumentSymbolProvider] 1 top-level symbols returned
2025-03-12 15:07:00.495 [info] [VerilogDocumentSymbolProvider] [VerilogSymbol] Symbols Requested: file:///home/sgass/Projects/kepler/hdl/rtl/axis/axis_point_to_multipoint_hub.sv
2025-03-12 15:07:00.496 [info] [VerilogDocumentSymbolProvider] 1 top-level symbols returned
2025-03-12 15:07:02.286 [info] [VerilogDocumentSymbolProvider] [VerilogSymbol] Symbols Requested: file:///home/sgass/Projects/kepler/hdl/rtl/axis/axis_point_to_multipoint_hub.sv
2025-03-12 15:07:02.287 [info] [VerilogDocumentSymbolProvider] 1 top-level symbols returned
2025-03-12 15:07:05.622 [info] [VerilogDocumentSymbolProvider] [VerilogSymbol] Symbols Requested: file:///home/sgass/Projects/kepler/hdl/rtl/axis/axis_point_to_multipoint_hub.sv
2025-03-12 15:07:05.622 [info] [VerilogDocumentSymbolProvider] 1 top-level symbols returned
2025-03-12 15:07:07.770 [info] [VerilogDocumentSymbolProvider] [VerilogSymbol] Symbols Requested: file:///home/sgass/Projects/kepler/hdl/rtl/axis/axis_point_to_multipoint_hub.sv
2025-03-12 15:07:07.770 [info] [VerilogDocumentSymbolProvider] 1 top-level symbols returned
2025-03-12 15:07:09.695 [info] [VerilogDocumentSymbolProvider] [VerilogSymbol] Symbols Requested: file:///home/sgass/Projects/kepler/hdl/rtl/axis/axis_point_to_multipoint_hub.sv
2025-03-12 15:07:09.695 [info] [VerilogDocumentSymbolProvider] 1 top-level symbols returned
2025-03-12 15:07:10.573 [info] [VerilogDocumentSymbolProvider] [VerilogSymbol] Symbols Requested: file:///home/sgass/Projects/kepler/hdl/rtl/axis/axis_point_to_multipoint_hub.sv
2025-03-12 15:07:10.574 [info] [VerilogDocumentSymbolProvider] 1 top-level symbols returned
2025-03-12 15:07:11.662 [info] [VerilogDocumentSymbolProvider] [VerilogSymbol] Symbols Requested: file:///home/sgass/Projects/kepler/hdl/rtl/axis/axis_point_to_multipoint_hub.sv
2025-03-12 15:07:11.662 [info] [VerilogDocumentSymbolProvider] 1 top-level symbols returned
2025-03-12 15:07:13.062 [info] [VerilogDocumentSymbolProvider] [VerilogSymbol] Symbols Requested: file:///home/sgass/Projects/kepler/hdl/rtl/axis/axis_point_to_multipoint_hub.sv
2025-03-12 15:07:13.062 [info] [VerilogDocumentSymbolProvider] 1 top-level symbols returned
2025-03-12 15:07:14.085 [info] [VerilogDocumentSymbolProvider] [VerilogSymbol] Symbols Requested: file:///home/sgass/Projects/kepler/hdl/rtl/axis/axis_point_to_multipoint_hub.sv
2025-03-12 15:07:14.085 [info] [VerilogDocumentSymbolProvider] 1 top-level symbols returned
2025-03-12 15:07:17.518 [info] [VerilogDocumentSymbolProvider] [VerilogSymbol] Symbols Requested: file:///home/sgass/Projects/kepler/hdl/rtl/axis/axis_point_to_multipoint_hub.sv
2025-03-12 15:07:17.519 [info] [VerilogDocumentSymbolProvider] 1 top-level symbols returned
2025-03-12 15:07:18.254 [info] [VerilogDocumentSymbolProvider] [VerilogSymbol] Symbols Requested: file:///home/sgass/Projects/kepler/hdl/rtl/axis/axis_point_to_multipoint_hub.sv
2025-03-12 15:07:18.254 [info] [VerilogDocumentSymbolProvider] 1 top-level symbols returned
2025-03-12 15:07:18.640 [info] [VerilogDocumentSymbolProvider] [VerilogSymbol] Symbols Requested: file:///home/sgass/Projects/kepler/hdl/rtl/axis/axis_point_to_multipoint_hub.sv
2025-03-12 15:07:18.640 [info] [VerilogDocumentSymbolProvider] 1 top-level symbols returned
2025-03-12 15:07:19.094 [info] [VerilogDocumentSymbolProvider] [VerilogSymbol] Symbols Requested: file:///home/sgass/Projects/kepler/hdl/rtl/axis/axis_point_to_multipoint_hub.sv
2025-03-12 15:07:19.094 [info] [VerilogDocumentSymbolProvider] 1 top-level symbols returned
2025-03-12 15:07:19.656 [info] [VerilogDocumentSymbolProvider] [VerilogSymbol] Symbols Requested: file:///home/sgass/Projects/kepler/hdl/rtl/axis/axis_point_to_multipoint_hub.sv
2025-03-12 15:07:19.656 [info] [VerilogDocumentSymbolProvider] 1 top-level symbols returned
2025-03-12 15:07:20.263 [info] [VerilogDocumentSymbolProvider] [VerilogSymbol] Symbols Requested: file:///home/sgass/Projects/kepler/hdl/rtl/axis/axis_point_to_multipoint_hub.sv
2025-03-12 15:07:20.263 [info] [VerilogDocumentSymbolProvider] 1 top-level symbols returned
2025-03-12 15:07:23.053 [info] [VerilogDocumentSymbolProvider] [VerilogSymbol] Symbols Requested: file:///home/sgass/Projects/kepler/hdl/rtl/axis/axis_point_to_multipoint_hub.sv
2025-03-12 15:07:23.053 [info] [VerilogDocumentSymbolProvider] 1 top-level symbols returned
2025-03-12 15:07:24.350 [info] [VerilogDocumentSymbolProvider] [VerilogSymbol] Symbols Requested: file:///home/sgass/Projects/kepler/hdl/rtl/axis/axis_point_to_multipoint_hub.sv
2025-03-12 15:07:24.351 [info] [VerilogDocumentSymbolProvider] 1 top-level symbols returned
2025-03-12 15:07:24.831 [info] [VerilogDocumentSymbolProvider] [VerilogSymbol] Symbols Requested: file:///home/sgass/Projects/kepler/hdl/rtl/axis/axis_point_to_multipoint_hub.sv
2025-03-12 15:07:24.831 [info] [VerilogDocumentSymbolProvider] 1 top-level symbols returned
2025-03-12 15:07:25.190 [info] [VerilogDocumentSymbolProvider] [VerilogSymbol] Symbols Requested: file:///home/sgass/Projects/kepler/hdl/rtl/axis/axis_point_to_multipoint_hub.sv
2025-03-12 15:07:25.190 [info] [VerilogDocumentSymbolProvider] 1 top-level symbols returned
2025-03-12 15:07:26.062 [info] [VerilogDocumentSymbolProvider] [VerilogSymbol] Symbols Requested: file:///home/sgass/Projects/kepler/hdl/rtl/axis/axis_point_to_multipoint_hub.sv
2025-03-12 15:07:26.063 [info] [VerilogDocumentSymbolProvider] 1 top-level symbols returned
2025-03-12 15:07:26.663 [info] [VerilogDocumentSymbolProvider] [VerilogSymbol] Symbols Requested: file:///home/sgass/Projects/kepler/hdl/rtl/axis/axis_point_to_multipoint_hub.sv
2025-03-12 15:07:26.664 [info] [VerilogDocumentSymbolProvider] 1 top-level symbols returned
2025-03-12 15:07:28.117 [info] [VerilogDocumentSymbolProvider] [VerilogSymbol] Symbols Requested: file:///home/sgass/Projects/kepler/hdl/rtl/axis/axis_point_to_multipoint_hub.sv
2025-03-12 15:07:28.118 [info] [VerilogDocumentSymbolProvider] 1 top-level symbols returned
2025-03-12 15:07:29.190 [info] [VerilogDocumentSymbolProvider] [VerilogSymbol] Symbols Requested: file:///home/sgass/Projects/kepler/hdl/rtl/axis/axis_point_to_multipoint_hub.sv
2025-03-12 15:07:29.190 [info] [VerilogDocumentSymbolProvider] 1 top-level symbols returned
2025-03-12 15:07:31.030 [info] [VerilogDocumentSymbolProvider] [VerilogSymbol] Symbols Requested: file:///home/sgass/Projects/kepler/hdl/rtl/axis/axis_point_to_multipoint_hub.sv
2025-03-12 15:07:31.031 [info] [VerilogDocumentSymbolProvider] 1 top-level symbols returned
2025-03-12 15:07:31.166 [info] [VerilogCompletionItemProvider] Completion items requested
2025-03-12 15:07:31.166 [info] [VerilogCompletionItemProvider] 18 items requested
2025-03-12 15:07:31.487 [info] [VerilogDocumentSymbolProvider] [VerilogSymbol] Symbols Requested: file:///home/sgass/Projects/kepler/hdl/rtl/axis/axis_point_to_multipoint_hub.sv
2025-03-12 15:07:31.488 [info] [VerilogDocumentSymbolProvider] 1 top-level symbols returned
2025-03-12 15:07:40.898 [info] [VerilogHoverProvider] Hover requested
2025-03-12 15:07:41.283 [info] [VerilogHoverProvider] Hover requested
2025-03-12 15:07:41.682 [info] [VerilogHoverProvider] Hover object returned
2025-03-12 15:07:43.297 [info] [VerilogHoverProvider] Hover requested
2025-03-12 15:07:45.141 [info] [VerilogCompletionItemProvider] Completion items requested
2025-03-12 15:07:45.141 [info] [VerilogCompletionItemProvider] 18 items requested
2025-03-12 15:07:45.490 [info] [VerilogCompletionItemProvider] Completion items requested
2025-03-12 15:07:45.491 [info] [VerilogCompletionItemProvider] 18 items requested
2025-03-12 15:07:45.663 [info] [VerilogCompletionItemProvider] Completion items requested
2025-03-12 15:07:45.664 [info] [VerilogCompletionItemProvider] 18 items requested
2025-03-12 15:07:45.778 [info] [VerilogCompletionItemProvider] Completion items requested
2025-03-12 15:07:45.778 [info] [VerilogCompletionItemProvider] 18 items requested
2025-03-12 15:07:46.114 [info] [VerilogCompletionItemProvider] Completion items requested
2025-03-12 15:07:46.114 [info] [VerilogCompletionItemProvider] 18 items requested
2025-03-12 15:07:46.300 [info] [VerilogCompletionItemProvider] Completion items requested
2025-03-12 15:07:46.300 [info] [VerilogCompletionItemProvider] 18 items requested
2025-03-12 15:07:46.417 [info] [VerilogCompletionItemProvider] Completion items requested
2025-03-12 15:07:46.418 [info] [VerilogCompletionItemProvider] 18 items requested
2025-03-12 15:07:46.758 [info] [VerilogDocumentSymbolProvider] [VerilogSymbol] Symbols Requested: file:///home/sgass/Projects/kepler/hdl/rtl/axis/axis_point_to_multipoint_hub.sv
2025-03-12 15:07:46.758 [info] [VerilogDocumentSymbolProvider] 1 top-level symbols returned
2025-03-12 15:07:46.842 [info] [VerilogCompletionItemProvider] Completion items requested
2025-03-12 15:07:46.842 [info] [VerilogCompletionItemProvider] 18 items requested
2025-03-12 15:07:47.133 [info] [VerilogCompletionItemProvider] Completion items requested
2025-03-12 15:07:47.133 [info] [VerilogCompletionItemProvider] 18 items requested
2025-03-12 15:07:47.378 [info] [VerilogCompletionItemProvider] Completion items requested
2025-03-12 15:07:47.378 [info] [VerilogCompletionItemProvider] 18 items requested
2025-03-12 15:07:47.555 [info] [VerilogCompletionItemProvider] Completion items requested
2025-03-12 15:07:47.556 [info] [VerilogCompletionItemProvider] 18 items requested
2025-03-12 15:07:47.794 [info] [VerilogCompletionItemProvider] Completion items requested
2025-03-12 15:07:47.794 [info] [VerilogCompletionItemProvider] 18 items requested
2025-03-12 15:07:47.995 [info] [VerilogCompletionItemProvider] Completion items requested
2025-03-12 15:07:47.995 [info] [VerilogCompletionItemProvider] 18 items requested
2025-03-12 15:07:48.336 [info] [VerilogDocumentSymbolProvider] [VerilogSymbol] Symbols Requested: file:///home/sgass/Projects/kepler/hdl/rtl/axis/axis_point_to_multipoint_hub.sv
2025-03-12 15:07:48.336 [info] [VerilogDocumentSymbolProvider] 1 top-level symbols returned
2025-03-12 15:07:49.307 [info] [VerilogCompletionItemProvider] Completion items requested
2025-03-12 15:07:49.307 [info] [VerilogCompletionItemProvider] 18 items requested
2025-03-12 15:07:49.530 [info] [VerilogCompletionItemProvider] Completion items requested
2025-03-12 15:07:49.530 [info] [VerilogCompletionItemProvider] 18 items requested
2025-03-12 15:07:49.674 [info] [VerilogCompletionItemProvider] Completion items requested
2025-03-12 15:07:49.674 [info] [VerilogCompletionItemProvider] 18 items requested
2025-03-12 15:07:49.809 [info] [VerilogCompletionItemProvider] Completion items requested
2025-03-12 15:07:49.810 [info] [VerilogCompletionItemProvider] 18 items requested
2025-03-12 15:07:49.953 [info] [VerilogCompletionItemProvider] Completion items requested
2025-03-12 15:07:49.953 [info] [VerilogCompletionItemProvider] 18 items requested
2025-03-12 15:07:50.293 [info] [VerilogDocumentSymbolProvider] [VerilogSymbol] Symbols Requested: file:///home/sgass/Projects/kepler/hdl/rtl/axis/axis_point_to_multipoint_hub.sv
2025-03-12 15:07:50.294 [info] [VerilogDocumentSymbolProvider] 1 top-level symbols returned
2025-03-12 15:07:50.472 [info] [VerilogCompletionItemProvider] Completion items requested
2025-03-12 15:07:50.472 [info] [VerilogCompletionItemProvider] 18 items requested
2025-03-12 15:07:50.813 [info] [VerilogDocumentSymbolProvider] [VerilogSymbol] Symbols Requested: file:///home/sgass/Projects/kepler/hdl/rtl/axis/axis_point_to_multipoint_hub.sv
2025-03-12 15:07:50.813 [info] [VerilogDocumentSymbolProvider] 1 top-level symbols returned
2025-03-12 15:07:52.074 [info] [VerilogCompletionItemProvider] Completion items requested
2025-03-12 15:07:52.074 [info] [VerilogCompletionItemProvider] 18 items requested
2025-03-12 15:07:52.233 [info] [VerilogCompletionItemProvider] Completion items requested
2025-03-12 15:07:52.233 [info] [VerilogCompletionItemProvider] 18 items requested
2025-03-12 15:07:52.393 [info] [VerilogCompletionItemProvider] Completion items requested
2025-03-12 15:07:52.393 [info] [VerilogCompletionItemProvider] 18 items requested
2025-03-12 15:07:52.733 [info] [VerilogDocumentSymbolProvider] [VerilogSymbol] Symbols Requested: file:///home/sgass/Projects/kepler/hdl/rtl/axis/axis_point_to_multipoint_hub.sv
2025-03-12 15:07:52.733 [info] [VerilogDocumentSymbolProvider] 1 top-level symbols returned
2025-03-12 15:08:15.742 [info] [VerilogDocumentSymbolProvider] [VerilogSymbol] Symbols Requested: file:///home/sgass/Projects/kepler/hdl/rtl/axis/axis_point_to_multipoint_hub.sv
2025-03-12 15:08:15.742 [info] [VerilogDocumentSymbolProvider] 1 top-level symbols returned
2025-03-12 15:08:18.910 [info] [VerilogDocumentSymbolProvider] [VerilogSymbol] Symbols Requested: file:///home/sgass/Projects/kepler/hdl/rtl/axis/axis_point_to_multipoint_hub.sv
2025-03-12 15:08:18.911 [info] [VerilogDocumentSymbolProvider] 1 top-level symbols returned
2025-03-12 15:08:33.839 [info] [VerilogDocumentSymbolProvider] [VerilogSymbol] Symbols Requested: file:///home/sgass/Projects/kepler/hdl/rtl/axis/axis_point_to_multipoint_hub.sv
2025-03-12 15:08:33.839 [info] [VerilogDocumentSymbolProvider] 1 top-level symbols returned
2025-03-12 15:08:35.837 [info] [VerilogDocumentSymbolProvider] [VerilogSymbol] Symbols Requested: file:///home/sgass/Projects/kepler/hdl/rtl/axis/axis_point_to_multipoint_hub.sv
2025-03-12 15:08:35.837 [info] [VerilogDocumentSymbolProvider] 1 top-level symbols returned
2025-03-12 15:08:36.643 [info] [VerilogCompletionItemProvider] Completion items requested
2025-03-12 15:08:36.643 [info] [VerilogCompletionItemProvider] 18 items requested
2025-03-12 15:08:36.813 [info] [VerilogCompletionItemProvider] Completion items requested
2025-03-12 15:08:36.813 [info] [VerilogCompletionItemProvider] 18 items requested
2025-03-12 15:08:36.920 [info] [VerilogCompletionItemProvider] Completion items requested
2025-03-12 15:08:36.920 [info] [VerilogCompletionItemProvider] 18 items requested
2025-03-12 15:08:37.485 [info] [VerilogDocumentSymbolProvider] [VerilogSymbol] Symbols Requested: file:///home/sgass/Projects/kepler/hdl/rtl/axis/axis_point_to_multipoint_hub.sv
2025-03-12 15:08:37.486 [info] [VerilogDocumentSymbolProvider] 1 top-level symbols returned
2025-03-12 15:08:43.669 [info] [VerilogDocumentSymbolProvider] [VerilogSymbol] Symbols Requested: file:///home/sgass/Projects/kepler/hdl/rtl/axis/axis_point_to_multipoint_hub.sv
2025-03-12 15:08:43.669 [info] [VerilogDocumentSymbolProvider] 1 top-level symbols returned
2025-03-12 15:08:44.018 [info] [VerilogCompletionItemProvider] Completion items requested
2025-03-12 15:08:44.018 [info] [VerilogCompletionItemProvider] 18 items requested
2025-03-12 15:08:44.358 [info] [VerilogDocumentSymbolProvider] [VerilogSymbol] Symbols Requested: file:///home/sgass/Projects/kepler/hdl/rtl/axis/axis_point_to_multipoint_hub.sv
2025-03-12 15:08:44.359 [info] [VerilogDocumentSymbolProvider] 1 top-level symbols returned
2025-03-12 15:08:45.131 [info] [VerilogCompletionItemProvider] Completion items requested
2025-03-12 15:08:45.131 [info] [VerilogCompletionItemProvider] 18 items requested
2025-03-12 15:08:45.304 [info] [VerilogCompletionItemProvider] Completion items requested
2025-03-12 15:08:45.304 [info] [VerilogCompletionItemProvider] 18 items requested
2025-03-12 15:08:45.449 [info] [VerilogCompletionItemProvider] Completion items requested
2025-03-12 15:08:45.449 [info] [VerilogCompletionItemProvider] 18 items requested
2025-03-12 15:08:45.510 [info] [VerilogCompletionItemProvider] Completion items requested
2025-03-12 15:08:45.510 [info] [VerilogCompletionItemProvider] 18 items requested
2025-03-12 15:08:45.851 [info] [VerilogDocumentSymbolProvider] [VerilogSymbol] Symbols Requested: file:///home/sgass/Projects/kepler/hdl/rtl/axis/axis_point_to_multipoint_hub.sv
2025-03-12 15:08:45.851 [info] [VerilogDocumentSymbolProvider] 1 top-level symbols returned
2025-03-12 15:08:46.621 [info] [VerilogDocumentSymbolProvider] [VerilogSymbol] Symbols Requested: file:///home/sgass/Projects/kepler/hdl/rtl/axis/axis_point_to_multipoint_hub.sv
2025-03-12 15:08:46.621 [info] [VerilogDocumentSymbolProvider] 1 top-level symbols returned
2025-03-12 15:08:49.461 [info] [VerilogDocumentSymbolProvider] [VerilogSymbol] Symbols Requested: file:///home/sgass/Projects/kepler/hdl/rtl/axis/axis_point_to_multipoint_hub.sv
2025-03-12 15:08:49.462 [info] [VerilogDocumentSymbolProvider] 1 top-level symbols returned
2025-03-12 15:08:50.539 [info] [VerilogDocumentSymbolProvider] [VerilogSymbol] Symbols Requested: file:///home/sgass/Projects/kepler/hdl/rtl/axis/axis_point_to_multipoint_hub.sv
2025-03-12 15:08:50.540 [info] [VerilogDocumentSymbolProvider] 1 top-level symbols returned
2025-03-12 15:08:51.634 [info] [VerilogCompletionItemProvider] Completion items requested
2025-03-12 15:08:51.634 [info] [VerilogCompletionItemProvider] 18 items requested
2025-03-12 15:08:51.974 [info] [VerilogDocumentSymbolProvider] [VerilogSymbol] Symbols Requested: file:///home/sgass/Projects/kepler/hdl/rtl/axis/axis_point_to_multipoint_hub.sv
2025-03-12 15:08:51.974 [info] [VerilogDocumentSymbolProvider] 1 top-level symbols returned
2025-03-12 15:08:53.228 [info] [VerilogDocumentSymbolProvider] [VerilogSymbol] Symbols Requested: file:///home/sgass/Projects/kepler/hdl/rtl/axis/axis_point_to_multipoint_hub.sv
2025-03-12 15:08:53.229 [info] [VerilogDocumentSymbolProvider] 1 top-level symbols returned
2025-03-12 15:08:53.338 [info] [VerilogCompletionItemProvider] Completion items requested
2025-03-12 15:08:53.338 [info] [VerilogCompletionItemProvider] 18 items requested
2025-03-12 15:08:53.531 [info] [VerilogCompletionItemProvider] Completion items requested
2025-03-12 15:08:53.531 [info] [VerilogCompletionItemProvider] 18 items requested
2025-03-12 15:08:53.689 [info] [VerilogCompletionItemProvider] Completion items requested
2025-03-12 15:08:53.690 [info] [VerilogCompletionItemProvider] 18 items requested
2025-03-12 15:08:53.849 [info] [VerilogCompletionItemProvider] Completion items requested
2025-03-12 15:08:53.849 [info] [VerilogCompletionItemProvider] 18 items requested
2025-03-12 15:08:54.189 [info] [VerilogDocumentSymbolProvider] [VerilogSymbol] Symbols Requested: file:///home/sgass/Projects/kepler/hdl/rtl/axis/axis_point_to_multipoint_hub.sv
2025-03-12 15:08:54.189 [info] [VerilogDocumentSymbolProvider] 1 top-level symbols returned
2025-03-12 15:08:55.769 [info] [VerilogCompletionItemProvider] Completion items requested
2025-03-12 15:08:55.769 [info] [VerilogCompletionItemProvider] 18 items requested
2025-03-12 15:08:56.110 [info] [VerilogDocumentSymbolProvider] [VerilogSymbol] Symbols Requested: file:///home/sgass/Projects/kepler/hdl/rtl/axis/axis_point_to_multipoint_hub.sv
2025-03-12 15:08:56.110 [info] [VerilogDocumentSymbolProvider] 1 top-level symbols returned
2025-03-12 15:08:57.285 [info] [VerilogDocumentSymbolProvider] [VerilogSymbol] Symbols Requested: file:///home/sgass/Projects/kepler/hdl/rtl/axis/axis_point_to_multipoint_hub.sv
2025-03-12 15:08:57.285 [info] [VerilogDocumentSymbolProvider] 1 top-level symbols returned
2025-03-12 15:09:01.084 [info] [VerilogDocumentSymbolProvider] [VerilogSymbol] Symbols Requested: file:///home/sgass/Projects/kepler/hdl/rtl/axis/axis_point_to_multipoint_hub.sv
2025-03-12 15:09:01.084 [info] [VerilogDocumentSymbolProvider] 1 top-level symbols returned
2025-03-12 15:09:01.838 [info] [VerilogDocumentSymbolProvider] [VerilogSymbol] Symbols Requested: file:///home/sgass/Projects/kepler/hdl/rtl/axis/axis_point_to_multipoint_hub.sv
2025-03-12 15:09:01.838 [info] [VerilogDocumentSymbolProvider] 1 top-level symbols returned
2025-03-12 15:09:02.341 [info] [VerilogDocumentSymbolProvider] [VerilogSymbol] Symbols Requested: file:///home/sgass/Projects/kepler/hdl/rtl/axis/axis_point_to_multipoint_hub.sv
2025-03-12 15:09:02.342 [info] [VerilogDocumentSymbolProvider] 1 top-level symbols returned
2025-03-12 15:09:03.390 [info] [VerilogDocumentSymbolProvider] [VerilogSymbol] Symbols Requested: file:///home/sgass/Projects/kepler/hdl/rtl/axis/axis_point_to_multipoint_hub.sv
2025-03-12 15:09:03.390 [info] [VerilogDocumentSymbolProvider] 1 top-level symbols returned
2025-03-12 15:09:03.782 [info] [VerilogDocumentSymbolProvider] [VerilogSymbol] Symbols Requested: file:///home/sgass/Projects/kepler/hdl/rtl/axis/axis_point_to_multipoint_hub.sv
2025-03-12 15:09:03.782 [info] [VerilogDocumentSymbolProvider] 1 top-level symbols returned
2025-03-12 15:09:06.893 [info] [VerilogDocumentSymbolProvider] [VerilogSymbol] Symbols Requested: file:///home/sgass/Projects/kepler/hdl/rtl/axis/axis_point_to_multipoint_hub.sv
2025-03-12 15:09:06.893 [info] [VerilogDocumentSymbolProvider] 1 top-level symbols returned
2025-03-12 15:09:07.211 [info] [VerilogCompletionItemProvider] Completion items requested
2025-03-12 15:09:07.211 [info] [VerilogCompletionItemProvider] 18 items requested
2025-03-12 15:09:07.340 [info] [VerilogCompletionItemProvider] Completion items requested
2025-03-12 15:09:07.340 [info] [VerilogCompletionItemProvider] 18 items requested
2025-03-12 15:09:07.829 [info] [VerilogDocumentSymbolProvider] [VerilogSymbol] Symbols Requested: file:///home/sgass/Projects/kepler/hdl/rtl/axis/axis_point_to_multipoint_hub.sv
2025-03-12 15:09:07.829 [info] [VerilogDocumentSymbolProvider] 1 top-level symbols returned
2025-03-12 15:09:47.297 [info] [VerilogHoverProvider] Hover requested
2025-03-12 15:09:47.710 [warning] [VerilogHoverProvider] Hover object not found
2025-03-12 15:09:59.073 [info] [VerilogDocumentSymbolProvider] [VerilogSymbol] Symbols Requested: file:///home/sgass/Projects/kepler/hdl/rtl/axis/axis_point_to_multipoint_hub.sv
2025-03-12 15:09:59.074 [info] [VerilogDocumentSymbolProvider] 1 top-level symbols returned
2025-03-12 15:10:00.945 [info] on save
2025-03-12 15:10:07.388 [info] [VerilogDocumentSymbolProvider] [VerilogSymbol] Symbols Requested: file:///home/sgass/Projects/kepler/hdl/verilog-axis/rtl/axis_broadcast.v
2025-03-12 15:10:07.388 [info] indexing "/home/sgass/Projects/kepler/hdl/verilog-axis/rtl/axis_broadcast.v"
2025-03-12 15:10:07.388 [info] executing ctags
2025-03-12 15:10:07.388 [info] Executing Command: ctags -f - --fields=+K --sort=no --excmd=n --fields-SystemVerilog=+{parameter} "/home/sgass/Projects/kepler/hdl/verilog-axis/rtl/axis_broadcast.v"
2025-03-12 15:10:07.391 [info] building symbols
2025-03-12 15:10:07.391 [info] [VerilogDocumentSymbolProvider] 1 top-level symbols returned
2025-03-12 15:10:17.708 [info] [VerilogDocumentSymbolProvider] [VerilogSymbol] Symbols Requested: file:///home/sgass/Projects/kepler/hdl/vivado/workspace/p4_router_util/p4_router_util.srcs/sources_1/imports/hdl/rtl/axis/axis_mux_wrapper.sv
2025-03-12 15:10:17.708 [info] indexing "/home/sgass/Projects/kepler/hdl/vivado/workspace/p4_router_util/p4_router_util.srcs/sources_1/imports/hdl/rtl/axis/axis_mux_wrapper.sv"
2025-03-12 15:10:17.708 [info] executing ctags
2025-03-12 15:10:17.708 [info] Executing Command: ctags -f - --fields=+K --sort=no --excmd=n --fields-SystemVerilog=+{parameter} "/home/sgass/Projects/kepler/hdl/vivado/workspace/p4_router_util/p4_router_util.srcs/sources_1/imports/hdl/rtl/axis/axis_mux_wrapper.sv"
2025-03-12 15:10:17.712 [info] building symbols
2025-03-12 15:10:17.712 [info] [VerilogDocumentSymbolProvider] 1 top-level symbols returned
2025-03-12 15:10:24.776 [info] [VerilogDocumentSymbolProvider] [VerilogSymbol] Symbols Requested: file:///home/sgass/Projects/kepler/hdl/rtl/axis/axis_broadcast_wrapper.sv
2025-03-12 15:10:24.776 [info] indexing "/home/sgass/Projects/kepler/hdl/rtl/axis/axis_broadcast_wrapper.sv"
2025-03-12 15:10:24.776 [info] executing ctags
2025-03-12 15:10:24.776 [info] Executing Command: ctags -f - --fields=+K --sort=no --excmd=n --fields-SystemVerilog=+{parameter} "/home/sgass/Projects/kepler/hdl/rtl/axis/axis_broadcast_wrapper.sv"
2025-03-12 15:10:24.779 [info] building symbols
2025-03-12 15:10:24.779 [info] [VerilogDocumentSymbolProvider] 1 top-level symbols returned
2025-03-12 15:10:33.215 [info] [VerilogDefinitionProvider] Definitions Requested: file:///home/sgass/Projects/kepler/hdl/rtl/axis/axis_broadcast_wrapper.sv
2025-03-12 15:10:33.230 [info] [VerilogDefinitionProvider] Definitions Requested: file:///home/sgass/Projects/kepler/hdl/rtl/axis/axis_broadcast_wrapper.sv
2025-03-12 15:10:33.637 [info] [VerilogDefinitionProvider] 0 definitions returned
2025-03-12 15:10:33.647 [info] [VerilogDefinitionProvider] 0 definitions returned
2025-03-12 15:10:36.823 [info] [VerilogDocumentSymbolProvider] [VerilogSymbol] Symbols Requested: file:///home/sgass/Projects/kepler/hdl/rtl/axis/axis_point_to_multipoint_hub.sv
2025-03-12 15:10:36.823 [info] indexing "/home/sgass/Projects/kepler/hdl/rtl/axis/axis_point_to_multipoint_hub.sv"
2025-03-12 15:10:36.823 [info] executing ctags
2025-03-12 15:10:36.823 [info] Executing Command: ctags -f - --fields=+K --sort=no --excmd=n --fields-SystemVerilog=+{parameter} "/home/sgass/Projects/kepler/hdl/rtl/axis/axis_point_to_multipoint_hub.sv"
2025-03-12 15:10:36.829 [info] building symbols
2025-03-12 15:10:36.829 [info] [VerilogDocumentSymbolProvider] 1 top-level symbols returned
2025-03-12 15:10:41.748 [info] [VerilogDocumentSymbolProvider] [VerilogSymbol] Symbols Requested: file:///home/sgass/Projects/kepler/hdl/vivado/workspace/p4_router_util/p4_router_util.srcs/sources_1/imports/hdl/rtl/axis/axis_mux_wrapper.sv
2025-03-12 15:10:41.748 [info] [VerilogDocumentSymbolProvider] 1 top-level symbols returned
2025-03-12 15:10:41.914 [info] [VerilogHoverProvider] Hover requested
2025-03-12 15:10:42.335 [warning] [VerilogHoverProvider] Hover object not found
2025-03-12 15:10:43.285 [info] [VerilogDefinitionProvider] Definitions Requested: file:///home/sgass/Projects/kepler/hdl/vivado/workspace/p4_router_util/p4_router_util.srcs/sources_1/imports/hdl/rtl/axis/axis_mux_wrapper.sv
2025-03-12 15:10:43.711 [info] [VerilogDefinitionProvider] 0 definitions returned
2025-03-12 15:10:43.869 [info] [VerilogDefinitionProvider] Definitions Requested: file:///home/sgass/Projects/kepler/hdl/vivado/workspace/p4_router_util/p4_router_util.srcs/sources_1/imports/hdl/rtl/axis/axis_mux_wrapper.sv
2025-03-12 15:10:44.125 [info] [VerilogDocumentSymbolProvider] [VerilogSymbol] Symbols Requested: file:///home/sgass/Projects/kepler/hdl/vivado/workspace/p4_router_util/p4_router_util.srcs/sources_1/imports/hdl/rtl/axis/axis_mux_wrapper.sv
2025-03-12 15:10:44.125 [info] [VerilogDocumentSymbolProvider] 1 top-level symbols returned
2025-03-12 15:10:44.334 [info] [VerilogDefinitionProvider] 0 definitions returned
2025-03-12 15:11:09.785 [info] [VerilogDocumentSymbolProvider] [VerilogSymbol] Symbols Requested: file:///home/sgass/Projects/kepler/hdl/rtl/axis/axis_arb_mux_wrapper.sv
2025-03-12 15:11:09.785 [info] indexing "/home/sgass/Projects/kepler/hdl/rtl/axis/axis_arb_mux_wrapper.sv"
2025-03-12 15:11:09.785 [info] executing ctags
2025-03-12 15:11:09.785 [info] Executing Command: ctags -f - --fields=+K --sort=no --excmd=n --fields-SystemVerilog=+{parameter} "/home/sgass/Projects/kepler/hdl/rtl/axis/axis_arb_mux_wrapper.sv"
2025-03-12 15:11:09.788 [info] building symbols
2025-03-12 15:11:09.788 [info] [VerilogDocumentSymbolProvider] 1 top-level symbols returned
2025-03-12 15:11:27.298 [info] [VerilogHoverProvider] Hover requested
2025-03-12 15:11:30.264 [info] [VerilogHoverProvider] Hover requested
2025-03-12 15:11:30.695 [warning] [VerilogHoverProvider] Hover object not found
2025-03-12 15:11:34.282 [info] [VerilogHoverProvider] Hover requested
2025-03-12 15:11:34.682 [warning] [VerilogHoverProvider] Hover object not found
2025-03-12 15:11:35.348 [info] [VerilogHoverProvider] Hover requested
2025-03-12 15:11:39.613 [info] [VerilogHoverProvider] Hover requested
2025-03-12 15:11:40.124 [warning] [VerilogHoverProvider] Hover object not found
2025-03-12 15:11:40.914 [info] [VerilogHoverProvider] Hover requested
2025-03-12 15:11:41.300 [warning] [VerilogHoverProvider] Hover object not found
2025-03-12 15:11:41.780 [info] [VerilogHoverProvider] Hover requested
2025-03-12 15:11:42.520 [info] [VerilogHoverProvider] Hover requested
2025-03-12 15:11:42.928 [warning] [VerilogHoverProvider] Hover object not found
2025-03-12 15:11:44.297 [info] [VerilogHoverProvider] Hover requested
2025-03-12 15:11:44.723 [warning] [VerilogHoverProvider] Hover object not found
2025-03-12 15:11:48.814 [info] [VerilogHoverProvider] Hover requested
2025-03-12 15:11:49.244 [warning] [VerilogHoverProvider] Hover object not found
2025-03-12 15:11:49.245 [info] [VerilogHoverProvider] Hover requested
2025-03-12 15:11:49.657 [warning] [VerilogHoverProvider] Hover object not found
2025-03-12 15:11:50.931 [info] [VerilogHoverProvider] Hover requested
2025-03-12 15:11:51.314 [warning] [VerilogHoverProvider] Hover object not found
2025-03-12 15:11:52.383 [info] [VerilogHoverProvider] Hover requested
2025-03-12 15:11:52.814 [warning] [VerilogHoverProvider] Hover object not found
2025-03-12 15:11:52.997 [info] [VerilogHoverProvider] Hover requested
2025-03-12 15:11:53.404 [warning] [VerilogHoverProvider] Hover object not found
2025-03-12 15:11:53.463 [info] [VerilogHoverProvider] Hover requested
2025-03-12 15:11:53.653 [info] [VerilogHoverProvider] Hover requested
2025-03-12 15:11:54.264 [info] [VerilogHoverProvider] Hover requested
2025-03-12 15:11:54.464 [info] [VerilogHoverProvider] Hover requested
2025-03-12 15:12:02.647 [info] [VerilogHoverProvider] Hover requested
2025-03-12 15:12:03.093 [info] [VerilogHoverProvider] Hover object returned
2025-03-12 15:12:04.341 [info] [VerilogDocumentSymbolProvider] [VerilogSymbol] Symbols Requested: file:///home/sgass/Projects/kepler/hdl/rtl/axis/axis_point_to_multipoint_hub.sv
2025-03-12 15:12:04.342 [info] [VerilogDocumentSymbolProvider] 1 top-level symbols returned
2025-03-12 15:12:04.894 [info] [VerilogDocumentSymbolProvider] [VerilogSymbol] Symbols Requested: file:///home/sgass/Projects/kepler/hdl/rtl/axis/axis_point_to_multipoint_hub.sv
2025-03-12 15:12:04.895 [info] [VerilogDocumentSymbolProvider] 1 top-level symbols returned
2025-03-12 15:12:09.507 [info] [VerilogDocumentSymbolProvider] [VerilogSymbol] Symbols Requested: file:///home/sgass/Projects/kepler/hdl/rtl/axis/axis_point_to_multipoint_hub.sv
2025-03-12 15:12:09.507 [info] [VerilogDocumentSymbolProvider] 1 top-level symbols returned
2025-03-12 15:12:12.629 [info] [VerilogDocumentSymbolProvider] [VerilogSymbol] Symbols Requested: file:///home/sgass/Projects/kepler/hdl/rtl/axis/axis_point_to_multipoint_hub.sv
2025-03-12 15:12:12.630 [info] [VerilogDocumentSymbolProvider] 1 top-level symbols returned
2025-03-12 15:12:17.173 [info] [VerilogDocumentSymbolProvider] [VerilogSymbol] Symbols Requested: file:///home/sgass/Projects/kepler/hdl/rtl/axis/axis_point_to_multipoint_hub.sv
2025-03-12 15:12:17.173 [info] [VerilogDocumentSymbolProvider] 1 top-level symbols returned
2025-03-12 15:12:20.847 [info] [VerilogCompletionItemProvider] Completion items requested
2025-03-12 15:12:20.847 [info] [VerilogCompletionItemProvider] 19 items requested
2025-03-12 15:12:21.871 [info] [VerilogDocumentSymbolProvider] [VerilogSymbol] Symbols Requested: file:///home/sgass/Projects/kepler/hdl/rtl/axis/axis_point_to_multipoint_hub.sv
2025-03-12 15:12:21.871 [info] [VerilogDocumentSymbolProvider] 1 top-level symbols returned
2025-03-12 15:12:22.719 [info] [VerilogDocumentSymbolProvider] [VerilogSymbol] Symbols Requested: file:///home/sgass/Projects/kepler/hdl/rtl/axis/axis_point_to_multipoint_hub.sv
2025-03-12 15:12:22.720 [info] [VerilogDocumentSymbolProvider] 1 top-level symbols returned
2025-03-12 15:12:24.119 [info] [VerilogDocumentSymbolProvider] [VerilogSymbol] Symbols Requested: file:///home/sgass/Projects/kepler/hdl/rtl/axis/axis_point_to_multipoint_hub.sv
2025-03-12 15:12:24.119 [info] [VerilogDocumentSymbolProvider] 1 top-level symbols returned
2025-03-12 15:12:24.583 [info] [VerilogDocumentSymbolProvider] [VerilogSymbol] Symbols Requested: file:///home/sgass/Projects/kepler/hdl/rtl/axis/axis_point_to_multipoint_hub.sv
2025-03-12 15:12:24.583 [info] [VerilogDocumentSymbolProvider] 1 top-level symbols returned
2025-03-12 15:12:25.006 [info] [VerilogDocumentSymbolProvider] [VerilogSymbol] Symbols Requested: file:///home/sgass/Projects/kepler/hdl/rtl/axis/axis_point_to_multipoint_hub.sv
2025-03-12 15:12:25.007 [info] [VerilogDocumentSymbolProvider] 1 top-level symbols returned
2025-03-12 15:12:27.079 [info] [VerilogCompletionItemProvider] Completion items requested
2025-03-12 15:12:27.079 [info] [VerilogCompletionItemProvider] 19 items requested
2025-03-12 15:12:27.186 [info] [VerilogCompletionItemProvider] Completion items requested
2025-03-12 15:12:27.186 [info] [VerilogCompletionItemProvider] 19 items requested
2025-03-12 15:12:27.353 [info] [VerilogCompletionItemProvider] Completion items requested
2025-03-12 15:12:27.353 [info] [VerilogCompletionItemProvider] 19 items requested
2025-03-12 15:12:27.694 [info] [VerilogDocumentSymbolProvider] [VerilogSymbol] Symbols Requested: file:///home/sgass/Projects/kepler/hdl/rtl/axis/axis_point_to_multipoint_hub.sv
2025-03-12 15:12:27.694 [info] [VerilogDocumentSymbolProvider] 1 top-level symbols returned
2025-03-12 15:12:28.202 [info] [VerilogCompletionItemProvider] Completion items requested
2025-03-12 15:12:28.202 [info] [VerilogCompletionItemProvider] 19 items requested
2025-03-12 15:12:28.265 [info] [VerilogCompletionItemProvider] Completion items requested
2025-03-12 15:12:28.265 [info] [VerilogCompletionItemProvider] 19 items requested
2025-03-12 15:12:28.450 [info] [VerilogCompletionItemProvider] Completion items requested
2025-03-12 15:12:28.450 [info] [VerilogCompletionItemProvider] 19 items requested
2025-03-12 15:12:28.707 [info] [VerilogCompletionItemProvider] Completion items requested
2025-03-12 15:12:28.708 [info] [VerilogCompletionItemProvider] 19 items requested
2025-03-12 15:12:28.860 [info] [VerilogCompletionItemProvider] Completion items requested
2025-03-12 15:12:28.860 [info] [VerilogCompletionItemProvider] 19 items requested
2025-03-12 15:12:29.049 [info] [VerilogCompletionItemProvider] Completion items requested
2025-03-12 15:12:29.049 [info] [VerilogCompletionItemProvider] 19 items requested
2025-03-12 15:12:29.164 [info] [VerilogCompletionItemProvider] Completion items requested
2025-03-12 15:12:29.164 [info] [VerilogCompletionItemProvider] 19 items requested
2025-03-12 15:12:29.503 [info] [VerilogDocumentSymbolProvider] [VerilogSymbol] Symbols Requested: file:///home/sgass/Projects/kepler/hdl/rtl/axis/axis_point_to_multipoint_hub.sv
2025-03-12 15:12:29.504 [info] [VerilogDocumentSymbolProvider] 1 top-level symbols returned
2025-03-12 15:12:32.799 [info] [VerilogDocumentSymbolProvider] [VerilogSymbol] Symbols Requested: file:///home/sgass/Projects/kepler/hdl/rtl/axis/axis_point_to_multipoint_hub.sv
2025-03-12 15:12:32.799 [info] [VerilogDocumentSymbolProvider] 1 top-level symbols returned
2025-03-12 15:12:33.961 [info] [VerilogCompletionItemProvider] Completion items requested
2025-03-12 15:12:33.962 [info] [VerilogCompletionItemProvider] 19 items requested
2025-03-12 15:12:35.142 [info] [VerilogDocumentSymbolProvider] [VerilogSymbol] Symbols Requested: file:///home/sgass/Projects/kepler/hdl/rtl/axis/axis_point_to_multipoint_hub.sv
2025-03-12 15:12:35.142 [info] [VerilogDocumentSymbolProvider] 1 top-level symbols returned
2025-03-12 15:12:35.737 [info] [VerilogDocumentSymbolProvider] [VerilogSymbol] Symbols Requested: file:///home/sgass/Projects/kepler/hdl/rtl/axis/axis_point_to_multipoint_hub.sv
2025-03-12 15:12:35.737 [info] [VerilogDocumentSymbolProvider] 1 top-level symbols returned
2025-03-12 15:12:36.138 [info] [VerilogCompletionItemProvider] Completion items requested
2025-03-12 15:12:36.138 [info] [VerilogCompletionItemProvider] 19 items requested
2025-03-12 15:12:36.314 [info] [VerilogCompletionItemProvider] Completion items requested
2025-03-12 15:12:36.314 [info] [VerilogCompletionItemProvider] 19 items requested
2025-03-12 15:12:36.440 [info] [VerilogCompletionItemProvider] Completion items requested
2025-03-12 15:12:36.441 [info] [VerilogCompletionItemProvider] 19 items requested
2025-03-12 15:12:36.781 [info] [VerilogDocumentSymbolProvider] [VerilogSymbol] Symbols Requested: file:///home/sgass/Projects/kepler/hdl/rtl/axis/axis_point_to_multipoint_hub.sv
2025-03-12 15:12:36.781 [info] [VerilogDocumentSymbolProvider] 1 top-level symbols returned
2025-03-12 15:12:38.814 [info] [VerilogDocumentSymbolProvider] [VerilogSymbol] Symbols Requested: file:///home/sgass/Projects/kepler/hdl/rtl/axis/axis_point_to_multipoint_hub.sv
2025-03-12 15:12:38.815 [info] [VerilogDocumentSymbolProvider] 1 top-level symbols returned
2025-03-12 15:12:40.122 [info] [VerilogCompletionItemProvider] Completion items requested
2025-03-12 15:12:40.122 [info] [VerilogCompletionItemProvider] 19 items requested
2025-03-12 15:12:40.536 [info] [VerilogCompletionItemProvider] Completion items requested
2025-03-12 15:12:40.537 [info] [VerilogCompletionItemProvider] 19 items requested
2025-03-12 15:12:40.877 [info] [VerilogDocumentSymbolProvider] [VerilogSymbol] Symbols Requested: file:///home/sgass/Projects/kepler/hdl/rtl/axis/axis_point_to_multipoint_hub.sv
2025-03-12 15:12:40.878 [info] [VerilogDocumentSymbolProvider] 1 top-level symbols returned
2025-03-12 15:12:41.288 [info] [VerilogCompletionItemProvider] Completion items requested
2025-03-12 15:12:41.289 [info] [VerilogCompletionItemProvider] 19 items requested
2025-03-12 15:12:41.593 [info] [VerilogCompletionItemProvider] Completion items requested
2025-03-12 15:12:41.593 [info] [VerilogCompletionItemProvider] 19 items requested
2025-03-12 15:12:41.774 [info] [VerilogCompletionItemProvider] Completion items requested
2025-03-12 15:12:41.775 [info] [VerilogCompletionItemProvider] 19 items requested
2025-03-12 15:12:41.914 [info] [VerilogCompletionItemProvider] Completion items requested
2025-03-12 15:12:41.914 [info] [VerilogCompletionItemProvider] 19 items requested
2025-03-12 15:12:42.067 [info] [VerilogCompletionItemProvider] Completion items requested
2025-03-12 15:12:42.067 [info] [VerilogCompletionItemProvider] 19 items requested
2025-03-12 15:12:42.154 [info] [VerilogCompletionItemProvider] Completion items requested
2025-03-12 15:12:42.154 [info] [VerilogCompletionItemProvider] 19 items requested
2025-03-12 15:12:42.494 [info] [VerilogDocumentSymbolProvider] [VerilogSymbol] Symbols Requested: file:///home/sgass/Projects/kepler/hdl/rtl/axis/axis_point_to_multipoint_hub.sv
2025-03-12 15:12:42.494 [info] [VerilogDocumentSymbolProvider] 1 top-level symbols returned
2025-03-12 15:12:42.834 [info] [VerilogCompletionItemProvider] Completion items requested
2025-03-12 15:12:42.834 [info] [VerilogCompletionItemProvider] 19 items requested
2025-03-12 15:12:43.174 [info] [VerilogDocumentSymbolProvider] [VerilogSymbol] Symbols Requested: file:///home/sgass/Projects/kepler/hdl/rtl/axis/axis_point_to_multipoint_hub.sv
2025-03-12 15:12:43.175 [info] [VerilogDocumentSymbolProvider] 1 top-level symbols returned
2025-03-12 15:12:52.539 [info] [VerilogCompletionItemProvider] Completion items requested
2025-03-12 15:12:52.540 [info] [VerilogCompletionItemProvider] 19 items requested
2025-03-12 15:12:52.752 [info] [VerilogCompletionItemProvider] Completion items requested
2025-03-12 15:12:52.752 [info] [VerilogCompletionItemProvider] 19 items requested
2025-03-12 15:12:53.017 [info] [VerilogCompletionItemProvider] Completion items requested
2025-03-12 15:12:53.018 [info] [VerilogCompletionItemProvider] 19 items requested
2025-03-12 15:12:53.526 [info] [VerilogDocumentSymbolProvider] [VerilogSymbol] Symbols Requested: file:///home/sgass/Projects/kepler/hdl/rtl/axis/axis_point_to_multipoint_hub.sv
2025-03-12 15:12:53.526 [info] [VerilogDocumentSymbolProvider] 1 top-level symbols returned
2025-03-12 15:12:54.106 [info] [VerilogCompletionItemProvider] Completion items requested
2025-03-12 15:12:54.106 [info] [VerilogCompletionItemProvider] 19 items requested
2025-03-12 15:12:54.354 [info] [VerilogCompletionItemProvider] Completion items requested
2025-03-12 15:12:54.354 [info] [VerilogCompletionItemProvider] 19 items requested
2025-03-12 15:12:54.578 [info] [VerilogCompletionItemProvider] Completion items requested
2025-03-12 15:12:54.578 [info] [VerilogCompletionItemProvider] 19 items requested
2025-03-12 15:12:54.666 [info] [VerilogCompletionItemProvider] Completion items requested
2025-03-12 15:12:54.666 [info] [VerilogCompletionItemProvider] 19 items requested
2025-03-12 15:12:55.006 [info] [VerilogDocumentSymbolProvider] [VerilogSymbol] Symbols Requested: file:///home/sgass/Projects/kepler/hdl/rtl/axis/axis_point_to_multipoint_hub.sv
2025-03-12 15:12:55.007 [info] [VerilogDocumentSymbolProvider] 1 top-level symbols returned
2025-03-12 15:12:57.765 [info] [VerilogHoverProvider] Hover requested
2025-03-12 15:12:58.138 [info] [VerilogHoverProvider] Hover object returned
2025-03-12 15:12:59.080 [info] [VerilogHoverProvider] Hover requested
2025-03-12 15:12:59.298 [info] [VerilogHoverProvider] Hover requested
2025-03-12 15:13:03.638 [info] [VerilogDocumentSymbolProvider] [VerilogSymbol] Symbols Requested: file:///home/sgass/Projects/kepler/hdl/rtl/axis/axis_point_to_multipoint_hub.sv
2025-03-12 15:13:03.638 [info] [VerilogDocumentSymbolProvider] 1 top-level symbols returned
2025-03-12 15:13:05.686 [info] [VerilogDocumentSymbolProvider] [VerilogSymbol] Symbols Requested: file:///home/sgass/Projects/kepler/hdl/rtl/axis/axis_point_to_multipoint_hub.sv
2025-03-12 15:13:05.686 [info] [VerilogDocumentSymbolProvider] 1 top-level symbols returned
2025-03-12 15:13:06.688 [info] [VerilogCompletionItemProvider] Completion items requested
2025-03-12 15:13:06.688 [info] [VerilogCompletionItemProvider] 19 items requested
2025-03-12 15:13:07.039 [info] [VerilogDocumentSymbolProvider] [VerilogSymbol] Symbols Requested: file:///home/sgass/Projects/kepler/hdl/rtl/axis/axis_point_to_multipoint_hub.sv
2025-03-12 15:13:07.039 [info] [VerilogDocumentSymbolProvider] 1 top-level symbols returned
2025-03-12 15:13:09.407 [info] [VerilogDocumentSymbolProvider] [VerilogSymbol] Symbols Requested: file:///home/sgass/Projects/kepler/hdl/rtl/axis/axis_point_to_multipoint_hub.sv
2025-03-12 15:13:09.407 [info] [VerilogDocumentSymbolProvider] 1 top-level symbols returned
2025-03-12 15:13:09.982 [info] [VerilogDocumentSymbolProvider] [VerilogSymbol] Symbols Requested: file:///home/sgass/Projects/kepler/hdl/rtl/axis/axis_point_to_multipoint_hub.sv
2025-03-12 15:13:09.982 [info] [VerilogDocumentSymbolProvider] 1 top-level symbols returned
2025-03-12 15:13:11.581 [info] [VerilogDocumentSymbolProvider] [VerilogSymbol] Symbols Requested: file:///home/sgass/Projects/kepler/hdl/rtl/axis/axis_point_to_multipoint_hub.sv
2025-03-12 15:13:11.582 [info] [VerilogDocumentSymbolProvider] 1 top-level symbols returned
2025-03-12 15:13:12.099 [info] [VerilogDocumentSymbolProvider] [VerilogSymbol] Symbols Requested: file:///home/sgass/Projects/kepler/hdl/rtl/axis/axis_point_to_multipoint_hub.sv
2025-03-12 15:13:12.099 [info] [VerilogDocumentSymbolProvider] 1 top-level symbols returned
2025-03-12 15:13:13.661 [info] [VerilogDocumentSymbolProvider] [VerilogSymbol] Symbols Requested: file:///home/sgass/Projects/kepler/hdl/rtl/axis/axis_point_to_multipoint_hub.sv
2025-03-12 15:13:13.662 [info] [VerilogDocumentSymbolProvider] 1 top-level symbols returned
2025-03-12 15:13:14.161 [info] [VerilogCompletionItemProvider] Completion items requested
2025-03-12 15:13:14.161 [info] [VerilogCompletionItemProvider] 19 items requested
2025-03-12 15:13:14.511 [info] [VerilogDocumentSymbolProvider] [VerilogSymbol] Symbols Requested: file:///home/sgass/Projects/kepler/hdl/rtl/axis/axis_point_to_multipoint_hub.sv
2025-03-12 15:13:14.512 [info] [VerilogDocumentSymbolProvider] 1 top-level symbols returned
2025-03-12 15:13:16.025 [info] [VerilogDocumentSymbolProvider] [VerilogSymbol] Symbols Requested: file:///home/sgass/Projects/kepler/hdl/rtl/axis/axis_point_to_multipoint_hub.sv
2025-03-12 15:13:16.025 [info] [VerilogDocumentSymbolProvider] 1 top-level symbols returned
2025-03-12 15:13:16.521 [info] [VerilogCompletionItemProvider] Completion items requested
2025-03-12 15:13:16.521 [info] [VerilogCompletionItemProvider] 19 items requested
2025-03-12 15:13:17.183 [info] [VerilogDocumentSymbolProvider] [VerilogSymbol] Symbols Requested: file:///home/sgass/Projects/kepler/hdl/rtl/axis/axis_point_to_multipoint_hub.sv
2025-03-12 15:13:17.184 [info] [VerilogDocumentSymbolProvider] 1 top-level symbols returned
2025-03-12 15:13:25.869 [info] [VerilogDocumentSymbolProvider] [VerilogSymbol] Symbols Requested: file:///home/sgass/Projects/kepler/hdl/rtl/axis/axis_point_to_multipoint_hub.sv
2025-03-12 15:13:25.869 [info] [VerilogDocumentSymbolProvider] 1 top-level symbols returned
2025-03-12 15:13:30.569 [info] [VerilogDocumentSymbolProvider] [VerilogSymbol] Symbols Requested: file:///home/sgass/Projects/kepler/hdl/rtl/axis/axis_point_to_multipoint_hub.sv
2025-03-12 15:13:30.569 [info] [VerilogDocumentSymbolProvider] 1 top-level symbols returned
2025-03-12 15:13:31.102 [info] [VerilogDocumentSymbolProvider] [VerilogSymbol] Symbols Requested: file:///home/sgass/Projects/kepler/hdl/rtl/axis/axis_point_to_multipoint_hub.sv
2025-03-12 15:13:31.102 [info] [VerilogDocumentSymbolProvider] 1 top-level symbols returned
2025-03-12 15:13:34.258 [info] [VerilogCompletionItemProvider] Completion items requested
2025-03-12 15:13:34.258 [info] [VerilogCompletionItemProvider] 19 items requested
2025-03-12 15:13:34.608 [info] [VerilogDocumentSymbolProvider] [VerilogSymbol] Symbols Requested: file:///home/sgass/Projects/kepler/hdl/rtl/axis/axis_point_to_multipoint_hub.sv
2025-03-12 15:13:34.609 [info] [VerilogDocumentSymbolProvider] 1 top-level symbols returned
2025-03-12 15:13:35.024 [info] [VerilogDocumentSymbolProvider] [VerilogSymbol] Symbols Requested: file:///home/sgass/Projects/kepler/hdl/rtl/axis/axis_point_to_multipoint_hub.sv
2025-03-12 15:13:35.024 [info] [VerilogDocumentSymbolProvider] 1 top-level symbols returned
2025-03-12 15:13:35.495 [info] [VerilogDocumentSymbolProvider] [VerilogSymbol] Symbols Requested: file:///home/sgass/Projects/kepler/hdl/rtl/axis/axis_point_to_multipoint_hub.sv
2025-03-12 15:13:35.495 [info] [VerilogDocumentSymbolProvider] 1 top-level symbols returned
2025-03-12 15:13:37.366 [info] [VerilogDocumentSymbolProvider] [VerilogSymbol] Symbols Requested: file:///home/sgass/Projects/kepler/hdl/rtl/axis/axis_point_to_multipoint_hub.sv
2025-03-12 15:13:37.366 [info] [VerilogDocumentSymbolProvider] 1 top-level symbols returned
2025-03-12 15:13:40.783 [info] [VerilogHoverProvider] Hover requested
2025-03-12 15:13:41.198 [info] [VerilogHoverProvider] Hover object returned
2025-03-12 15:13:42.700 [info] [VerilogDocumentSymbolProvider] [VerilogSymbol] Symbols Requested: file:///home/sgass/Projects/kepler/hdl/rtl/axis/axis_point_to_multipoint_hub.sv
2025-03-12 15:13:42.700 [info] [VerilogDocumentSymbolProvider] 1 top-level symbols returned
2025-03-12 15:13:43.403 [info] [VerilogHoverProvider] Hover requested
2025-03-12 15:13:44.098 [info] [VerilogHoverProvider] Hover requested
2025-03-12 15:13:44.504 [warning] [VerilogHoverProvider] Hover object not found
2025-03-12 15:13:44.617 [info] [VerilogHoverProvider] Hover requested
2025-03-12 15:13:45.047 [warning] [VerilogHoverProvider] Hover object not found
2025-03-12 15:13:46.051 [info] [VerilogHoverProvider] Hover requested
2025-03-12 15:13:46.443 [warning] [VerilogHoverProvider] Hover object not found
2025-03-12 15:13:49.616 [info] [VerilogCompletionItemProvider] Completion items requested
2025-03-12 15:13:49.617 [info] [VerilogCompletionItemProvider] 19 items requested
2025-03-12 15:13:49.966 [info] [VerilogDocumentSymbolProvider] [VerilogSymbol] Symbols Requested: file:///home/sgass/Projects/kepler/hdl/rtl/axis/axis_point_to_multipoint_hub.sv
2025-03-12 15:13:49.966 [info] [VerilogDocumentSymbolProvider] 1 top-level symbols returned
2025-03-12 15:13:52.889 [info] [VerilogCompletionItemProvider] Completion items requested
2025-03-12 15:13:52.889 [info] [VerilogCompletionItemProvider] 19 items requested
2025-03-12 15:13:53.239 [info] [VerilogDocumentSymbolProvider] [VerilogSymbol] Symbols Requested: file:///home/sgass/Projects/kepler/hdl/rtl/axis/axis_point_to_multipoint_hub.sv
2025-03-12 15:13:53.239 [info] [VerilogDocumentSymbolProvider] 1 top-level symbols returned
2025-03-12 15:13:54.290 [info] [VerilogCompletionItemProvider] Completion items requested
2025-03-12 15:13:54.290 [info] [VerilogCompletionItemProvider] 19 items requested
2025-03-12 15:13:54.630 [info] [VerilogDocumentSymbolProvider] [VerilogSymbol] Symbols Requested: file:///home/sgass/Projects/kepler/hdl/rtl/axis/axis_point_to_multipoint_hub.sv
2025-03-12 15:13:54.631 [info] [VerilogDocumentSymbolProvider] 1 top-level symbols returned
2025-03-12 15:13:56.038 [info] [VerilogDocumentSymbolProvider] [VerilogSymbol] Symbols Requested: file:///home/sgass/Projects/kepler/hdl/rtl/axis/axis_point_to_multipoint_hub.sv
2025-03-12 15:13:56.039 [info] [VerilogDocumentSymbolProvider] 1 top-level symbols returned
2025-03-12 15:13:57.178 [info] [VerilogCompletionItemProvider] Completion items requested
2025-03-12 15:13:57.178 [info] [VerilogCompletionItemProvider] 19 items requested
2025-03-12 15:13:57.518 [info] [VerilogDocumentSymbolProvider] [VerilogSymbol] Symbols Requested: file:///home/sgass/Projects/kepler/hdl/rtl/axis/axis_point_to_multipoint_hub.sv
2025-03-12 15:13:57.519 [info] [VerilogDocumentSymbolProvider] 1 top-level symbols returned
2025-03-12 15:13:58.361 [info] [VerilogCompletionItemProvider] Completion items requested
2025-03-12 15:13:58.362 [info] [VerilogCompletionItemProvider] 19 items requested
2025-03-12 15:13:58.702 [info] [VerilogDocumentSymbolProvider] [VerilogSymbol] Symbols Requested: file:///home/sgass/Projects/kepler/hdl/rtl/axis/axis_point_to_multipoint_hub.sv
2025-03-12 15:13:58.702 [info] [VerilogDocumentSymbolProvider] 1 top-level symbols returned
2025-03-12 15:14:00.517 [info] [VerilogHoverProvider] Hover requested
2025-03-12 15:14:01.268 [info] [VerilogHoverProvider] Hover requested
2025-03-12 15:14:01.715 [warning] [VerilogHoverProvider] Hover object not found
2025-03-12 15:14:02.186 [info] [VerilogHoverProvider] Hover requested
2025-03-12 15:14:02.608 [warning] [VerilogHoverProvider] Hover object not found
2025-03-12 15:14:03.488 [info] [VerilogDefinitionProvider] Definitions Requested: file:///home/sgass/Projects/kepler/hdl/rtl/axis/axis_point_to_multipoint_hub.sv
2025-03-12 15:14:03.963 [info] [VerilogDefinitionProvider] 0 definitions returned
2025-03-12 15:14:03.970 [info] [VerilogHoverProvider] Hover requested
2025-03-12 15:14:04.381 [warning] [VerilogHoverProvider] Hover object not found
2025-03-12 15:14:05.477 [info] [VerilogDocumentSymbolProvider] [VerilogSymbol] Symbols Requested: file:///home/sgass/Projects/kepler/hdl/rtl/axis/axis_point_to_multipoint_hub.sv
2025-03-12 15:14:05.477 [info] [VerilogDocumentSymbolProvider] 1 top-level symbols returned
2025-03-12 15:14:06.367 [info] [VerilogHoverProvider] Hover requested
2025-03-12 15:14:06.664 [info] [VerilogHoverProvider] Hover requested
2025-03-12 15:14:06.774 [warning] [VerilogHoverProvider] Hover object not found
2025-03-12 15:14:07.074 [warning] [VerilogHoverProvider] Hover object not found
2025-03-12 15:14:10.121 [info] [VerilogCompletionItemProvider] Completion items requested
2025-03-12 15:14:10.121 [info] [VerilogCompletionItemProvider] 19 items requested
2025-03-12 15:14:10.471 [info] [VerilogDocumentSymbolProvider] [VerilogSymbol] Symbols Requested: file:///home/sgass/Projects/kepler/hdl/rtl/axis/axis_point_to_multipoint_hub.sv
2025-03-12 15:14:10.471 [info] [VerilogDocumentSymbolProvider] 1 top-level symbols returned
2025-03-12 15:14:15.954 [info] [VerilogDocumentSymbolProvider] [VerilogSymbol] Symbols Requested: file:///home/sgass/Projects/kepler/hdl/rtl/axis/axis_point_to_multipoint_hub.sv
2025-03-12 15:14:15.954 [info] [VerilogDocumentSymbolProvider] 1 top-level symbols returned
2025-03-12 15:14:18.902 [info] [VerilogDocumentSymbolProvider] [VerilogSymbol] Symbols Requested: file:///home/sgass/Projects/kepler/hdl/rtl/axis/axis_point_to_multipoint_hub.sv
2025-03-12 15:14:18.902 [info] [VerilogDocumentSymbolProvider] 1 top-level symbols returned
2025-03-12 15:14:20.358 [info] [VerilogDocumentSymbolProvider] [VerilogSymbol] Symbols Requested: file:///home/sgass/Projects/kepler/hdl/rtl/axis/axis_point_to_multipoint_hub.sv
2025-03-12 15:14:20.358 [info] [VerilogDocumentSymbolProvider] 1 top-level symbols returned
2025-03-12 15:14:21.901 [info] [VerilogDocumentSymbolProvider] [VerilogSymbol] Symbols Requested: file:///home/sgass/Projects/kepler/hdl/rtl/axis/axis_point_to_multipoint_hub.sv
2025-03-12 15:14:21.902 [info] [VerilogDocumentSymbolProvider] 1 top-level symbols returned
2025-03-12 15:14:22.301 [info] [VerilogDocumentSymbolProvider] [VerilogSymbol] Symbols Requested: file:///home/sgass/Projects/kepler/hdl/rtl/axis/axis_point_to_multipoint_hub.sv
2025-03-12 15:14:22.301 [info] [VerilogDocumentSymbolProvider] 1 top-level symbols returned
2025-03-12 15:14:25.008 [info] [VerilogCompletionItemProvider] Completion items requested
2025-03-12 15:14:25.008 [info] [VerilogCompletionItemProvider] 19 items requested
2025-03-12 15:14:25.358 [info] [VerilogDocumentSymbolProvider] [VerilogSymbol] Symbols Requested: file:///home/sgass/Projects/kepler/hdl/rtl/axis/axis_point_to_multipoint_hub.sv
2025-03-12 15:14:25.358 [info] [VerilogDocumentSymbolProvider] 1 top-level symbols returned
2025-03-12 15:14:27.136 [info] [VerilogDocumentSymbolProvider] [VerilogSymbol] Symbols Requested: file:///home/sgass/Projects/kepler/hdl/rtl/axis/axis_point_to_multipoint_hub.sv
2025-03-12 15:14:27.136 [info] [VerilogDocumentSymbolProvider] 1 top-level symbols returned
2025-03-12 15:14:28.302 [info] [VerilogDocumentSymbolProvider] [VerilogSymbol] Symbols Requested: file:///home/sgass/Projects/kepler/hdl/rtl/axis/axis_point_to_multipoint_hub.sv
2025-03-12 15:14:28.302 [info] [VerilogDocumentSymbolProvider] 1 top-level symbols returned
2025-03-12 15:14:29.247 [info] [VerilogDocumentSymbolProvider] [VerilogSymbol] Symbols Requested: file:///home/sgass/Projects/kepler/hdl/rtl/axis/axis_point_to_multipoint_hub.sv
2025-03-12 15:14:29.247 [info] [VerilogDocumentSymbolProvider] 1 top-level symbols returned
2025-03-12 15:14:30.797 [info] [VerilogDocumentSymbolProvider] [VerilogSymbol] Symbols Requested: file:///home/sgass/Projects/kepler/hdl/rtl/axis/axis_point_to_multipoint_hub.sv
2025-03-12 15:14:30.798 [info] [VerilogDocumentSymbolProvider] 1 top-level symbols returned
2025-03-12 15:14:32.079 [info] [VerilogDocumentSymbolProvider] [VerilogSymbol] Symbols Requested: file:///home/sgass/Projects/kepler/hdl/rtl/axis/axis_point_to_multipoint_hub.sv
2025-03-12 15:14:32.079 [info] [VerilogDocumentSymbolProvider] 1 top-level symbols returned
2025-03-12 15:14:34.038 [info] [VerilogDocumentSymbolProvider] [VerilogSymbol] Symbols Requested: file:///home/sgass/Projects/kepler/hdl/rtl/axis/axis_point_to_multipoint_hub.sv
2025-03-12 15:14:34.038 [info] [VerilogDocumentSymbolProvider] 1 top-level symbols returned
2025-03-12 15:14:39.990 [info] [VerilogDocumentSymbolProvider] [VerilogSymbol] Symbols Requested: file:///home/sgass/Projects/kepler/hdl/rtl/axis/axis_point_to_multipoint_hub.sv
2025-03-12 15:14:39.990 [info] [VerilogDocumentSymbolProvider] 1 top-level symbols returned
2025-03-12 15:14:43.585 [info] [VerilogHoverProvider] Hover requested
2025-03-12 15:14:43.816 [info] [VerilogHoverProvider] Hover requested
2025-03-12 15:14:44.031 [warning] [VerilogHoverProvider] Hover object not found
2025-03-12 15:14:44.333 [info] [VerilogHoverProvider] Hover requested
2025-03-12 15:14:57.250 [info] [VerilogCompletionItemProvider] Completion items requested
2025-03-12 15:14:57.251 [info] [VerilogCompletionItemProvider] 19 items requested
2025-03-12 15:14:57.600 [info] [VerilogDocumentSymbolProvider] [VerilogSymbol] Symbols Requested: file:///home/sgass/Projects/kepler/hdl/rtl/axis/axis_point_to_multipoint_hub.sv
2025-03-12 15:14:57.600 [info] [VerilogDocumentSymbolProvider] 1 top-level symbols returned
2025-03-12 15:15:01.103 [info] [VerilogDocumentSymbolProvider] [VerilogSymbol] Symbols Requested: file:///home/sgass/Projects/kepler/hdl/rtl/axis/axis_point_to_multipoint_hub.sv
2025-03-12 15:15:01.104 [info] [VerilogDocumentSymbolProvider] 1 top-level symbols returned
2025-03-12 15:15:03.838 [info] [VerilogDocumentSymbolProvider] [VerilogSymbol] Symbols Requested: file:///home/sgass/Projects/kepler/hdl/rtl/axis/axis_point_to_multipoint_hub.sv
2025-03-12 15:15:03.839 [info] [VerilogDocumentSymbolProvider] 1 top-level symbols returned
2025-03-12 15:15:06.974 [info] [VerilogDocumentSymbolProvider] [VerilogSymbol] Symbols Requested: file:///home/sgass/Projects/kepler/hdl/rtl/axis/axis_point_to_multipoint_hub.sv
2025-03-12 15:15:06.974 [info] [VerilogDocumentSymbolProvider] 1 top-level symbols returned
2025-03-12 15:15:07.559 [info] [VerilogDocumentSymbolProvider] [VerilogSymbol] Symbols Requested: file:///home/sgass/Projects/kepler/hdl/rtl/axis/axis_point_to_multipoint_hub.sv
2025-03-12 15:15:07.559 [info] [VerilogDocumentSymbolProvider] 1 top-level symbols returned
2025-03-12 15:15:07.934 [info] [VerilogDocumentSymbolProvider] [VerilogSymbol] Symbols Requested: file:///home/sgass/Projects/kepler/hdl/rtl/axis/axis_point_to_multipoint_hub.sv
2025-03-12 15:15:07.934 [info] [VerilogDocumentSymbolProvider] 1 top-level symbols returned
2025-03-12 15:15:08.601 [info] [VerilogCompletionItemProvider] Completion items requested
2025-03-12 15:15:08.601 [info] [VerilogCompletionItemProvider] 19 items requested
2025-03-12 15:15:08.951 [info] [VerilogDocumentSymbolProvider] [VerilogSymbol] Symbols Requested: file:///home/sgass/Projects/kepler/hdl/rtl/axis/axis_point_to_multipoint_hub.sv
2025-03-12 15:15:08.951 [info] [VerilogDocumentSymbolProvider] 1 top-level symbols returned
2025-03-12 15:15:09.870 [info] [VerilogDocumentSymbolProvider] [VerilogSymbol] Symbols Requested: file:///home/sgass/Projects/kepler/hdl/rtl/axis/axis_point_to_multipoint_hub.sv
2025-03-12 15:15:09.870 [info] [VerilogDocumentSymbolProvider] 1 top-level symbols returned
2025-03-12 15:15:11.567 [info] [VerilogDocumentSymbolProvider] [VerilogSymbol] Symbols Requested: file:///home/sgass/Projects/kepler/hdl/rtl/axis/axis_point_to_multipoint_hub.sv
2025-03-12 15:15:11.567 [info] [VerilogDocumentSymbolProvider] 1 top-level symbols returned
2025-03-12 15:15:12.991 [info] [VerilogDocumentSymbolProvider] [VerilogSymbol] Symbols Requested: file:///home/sgass/Projects/kepler/hdl/rtl/axis/axis_point_to_multipoint_hub.sv
2025-03-12 15:15:12.991 [info] [VerilogDocumentSymbolProvider] 1 top-level symbols returned
2025-03-12 15:15:17.630 [info] on save
2025-03-12 15:15:17.980 [info] [VerilogDocumentSymbolProvider] [VerilogSymbol] Symbols Requested: file:///home/sgass/Projects/kepler/hdl/rtl/axis/axis_point_to_multipoint_hub.sv
2025-03-12 15:15:17.980 [info] indexing "/home/sgass/Projects/kepler/hdl/rtl/axis/axis_point_to_multipoint_hub.sv"
2025-03-12 15:15:17.980 [info] executing ctags
2025-03-12 15:15:17.980 [info] Executing Command: ctags -f - --fields=+K --sort=no --excmd=n --fields-SystemVerilog=+{parameter} "/home/sgass/Projects/kepler/hdl/rtl/axis/axis_point_to_multipoint_hub.sv"
2025-03-12 15:15:17.985 [info] building symbols
2025-03-12 15:15:17.985 [info] [VerilogDocumentSymbolProvider] 1 top-level symbols returned
2025-03-12 15:15:19.135 [info] [VerilogHoverProvider] Hover requested
2025-03-12 15:15:19.530 [info] [VerilogHoverProvider] Hover object returned
2025-03-12 15:15:25.823 [info] [VerilogHoverProvider] Hover requested
2025-03-12 15:15:29.922 [info] [VerilogDocumentSymbolProvider] [VerilogSymbol] Symbols Requested: file:///home/sgass/Projects/kepler/hdl/rtl/axis/axis_point_to_multipoint_hub.sv
2025-03-12 15:15:29.922 [info] [VerilogDocumentSymbolProvider] 1 top-level symbols returned
2025-03-12 15:15:31.213 [info] [VerilogDocumentSymbolProvider] [VerilogSymbol] Symbols Requested: file:///home/sgass/Projects/kepler/hdl/rtl/axis/axis_point_to_multipoint_hub.sv
2025-03-12 15:15:31.214 [info] [VerilogDocumentSymbolProvider] 1 top-level symbols returned
2025-03-12 15:15:32.238 [info] [VerilogDocumentSymbolProvider] [VerilogSymbol] Symbols Requested: file:///home/sgass/Projects/kepler/hdl/rtl/axis/axis_point_to_multipoint_hub.sv
2025-03-12 15:15:32.239 [info] [VerilogDocumentSymbolProvider] 1 top-level symbols returned
2025-03-12 15:15:33.247 [info] [VerilogDocumentSymbolProvider] [VerilogSymbol] Symbols Requested: file:///home/sgass/Projects/kepler/hdl/rtl/axis/axis_point_to_multipoint_hub.sv
2025-03-12 15:15:33.247 [info] [VerilogDocumentSymbolProvider] 1 top-level symbols returned
2025-03-12 15:15:35.303 [info] [VerilogDocumentSymbolProvider] [VerilogSymbol] Symbols Requested: file:///home/sgass/Projects/kepler/hdl/rtl/axis/axis_point_to_multipoint_hub.sv
2025-03-12 15:15:35.303 [info] [VerilogDocumentSymbolProvider] 1 top-level symbols returned
2025-03-12 15:15:37.222 [info] [VerilogDocumentSymbolProvider] [VerilogSymbol] Symbols Requested: file:///home/sgass/Projects/kepler/hdl/rtl/axis/axis_point_to_multipoint_hub.sv
2025-03-12 15:15:37.223 [info] [VerilogDocumentSymbolProvider] 1 top-level symbols returned
2025-03-12 15:15:50.983 [info] [VerilogDocumentSymbolProvider] [VerilogSymbol] Symbols Requested: file:///home/sgass/Projects/kepler/hdl/rtl/axis/axis_point_to_multipoint_hub.sv
2025-03-12 15:15:50.984 [info] [VerilogDocumentSymbolProvider] 1 top-level symbols returned
2025-03-12 15:15:53.878 [info] [VerilogDocumentSymbolProvider] [VerilogSymbol] Symbols Requested: file:///home/sgass/Projects/kepler/hdl/rtl/axis/axis_point_to_multipoint_hub.sv
2025-03-12 15:15:53.878 [info] [VerilogDocumentSymbolProvider] 1 top-level symbols returned
2025-03-12 15:15:57.143 [info] [VerilogDocumentSymbolProvider] [VerilogSymbol] Symbols Requested: file:///home/sgass/Projects/kepler/hdl/rtl/axis/axis_point_to_multipoint_hub.sv
2025-03-12 15:15:57.144 [info] [VerilogDocumentSymbolProvider] 1 top-level symbols returned
2025-03-12 15:15:59.335 [info] [VerilogDocumentSymbolProvider] [VerilogSymbol] Symbols Requested: file:///home/sgass/Projects/kepler/hdl/rtl/axis/axis_point_to_multipoint_hub.sv
2025-03-12 15:15:59.336 [info] [VerilogDocumentSymbolProvider] 1 top-level symbols returned
2025-03-12 15:16:03.950 [info] [VerilogDocumentSymbolProvider] [VerilogSymbol] Symbols Requested: file:///home/sgass/Projects/kepler/hdl/rtl/axis/axis_point_to_multipoint_hub.sv
2025-03-12 15:16:03.951 [info] [VerilogDocumentSymbolProvider] 1 top-level symbols returned
2025-03-12 15:16:04.905 [info] [VerilogDocumentSymbolProvider] [VerilogSymbol] Symbols Requested: file:///home/sgass/Projects/kepler/hdl/rtl/axis/axis_point_to_multipoint_hub.sv
2025-03-12 15:16:04.905 [info] [VerilogDocumentSymbolProvider] 1 top-level symbols returned
2025-03-12 15:16:05.647 [info] [VerilogDocumentSymbolProvider] [VerilogSymbol] Symbols Requested: file:///home/sgass/Projects/kepler/hdl/rtl/axis/axis_point_to_multipoint_hub.sv
2025-03-12 15:16:05.648 [info] [VerilogDocumentSymbolProvider] 1 top-level symbols returned
2025-03-12 15:16:11.598 [info] [VerilogDocumentSymbolProvider] [VerilogSymbol] Symbols Requested: file:///home/sgass/Projects/kepler/hdl/rtl/axis/axis_point_to_multipoint_hub.sv
2025-03-12 15:16:11.599 [info] [VerilogDocumentSymbolProvider] 1 top-level symbols returned
2025-03-12 15:16:14.215 [info] [VerilogDocumentSymbolProvider] [VerilogSymbol] Symbols Requested: file:///home/sgass/Projects/kepler/hdl/rtl/axis/axis_point_to_multipoint_hub.sv
2025-03-12 15:16:14.215 [info] [VerilogDocumentSymbolProvider] 1 top-level symbols returned
2025-03-12 15:16:14.888 [info] [VerilogDocumentSymbolProvider] [VerilogSymbol] Symbols Requested: file:///home/sgass/Projects/kepler/hdl/rtl/axis/axis_point_to_multipoint_hub.sv
2025-03-12 15:16:14.888 [info] [VerilogDocumentSymbolProvider] 1 top-level symbols returned
2025-03-12 15:16:16.414 [info] [VerilogDocumentSymbolProvider] [VerilogSymbol] Symbols Requested: file:///home/sgass/Projects/kepler/hdl/rtl/axis/axis_point_to_multipoint_hub.sv
2025-03-12 15:16:16.415 [info] [VerilogDocumentSymbolProvider] 1 top-level symbols returned
2025-03-12 15:16:19.022 [info] [VerilogDocumentSymbolProvider] [VerilogSymbol] Symbols Requested: file:///home/sgass/Projects/kepler/hdl/rtl/axis/axis_point_to_multipoint_hub.sv
2025-03-12 15:16:19.022 [info] [VerilogDocumentSymbolProvider] 1 top-level symbols returned
2025-03-12 15:16:31.079 [info] [VerilogDocumentSymbolProvider] [VerilogSymbol] Symbols Requested: file:///home/sgass/Projects/kepler/hdl/rtl/axis/axis_point_to_multipoint_hub.sv
2025-03-12 15:16:31.079 [info] [VerilogDocumentSymbolProvider] 1 top-level symbols returned
2025-03-12 15:16:37.344 [info] [VerilogHoverProvider] Hover requested
2025-03-12 15:16:37.768 [warning] [VerilogHoverProvider] Hover object not found
2025-03-12 15:16:38.585 [info] [VerilogHoverProvider] Hover requested
2025-03-12 15:16:38.984 [warning] [VerilogHoverProvider] Hover object not found
2025-03-12 15:16:39.644 [info] [VerilogHoverProvider] Hover requested
2025-03-12 15:16:40.058 [warning] [VerilogHoverProvider] Hover object not found
2025-03-12 15:17:52.304 [info] [VerilogHoverProvider] Hover requested
2025-03-12 15:17:55.037 [info] [VerilogHoverProvider] Hover requested
2025-03-12 15:17:55.463 [info] [VerilogHoverProvider] Hover object returned
2025-03-12 15:17:56.617 [info] [VerilogDefinitionProvider] Definitions Requested: file:///home/sgass/Projects/kepler/hdl/rtl/axis/axis_point_to_multipoint_hub.sv
2025-03-12 15:17:56.637 [info] [VerilogDefinitionProvider] Definitions Requested: file:///home/sgass/Projects/kepler/hdl/rtl/axis/axis_point_to_multipoint_hub.sv
2025-03-12 15:17:56.653 [info] [VerilogDefinitionProvider] Definitions Requested: file:///home/sgass/Projects/kepler/hdl/rtl/axis/axis_point_to_multipoint_hub.sv
2025-03-12 15:17:57.081 [info] [VerilogDefinitionProvider] 1 definitions returned
2025-03-12 15:17:57.119 [info] [VerilogDefinitionProvider] 1 definitions returned
2025-03-12 15:17:57.132 [info] [VerilogDefinitionProvider] 0 definitions returned
2025-03-12 15:17:59.169 [info] [VerilogHoverProvider] Hover requested
2025-03-12 15:18:00.494 [info] [VerilogDocumentSymbolProvider] [VerilogSymbol] Symbols Requested: file:///home/sgass/Projects/kepler/hdl/rtl/axis/axis_point_to_multipoint_hub.sv
2025-03-12 15:18:00.494 [info] [VerilogDocumentSymbolProvider] 1 top-level symbols returned
2025-03-12 15:18:02.453 [info] [VerilogHoverProvider] Hover requested
2025-03-12 15:18:02.845 [info] [VerilogHoverProvider] Hover object returned
2025-03-12 15:18:03.086 [info] [VerilogHoverProvider] Hover requested
2025-03-12 15:18:03.334 [info] [VerilogHoverProvider] Hover requested
2025-03-12 15:18:03.499 [warning] [VerilogHoverProvider] Hover object not found
2025-03-12 15:18:03.721 [info] [VerilogHoverProvider] Hover object returned
2025-03-12 15:18:07.544 [info] [VerilogHoverProvider] Hover requested
2025-03-12 15:18:08.888 [info] [VerilogDocumentSymbolProvider] [VerilogSymbol] Symbols Requested: file:///home/sgass/Projects/kepler/hdl/rtl/axis/axis_point_to_multipoint_hub.sv
2025-03-12 15:18:08.889 [info] [VerilogDocumentSymbolProvider] 1 top-level symbols returned
2025-03-12 15:18:09.802 [info] [VerilogHoverProvider] Hover requested
2025-03-12 15:18:10.100 [info] [VerilogHoverProvider] Hover requested
2025-03-12 15:18:10.295 [info] [VerilogHoverProvider] Hover object returned
2025-03-12 15:18:11.751 [info] [VerilogDocumentSymbolProvider] [VerilogSymbol] Symbols Requested: file:///home/sgass/Projects/kepler/hdl/rtl/axis/axis_point_to_multipoint_hub.sv
2025-03-12 15:18:11.751 [info] [VerilogDocumentSymbolProvider] 1 top-level symbols returned
2025-03-12 15:18:12.236 [info] [VerilogHoverProvider] Hover requested
2025-03-12 15:18:13.192 [info] [VerilogDocumentSymbolProvider] [VerilogSymbol] Symbols Requested: file:///home/sgass/Projects/kepler/hdl/rtl/axis/axis_point_to_multipoint_hub.sv
2025-03-12 15:18:13.192 [info] [VerilogDocumentSymbolProvider] 1 top-level symbols returned
2025-03-12 15:18:15.669 [info] [VerilogHoverProvider] Hover requested
2025-03-12 15:18:16.001 [info] [VerilogHoverProvider] Hover requested
2025-03-12 15:18:16.067 [info] [VerilogHoverProvider] Hover object returned
2025-03-12 15:18:16.424 [info] [VerilogHoverProvider] Hover object returned
2025-03-12 15:18:17.159 [info] [VerilogHoverProvider] Hover requested
2025-03-12 15:18:17.599 [warning] [VerilogHoverProvider] Hover object not found
2025-03-12 15:18:18.414 [info] [VerilogDefinitionProvider] Definitions Requested: file:///home/sgass/Projects/kepler/hdl/rtl/axis/axis_point_to_multipoint_hub.sv
2025-03-12 15:18:18.863 [info] [VerilogDefinitionProvider] 0 definitions returned
2025-03-12 15:18:20.929 [info] [VerilogHoverProvider] Hover requested
2025-03-12 15:18:22.686 [info] [VerilogDocumentSymbolProvider] [VerilogSymbol] Symbols Requested: file:///home/sgass/Projects/kepler/hdl/rtl/axis/axis_point_to_multipoint_hub.sv
2025-03-12 15:18:22.686 [info] [VerilogDocumentSymbolProvider] 1 top-level symbols returned
2025-03-12 15:18:25.692 [info] [VerilogHoverProvider] Hover requested
2025-03-12 15:18:25.907 [info] [VerilogHoverProvider] Hover requested
2025-03-12 15:18:26.165 [warning] [VerilogHoverProvider] Hover object not found
2025-03-12 15:18:26.296 [info] [VerilogHoverProvider] Hover object returned
2025-03-12 15:18:27.427 [info] [VerilogDefinitionProvider] Definitions Requested: file:///home/sgass/Projects/kepler/hdl/rtl/axis/axis_point_to_multipoint_hub.sv
2025-03-12 15:18:27.442 [info] [VerilogDefinitionProvider] Definitions Requested: file:///home/sgass/Projects/kepler/hdl/rtl/axis/axis_point_to_multipoint_hub.sv
2025-03-12 15:18:27.868 [info] [VerilogDefinitionProvider] 0 definitions returned
2025-03-12 15:18:27.871 [info] [VerilogDefinitionProvider] 1 definitions returned
2025-03-12 15:18:29.486 [info] [VerilogHoverProvider] Hover requested
2025-03-12 15:18:31.217 [info] [VerilogDocumentSymbolProvider] [VerilogSymbol] Symbols Requested: file:///home/sgass/Projects/kepler/hdl/rtl/axis/axis_point_to_multipoint_hub.sv
2025-03-12 15:18:31.217 [info] [VerilogDocumentSymbolProvider] 1 top-level symbols returned
2025-03-12 15:18:31.864 [info] [VerilogDocumentSymbolProvider] [VerilogSymbol] Symbols Requested: file:///home/sgass/Projects/kepler/hdl/rtl/axis/axis_point_to_multipoint_hub.sv
2025-03-12 15:18:31.865 [info] [VerilogDocumentSymbolProvider] 1 top-level symbols returned
2025-03-12 15:21:08.636 [info] [VerilogHoverProvider] Hover requested
2025-03-12 15:21:09.031 [info] [VerilogHoverProvider] Hover object returned
2025-03-12 15:21:20.337 [info] [VerilogHoverProvider] Hover requested
2025-03-12 15:21:20.828 [info] indexing "/home/sgass/Projects/kepler/hdl/vivado/workspace/vitis_net_p4_t2_0902_ex/vitis_net_p4_t2_0902_ex.gen/sources_1/ip/vitis_net_p4_t2_0902/src/hw/include/interfaces.sv"
2025-03-12 15:21:20.828 [info] executing ctags
2025-03-12 15:21:20.828 [info] Executing Command: ctags -f - --fields=+K --sort=no --excmd=n --fields-SystemVerilog=+{parameter} "/home/sgass/Projects/kepler/hdl/vivado/workspace/vitis_net_p4_t2_0902_ex/vitis_net_p4_t2_0902_ex.gen/sources_1/ip/vitis_net_p4_t2_0902/src/hw/include/interfaces.sv"
2025-03-12 15:21:20.831 [info] building symbols
2025-03-12 15:21:20.831 [error] No output from ctags
2025-03-12 15:21:20.831 [warning] [VerilogHoverProvider] Hover object not found
2025-03-12 15:22:05.003 [info] [VerilogDocumentSymbolProvider] [VerilogSymbol] Symbols Requested: file:///home/sgass/Projects/kepler/hdl/rtl/axis/axis_point_to_multipoint_hub.sv
2025-03-12 15:22:05.003 [info] [VerilogDocumentSymbolProvider] 1 top-level symbols returned
2025-03-12 15:22:05.496 [info] [VerilogDocumentSymbolProvider] [VerilogSymbol] Symbols Requested: file:///home/sgass/Projects/kepler/hdl/rtl/axis/axis_point_to_multipoint_hub.sv
2025-03-12 15:22:05.496 [info] [VerilogDocumentSymbolProvider] 1 top-level symbols returned
2025-03-12 15:22:08.854 [info] [VerilogDocumentSymbolProvider] [VerilogSymbol] Symbols Requested: file:///home/sgass/Projects/kepler/hdl/rtl/axis/axis_point_to_multipoint_hub.sv
2025-03-12 15:22:08.855 [info] [VerilogDocumentSymbolProvider] 1 top-level symbols returned
2025-03-12 15:22:09.289 [info] [VerilogDocumentSymbolProvider] [VerilogSymbol] Symbols Requested: file:///home/sgass/Projects/kepler/hdl/rtl/axis/axis_point_to_multipoint_hub.sv
2025-03-12 15:22:09.289 [info] [VerilogDocumentSymbolProvider] 1 top-level symbols returned
2025-03-12 15:22:10.116 [info] [VerilogHoverProvider] Hover requested
2025-03-12 15:22:10.623 [info] [VerilogHoverProvider] Hover object returned
2025-03-12 15:22:35.591 [info] [VerilogHoverProvider] Hover requested
2025-03-12 15:22:41.415 [info] [VerilogHoverProvider] Hover requested
2025-03-12 15:22:42.342 [info] on save
2025-03-12 15:22:45.550 [info] [VerilogHoverProvider] Hover requested
2025-03-12 15:22:46.070 [info] [VerilogHoverProvider] Hover object returned
2025-03-12 15:22:59.142 [info] [VerilogDocumentSymbolProvider] [VerilogSymbol] Symbols Requested: file:///home/sgass/Projects/kepler/hdl/rtl/ethernet/ethernet_point_to_multipoint_hub.sv
2025-03-12 15:22:59.148 [info] [VerilogDocumentSymbolProvider] 1 top-level symbols returned
2025-03-12 15:23:00.547 [info] [VerilogDocumentSymbolProvider] [VerilogSymbol] Symbols Requested: file:///home/sgass/Projects/kepler/hdl/rtl/ethernet/ethernet_point_to_multipoint_hub.sv
2025-03-12 15:23:00.553 [info] [VerilogDocumentSymbolProvider] 1 top-level symbols returned
2025-03-12 15:23:03.297 [info] [VerilogDocumentSymbolProvider] [VerilogSymbol] Symbols Requested: file:///home/sgass/Projects/kepler/hdl/rtl/ethernet/ethernet_point_to_multipoint_hub.sv
2025-03-12 15:23:03.303 [info] [VerilogDocumentSymbolProvider] 1 top-level symbols returned
2025-03-12 15:23:05.375 [info] [VerilogDocumentSymbolProvider] [VerilogSymbol] Symbols Requested: file:///home/sgass/Projects/kepler/hdl/rtl/ethernet/ethernet_point_to_multipoint_hub.sv
2025-03-12 15:23:05.380 [info] [VerilogDocumentSymbolProvider] 1 top-level symbols returned
2025-03-12 15:23:06.692 [info] [VerilogDocumentSymbolProvider] [VerilogSymbol] Symbols Requested: file:///home/sgass/Projects/kepler/hdl/rtl/ethernet/ethernet_point_to_multipoint_hub.sv
2025-03-12 15:23:06.697 [info] [VerilogDocumentSymbolProvider] 1 top-level symbols returned
2025-03-12 15:23:08.540 [info] [VerilogDocumentSymbolProvider] [VerilogSymbol] Symbols Requested: file:///home/sgass/Projects/kepler/hdl/rtl/ethernet/ethernet_point_to_multipoint_hub.sv
2025-03-12 15:23:08.547 [info] [VerilogDocumentSymbolProvider] 1 top-level symbols returned
2025-03-12 15:23:08.997 [info] [VerilogDocumentSymbolProvider] [VerilogSymbol] Symbols Requested: file:///home/sgass/Projects/kepler/hdl/rtl/ethernet/ethernet_point_to_multipoint_hub.sv
2025-03-12 15:23:09.003 [info] [VerilogDocumentSymbolProvider] 1 top-level symbols returned
2025-03-12 15:23:09.605 [info] [VerilogHoverProvider] Hover requested
2025-03-12 15:23:15.364 [info] [VerilogDocumentSymbolProvider] [VerilogSymbol] Symbols Requested: file:///home/sgass/Projects/kepler/hdl/rtl/ethernet/ethernet_point_to_multipoint_hub.sv
2025-03-12 15:23:15.370 [info] [VerilogDocumentSymbolProvider] 1 top-level symbols returned
2025-03-12 15:23:16.249 [info] [VerilogDocumentSymbolProvider] [VerilogSymbol] Symbols Requested: file:///home/sgass/Projects/kepler/hdl/rtl/ethernet/ethernet_point_to_multipoint_hub.sv
2025-03-12 15:23:16.255 [info] [VerilogDocumentSymbolProvider] 1 top-level symbols returned
2025-03-12 15:23:16.746 [info] [VerilogDocumentSymbolProvider] [VerilogSymbol] Symbols Requested: file:///home/sgass/Projects/kepler/hdl/rtl/ethernet/ethernet_point_to_multipoint_hub.sv
2025-03-12 15:23:16.752 [info] [VerilogDocumentSymbolProvider] 1 top-level symbols returned
2025-03-12 15:23:17.275 [info] [VerilogDocumentSymbolProvider] [VerilogSymbol] Symbols Requested: file:///home/sgass/Projects/kepler/hdl/rtl/ethernet/ethernet_point_to_multipoint_hub.sv
2025-03-12 15:23:17.281 [info] [VerilogDocumentSymbolProvider] 1 top-level symbols returned
2025-03-12 15:23:18.408 [info] [VerilogHoverProvider] Hover requested
2025-03-12 15:23:18.831 [warning] [VerilogHoverProvider] Hover object not found
2025-03-12 15:23:26.085 [info] [VerilogHoverProvider] Hover requested
2025-03-12 15:23:26.481 [warning] [VerilogHoverProvider] Hover object not found
2025-03-12 15:23:26.734 [info] [VerilogHoverProvider] Hover requested
2025-03-12 15:23:27.190 [warning] [VerilogHoverProvider] Hover object not found
2025-03-12 15:23:28.450 [info] [VerilogDocumentSymbolProvider] [VerilogSymbol] Symbols Requested: file:///home/sgass/Projects/kepler/hdl/rtl/ethernet/ethernet_point_to_multipoint_hub.sv
2025-03-12 15:23:28.457 [info] [VerilogDocumentSymbolProvider] 1 top-level symbols returned
2025-03-12 15:23:32.049 [info] [VerilogHoverProvider] Hover requested
2025-03-12 15:23:32.434 [warning] [VerilogHoverProvider] Hover object not found
2025-03-12 15:23:33.641 [info] [VerilogHoverProvider] Hover requested
2025-03-12 15:23:37.879 [info] [VerilogHoverProvider] Hover requested
2025-03-12 15:23:38.262 [warning] [VerilogHoverProvider] Hover object not found
2025-03-12 15:23:44.885 [info] [VerilogDefinitionProvider] Definitions Requested: file:///home/sgass/Projects/kepler/hdl/rtl/ethernet/ethernet_point_to_multipoint_hub.sv
2025-03-12 15:23:45.263 [info] [VerilogDefinitionProvider] 0 definitions returned
2025-03-12 15:23:45.347 [info] [VerilogDefinitionProvider] Definitions Requested: file:///home/sgass/Projects/kepler/hdl/rtl/ethernet/ethernet_point_to_multipoint_hub.sv
2025-03-12 15:23:45.772 [info] [VerilogDefinitionProvider] 0 definitions returned
2025-03-12 15:23:47.515 [info] [VerilogHoverProvider] Hover requested
2025-03-12 15:23:47.934 [warning] [VerilogHoverProvider] Hover object not found
2025-03-12 15:25:32.510 [info] [VerilogHoverProvider] Hover requested
2025-03-12 15:25:32.989 [info] [VerilogHoverProvider] Hover object returned
2025-03-12 15:25:33.024 [info] [VerilogHoverProvider] Hover requested
2025-03-12 15:25:33.418 [warning] [VerilogHoverProvider] Hover object not found
2025-03-12 15:25:33.639 [info] [VerilogDefinitionProvider] Definitions Requested: file:///home/sgass/Projects/kepler/hdl/rtl/ethernet/ethernet_point_to_multipoint_hub.sv
2025-03-12 15:25:34.059 [info] [VerilogDefinitionProvider] 0 definitions returned
2025-03-12 15:25:34.168 [info] [VerilogDocumentSymbolProvider] [VerilogSymbol] Symbols Requested: file:///home/sgass/Projects/kepler/hdl/rtl/ethernet/ethernet_point_to_multipoint_hub.sv
2025-03-12 15:25:34.170 [info] [VerilogDocumentSymbolProvider] 1 top-level symbols returned
2025-03-12 15:25:40.045 [info] [VerilogHoverProvider] Hover requested
2025-03-12 15:25:40.490 [warning] [VerilogHoverProvider] Hover object not found
2025-03-12 15:25:40.608 [info] [VerilogHoverProvider] Hover requested
2025-03-12 15:25:41.050 [warning] [VerilogHoverProvider] Hover object not found
2025-03-12 15:25:41.246 [info] [VerilogHoverProvider] Hover requested
2025-03-12 15:25:41.661 [warning] [VerilogHoverProvider] Hover object not found
2025-03-12 15:25:59.564 [info] [VerilogHoverProvider] Hover requested
2025-03-12 15:25:59.996 [warning] [VerilogHoverProvider] Hover object not found
2025-03-12 15:26:14.953 [info] [VerilogDocumentSymbolProvider] [VerilogSymbol] Symbols Requested: file:///home/sgass/Projects/kepler/hdl/rtl/ethernet/ethernet_point_to_multipoint_hub.sv
2025-03-12 15:26:14.959 [info] [VerilogDocumentSymbolProvider] 1 top-level symbols returned
2025-03-12 15:26:15.314 [info] [VerilogDocumentSymbolProvider] [VerilogSymbol] Symbols Requested: file:///home/sgass/Projects/kepler/hdl/rtl/ethernet/ethernet_point_to_multipoint_hub.sv
2025-03-12 15:26:15.320 [info] [VerilogDocumentSymbolProvider] 1 top-level symbols returned
2025-03-12 15:26:16.056 [info] [VerilogDocumentSymbolProvider] [VerilogSymbol] Symbols Requested: file:///home/sgass/Projects/kepler/hdl/rtl/ethernet/ethernet_point_to_multipoint_hub.sv
2025-03-12 15:26:16.062 [info] [VerilogDocumentSymbolProvider] 1 top-level symbols returned
2025-03-12 15:26:22.355 [info] [VerilogDocumentSymbolProvider] [VerilogSymbol] Symbols Requested: file:///home/sgass/Projects/kepler/hdl/rtl/ethernet/ethernet_point_to_multipoint_hub.sv
2025-03-12 15:26:22.361 [info] [VerilogDocumentSymbolProvider] 1 top-level symbols returned
2025-03-12 15:26:24.660 [info] [VerilogDocumentSymbolProvider] [VerilogSymbol] Symbols Requested: file:///home/sgass/Projects/kepler/hdl/rtl/ethernet/ethernet_point_to_multipoint_hub.sv
2025-03-12 15:26:24.666 [info] [VerilogDocumentSymbolProvider] 1 top-level symbols returned
2025-03-12 15:26:28.200 [info] [VerilogDocumentSymbolProvider] [VerilogSymbol] Symbols Requested: file:///home/sgass/Projects/kepler/hdl/rtl/ethernet/ethernet_point_to_multipoint_hub.sv
2025-03-12 15:26:28.207 [info] [VerilogDocumentSymbolProvider] 1 top-level symbols returned
2025-03-12 15:26:30.488 [info] [VerilogDocumentSymbolProvider] [VerilogSymbol] Symbols Requested: file:///home/sgass/Projects/kepler/hdl/rtl/ethernet/ethernet_point_to_multipoint_hub.sv
2025-03-12 15:26:30.493 [info] [VerilogDocumentSymbolProvider] 1 top-level symbols returned
2025-03-12 15:26:38.045 [info] [VerilogDocumentSymbolProvider] [VerilogSymbol] Symbols Requested: file:///home/sgass/Projects/kepler/hdl/rtl/ethernet/ethernet_point_to_multipoint_hub.sv
2025-03-12 15:26:38.052 [info] [VerilogDocumentSymbolProvider] 1 top-level symbols returned
2025-03-12 15:26:39.759 [info] [VerilogDocumentSymbolProvider] [VerilogSymbol] Symbols Requested: file:///home/sgass/Projects/kepler/hdl/rtl/ethernet/ethernet_point_to_multipoint_hub.sv
2025-03-12 15:26:39.764 [info] [VerilogDocumentSymbolProvider] 1 top-level symbols returned
2025-03-12 15:26:40.642 [info] [VerilogDocumentSymbolProvider] [VerilogSymbol] Symbols Requested: file:///home/sgass/Projects/kepler/hdl/rtl/ethernet/ethernet_point_to_multipoint_hub.sv
2025-03-12 15:26:40.648 [info] [VerilogDocumentSymbolProvider] 1 top-level symbols returned
2025-03-12 15:26:42.350 [info] [VerilogDocumentSymbolProvider] [VerilogSymbol] Symbols Requested: file:///home/sgass/Projects/kepler/hdl/rtl/ethernet/ethernet_point_to_multipoint_hub.sv
2025-03-12 15:26:42.356 [info] [VerilogDocumentSymbolProvider] 1 top-level symbols returned
2025-03-12 15:26:49.870 [info] [VerilogDocumentSymbolProvider] [VerilogSymbol] Symbols Requested: file:///home/sgass/Projects/kepler/hdl/rtl/ethernet/ethernet_point_to_multipoint_hub.sv
2025-03-12 15:26:49.876 [info] [VerilogDocumentSymbolProvider] 1 top-level symbols returned
2025-03-12 15:26:52.234 [info] [VerilogDocumentSymbolProvider] [VerilogSymbol] Symbols Requested: file:///home/sgass/Projects/kepler/hdl/rtl/ethernet/ethernet_point_to_multipoint_hub.sv
2025-03-12 15:26:52.240 [info] [VerilogDocumentSymbolProvider] 1 top-level symbols returned
2025-03-12 15:26:53.484 [info] [VerilogDocumentSymbolProvider] [VerilogSymbol] Symbols Requested: file:///home/sgass/Projects/kepler/hdl/rtl/ethernet/ethernet_point_to_multipoint_hub.sv
2025-03-12 15:26:53.489 [info] [VerilogDocumentSymbolProvider] 1 top-level symbols returned
2025-03-12 15:26:56.558 [info] [VerilogDocumentSymbolProvider] [VerilogSymbol] Symbols Requested: file:///home/sgass/Projects/kepler/hdl/rtl/ethernet/ethernet_point_to_multipoint_hub.sv
2025-03-12 15:26:56.564 [info] [VerilogDocumentSymbolProvider] 1 top-level symbols returned
2025-03-12 15:27:05.378 [info] [VerilogDocumentSymbolProvider] [VerilogSymbol] Symbols Requested: file:///home/sgass/Projects/kepler/hdl/rtl/ethernet/ethernet_point_to_multipoint_hub.sv
2025-03-12 15:27:05.383 [info] [VerilogDocumentSymbolProvider] 1 top-level symbols returned
2025-03-12 15:27:07.494 [info] [VerilogDocumentSymbolProvider] [VerilogSymbol] Symbols Requested: file:///home/sgass/Projects/kepler/hdl/rtl/ethernet/ethernet_point_to_multipoint_hub.sv
2025-03-12 15:27:07.500 [info] [VerilogDocumentSymbolProvider] 1 top-level symbols returned
2025-03-12 15:27:09.330 [info] [VerilogDocumentSymbolProvider] [VerilogSymbol] Symbols Requested: file:///home/sgass/Projects/kepler/hdl/rtl/ethernet/ethernet_point_to_multipoint_hub.sv
2025-03-12 15:27:09.336 [info] [VerilogDocumentSymbolProvider] 1 top-level symbols returned
2025-03-12 15:27:10.682 [info] [VerilogDocumentSymbolProvider] [VerilogSymbol] Symbols Requested: file:///home/sgass/Projects/kepler/hdl/rtl/ethernet/ethernet_point_to_multipoint_hub.sv
2025-03-12 15:27:10.688 [info] [VerilogDocumentSymbolProvider] 1 top-level symbols returned
2025-03-12 15:27:13.349 [info] [VerilogDocumentSymbolProvider] [VerilogSymbol] Symbols Requested: file:///home/sgass/Projects/kepler/hdl/rtl/ethernet/ethernet_point_to_multipoint_hub.sv
2025-03-12 15:27:13.354 [info] [VerilogDocumentSymbolProvider] 1 top-level symbols returned
2025-03-12 15:27:14.057 [info] [VerilogDocumentSymbolProvider] [VerilogSymbol] Symbols Requested: file:///home/sgass/Projects/kepler/hdl/rtl/ethernet/ethernet_point_to_multipoint_hub.sv
2025-03-12 15:27:14.063 [info] [VerilogDocumentSymbolProvider] 1 top-level symbols returned
2025-03-12 15:27:17.369 [info] [VerilogDocumentSymbolProvider] [VerilogSymbol] Symbols Requested: file:///home/sgass/Projects/kepler/hdl/rtl/ethernet/ethernet_point_to_multipoint_hub.sv
2025-03-12 15:27:17.374 [info] [VerilogDocumentSymbolProvider] 1 top-level symbols returned
2025-03-12 15:27:28.352 [info] [VerilogCompletionItemProvider] Completion items requested
2025-03-12 15:27:28.353 [info] [VerilogCompletionItemProvider] 126 items requested
2025-03-12 15:27:28.703 [info] [VerilogDocumentSymbolProvider] [VerilogSymbol] Symbols Requested: file:///home/sgass/Projects/kepler/hdl/rtl/ethernet/ethernet_point_to_multipoint_hub.sv
2025-03-12 15:27:28.709 [info] [VerilogDocumentSymbolProvider] 1 top-level symbols returned
2025-03-12 15:27:29.571 [info] [VerilogDocumentSymbolProvider] [VerilogSymbol] Symbols Requested: file:///home/sgass/Projects/kepler/hdl/rtl/ethernet/ethernet_point_to_multipoint_hub.sv
2025-03-12 15:27:29.577 [info] [VerilogDocumentSymbolProvider] 1 top-level symbols returned
2025-03-12 15:27:30.019 [info] [VerilogDocumentSymbolProvider] [VerilogSymbol] Symbols Requested: file:///home/sgass/Projects/kepler/hdl/rtl/ethernet/ethernet_point_to_multipoint_hub.sv
2025-03-12 15:27:30.025 [info] [VerilogDocumentSymbolProvider] 1 top-level symbols returned
2025-03-12 15:27:31.788 [info] [VerilogDocumentSymbolProvider] [VerilogSymbol] Symbols Requested: file:///home/sgass/Projects/kepler/hdl/rtl/ethernet/ethernet_point_to_multipoint_hub.sv
2025-03-12 15:27:31.793 [info] [VerilogDocumentSymbolProvider] 1 top-level symbols returned
2025-03-12 15:27:32.471 [info] [VerilogDocumentSymbolProvider] [VerilogSymbol] Symbols Requested: file:///home/sgass/Projects/kepler/hdl/rtl/ethernet/ethernet_point_to_multipoint_hub.sv
2025-03-12 15:27:32.478 [info] [VerilogDocumentSymbolProvider] 1 top-level symbols returned
2025-03-12 15:27:33.507 [info] [VerilogDocumentSymbolProvider] [VerilogSymbol] Symbols Requested: file:///home/sgass/Projects/kepler/hdl/rtl/ethernet/ethernet_point_to_multipoint_hub.sv
2025-03-12 15:27:33.513 [info] [VerilogDocumentSymbolProvider] 1 top-level symbols returned
2025-03-12 15:27:34.840 [info] [VerilogDocumentSymbolProvider] [VerilogSymbol] Symbols Requested: file:///home/sgass/Projects/kepler/hdl/rtl/ethernet/ethernet_point_to_multipoint_hub.sv
2025-03-12 15:27:34.846 [info] [VerilogDocumentSymbolProvider] 1 top-level symbols returned
2025-03-12 15:27:36.045 [info] [VerilogDocumentSymbolProvider] [VerilogSymbol] Symbols Requested: file:///home/sgass/Projects/kepler/hdl/rtl/ethernet/ethernet_point_to_multipoint_hub.sv
2025-03-12 15:27:36.051 [info] [VerilogDocumentSymbolProvider] 1 top-level symbols returned
2025-03-12 15:27:38.577 [info] [VerilogDocumentSymbolProvider] [VerilogSymbol] Symbols Requested: file:///home/sgass/Projects/kepler/hdl/rtl/ethernet/ethernet_point_to_multipoint_hub.sv
2025-03-12 15:27:38.583 [info] [VerilogDocumentSymbolProvider] 1 top-level symbols returned
2025-03-12 15:27:40.900 [info] [VerilogDocumentSymbolProvider] [VerilogSymbol] Symbols Requested: file:///home/sgass/Projects/kepler/hdl/rtl/ethernet/ethernet_point_to_multipoint_hub.sv
2025-03-12 15:27:40.905 [info] [VerilogDocumentSymbolProvider] 1 top-level symbols returned
2025-03-12 15:27:41.880 [info] [VerilogDocumentSymbolProvider] [VerilogSymbol] Symbols Requested: file:///home/sgass/Projects/kepler/hdl/rtl/ethernet/ethernet_point_to_multipoint_hub.sv
2025-03-12 15:27:41.886 [info] [VerilogDocumentSymbolProvider] 1 top-level symbols returned
2025-03-12 15:27:43.054 [info] [VerilogDocumentSymbolProvider] [VerilogSymbol] Symbols Requested: file:///home/sgass/Projects/kepler/hdl/rtl/ethernet/ethernet_point_to_multipoint_hub.sv
2025-03-12 15:27:43.059 [info] [VerilogDocumentSymbolProvider] 1 top-level symbols returned
2025-03-12 15:27:43.684 [info] [VerilogDocumentSymbolProvider] [VerilogSymbol] Symbols Requested: file:///home/sgass/Projects/kepler/hdl/rtl/ethernet/ethernet_point_to_multipoint_hub.sv
2025-03-12 15:27:43.691 [info] [VerilogDocumentSymbolProvider] 1 top-level symbols returned
2025-03-12 15:27:44.514 [info] [VerilogDocumentSymbolProvider] [VerilogSymbol] Symbols Requested: file:///home/sgass/Projects/kepler/hdl/rtl/ethernet/ethernet_point_to_multipoint_hub.sv
2025-03-12 15:27:44.519 [info] [VerilogDocumentSymbolProvider] 1 top-level symbols returned
2025-03-12 15:27:46.763 [info] [VerilogDocumentSymbolProvider] [VerilogSymbol] Symbols Requested: file:///home/sgass/Projects/kepler/hdl/rtl/ethernet/ethernet_point_to_multipoint_hub.sv
2025-03-12 15:27:46.770 [info] [VerilogDocumentSymbolProvider] 1 top-level symbols returned
2025-03-12 15:27:48.071 [info] [VerilogDocumentSymbolProvider] [VerilogSymbol] Symbols Requested: file:///home/sgass/Projects/kepler/hdl/rtl/ethernet/ethernet_point_to_multipoint_hub.sv
2025-03-12 15:27:48.077 [info] [VerilogDocumentSymbolProvider] 1 top-level symbols returned
2025-03-12 15:27:49.112 [info] [VerilogDocumentSymbolProvider] [VerilogSymbol] Symbols Requested: file:///home/sgass/Projects/kepler/hdl/rtl/ethernet/ethernet_point_to_multipoint_hub.sv
2025-03-12 15:27:49.114 [info] [VerilogDocumentSymbolProvider] 1 top-level symbols returned
2025-03-12 15:27:50.260 [info] [VerilogDocumentSymbolProvider] [VerilogSymbol] Symbols Requested: file:///home/sgass/Projects/kepler/hdl/rtl/ethernet/ethernet_point_to_multipoint_hub.sv
2025-03-12 15:27:50.267 [info] [VerilogDocumentSymbolProvider] 1 top-level symbols returned
2025-03-12 15:27:52.332 [info] [VerilogDocumentSymbolProvider] [VerilogSymbol] Symbols Requested: file:///home/sgass/Projects/kepler/hdl/rtl/ethernet/ethernet_point_to_multipoint_hub.sv
2025-03-12 15:27:52.337 [info] [VerilogDocumentSymbolProvider] 1 top-level symbols returned
2025-03-12 15:27:53.106 [info] [VerilogDocumentSymbolProvider] [VerilogSymbol] Symbols Requested: file:///home/sgass/Projects/kepler/hdl/rtl/ethernet/ethernet_point_to_multipoint_hub.sv
2025-03-12 15:27:53.111 [info] [VerilogDocumentSymbolProvider] 1 top-level symbols returned
2025-03-12 15:27:55.075 [info] [VerilogDocumentSymbolProvider] [VerilogSymbol] Symbols Requested: file:///home/sgass/Projects/kepler/hdl/rtl/ethernet/ethernet_point_to_multipoint_hub.sv
2025-03-12 15:27:55.080 [info] [VerilogDocumentSymbolProvider] 1 top-level symbols returned
2025-03-12 15:27:57.299 [info] [VerilogDocumentSymbolProvider] [VerilogSymbol] Symbols Requested: file:///home/sgass/Projects/kepler/hdl/rtl/ethernet/ethernet_point_to_multipoint_hub.sv
2025-03-12 15:27:57.304 [info] [VerilogDocumentSymbolProvider] 1 top-level symbols returned
2025-03-12 15:27:59.490 [info] [VerilogDocumentSymbolProvider] [VerilogSymbol] Symbols Requested: file:///home/sgass/Projects/kepler/hdl/rtl/ethernet/ethernet_point_to_multipoint_hub.sv
2025-03-12 15:27:59.496 [info] [VerilogDocumentSymbolProvider] 1 top-level symbols returned
2025-03-12 15:28:01.176 [info] [VerilogDocumentSymbolProvider] [VerilogSymbol] Symbols Requested: file:///home/sgass/Projects/kepler/hdl/rtl/ethernet/ethernet_point_to_multipoint_hub.sv
2025-03-12 15:28:01.182 [info] [VerilogDocumentSymbolProvider] 1 top-level symbols returned
2025-03-12 15:28:02.399 [info] [VerilogDocumentSymbolProvider] [VerilogSymbol] Symbols Requested: file:///home/sgass/Projects/kepler/hdl/rtl/ethernet/ethernet_point_to_multipoint_hub.sv
2025-03-12 15:28:02.404 [info] [VerilogDocumentSymbolProvider] 1 top-level symbols returned
2025-03-12 15:28:02.851 [info] [VerilogDocumentSymbolProvider] [VerilogSymbol] Symbols Requested: file:///home/sgass/Projects/kepler/hdl/rtl/ethernet/ethernet_point_to_multipoint_hub.sv
2025-03-12 15:28:02.857 [info] [VerilogDocumentSymbolProvider] 1 top-level symbols returned
2025-03-12 15:28:03.254 [info] [VerilogDocumentSymbolProvider] [VerilogSymbol] Symbols Requested: file:///home/sgass/Projects/kepler/hdl/rtl/ethernet/ethernet_point_to_multipoint_hub.sv
2025-03-12 15:28:03.259 [info] [VerilogDocumentSymbolProvider] 1 top-level symbols returned
2025-03-12 15:28:03.643 [info] [VerilogDocumentSymbolProvider] [VerilogSymbol] Symbols Requested: file:///home/sgass/Projects/kepler/hdl/rtl/ethernet/ethernet_point_to_multipoint_hub.sv
2025-03-12 15:28:03.648 [info] [VerilogDocumentSymbolProvider] 1 top-level symbols returned
2025-03-12 15:28:05.381 [info] [VerilogDocumentSymbolProvider] [VerilogSymbol] Symbols Requested: file:///home/sgass/Projects/kepler/hdl/rtl/ethernet/ethernet_point_to_multipoint_hub.sv
2025-03-12 15:28:05.387 [info] [VerilogDocumentSymbolProvider] 1 top-level symbols returned
2025-03-12 15:28:06.945 [info] [VerilogDocumentSymbolProvider] [VerilogSymbol] Symbols Requested: file:///home/sgass/Projects/kepler/hdl/rtl/ethernet/ethernet_point_to_multipoint_hub.sv
2025-03-12 15:28:06.951 [info] [VerilogDocumentSymbolProvider] 1 top-level symbols returned
2025-03-12 15:28:08.477 [info] [VerilogDocumentSymbolProvider] [VerilogSymbol] Symbols Requested: file:///home/sgass/Projects/kepler/hdl/rtl/ethernet/ethernet_point_to_multipoint_hub.sv
2025-03-12 15:28:08.483 [info] [VerilogDocumentSymbolProvider] 1 top-level symbols returned
2025-03-12 15:28:09.505 [info] [VerilogHoverProvider] Hover requested
2025-03-12 15:28:09.923 [warning] [VerilogHoverProvider] Hover object not found
2025-03-12 15:28:16.676 [info] [VerilogHoverProvider] Hover requested
2025-03-12 15:28:17.108 [warning] [VerilogHoverProvider] Hover object not found
2025-03-12 15:28:17.705 [info] [VerilogHoverProvider] Hover requested
2025-03-12 15:28:17.993 [info] [VerilogHoverProvider] Hover requested
2025-03-12 15:28:18.758 [info] [VerilogHoverProvider] Hover requested
2025-03-12 15:28:19.191 [warning] [VerilogHoverProvider] Hover object not found
2025-03-12 15:28:19.913 [info] [VerilogDocumentSymbolProvider] [VerilogSymbol] Symbols Requested: file:///home/sgass/Projects/kepler/hdl/rtl/ethernet/ethernet_point_to_multipoint_hub.sv
2025-03-12 15:28:19.918 [info] [VerilogDocumentSymbolProvider] 1 top-level symbols returned
2025-03-12 15:28:20.789 [info] [VerilogDocumentSymbolProvider] [VerilogSymbol] Symbols Requested: file:///home/sgass/Projects/kepler/hdl/rtl/ethernet/ethernet_point_to_multipoint_hub.sv
2025-03-12 15:28:20.795 [info] [VerilogDocumentSymbolProvider] 1 top-level symbols returned
2025-03-12 15:28:25.150 [info] [VerilogDocumentSymbolProvider] [VerilogSymbol] Symbols Requested: file:///home/sgass/Projects/kepler/hdl/rtl/ethernet/ethernet_point_to_multipoint_hub.sv
2025-03-12 15:28:25.155 [info] [VerilogDocumentSymbolProvider] 1 top-level symbols returned
2025-03-12 15:28:26.959 [info] [VerilogDocumentSymbolProvider] [VerilogSymbol] Symbols Requested: file:///home/sgass/Projects/kepler/hdl/rtl/ethernet/ethernet_point_to_multipoint_hub.sv
2025-03-12 15:28:26.965 [info] [VerilogDocumentSymbolProvider] 1 top-level symbols returned
2025-03-12 15:28:27.949 [info] [VerilogDocumentSymbolProvider] [VerilogSymbol] Symbols Requested: file:///home/sgass/Projects/kepler/hdl/rtl/ethernet/ethernet_point_to_multipoint_hub.sv
2025-03-12 15:28:27.955 [info] [VerilogDocumentSymbolProvider] 1 top-level symbols returned
2025-03-12 15:28:29.794 [info] [VerilogDocumentSymbolProvider] [VerilogSymbol] Symbols Requested: file:///home/sgass/Projects/kepler/hdl/rtl/ethernet/ethernet_point_to_multipoint_hub.sv
2025-03-12 15:28:29.800 [info] [VerilogDocumentSymbolProvider] 1 top-level symbols returned
2025-03-12 15:28:31.680 [info] [VerilogDocumentSymbolProvider] [VerilogSymbol] Symbols Requested: file:///home/sgass/Projects/kepler/hdl/rtl/ethernet/ethernet_point_to_multipoint_hub.sv
2025-03-12 15:28:31.686 [info] [VerilogDocumentSymbolProvider] 1 top-level symbols returned
2025-03-12 15:28:35.193 [info] [VerilogDocumentSymbolProvider] [VerilogSymbol] Symbols Requested: file:///home/sgass/Projects/kepler/hdl/rtl/ethernet/ethernet_point_to_multipoint_hub.sv
2025-03-12 15:28:35.198 [info] [VerilogDocumentSymbolProvider] 1 top-level symbols returned
2025-03-12 15:28:39.262 [info] [VerilogHoverProvider] Hover requested
2025-03-12 15:28:40.741 [info] [VerilogHoverProvider] Hover requested
2025-03-12 15:28:41.119 [warning] [VerilogHoverProvider] Hover object not found
2025-03-12 15:28:41.411 [info] [VerilogDocumentSymbolProvider] [VerilogSymbol] Symbols Requested: file:///home/sgass/Projects/kepler/hdl/rtl/ethernet/ethernet_point_to_multipoint_hub.sv
2025-03-12 15:28:41.417 [info] [VerilogDocumentSymbolProvider] 1 top-level symbols returned
2025-03-12 15:28:43.810 [info] [VerilogCompletionItemProvider] Completion items requested
2025-03-12 15:28:43.811 [info] [VerilogCompletionItemProvider] 126 items requested
2025-03-12 15:28:44.161 [info] [VerilogDocumentSymbolProvider] [VerilogSymbol] Symbols Requested: file:///home/sgass/Projects/kepler/hdl/rtl/ethernet/ethernet_point_to_multipoint_hub.sv
2025-03-12 15:28:44.166 [info] [VerilogDocumentSymbolProvider] 1 top-level symbols returned
2025-03-12 15:28:46.214 [info] [VerilogCompletionItemProvider] Completion items requested
2025-03-12 15:28:46.214 [info] [VerilogCompletionItemProvider] 126 items requested
2025-03-12 15:28:46.564 [info] [VerilogDocumentSymbolProvider] [VerilogSymbol] Symbols Requested: file:///home/sgass/Projects/kepler/hdl/rtl/ethernet/ethernet_point_to_multipoint_hub.sv
2025-03-12 15:28:46.570 [info] [VerilogDocumentSymbolProvider] 1 top-level symbols returned
2025-03-12 15:28:46.919 [info] on save
2025-03-12 15:28:47.262 [info] [VerilogDocumentSymbolProvider] [VerilogSymbol] Symbols Requested: file:///home/sgass/Projects/kepler/hdl/rtl/ethernet/ethernet_point_to_multipoint_hub.sv
2025-03-12 15:28:47.262 [info] indexing "/home/sgass/Projects/kepler/hdl/rtl/ethernet/ethernet_point_to_multipoint_hub.sv"
2025-03-12 15:28:47.262 [info] executing ctags
2025-03-12 15:28:47.262 [info] Executing Command: ctags -f - --fields=+K --sort=no --excmd=n --fields-SystemVerilog=+{parameter} "/home/sgass/Projects/kepler/hdl/rtl/ethernet/ethernet_point_to_multipoint_hub.sv"
2025-03-12 15:28:47.269 [info] building symbols
2025-03-12 15:28:47.273 [info] [VerilogDocumentSymbolProvider] 1 top-level symbols returned
2025-03-12 15:28:58.324 [info] [VerilogHoverProvider] Hover requested
2025-03-12 15:29:01.610 [info] [VerilogDocumentSymbolProvider] [VerilogSymbol] Symbols Requested: file:///home/sgass/Projects/kepler/hdl/rtl/ethernet/ethernet_point_to_multipoint_hub.sv
2025-03-12 15:29:01.612 [info] [VerilogDocumentSymbolProvider] 1 top-level symbols returned
2025-03-12 15:29:08.555 [info] [VerilogHoverProvider] Hover requested
2025-03-12 15:29:08.902 [info] [VerilogHoverProvider] Hover requested
2025-03-12 15:29:08.969 [info] [VerilogHoverProvider] Hover object returned
2025-03-12 15:29:09.296 [info] [VerilogHoverProvider] Hover object returned
2025-03-12 15:29:14.992 [info] [VerilogHoverProvider] Hover requested
2025-03-12 15:29:15.474 [info] [VerilogHoverProvider] Hover object returned
2025-03-12 15:29:16.741 [info] [VerilogHoverProvider] Hover requested
2025-03-12 15:29:27.138 [info] [VerilogHoverProvider] Hover requested
2025-03-12 15:29:27.377 [info] [VerilogHoverProvider] Hover requested
2025-03-12 15:29:27.565 [info] [VerilogHoverProvider] Hover object returned
2025-03-12 15:29:27.762 [info] [VerilogHoverProvider] Hover object returned
2025-03-12 15:29:32.982 [info] [VerilogHoverProvider] Hover requested
2025-03-12 15:29:33.463 [info] [VerilogHoverProvider] Hover object returned
2025-03-12 15:29:53.054 [info] [VerilogHoverProvider] Hover requested
2025-03-12 15:29:53.455 [warning] [VerilogHoverProvider] Hover object not found
2025-03-12 15:29:58.619 [info] on save
2025-03-12 15:30:00.222 [info] [VerilogHoverProvider] Hover requested
2025-03-12 15:30:00.833 [info] [VerilogHoverProvider] Hover requested
2025-03-12 15:30:00.833 [info] indexing "/home/sgass/Projects/kepler/hdl/rtl/ethernet/ethernet_point_to_multipoint_hub.sv"
2025-03-12 15:30:00.833 [info] executing ctags
2025-03-12 15:30:00.833 [info] Executing Command: ctags -f - --fields=+K --sort=no --excmd=n --fields-SystemVerilog=+{parameter} "/home/sgass/Projects/kepler/hdl/rtl/ethernet/ethernet_point_to_multipoint_hub.sv"
2025-03-12 15:30:00.847 [info] building symbols
2025-03-12 15:30:01.295 [warning] [VerilogHoverProvider] Hover object not found
2025-03-12 15:34:10.319 [info] [VerilogHoverProvider] Hover requested
2025-03-12 15:34:10.751 [warning] [VerilogHoverProvider] Hover object not found
2025-03-12 15:34:11.091 [info] [VerilogHoverProvider] Hover requested
2025-03-12 15:34:11.515 [warning] [VerilogHoverProvider] Hover object not found
2025-03-12 15:34:11.784 [info] [VerilogHoverProvider] Hover requested
2025-03-12 15:34:12.179 [warning] [VerilogHoverProvider] Hover object not found
2025-03-12 15:34:12.216 [info] [VerilogHoverProvider] Hover requested
2025-03-12 15:34:12.607 [warning] [VerilogHoverProvider] Hover object not found
2025-03-12 15:34:13.336 [info] [VerilogHoverProvider] Hover requested
2025-03-12 15:34:13.716 [info] [VerilogHoverProvider] Hover object returned
2025-03-12 15:34:14.285 [info] [VerilogHoverProvider] Hover requested
2025-03-12 15:34:14.772 [info] [VerilogHoverProvider] Hover object returned
2025-03-12 15:34:17.580 [info] [VerilogHoverProvider] Hover requested
2025-03-12 15:34:17.778 [info] [VerilogHoverProvider] Hover requested
2025-03-12 15:34:18.000 [info] [VerilogHoverProvider] Hover object returned
2025-03-12 15:34:18.195 [info] [VerilogHoverProvider] Hover object returned
2025-03-12 15:34:18.549 [info] [VerilogHoverProvider] Hover requested
2025-03-12 15:34:18.961 [info] [VerilogHoverProvider] Hover object returned
2025-03-12 15:34:19.450 [info] [VerilogHoverProvider] Hover requested
2025-03-12 15:34:19.856 [info] [VerilogHoverProvider] Hover object returned
2025-03-12 15:34:21.686 [info] [VerilogHoverProvider] Hover requested
2025-03-12 15:34:24.129 [info] [VerilogDocumentSymbolProvider] [VerilogSymbol] Symbols Requested: file:///home/sgass/Projects/kepler/hdl/rtl/ethernet/ethernet_point_to_multipoint_hub.sv
2025-03-12 15:34:24.136 [info] [VerilogDocumentSymbolProvider] 1 top-level symbols returned
2025-03-12 15:34:26.177 [info] [VerilogDocumentSymbolProvider] [VerilogSymbol] Symbols Requested: file:///home/sgass/Projects/kepler/hdl/rtl/ethernet/ethernet_point_to_multipoint_hub.sv
2025-03-12 15:34:26.184 [info] [VerilogDocumentSymbolProvider] 1 top-level symbols returned
2025-03-12 15:34:26.975 [info] [VerilogDocumentSymbolProvider] [VerilogSymbol] Symbols Requested: file:///home/sgass/Projects/kepler/hdl/rtl/ethernet/ethernet_point_to_multipoint_hub.sv
2025-03-12 15:34:26.981 [info] [VerilogDocumentSymbolProvider] 1 top-level symbols returned
2025-03-12 15:34:29.788 [info] [VerilogDocumentSymbolProvider] [VerilogSymbol] Symbols Requested: file:///home/sgass/Projects/kepler/hdl/rtl/ethernet/ethernet_point_to_multipoint_hub.sv
2025-03-12 15:34:29.793 [info] [VerilogDocumentSymbolProvider] 1 top-level symbols returned
2025-03-12 15:34:30.369 [info] [VerilogDocumentSymbolProvider] [VerilogSymbol] Symbols Requested: file:///home/sgass/Projects/kepler/hdl/rtl/ethernet/ethernet_point_to_multipoint_hub.sv
2025-03-12 15:34:30.374 [info] [VerilogDocumentSymbolProvider] 1 top-level symbols returned
2025-03-12 15:34:31.858 [info] [VerilogDocumentSymbolProvider] [VerilogSymbol] Symbols Requested: file:///home/sgass/Projects/kepler/hdl/rtl/ethernet/ethernet_point_to_multipoint_hub.sv
2025-03-12 15:34:31.863 [info] [VerilogDocumentSymbolProvider] 1 top-level symbols returned
2025-03-12 15:34:32.703 [info] [VerilogDocumentSymbolProvider] [VerilogSymbol] Symbols Requested: file:///home/sgass/Projects/kepler/hdl/rtl/ethernet/ethernet_point_to_multipoint_hub.sv
2025-03-12 15:34:32.709 [info] [VerilogDocumentSymbolProvider] 1 top-level symbols returned
2025-03-12 15:34:33.595 [info] [VerilogDocumentSymbolProvider] [VerilogSymbol] Symbols Requested: file:///home/sgass/Projects/kepler/hdl/rtl/ethernet/ethernet_point_to_multipoint_hub.sv
2025-03-12 15:34:33.601 [info] [VerilogDocumentSymbolProvider] 1 top-level symbols returned
2025-03-12 15:34:34.930 [info] [VerilogHoverProvider] Hover requested
2025-03-12 15:34:36.376 [info] [VerilogDocumentSymbolProvider] [VerilogSymbol] Symbols Requested: file:///home/sgass/Projects/kepler/hdl/rtl/ethernet/ethernet_point_to_multipoint_hub.sv
2025-03-12 15:34:36.382 [info] [VerilogDocumentSymbolProvider] 1 top-level symbols returned
2025-03-12 15:34:38.416 [info] [VerilogDocumentSymbolProvider] [VerilogSymbol] Symbols Requested: file:///home/sgass/Projects/kepler/hdl/rtl/ethernet/ethernet_point_to_multipoint_hub.sv
2025-03-12 15:34:38.422 [info] [VerilogDocumentSymbolProvider] 1 top-level symbols returned
2025-03-12 15:34:41.130 [info] [VerilogDocumentSymbolProvider] [VerilogSymbol] Symbols Requested: file:///home/sgass/Projects/kepler/hdl/rtl/ethernet/ethernet_point_to_multipoint_hub.sv
2025-03-12 15:34:41.136 [info] [VerilogDocumentSymbolProvider] 1 top-level symbols returned
2025-03-12 15:34:42.832 [info] [VerilogDocumentSymbolProvider] [VerilogSymbol] Symbols Requested: file:///home/sgass/Projects/kepler/hdl/rtl/ethernet/ethernet_point_to_multipoint_hub.sv
2025-03-12 15:34:42.838 [info] [VerilogDocumentSymbolProvider] 1 top-level symbols returned
2025-03-12 15:34:44.477 [info] [VerilogDocumentSymbolProvider] [VerilogSymbol] Symbols Requested: file:///home/sgass/Projects/kepler/hdl/rtl/ethernet/ethernet_point_to_multipoint_hub.sv
2025-03-12 15:34:44.483 [info] [VerilogDocumentSymbolProvider] 1 top-level symbols returned
2025-03-12 15:34:45.960 [info] [VerilogDocumentSymbolProvider] [VerilogSymbol] Symbols Requested: file:///home/sgass/Projects/kepler/hdl/rtl/ethernet/ethernet_point_to_multipoint_hub.sv
2025-03-12 15:34:45.966 [info] [VerilogDocumentSymbolProvider] 1 top-level symbols returned
2025-03-12 15:34:47.502 [info] [VerilogDocumentSymbolProvider] [VerilogSymbol] Symbols Requested: file:///home/sgass/Projects/kepler/hdl/rtl/ethernet/ethernet_point_to_multipoint_hub.sv
2025-03-12 15:34:47.508 [info] [VerilogDocumentSymbolProvider] 1 top-level symbols returned
2025-03-12 15:34:49.275 [info] [VerilogDocumentSymbolProvider] [VerilogSymbol] Symbols Requested: file:///home/sgass/Projects/kepler/hdl/rtl/ethernet/ethernet_point_to_multipoint_hub.sv
2025-03-12 15:34:49.281 [info] [VerilogDocumentSymbolProvider] 1 top-level symbols returned
2025-03-12 15:34:50.339 [info] [VerilogDocumentSymbolProvider] [VerilogSymbol] Symbols Requested: file:///home/sgass/Projects/kepler/hdl/rtl/ethernet/ethernet_point_to_multipoint_hub.sv
2025-03-12 15:34:50.344 [info] [VerilogDocumentSymbolProvider] 1 top-level symbols returned
2025-03-12 15:34:52.156 [info] [VerilogDocumentSymbolProvider] [VerilogSymbol] Symbols Requested: file:///home/sgass/Projects/kepler/hdl/rtl/ethernet/ethernet_point_to_multipoint_hub.sv
2025-03-12 15:34:52.162 [info] [VerilogDocumentSymbolProvider] 1 top-level symbols returned
2025-03-12 15:34:53.175 [info] [VerilogDocumentSymbolProvider] [VerilogSymbol] Symbols Requested: file:///home/sgass/Projects/kepler/hdl/rtl/ethernet/ethernet_point_to_multipoint_hub.sv
2025-03-12 15:34:53.180 [info] [VerilogDocumentSymbolProvider] 1 top-level symbols returned
2025-03-12 15:34:56.130 [info] [VerilogDocumentSymbolProvider] [VerilogSymbol] Symbols Requested: file:///home/sgass/Projects/kepler/hdl/rtl/ethernet/ethernet_point_to_multipoint_hub.sv
2025-03-12 15:34:56.136 [info] [VerilogDocumentSymbolProvider] 1 top-level symbols returned
2025-03-12 15:34:57.404 [info] [VerilogDocumentSymbolProvider] [VerilogSymbol] Symbols Requested: file:///home/sgass/Projects/kepler/hdl/rtl/ethernet/ethernet_point_to_multipoint_hub.sv
2025-03-12 15:34:57.410 [info] [VerilogDocumentSymbolProvider] 1 top-level symbols returned
2025-03-12 15:35:00.697 [info] [VerilogDocumentSymbolProvider] [VerilogSymbol] Symbols Requested: file:///home/sgass/Projects/kepler/hdl/rtl/ethernet/ethernet_point_to_multipoint_hub.sv
2025-03-12 15:35:00.703 [info] [VerilogDocumentSymbolProvider] 1 top-level symbols returned
2025-03-12 15:35:01.424 [info] [VerilogDocumentSymbolProvider] [VerilogSymbol] Symbols Requested: file:///home/sgass/Projects/kepler/hdl/rtl/ethernet/ethernet_point_to_multipoint_hub.sv
2025-03-12 15:35:01.431 [info] [VerilogDocumentSymbolProvider] 1 top-level symbols returned
2025-03-12 15:35:02.296 [info] [VerilogDocumentSymbolProvider] [VerilogSymbol] Symbols Requested: file:///home/sgass/Projects/kepler/hdl/rtl/ethernet/ethernet_point_to_multipoint_hub.sv
2025-03-12 15:35:02.301 [info] [VerilogDocumentSymbolProvider] 1 top-level symbols returned
2025-03-12 15:35:03.886 [info] [VerilogDocumentSymbolProvider] [VerilogSymbol] Symbols Requested: file:///home/sgass/Projects/kepler/hdl/rtl/ethernet/ethernet_point_to_multipoint_hub.sv
2025-03-12 15:35:03.892 [info] [VerilogDocumentSymbolProvider] 1 top-level symbols returned
2025-03-12 15:35:04.839 [info] [VerilogDocumentSymbolProvider] [VerilogSymbol] Symbols Requested: file:///home/sgass/Projects/kepler/hdl/rtl/ethernet/ethernet_point_to_multipoint_hub.sv
2025-03-12 15:35:04.844 [info] [VerilogDocumentSymbolProvider] 1 top-level symbols returned
2025-03-12 15:35:06.027 [info] [VerilogDocumentSymbolProvider] [VerilogSymbol] Symbols Requested: file:///home/sgass/Projects/kepler/hdl/rtl/ethernet/ethernet_point_to_multipoint_hub.sv
2025-03-12 15:35:06.033 [info] [VerilogDocumentSymbolProvider] 1 top-level symbols returned
2025-03-12 15:35:07.512 [info] [VerilogDocumentSymbolProvider] [VerilogSymbol] Symbols Requested: file:///home/sgass/Projects/kepler/hdl/rtl/ethernet/ethernet_point_to_multipoint_hub.sv
2025-03-12 15:35:07.518 [info] [VerilogDocumentSymbolProvider] 1 top-level symbols returned
2025-03-12 15:35:08.562 [info] [VerilogHoverProvider] Hover requested
2025-03-12 15:35:12.410 [info] [VerilogDocumentSymbolProvider] [VerilogSymbol] Symbols Requested: file:///home/sgass/Projects/kepler/hdl/rtl/ethernet/ethernet_point_to_multipoint_hub.sv
2025-03-12 15:35:12.416 [info] [VerilogDocumentSymbolProvider] 1 top-level symbols returned
2025-03-12 15:35:14.345 [info] [VerilogDocumentSymbolProvider] [VerilogSymbol] Symbols Requested: file:///home/sgass/Projects/kepler/hdl/rtl/ethernet/ethernet_point_to_multipoint_hub.sv
2025-03-12 15:35:14.351 [info] [VerilogDocumentSymbolProvider] 1 top-level symbols returned
2025-03-12 15:35:15.290 [info] [VerilogDocumentSymbolProvider] [VerilogSymbol] Symbols Requested: file:///home/sgass/Projects/kepler/hdl/rtl/ethernet/ethernet_point_to_multipoint_hub.sv
2025-03-12 15:35:15.295 [info] [VerilogDocumentSymbolProvider] 1 top-level symbols returned
2025-03-12 15:35:17.005 [info] [VerilogDocumentSymbolProvider] [VerilogSymbol] Symbols Requested: file:///home/sgass/Projects/kepler/hdl/rtl/ethernet/ethernet_point_to_multipoint_hub.sv
2025-03-12 15:35:17.010 [info] [VerilogDocumentSymbolProvider] 1 top-level symbols returned
2025-03-12 15:35:27.781 [info] [VerilogHoverProvider] Hover requested
2025-03-12 15:35:28.015 [info] [VerilogHoverProvider] Hover requested
2025-03-12 15:35:28.313 [info] [VerilogHoverProvider] Hover requested
2025-03-12 15:35:28.404 [warning] [VerilogHoverProvider] Hover object not found
2025-03-12 15:35:28.714 [warning] [VerilogHoverProvider] Hover object not found
2025-03-12 15:35:29.182 [info] [VerilogHoverProvider] Hover requested
2025-03-12 15:35:29.626 [warning] [VerilogHoverProvider] Hover object not found
2025-03-12 15:35:30.749 [info] [VerilogDocumentSymbolProvider] [VerilogSymbol] Symbols Requested: file:///home/sgass/Projects/kepler/hdl/rtl/ethernet/ethernet_point_to_multipoint_hub.sv
2025-03-12 15:35:30.754 [info] [VerilogDocumentSymbolProvider] 1 top-level symbols returned
2025-03-12 15:35:34.391 [info] [VerilogDocumentSymbolProvider] [VerilogSymbol] Symbols Requested: file:///home/sgass/Projects/kepler/hdl/rtl/ethernet/ethernet_point_to_multipoint_hub.sv
2025-03-12 15:35:34.397 [info] [VerilogDocumentSymbolProvider] 1 top-level symbols returned
2025-03-12 15:36:05.316 [info] [VerilogHoverProvider] Hover requested
2025-03-12 15:36:05.740 [info] [VerilogHoverProvider] Hover object returned
2025-03-12 15:36:13.648 [info] [VerilogHoverProvider] Hover requested
2025-03-12 15:36:14.089 [info] [VerilogHoverProvider] Hover object returned
2025-03-12 15:36:14.139 [info] [VerilogDefinitionProvider] Definitions Requested: file:///home/sgass/Projects/kepler/hdl/rtl/ethernet/ethernet_point_to_multipoint_hub.sv
2025-03-12 15:36:14.338 [info] on save
2025-03-12 15:36:14.564 [info] [VerilogDefinitionProvider] 1 definitions returned
2025-03-12 15:36:23.364 [info] [VerilogHoverProvider] Hover requested
2025-03-12 15:36:23.364 [info] indexing "/home/sgass/Projects/kepler/hdl/rtl/ethernet/ethernet_point_to_multipoint_hub.sv"
2025-03-12 15:36:23.364 [info] executing ctags
2025-03-12 15:36:23.364 [info] Executing Command: ctags -f - --fields=+K --sort=no --excmd=n --fields-SystemVerilog=+{parameter} "/home/sgass/Projects/kepler/hdl/rtl/ethernet/ethernet_point_to_multipoint_hub.sv"
2025-03-12 15:36:23.378 [info] building symbols
2025-03-12 15:36:23.776 [info] [VerilogHoverProvider] Hover object returned
2025-03-12 15:36:25.460 [info] [VerilogDocumentSymbolProvider] [VerilogSymbol] Symbols Requested: file:///home/sgass/Projects/kepler/hdl/rtl/ethernet/ethernet_point_to_multipoint_hub.sv
2025-03-12 15:36:25.466 [info] [VerilogDocumentSymbolProvider] 1 top-level symbols returned
2025-03-12 15:36:27.045 [info] [VerilogDocumentSymbolProvider] [VerilogSymbol] Symbols Requested: file:///home/sgass/Projects/kepler/hdl/rtl/ethernet/ethernet_point_to_multipoint_hub.sv
2025-03-12 15:36:27.050 [info] [VerilogDocumentSymbolProvider] 1 top-level symbols returned
2025-03-12 15:36:27.402 [info] [VerilogDocumentSymbolProvider] [VerilogSymbol] Symbols Requested: file:///home/sgass/Projects/kepler/hdl/rtl/ethernet/ethernet_point_to_multipoint_hub.sv
2025-03-12 15:36:27.408 [info] [VerilogDocumentSymbolProvider] 1 top-level symbols returned
2025-03-12 15:36:29.420 [info] [VerilogDocumentSymbolProvider] [VerilogSymbol] Symbols Requested: file:///home/sgass/Projects/kepler/hdl/rtl/ethernet/ethernet_point_to_multipoint_hub.sv
2025-03-12 15:36:29.427 [info] [VerilogDocumentSymbolProvider] 1 top-level symbols returned
2025-03-12 15:36:33.570 [info] [VerilogHoverProvider] Hover requested
2025-03-12 15:36:35.361 [info] [VerilogDocumentSymbolProvider] [VerilogSymbol] Symbols Requested: file:///home/sgass/Projects/kepler/hdl/rtl/ethernet/ethernet_point_to_multipoint_hub.sv
2025-03-12 15:36:35.367 [info] [VerilogDocumentSymbolProvider] 1 top-level symbols returned
2025-03-12 15:36:36.902 [info] [VerilogDocumentSymbolProvider] [VerilogSymbol] Symbols Requested: file:///home/sgass/Projects/kepler/hdl/rtl/ethernet/ethernet_point_to_multipoint_hub.sv
2025-03-12 15:36:36.907 [info] [VerilogDocumentSymbolProvider] 1 top-level symbols returned
2025-03-12 15:36:39.808 [info] [VerilogDocumentSymbolProvider] [VerilogSymbol] Symbols Requested: file:///home/sgass/Projects/kepler/hdl/rtl/ethernet/ethernet_point_to_multipoint_hub.sv
2025-03-12 15:36:39.814 [info] [VerilogDocumentSymbolProvider] 1 top-level symbols returned
2025-03-12 15:36:41.042 [info] [VerilogHoverProvider] Hover requested
2025-03-12 15:36:43.840 [info] [VerilogHoverProvider] Hover requested
2025-03-12 15:36:44.329 [info] [VerilogHoverProvider] Hover object returned
2025-03-12 15:36:45.477 [info] [VerilogDocumentSymbolProvider] [VerilogSymbol] Symbols Requested: file:///home/sgass/Projects/kepler/hdl/rtl/ethernet/ethernet_point_to_multipoint_hub.sv
2025-03-12 15:36:45.483 [info] [VerilogDocumentSymbolProvider] 1 top-level symbols returned
2025-03-12 15:36:46.676 [info] [VerilogDocumentSymbolProvider] [VerilogSymbol] Symbols Requested: file:///home/sgass/Projects/kepler/hdl/rtl/ethernet/ethernet_point_to_multipoint_hub.sv
2025-03-12 15:36:46.682 [info] [VerilogDocumentSymbolProvider] 1 top-level symbols returned
2025-03-12 15:36:48.099 [info] [VerilogDocumentSymbolProvider] [VerilogSymbol] Symbols Requested: file:///home/sgass/Projects/kepler/hdl/rtl/ethernet/ethernet_point_to_multipoint_hub.sv
2025-03-12 15:36:48.105 [info] [VerilogDocumentSymbolProvider] 1 top-level symbols returned
2025-03-12 15:36:48.885 [info] [VerilogDocumentSymbolProvider] [VerilogSymbol] Symbols Requested: file:///home/sgass/Projects/kepler/hdl/rtl/ethernet/ethernet_point_to_multipoint_hub.sv
2025-03-12 15:36:48.891 [info] [VerilogDocumentSymbolProvider] 1 top-level symbols returned
2025-03-12 15:36:50.065 [info] [VerilogHoverProvider] Hover requested
2025-03-12 15:36:50.723 [info] [VerilogDefinitionProvider] Definitions Requested: file:///home/sgass/Projects/kepler/hdl/rtl/ethernet/ethernet_point_to_multipoint_hub.sv
2025-03-12 15:36:51.106 [info] [VerilogDefinitionProvider] 1 definitions returned
2025-03-12 15:36:51.525 [info] [VerilogDocumentSymbolProvider] [VerilogSymbol] Symbols Requested: file:///home/sgass/Projects/kepler/hdl/rtl/ethernet/ethernet_point_to_multipoint_hub.sv
2025-03-12 15:36:51.530 [info] [VerilogDocumentSymbolProvider] 1 top-level symbols returned
2025-03-12 15:36:52.851 [info] [VerilogDocumentSymbolProvider] [VerilogSymbol] Symbols Requested: file:///home/sgass/Projects/kepler/hdl/rtl/ethernet/ethernet_point_to_multipoint_hub.sv
2025-03-12 15:36:52.856 [info] [VerilogDocumentSymbolProvider] 1 top-level symbols returned
2025-03-12 15:36:54.704 [info] [VerilogDocumentSymbolProvider] [VerilogSymbol] Symbols Requested: file:///home/sgass/Projects/kepler/hdl/rtl/ethernet/ethernet_point_to_multipoint_hub.sv
2025-03-12 15:36:54.709 [info] [VerilogDocumentSymbolProvider] 1 top-level symbols returned
2025-03-12 15:36:55.587 [info] [VerilogHoverProvider] Hover requested
2025-03-12 15:36:57.289 [info] [VerilogDocumentSymbolProvider] [VerilogSymbol] Symbols Requested: file:///home/sgass/Projects/kepler/hdl/rtl/ethernet/ethernet_point_to_multipoint_hub.sv
2025-03-12 15:36:57.295 [info] [VerilogDocumentSymbolProvider] 1 top-level symbols returned
2025-03-12 15:36:58.370 [info] [VerilogDocumentSymbolProvider] [VerilogSymbol] Symbols Requested: file:///home/sgass/Projects/kepler/hdl/rtl/ethernet/ethernet_point_to_multipoint_hub.sv
2025-03-12 15:36:58.375 [info] [VerilogDocumentSymbolProvider] 1 top-level symbols returned
2025-03-12 15:37:00.049 [info] [VerilogDocumentSymbolProvider] [VerilogSymbol] Symbols Requested: file:///home/sgass/Projects/kepler/hdl/rtl/ethernet/ethernet_point_to_multipoint_hub.sv
2025-03-12 15:37:00.055 [info] [VerilogDocumentSymbolProvider] 1 top-level symbols returned
2025-03-12 15:37:00.873 [info] [VerilogHoverProvider] Hover requested
2025-03-12 15:37:01.180 [info] [VerilogHoverProvider] Hover requested
2025-03-12 15:37:02.707 [info] [VerilogDocumentSymbolProvider] [VerilogSymbol] Symbols Requested: file:///home/sgass/Projects/kepler/hdl/rtl/ethernet/ethernet_point_to_multipoint_hub.sv
2025-03-12 15:37:02.712 [info] [VerilogDocumentSymbolProvider] 1 top-level symbols returned
2025-03-12 15:37:03.834 [info] [VerilogDocumentSymbolProvider] [VerilogSymbol] Symbols Requested: file:///home/sgass/Projects/kepler/hdl/rtl/ethernet/ethernet_point_to_multipoint_hub.sv
2025-03-12 15:37:03.840 [info] [VerilogDocumentSymbolProvider] 1 top-level symbols returned
2025-03-12 15:37:05.774 [info] [VerilogDocumentSymbolProvider] [VerilogSymbol] Symbols Requested: file:///home/sgass/Projects/kepler/hdl/rtl/ethernet/ethernet_point_to_multipoint_hub.sv
2025-03-12 15:37:05.780 [info] [VerilogDocumentSymbolProvider] 1 top-level symbols returned
2025-03-12 15:37:06.898 [info] [VerilogHoverProvider] Hover requested
2025-03-12 15:37:07.528 [info] [VerilogDefinitionProvider] Definitions Requested: file:///home/sgass/Projects/kepler/hdl/rtl/ethernet/ethernet_point_to_multipoint_hub.sv
2025-03-12 15:37:07.933 [info] [VerilogDefinitionProvider] 1 definitions returned
2025-03-12 15:37:08.360 [info] [VerilogDocumentSymbolProvider] [VerilogSymbol] Symbols Requested: file:///home/sgass/Projects/kepler/hdl/rtl/ethernet/ethernet_point_to_multipoint_hub.sv
2025-03-12 15:37:08.365 [info] [VerilogDocumentSymbolProvider] 1 top-level symbols returned
2025-03-12 15:37:09.470 [info] [VerilogDocumentSymbolProvider] [VerilogSymbol] Symbols Requested: file:///home/sgass/Projects/kepler/hdl/rtl/ethernet/ethernet_point_to_multipoint_hub.sv
2025-03-12 15:37:09.473 [info] [VerilogDocumentSymbolProvider] 1 top-level symbols returned
2025-03-12 15:37:11.601 [info] [VerilogDocumentSymbolProvider] [VerilogSymbol] Symbols Requested: file:///home/sgass/Projects/kepler/hdl/rtl/ethernet/ethernet_point_to_multipoint_hub.sv
2025-03-12 15:37:11.606 [info] [VerilogDocumentSymbolProvider] 1 top-level symbols returned
2025-03-12 15:37:12.685 [info] [VerilogHoverProvider] Hover requested
2025-03-12 15:37:13.061 [info] [VerilogHoverProvider] Hover object returned
2025-03-12 15:37:14.722 [info] [VerilogHoverProvider] Hover requested
2025-03-12 15:37:16.568 [info] [VerilogDocumentSymbolProvider] [VerilogSymbol] Symbols Requested: file:///home/sgass/Projects/kepler/hdl/rtl/ethernet/ethernet_point_to_multipoint_hub.sv
2025-03-12 15:37:16.574 [info] [VerilogDocumentSymbolProvider] 1 top-level symbols returned
2025-03-12 15:37:17.736 [info] [VerilogDocumentSymbolProvider] [VerilogSymbol] Symbols Requested: file:///home/sgass/Projects/kepler/hdl/rtl/ethernet/ethernet_point_to_multipoint_hub.sv
2025-03-12 15:37:17.742 [info] [VerilogDocumentSymbolProvider] 1 top-level symbols returned
2025-03-12 15:37:21.013 [info] [VerilogDocumentSymbolProvider] [VerilogSymbol] Symbols Requested: file:///home/sgass/Projects/kepler/hdl/rtl/ethernet/ethernet_point_to_multipoint_hub.sv
2025-03-12 15:37:21.019 [info] [VerilogDocumentSymbolProvider] 1 top-level symbols returned
2025-03-12 15:37:22.191 [info] [VerilogDocumentSymbolProvider] [VerilogSymbol] Symbols Requested: file:///home/sgass/Projects/kepler/hdl/rtl/ethernet/ethernet_point_to_multipoint_hub.sv
2025-03-12 15:37:22.197 [info] [VerilogDocumentSymbolProvider] 1 top-level symbols returned
2025-03-12 15:37:27.702 [info] [VerilogDocumentSymbolProvider] [VerilogSymbol] Symbols Requested: file:///home/sgass/Projects/kepler/hdl/rtl/ethernet/ethernet_point_to_multipoint_hub.sv
2025-03-12 15:37:27.707 [info] [VerilogDocumentSymbolProvider] 1 top-level symbols returned
2025-03-12 15:37:32.801 [info] [VerilogHoverProvider] Hover requested
2025-03-12 15:37:36.287 [info] [VerilogDocumentSymbolProvider] [VerilogSymbol] Symbols Requested: file:///home/sgass/Projects/kepler/hdl/rtl/ethernet/ethernet_point_to_multipoint_hub.sv
2025-03-12 15:37:36.292 [info] [VerilogDocumentSymbolProvider] 1 top-level symbols returned
2025-03-12 15:37:39.063 [info] [VerilogDocumentSymbolProvider] [VerilogSymbol] Symbols Requested: file:///home/sgass/Projects/kepler/hdl/rtl/ethernet/ethernet_point_to_multipoint_hub.sv
2025-03-12 15:37:39.069 [info] [VerilogDocumentSymbolProvider] 1 top-level symbols returned
2025-03-12 15:37:46.018 [info] [VerilogHoverProvider] Hover requested
2025-03-12 15:37:46.453 [warning] [VerilogHoverProvider] Hover object not found
2025-03-12 15:37:48.334 [info] [VerilogDocumentSymbolProvider] [VerilogSymbol] Symbols Requested: file:///home/sgass/Projects/kepler/hdl/rtl/ethernet/ethernet_point_to_multipoint_hub.sv
2025-03-12 15:37:48.339 [info] [VerilogDocumentSymbolProvider] 1 top-level symbols returned
2025-03-12 15:37:49.189 [info] [VerilogDocumentSymbolProvider] [VerilogSymbol] Symbols Requested: file:///home/sgass/Projects/kepler/hdl/rtl/ethernet/ethernet_point_to_multipoint_hub.sv
2025-03-12 15:37:49.190 [info] [VerilogDocumentSymbolProvider] 1 top-level symbols returned
2025-03-12 15:37:50.317 [info] [VerilogDocumentSymbolProvider] [VerilogSymbol] Symbols Requested: file:///home/sgass/Projects/kepler/hdl/rtl/ethernet/ethernet_point_to_multipoint_hub.sv
2025-03-12 15:37:50.320 [info] [VerilogDocumentSymbolProvider] 1 top-level symbols returned
2025-03-12 15:37:52.809 [info] [VerilogDocumentSymbolProvider] [VerilogSymbol] Symbols Requested: file:///home/sgass/Projects/kepler/hdl/rtl/ethernet/ethernet_point_to_multipoint_hub.sv
2025-03-12 15:37:52.814 [info] [VerilogDocumentSymbolProvider] 1 top-level symbols returned
2025-03-12 15:37:53.177 [info] [VerilogDocumentSymbolProvider] [VerilogSymbol] Symbols Requested: file:///home/sgass/Projects/kepler/hdl/rtl/ethernet/ethernet_point_to_multipoint_hub.sv
2025-03-12 15:37:53.182 [info] [VerilogDocumentSymbolProvider] 1 top-level symbols returned
2025-03-12 15:37:54.101 [info] [VerilogDocumentSymbolProvider] [VerilogSymbol] Symbols Requested: file:///home/sgass/Projects/kepler/hdl/rtl/ethernet/ethernet_point_to_multipoint_hub.sv
2025-03-12 15:37:54.107 [info] [VerilogDocumentSymbolProvider] 1 top-level symbols returned
2025-03-12 15:37:56.257 [info] [VerilogDocumentSymbolProvider] [VerilogSymbol] Symbols Requested: file:///home/sgass/Projects/kepler/hdl/rtl/ethernet/ethernet_point_to_multipoint_hub.sv
2025-03-12 15:37:56.263 [info] [VerilogDocumentSymbolProvider] 1 top-level symbols returned
2025-03-12 15:37:57.992 [info] [VerilogDocumentSymbolProvider] [VerilogSymbol] Symbols Requested: file:///home/sgass/Projects/kepler/hdl/rtl/ethernet/ethernet_point_to_multipoint_hub.sv
2025-03-12 15:37:57.999 [info] [VerilogDocumentSymbolProvider] 1 top-level symbols returned
2025-03-12 15:37:59.672 [info] [VerilogDocumentSymbolProvider] [VerilogSymbol] Symbols Requested: file:///home/sgass/Projects/kepler/hdl/rtl/ethernet/ethernet_point_to_multipoint_hub.sv
2025-03-12 15:37:59.678 [info] [VerilogDocumentSymbolProvider] 1 top-level symbols returned
2025-03-12 15:38:00.706 [info] [VerilogDocumentSymbolProvider] [VerilogSymbol] Symbols Requested: file:///home/sgass/Projects/kepler/hdl/rtl/ethernet/ethernet_point_to_multipoint_hub.sv
2025-03-12 15:38:00.712 [info] [VerilogDocumentSymbolProvider] 1 top-level symbols returned
2025-03-12 15:38:02.993 [info] [VerilogDocumentSymbolProvider] [VerilogSymbol] Symbols Requested: file:///home/sgass/Projects/kepler/hdl/rtl/ethernet/ethernet_point_to_multipoint_hub.sv
2025-03-12 15:38:02.998 [info] [VerilogDocumentSymbolProvider] 1 top-level symbols returned
2025-03-12 15:38:05.641 [info] [VerilogDocumentSymbolProvider] [VerilogSymbol] Symbols Requested: file:///home/sgass/Projects/kepler/hdl/rtl/ethernet/ethernet_point_to_multipoint_hub.sv
2025-03-12 15:38:05.647 [info] [VerilogDocumentSymbolProvider] 1 top-level symbols returned
2025-03-12 15:38:09.320 [info] [VerilogDocumentSymbolProvider] [VerilogSymbol] Symbols Requested: file:///home/sgass/Projects/kepler/hdl/rtl/ethernet/ethernet_point_to_multipoint_hub.sv
2025-03-12 15:38:09.326 [info] [VerilogDocumentSymbolProvider] 1 top-level symbols returned
2025-03-12 15:38:14.059 [info] [VerilogDocumentSymbolProvider] [VerilogSymbol] Symbols Requested: file:///home/sgass/Projects/kepler/hdl/rtl/ethernet/ethernet_point_to_multipoint_hub.sv
2025-03-12 15:38:14.065 [info] [VerilogDocumentSymbolProvider] 1 top-level symbols returned
2025-03-12 15:38:18.508 [info] [VerilogDocumentSymbolProvider] [VerilogSymbol] Symbols Requested: file:///home/sgass/Projects/kepler/hdl/rtl/ethernet/ethernet_point_to_multipoint_hub.sv
2025-03-12 15:38:18.513 [info] [VerilogDocumentSymbolProvider] 1 top-level symbols returned
2025-03-12 15:38:20.813 [info] [VerilogHoverProvider] Hover requested
2025-03-12 15:38:21.109 [info] [VerilogHoverProvider] Hover requested
2025-03-12 15:38:24.664 [info] [VerilogHoverProvider] Hover requested
2025-03-12 15:38:25.090 [info] [VerilogHoverProvider] Hover object returned
2025-03-12 15:38:27.447 [info] [VerilogDocumentSymbolProvider] [VerilogSymbol] Symbols Requested: file:///home/sgass/Projects/kepler/hdl/rtl/ethernet/ethernet_point_to_multipoint_hub.sv
2025-03-12 15:38:27.451 [info] [VerilogDocumentSymbolProvider] 1 top-level symbols returned
2025-03-12 15:38:33.333 [info] [VerilogDocumentSymbolProvider] [VerilogSymbol] Symbols Requested: file:///home/sgass/Projects/kepler/hdl/rtl/ethernet/ethernet_point_to_multipoint_hub.sv
2025-03-12 15:38:33.339 [info] [VerilogDocumentSymbolProvider] 1 top-level symbols returned
2025-03-12 15:38:41.261 [info] [VerilogHoverProvider] Hover requested
2025-03-12 15:38:41.459 [info] [VerilogHoverProvider] Hover requested
2025-03-12 15:38:42.969 [info] [VerilogHoverProvider] Hover requested
2025-03-12 15:38:43.406 [info] [VerilogHoverProvider] Hover object returned
2025-03-12 15:38:44.796 [info] [VerilogDefinitionProvider] Definitions Requested: file:///home/sgass/Projects/kepler/hdl/rtl/ethernet/ethernet_point_to_multipoint_hub.sv
2025-03-12 15:38:45.247 [info] [VerilogDefinitionProvider] 1 definitions returned
2025-03-12 15:38:46.694 [info] [VerilogDocumentSymbolProvider] [VerilogSymbol] Symbols Requested: file:///home/sgass/Projects/kepler/hdl/rtl/ethernet/ethernet_point_to_multipoint_hub.sv
2025-03-12 15:38:46.699 [info] [VerilogDocumentSymbolProvider] 1 top-level symbols returned
2025-03-12 15:38:49.844 [info] [VerilogHoverProvider] Hover requested
2025-03-12 15:38:50.267 [warning] [VerilogHoverProvider] Hover object not found
2025-03-12 15:38:51.071 [info] [VerilogHoverProvider] Hover requested
2025-03-12 15:38:51.322 [info] [VerilogHoverProvider] Hover requested
2025-03-12 15:38:52.325 [info] [VerilogDocumentSymbolProvider] [VerilogSymbol] Symbols Requested: file:///home/sgass/Projects/kepler/hdl/rtl/ethernet/ethernet_point_to_multipoint_hub.sv
2025-03-12 15:38:52.330 [info] [VerilogDocumentSymbolProvider] 1 top-level symbols returned
2025-03-12 15:38:53.229 [info] [VerilogDocumentSymbolProvider] [VerilogSymbol] Symbols Requested: file:///home/sgass/Projects/kepler/hdl/rtl/ethernet/ethernet_point_to_multipoint_hub.sv
2025-03-12 15:38:53.234 [info] [VerilogDocumentSymbolProvider] 1 top-level symbols returned
2025-03-12 15:38:53.963 [info] [VerilogDocumentSymbolProvider] [VerilogSymbol] Symbols Requested: file:///home/sgass/Projects/kepler/hdl/rtl/ethernet/ethernet_point_to_multipoint_hub.sv
2025-03-12 15:38:53.971 [info] [VerilogDocumentSymbolProvider] 1 top-level symbols returned
2025-03-12 15:38:54.628 [info] [VerilogDocumentSymbolProvider] [VerilogSymbol] Symbols Requested: file:///home/sgass/Projects/kepler/hdl/rtl/ethernet/ethernet_point_to_multipoint_hub.sv
2025-03-12 15:38:54.634 [info] [VerilogDocumentSymbolProvider] 1 top-level symbols returned
2025-03-12 15:38:56.215 [info] [VerilogDocumentSymbolProvider] [VerilogSymbol] Symbols Requested: file:///home/sgass/Projects/kepler/hdl/rtl/ethernet/ethernet_point_to_multipoint_hub.sv
2025-03-12 15:38:56.221 [info] [VerilogDocumentSymbolProvider] 1 top-level symbols returned
2025-03-12 15:38:57.075 [info] [VerilogDocumentSymbolProvider] [VerilogSymbol] Symbols Requested: file:///home/sgass/Projects/kepler/hdl/rtl/ethernet/ethernet_point_to_multipoint_hub.sv
2025-03-12 15:38:57.081 [info] [VerilogDocumentSymbolProvider] 1 top-level symbols returned
2025-03-12 15:39:00.280 [info] [VerilogDocumentSymbolProvider] [VerilogSymbol] Symbols Requested: file:///home/sgass/Projects/kepler/hdl/rtl/ethernet/ethernet_point_to_multipoint_hub.sv
2025-03-12 15:39:00.286 [info] [VerilogDocumentSymbolProvider] 1 top-level symbols returned
2025-03-12 15:39:02.553 [info] [VerilogDocumentSymbolProvider] [VerilogSymbol] Symbols Requested: file:///home/sgass/Projects/kepler/hdl/rtl/ethernet/ethernet_point_to_multipoint_hub.sv
2025-03-12 15:39:02.558 [info] [VerilogDocumentSymbolProvider] 1 top-level symbols returned
2025-03-12 15:39:03.089 [info] [VerilogDocumentSymbolProvider] [VerilogSymbol] Symbols Requested: file:///home/sgass/Projects/kepler/hdl/rtl/ethernet/ethernet_point_to_multipoint_hub.sv
2025-03-12 15:39:03.094 [info] [VerilogDocumentSymbolProvider] 1 top-level symbols returned
2025-03-12 15:39:04.948 [info] [VerilogDocumentSymbolProvider] [VerilogSymbol] Symbols Requested: file:///home/sgass/Projects/kepler/hdl/rtl/ethernet/ethernet_point_to_multipoint_hub.sv
2025-03-12 15:39:04.954 [info] [VerilogDocumentSymbolProvider] 1 top-level symbols returned
2025-03-12 15:39:05.437 [info] [VerilogDocumentSymbolProvider] [VerilogSymbol] Symbols Requested: file:///home/sgass/Projects/kepler/hdl/rtl/ethernet/ethernet_point_to_multipoint_hub.sv
2025-03-12 15:39:05.443 [info] [VerilogDocumentSymbolProvider] 1 top-level symbols returned
2025-03-12 15:39:15.310 [info] [VerilogDocumentSymbolProvider] [VerilogSymbol] Symbols Requested: file:///home/sgass/Projects/kepler/hdl/rtl/ethernet/ethernet_point_to_multipoint_hub.sv
2025-03-12 15:39:15.315 [info] [VerilogDocumentSymbolProvider] 1 top-level symbols returned
2025-03-12 15:39:16.267 [info] [VerilogDocumentSymbolProvider] [VerilogSymbol] Symbols Requested: file:///home/sgass/Projects/kepler/hdl/rtl/ethernet/ethernet_point_to_multipoint_hub.sv
2025-03-12 15:39:16.273 [info] [VerilogDocumentSymbolProvider] 1 top-level symbols returned
2025-03-12 15:39:18.859 [info] [VerilogDocumentSymbolProvider] [VerilogSymbol] Symbols Requested: file:///home/sgass/Projects/kepler/hdl/rtl/ethernet/ethernet_point_to_multipoint_hub.sv
2025-03-12 15:39:18.865 [info] [VerilogDocumentSymbolProvider] 1 top-level symbols returned
2025-03-12 15:39:22.089 [info] [VerilogDocumentSymbolProvider] [VerilogSymbol] Symbols Requested: file:///home/sgass/Projects/kepler/hdl/rtl/ethernet/ethernet_point_to_multipoint_hub.sv
2025-03-12 15:39:22.096 [info] [VerilogDocumentSymbolProvider] 1 top-level symbols returned
2025-03-12 15:39:24.403 [info] [VerilogDocumentSymbolProvider] [VerilogSymbol] Symbols Requested: file:///home/sgass/Projects/kepler/hdl/rtl/ethernet/ethernet_point_to_multipoint_hub.sv
2025-03-12 15:39:24.409 [info] [VerilogDocumentSymbolProvider] 1 top-level symbols returned
2025-03-12 15:39:28.288 [info] [VerilogDocumentSymbolProvider] [VerilogSymbol] Symbols Requested: file:///home/sgass/Projects/kepler/hdl/rtl/ethernet/ethernet_point_to_multipoint_hub.sv
2025-03-12 15:39:28.294 [info] [VerilogDocumentSymbolProvider] 1 top-level symbols returned
2025-03-12 15:39:30.758 [info] [VerilogDocumentSymbolProvider] [VerilogSymbol] Symbols Requested: file:///home/sgass/Projects/kepler/hdl/rtl/ethernet/ethernet_point_to_multipoint_hub.sv
2025-03-12 15:39:30.764 [info] [VerilogDocumentSymbolProvider] 1 top-level symbols returned
2025-03-12 15:39:34.709 [info] [VerilogDocumentSymbolProvider] [VerilogSymbol] Symbols Requested: file:///home/sgass/Projects/kepler/hdl/rtl/ethernet/ethernet_point_to_multipoint_hub.sv
2025-03-12 15:39:34.714 [info] [VerilogDocumentSymbolProvider] 1 top-level symbols returned
2025-03-12 15:39:35.086 [info] [VerilogDocumentSymbolProvider] [VerilogSymbol] Symbols Requested: file:///home/sgass/Projects/kepler/hdl/rtl/ethernet/ethernet_point_to_multipoint_hub.sv
2025-03-12 15:39:35.092 [info] [VerilogDocumentSymbolProvider] 1 top-level symbols returned
2025-03-12 15:39:37.998 [info] [VerilogDocumentSymbolProvider] [VerilogSymbol] Symbols Requested: file:///home/sgass/Projects/kepler/hdl/rtl/ethernet/ethernet_point_to_multipoint_hub.sv
2025-03-12 15:39:38.003 [info] [VerilogDocumentSymbolProvider] 1 top-level symbols returned
2025-03-12 15:39:40.289 [info] [VerilogHoverProvider] Hover requested
2025-03-12 15:39:44.133 [info] [VerilogDocumentSymbolProvider] [VerilogSymbol] Symbols Requested: file:///home/sgass/Projects/kepler/hdl/rtl/ethernet/ethernet_point_to_multipoint_hub.sv
2025-03-12 15:39:44.137 [info] [VerilogDocumentSymbolProvider] 1 top-level symbols returned
2025-03-12 15:39:44.783 [info] [VerilogDocumentSymbolProvider] [VerilogSymbol] Symbols Requested: file:///home/sgass/Projects/kepler/hdl/rtl/ethernet/ethernet_point_to_multipoint_hub.sv
2025-03-12 15:39:44.789 [info] [VerilogDocumentSymbolProvider] 1 top-level symbols returned
2025-03-12 15:39:46.223 [info] [VerilogDocumentSymbolProvider] [VerilogSymbol] Symbols Requested: file:///home/sgass/Projects/kepler/hdl/rtl/ethernet/ethernet_point_to_multipoint_hub.sv
2025-03-12 15:39:46.229 [info] [VerilogDocumentSymbolProvider] 1 top-level symbols returned
2025-03-12 15:39:49.082 [info] [VerilogDocumentSymbolProvider] [VerilogSymbol] Symbols Requested: file:///home/sgass/Projects/kepler/hdl/rtl/ethernet/ethernet_point_to_multipoint_hub.sv
2025-03-12 15:39:49.087 [info] [VerilogDocumentSymbolProvider] 1 top-level symbols returned
2025-03-12 15:39:49.899 [info] [VerilogDocumentSymbolProvider] [VerilogSymbol] Symbols Requested: file:///home/sgass/Projects/kepler/hdl/rtl/ethernet/ethernet_point_to_multipoint_hub.sv
2025-03-12 15:39:49.904 [info] [VerilogDocumentSymbolProvider] 1 top-level symbols returned
2025-03-12 15:39:50.299 [info] [VerilogDocumentSymbolProvider] [VerilogSymbol] Symbols Requested: file:///home/sgass/Projects/kepler/hdl/rtl/ethernet/ethernet_point_to_multipoint_hub.sv
2025-03-12 15:39:50.304 [info] [VerilogDocumentSymbolProvider] 1 top-level symbols returned
2025-03-12 15:39:55.435 [info] [VerilogHoverProvider] Hover requested
2025-03-12 15:39:58.394 [info] [VerilogDocumentSymbolProvider] [VerilogSymbol] Symbols Requested: file:///home/sgass/Projects/kepler/hdl/rtl/ethernet/ethernet_point_to_multipoint_hub.sv
2025-03-12 15:39:58.399 [info] [VerilogDocumentSymbolProvider] 1 top-level symbols returned
2025-03-12 15:40:01.776 [info] [VerilogDocumentSymbolProvider] [VerilogSymbol] Symbols Requested: file:///home/sgass/Projects/kepler/hdl/rtl/ethernet/ethernet_point_to_multipoint_hub.sv
2025-03-12 15:40:01.781 [info] [VerilogDocumentSymbolProvider] 1 top-level symbols returned
2025-03-12 15:40:04.455 [info] [VerilogDocumentSymbolProvider] [VerilogSymbol] Symbols Requested: file:///home/sgass/Projects/kepler/hdl/rtl/ethernet/ethernet_point_to_multipoint_hub.sv
2025-03-12 15:40:04.461 [info] [VerilogDocumentSymbolProvider] 1 top-level symbols returned
2025-03-12 15:40:06.236 [info] [VerilogDocumentSymbolProvider] [VerilogSymbol] Symbols Requested: file:///home/sgass/Projects/kepler/hdl/rtl/ethernet/ethernet_point_to_multipoint_hub.sv
2025-03-12 15:40:06.241 [info] [VerilogDocumentSymbolProvider] 1 top-level symbols returned
2025-03-12 15:40:07.610 [info] [VerilogDocumentSymbolProvider] [VerilogSymbol] Symbols Requested: file:///home/sgass/Projects/kepler/hdl/rtl/ethernet/ethernet_point_to_multipoint_hub.sv
2025-03-12 15:40:07.616 [info] [VerilogDocumentSymbolProvider] 1 top-level symbols returned
2025-03-12 15:40:09.450 [info] [VerilogDocumentSymbolProvider] [VerilogSymbol] Symbols Requested: file:///home/sgass/Projects/kepler/hdl/rtl/ethernet/ethernet_point_to_multipoint_hub.sv
2025-03-12 15:40:09.455 [info] [VerilogDocumentSymbolProvider] 1 top-level symbols returned
2025-03-12 15:40:12.534 [info] [VerilogHoverProvider] Hover requested
2025-03-12 15:40:12.749 [info] [VerilogHoverProvider] Hover requested
2025-03-12 15:40:12.980 [warning] [VerilogHoverProvider] Hover object not found
2025-03-12 15:40:13.151 [warning] [VerilogHoverProvider] Hover object not found
2025-03-12 15:40:14.036 [info] [VerilogDocumentSymbolProvider] [VerilogSymbol] Symbols Requested: file:///home/sgass/Projects/kepler/hdl/rtl/ethernet/ethernet_point_to_multipoint_hub.sv
2025-03-12 15:40:14.042 [info] [VerilogDocumentSymbolProvider] 1 top-level symbols returned
2025-03-12 15:40:14.938 [info] [VerilogDocumentSymbolProvider] [VerilogSymbol] Symbols Requested: file:///home/sgass/Projects/kepler/hdl/rtl/ethernet/ethernet_point_to_multipoint_hub.sv
2025-03-12 15:40:14.944 [info] [VerilogDocumentSymbolProvider] 1 top-level symbols returned
2025-03-12 15:40:15.674 [info] [VerilogDocumentSymbolProvider] [VerilogSymbol] Symbols Requested: file:///home/sgass/Projects/kepler/hdl/rtl/ethernet/ethernet_point_to_multipoint_hub.sv
2025-03-12 15:40:15.680 [info] [VerilogDocumentSymbolProvider] 1 top-level symbols returned
2025-03-12 15:40:17.082 [info] [VerilogDocumentSymbolProvider] [VerilogSymbol] Symbols Requested: file:///home/sgass/Projects/kepler/hdl/rtl/ethernet/ethernet_point_to_multipoint_hub.sv
2025-03-12 15:40:17.087 [info] [VerilogDocumentSymbolProvider] 1 top-level symbols returned
2025-03-12 15:40:17.488 [info] [VerilogDocumentSymbolProvider] [VerilogSymbol] Symbols Requested: file:///home/sgass/Projects/kepler/hdl/rtl/ethernet/ethernet_point_to_multipoint_hub.sv
2025-03-12 15:40:17.494 [info] [VerilogDocumentSymbolProvider] 1 top-level symbols returned
2025-03-12 15:40:18.297 [info] [VerilogDocumentSymbolProvider] [VerilogSymbol] Symbols Requested: file:///home/sgass/Projects/kepler/hdl/rtl/ethernet/ethernet_point_to_multipoint_hub.sv
2025-03-12 15:40:18.304 [info] [VerilogDocumentSymbolProvider] 1 top-level symbols returned
2025-03-12 15:40:20.571 [info] [VerilogDocumentSymbolProvider] [VerilogSymbol] Symbols Requested: file:///home/sgass/Projects/kepler/hdl/rtl/ethernet/ethernet_point_to_multipoint_hub.sv
2025-03-12 15:40:20.574 [info] [VerilogDocumentSymbolProvider] 1 top-level symbols returned
2025-03-12 15:40:22.438 [info] [VerilogDocumentSymbolProvider] [VerilogSymbol] Symbols Requested: file:///home/sgass/Projects/kepler/hdl/rtl/ethernet/ethernet_point_to_multipoint_hub.sv
2025-03-12 15:40:22.443 [info] [VerilogDocumentSymbolProvider] 1 top-level symbols returned
2025-03-12 15:40:25.163 [info] [VerilogDocumentSymbolProvider] [VerilogSymbol] Symbols Requested: file:///home/sgass/Projects/kepler/hdl/rtl/ethernet/ethernet_point_to_multipoint_hub.sv
2025-03-12 15:40:25.168 [info] [VerilogDocumentSymbolProvider] 1 top-level symbols returned
2025-03-12 15:40:27.260 [info] [VerilogDocumentSymbolProvider] [VerilogSymbol] Symbols Requested: file:///home/sgass/Projects/kepler/hdl/rtl/ethernet/ethernet_point_to_multipoint_hub.sv
2025-03-12 15:40:27.265 [info] [VerilogDocumentSymbolProvider] 1 top-level symbols returned
2025-03-12 15:40:28.740 [info] [VerilogDocumentSymbolProvider] [VerilogSymbol] Symbols Requested: file:///home/sgass/Projects/kepler/hdl/rtl/ethernet/ethernet_point_to_multipoint_hub.sv
2025-03-12 15:40:28.746 [info] [VerilogDocumentSymbolProvider] 1 top-level symbols returned
2025-03-12 15:40:31.125 [info] [VerilogDocumentSymbolProvider] [VerilogSymbol] Symbols Requested: file:///home/sgass/Projects/kepler/hdl/rtl/ethernet/ethernet_point_to_multipoint_hub.sv
2025-03-12 15:40:31.130 [info] [VerilogDocumentSymbolProvider] 1 top-level symbols returned
2025-03-12 15:40:34.702 [info] [VerilogHoverProvider] Hover requested
2025-03-12 15:40:35.145 [warning] [VerilogHoverProvider] Hover object not found
2025-03-12 15:40:35.317 [info] [VerilogHoverProvider] Hover requested
2025-03-12 15:40:35.706 [info] [VerilogDocumentSymbolProvider] [VerilogSymbol] Symbols Requested: file:///home/sgass/Projects/kepler/hdl/rtl/ethernet/ethernet_point_to_multipoint_hub.sv
2025-03-12 15:40:35.711 [info] [VerilogDocumentSymbolProvider] 1 top-level symbols returned
2025-03-12 15:40:36.329 [info] [VerilogDocumentSymbolProvider] [VerilogSymbol] Symbols Requested: file:///home/sgass/Projects/kepler/hdl/rtl/ethernet/ethernet_point_to_multipoint_hub.sv
2025-03-12 15:40:36.336 [info] [VerilogDocumentSymbolProvider] 1 top-level symbols returned
2025-03-12 15:40:37.162 [info] [VerilogDocumentSymbolProvider] [VerilogSymbol] Symbols Requested: file:///home/sgass/Projects/kepler/hdl/rtl/ethernet/ethernet_point_to_multipoint_hub.sv
2025-03-12 15:40:37.168 [info] [VerilogDocumentSymbolProvider] 1 top-level symbols returned
2025-03-12 15:40:38.251 [info] [VerilogDocumentSymbolProvider] [VerilogSymbol] Symbols Requested: file:///home/sgass/Projects/kepler/hdl/rtl/ethernet/ethernet_point_to_multipoint_hub.sv
2025-03-12 15:40:38.257 [info] [VerilogDocumentSymbolProvider] 1 top-level symbols returned
2025-03-12 15:40:38.693 [info] [VerilogDocumentSymbolProvider] [VerilogSymbol] Symbols Requested: file:///home/sgass/Projects/kepler/hdl/rtl/ethernet/ethernet_point_to_multipoint_hub.sv
2025-03-12 15:40:38.699 [info] [VerilogDocumentSymbolProvider] 1 top-level symbols returned
2025-03-12 15:40:40.797 [info] [VerilogDocumentSymbolProvider] [VerilogSymbol] Symbols Requested: file:///home/sgass/Projects/kepler/hdl/rtl/ethernet/ethernet_point_to_multipoint_hub.sv
2025-03-12 15:40:40.802 [info] [VerilogDocumentSymbolProvider] 1 top-level symbols returned
2025-03-12 15:40:44.712 [info] [VerilogDocumentSymbolProvider] [VerilogSymbol] Symbols Requested: file:///home/sgass/Projects/kepler/hdl/rtl/ethernet/ethernet_point_to_multipoint_hub.sv
2025-03-12 15:40:44.717 [info] [VerilogDocumentSymbolProvider] 1 top-level symbols returned
2025-03-12 15:40:49.078 [info] [VerilogDocumentSymbolProvider] [VerilogSymbol] Symbols Requested: file:///home/sgass/Projects/kepler/hdl/rtl/ethernet/ethernet_point_to_multipoint_hub.sv
2025-03-12 15:40:49.084 [info] [VerilogDocumentSymbolProvider] 1 top-level symbols returned
2025-03-12 15:40:52.153 [info] [VerilogDocumentSymbolProvider] [VerilogSymbol] Symbols Requested: file:///home/sgass/Projects/kepler/hdl/rtl/ethernet/ethernet_point_to_multipoint_hub.sv
2025-03-12 15:40:52.159 [info] [VerilogDocumentSymbolProvider] 1 top-level symbols returned
2025-03-12 15:40:54.641 [info] [VerilogDocumentSymbolProvider] [VerilogSymbol] Symbols Requested: file:///home/sgass/Projects/kepler/hdl/rtl/ethernet/ethernet_point_to_multipoint_hub.sv
2025-03-12 15:40:54.647 [info] [VerilogDocumentSymbolProvider] 1 top-level symbols returned
2025-03-12 15:40:57.746 [info] [VerilogDocumentSymbolProvider] [VerilogSymbol] Symbols Requested: file:///home/sgass/Projects/kepler/hdl/rtl/ethernet/ethernet_point_to_multipoint_hub.sv
2025-03-12 15:40:57.752 [info] [VerilogDocumentSymbolProvider] 1 top-level symbols returned
2025-03-12 15:41:00.484 [info] [VerilogDocumentSymbolProvider] [VerilogSymbol] Symbols Requested: file:///home/sgass/Projects/kepler/hdl/rtl/ethernet/ethernet_point_to_multipoint_hub.sv
2025-03-12 15:41:00.490 [info] [VerilogDocumentSymbolProvider] 1 top-level symbols returned
2025-03-12 15:41:07.875 [info] [VerilogDocumentSymbolProvider] [VerilogSymbol] Symbols Requested: file:///home/sgass/Projects/kepler/hdl/rtl/ethernet/ethernet_point_to_multipoint_hub.sv
2025-03-12 15:41:07.880 [info] [VerilogDocumentSymbolProvider] 1 top-level symbols returned
2025-03-12 15:41:12.073 [info] [VerilogDocumentSymbolProvider] [VerilogSymbol] Symbols Requested: file:///home/sgass/Projects/kepler/hdl/rtl/ethernet/ethernet_point_to_multipoint_hub.sv
2025-03-12 15:41:12.078 [info] [VerilogDocumentSymbolProvider] 1 top-level symbols returned
2025-03-12 15:41:21.626 [info] [VerilogDocumentSymbolProvider] [VerilogSymbol] Symbols Requested: file:///home/sgass/Projects/kepler/hdl/rtl/ethernet/ethernet_point_to_multipoint_hub.sv
2025-03-12 15:41:21.632 [info] [VerilogDocumentSymbolProvider] 1 top-level symbols returned
2025-03-12 15:41:22.217 [info] [VerilogDocumentSymbolProvider] [VerilogSymbol] Symbols Requested: file:///home/sgass/Projects/kepler/hdl/rtl/ethernet/ethernet_point_to_multipoint_hub.sv
2025-03-12 15:41:22.222 [info] [VerilogDocumentSymbolProvider] 1 top-level symbols returned
2025-03-12 15:41:22.996 [info] [VerilogDocumentSymbolProvider] [VerilogSymbol] Symbols Requested: file:///home/sgass/Projects/kepler/hdl/rtl/ethernet/ethernet_point_to_multipoint_hub.sv
2025-03-12 15:41:23.002 [info] [VerilogDocumentSymbolProvider] 1 top-level symbols returned
2025-03-12 15:41:24.152 [info] [VerilogDocumentSymbolProvider] [VerilogSymbol] Symbols Requested: file:///home/sgass/Projects/kepler/hdl/rtl/ethernet/ethernet_point_to_multipoint_hub.sv
2025-03-12 15:41:24.158 [info] [VerilogDocumentSymbolProvider] 1 top-level symbols returned
2025-03-12 15:41:27.789 [info] [VerilogDocumentSymbolProvider] [VerilogSymbol] Symbols Requested: file:///home/sgass/Projects/kepler/hdl/rtl/ethernet/ethernet_point_to_multipoint_hub.sv
2025-03-12 15:41:27.795 [info] [VerilogDocumentSymbolProvider] 1 top-level symbols returned
2025-03-12 15:41:31.949 [info] [VerilogDocumentSymbolProvider] [VerilogSymbol] Symbols Requested: file:///home/sgass/Projects/kepler/hdl/rtl/ethernet/ethernet_point_to_multipoint_hub.sv
2025-03-12 15:41:31.955 [info] [VerilogDocumentSymbolProvider] 1 top-level symbols returned
2025-03-12 15:41:35.028 [info] [VerilogHoverProvider] Hover requested
2025-03-12 15:41:35.417 [info] [VerilogHoverProvider] Hover requested
2025-03-12 15:41:35.895 [info] [VerilogHoverProvider] Hover requested
2025-03-12 15:41:36.315 [warning] [VerilogHoverProvider] Hover object not found
2025-03-12 15:41:37.597 [info] [VerilogDocumentSymbolProvider] [VerilogSymbol] Symbols Requested: file:///home/sgass/Projects/kepler/hdl/rtl/ethernet/ethernet_point_to_multipoint_hub.sv
2025-03-12 15:41:37.602 [info] [VerilogDocumentSymbolProvider] 1 top-level symbols returned
2025-03-12 15:41:37.955 [info] [VerilogDocumentSymbolProvider] [VerilogSymbol] Symbols Requested: file:///home/sgass/Projects/kepler/hdl/rtl/ethernet/ethernet_point_to_multipoint_hub.sv
2025-03-12 15:41:37.961 [info] [VerilogDocumentSymbolProvider] 1 top-level symbols returned
2025-03-12 15:41:38.346 [info] [VerilogDocumentSymbolProvider] [VerilogSymbol] Symbols Requested: file:///home/sgass/Projects/kepler/hdl/rtl/ethernet/ethernet_point_to_multipoint_hub.sv
2025-03-12 15:41:38.352 [info] [VerilogDocumentSymbolProvider] 1 top-level symbols returned
2025-03-12 15:41:41.855 [info] [VerilogDocumentSymbolProvider] [VerilogSymbol] Symbols Requested: file:///home/sgass/Projects/kepler/hdl/rtl/ethernet/ethernet_point_to_multipoint_hub.sv
2025-03-12 15:41:41.862 [info] [VerilogDocumentSymbolProvider] 1 top-level symbols returned
2025-03-12 15:41:43.016 [info] [VerilogDocumentSymbolProvider] [VerilogSymbol] Symbols Requested: file:///home/sgass/Projects/kepler/hdl/rtl/ethernet/ethernet_point_to_multipoint_hub.sv
2025-03-12 15:41:43.021 [info] [VerilogDocumentSymbolProvider] 1 top-level symbols returned
2025-03-12 15:41:44.583 [info] [VerilogDocumentSymbolProvider] [VerilogSymbol] Symbols Requested: file:///home/sgass/Projects/kepler/hdl/rtl/ethernet/ethernet_point_to_multipoint_hub.sv
2025-03-12 15:41:44.588 [info] [VerilogDocumentSymbolProvider] 1 top-level symbols returned
2025-03-12 15:41:45.842 [info] [VerilogDocumentSymbolProvider] [VerilogSymbol] Symbols Requested: file:///home/sgass/Projects/kepler/hdl/rtl/ethernet/ethernet_point_to_multipoint_hub.sv
2025-03-12 15:41:45.849 [info] [VerilogDocumentSymbolProvider] 1 top-level symbols returned
2025-03-12 15:41:48.660 [info] [VerilogDocumentSymbolProvider] [VerilogSymbol] Symbols Requested: file:///home/sgass/Projects/kepler/hdl/rtl/ethernet/ethernet_point_to_multipoint_hub.sv
2025-03-12 15:41:48.666 [info] [VerilogDocumentSymbolProvider] 1 top-level symbols returned
2025-03-12 15:41:49.028 [info] [VerilogDocumentSymbolProvider] [VerilogSymbol] Symbols Requested: file:///home/sgass/Projects/kepler/hdl/rtl/ethernet/ethernet_point_to_multipoint_hub.sv
2025-03-12 15:41:49.034 [info] [VerilogDocumentSymbolProvider] 1 top-level symbols returned
2025-03-12 15:41:50.238 [info] [VerilogDocumentSymbolProvider] [VerilogSymbol] Symbols Requested: file:///home/sgass/Projects/kepler/hdl/rtl/ethernet/ethernet_point_to_multipoint_hub.sv
2025-03-12 15:41:50.244 [info] [VerilogDocumentSymbolProvider] 1 top-level symbols returned
2025-03-12 15:41:51.591 [info] [VerilogDocumentSymbolProvider] [VerilogSymbol] Symbols Requested: file:///home/sgass/Projects/kepler/hdl/rtl/ethernet/ethernet_point_to_multipoint_hub.sv
2025-03-12 15:41:51.592 [info] [VerilogDocumentSymbolProvider] 1 top-level symbols returned
2025-03-12 15:41:53.014 [info] [VerilogDocumentSymbolProvider] [VerilogSymbol] Symbols Requested: file:///home/sgass/Projects/kepler/hdl/rtl/ethernet/ethernet_point_to_multipoint_hub.sv
2025-03-12 15:41:53.019 [info] [VerilogDocumentSymbolProvider] 1 top-level symbols returned
2025-03-12 15:41:54.126 [info] [VerilogDocumentSymbolProvider] [VerilogSymbol] Symbols Requested: file:///home/sgass/Projects/kepler/hdl/rtl/ethernet/ethernet_point_to_multipoint_hub.sv
2025-03-12 15:41:54.132 [info] [VerilogDocumentSymbolProvider] 1 top-level symbols returned
2025-03-12 15:41:55.262 [info] [VerilogDocumentSymbolProvider] [VerilogSymbol] Symbols Requested: file:///home/sgass/Projects/kepler/hdl/rtl/ethernet/ethernet_point_to_multipoint_hub.sv
2025-03-12 15:41:55.268 [info] [VerilogDocumentSymbolProvider] 1 top-level symbols returned
2025-03-12 15:41:57.744 [info] [VerilogHoverProvider] Hover requested
2025-03-12 15:41:58.171 [warning] [VerilogHoverProvider] Hover object not found
2025-03-12 15:41:59.155 [info] [VerilogDocumentSymbolProvider] [VerilogSymbol] Symbols Requested: file:///home/sgass/Projects/kepler/hdl/rtl/ethernet/ethernet_point_to_multipoint_hub.sv
2025-03-12 15:41:59.161 [info] [VerilogDocumentSymbolProvider] 1 top-level symbols returned
2025-03-12 15:41:59.625 [info] [VerilogHoverProvider] Hover requested
2025-03-12 15:42:00.143 [info] [VerilogHoverProvider] Hover requested
2025-03-12 15:42:00.552 [warning] [VerilogHoverProvider] Hover object not found
2025-03-12 15:42:01.365 [info] [VerilogDocumentSymbolProvider] [VerilogSymbol] Symbols Requested: file:///home/sgass/Projects/kepler/hdl/rtl/ethernet/ethernet_point_to_multipoint_hub.sv
2025-03-12 15:42:01.371 [info] [VerilogDocumentSymbolProvider] 1 top-level symbols returned
2025-03-12 15:42:02.060 [info] [VerilogDocumentSymbolProvider] [VerilogSymbol] Symbols Requested: file:///home/sgass/Projects/kepler/hdl/rtl/ethernet/ethernet_point_to_multipoint_hub.sv
2025-03-12 15:42:02.066 [info] [VerilogDocumentSymbolProvider] 1 top-level symbols returned
2025-03-12 15:42:04.694 [info] [VerilogHoverProvider] Hover requested
2025-03-12 15:42:05.152 [info] [VerilogHoverProvider] Hover object returned
2025-03-12 15:42:07.733 [info] [VerilogDocumentSymbolProvider] [VerilogSymbol] Symbols Requested: file:///home/sgass/Projects/kepler/hdl/rtl/ethernet/ethernet_point_to_multipoint_hub.sv
2025-03-12 15:42:07.739 [info] [VerilogDocumentSymbolProvider] 1 top-level symbols returned
2025-03-12 15:42:11.076 [info] [VerilogDocumentSymbolProvider] [VerilogSymbol] Symbols Requested: file:///home/sgass/Projects/kepler/hdl/rtl/ethernet/ethernet_point_to_multipoint_hub.sv
2025-03-12 15:42:11.082 [info] [VerilogDocumentSymbolProvider] 1 top-level symbols returned
2025-03-12 15:42:15.339 [info] [VerilogDocumentSymbolProvider] [VerilogSymbol] Symbols Requested: file:///home/sgass/Projects/kepler/hdl/rtl/ethernet/ethernet_point_to_multipoint_hub.sv
2025-03-12 15:42:15.344 [info] [VerilogDocumentSymbolProvider] 1 top-level symbols returned
2025-03-12 15:42:16.090 [info] [VerilogDocumentSymbolProvider] [VerilogSymbol] Symbols Requested: file:///home/sgass/Projects/kepler/hdl/rtl/ethernet/ethernet_point_to_multipoint_hub.sv
2025-03-12 15:42:16.096 [info] [VerilogDocumentSymbolProvider] 1 top-level symbols returned
2025-03-12 15:42:17.085 [info] [VerilogDocumentSymbolProvider] [VerilogSymbol] Symbols Requested: file:///home/sgass/Projects/kepler/hdl/rtl/ethernet/ethernet_point_to_multipoint_hub.sv
2025-03-12 15:42:17.090 [info] [VerilogDocumentSymbolProvider] 1 top-level symbols returned
2025-03-12 15:42:19.182 [info] [VerilogDocumentSymbolProvider] [VerilogSymbol] Symbols Requested: file:///home/sgass/Projects/kepler/hdl/rtl/ethernet/ethernet_point_to_multipoint_hub.sv
2025-03-12 15:42:19.188 [info] [VerilogDocumentSymbolProvider] 1 top-level symbols returned
2025-03-12 15:42:19.794 [info] [VerilogDocumentSymbolProvider] [VerilogSymbol] Symbols Requested: file:///home/sgass/Projects/kepler/hdl/rtl/ethernet/ethernet_point_to_multipoint_hub.sv
2025-03-12 15:42:19.800 [info] [VerilogDocumentSymbolProvider] 1 top-level symbols returned
2025-03-12 15:42:22.596 [info] [VerilogDocumentSymbolProvider] [VerilogSymbol] Symbols Requested: file:///home/sgass/Projects/kepler/hdl/rtl/ethernet/ethernet_point_to_multipoint_hub.sv
2025-03-12 15:42:22.602 [info] [VerilogDocumentSymbolProvider] 1 top-level symbols returned
2025-03-12 15:42:23.035 [info] [VerilogDocumentSymbolProvider] [VerilogSymbol] Symbols Requested: file:///home/sgass/Projects/kepler/hdl/rtl/ethernet/ethernet_point_to_multipoint_hub.sv
2025-03-12 15:42:23.043 [info] [VerilogDocumentSymbolProvider] 1 top-level symbols returned
2025-03-12 15:42:26.280 [info] [VerilogDocumentSymbolProvider] [VerilogSymbol] Symbols Requested: file:///home/sgass/Projects/kepler/hdl/rtl/ethernet/ethernet_point_to_multipoint_hub.sv
2025-03-12 15:42:26.285 [info] [VerilogDocumentSymbolProvider] 1 top-level symbols returned
2025-03-12 15:42:26.908 [info] [VerilogDocumentSymbolProvider] [VerilogSymbol] Symbols Requested: file:///home/sgass/Projects/kepler/hdl/rtl/ethernet/ethernet_point_to_multipoint_hub.sv
2025-03-12 15:42:26.914 [info] [VerilogDocumentSymbolProvider] 1 top-level symbols returned
2025-03-12 15:42:27.650 [info] [VerilogHoverProvider] Hover requested
2025-03-12 15:42:28.042 [warning] [VerilogHoverProvider] Hover object not found
2025-03-12 15:42:28.056 [info] [VerilogHoverProvider] Hover requested
2025-03-12 15:42:28.464 [info] [VerilogHoverProvider] Hover object returned
2025-03-12 15:42:31.029 [info] [VerilogHoverProvider] Hover requested
2025-03-12 15:42:31.991 [info] [VerilogDocumentSymbolProvider] [VerilogSymbol] Symbols Requested: file:///home/sgass/Projects/kepler/hdl/rtl/ethernet/ethernet_point_to_multipoint_hub.sv
2025-03-12 15:42:31.997 [info] [VerilogDocumentSymbolProvider] 1 top-level symbols returned
2025-03-12 15:42:32.565 [info] [VerilogHoverProvider] Hover requested
2025-03-12 15:42:32.938 [info] [VerilogHoverProvider] Hover requested
2025-03-12 15:42:32.948 [warning] [VerilogHoverProvider] Hover object not found
2025-03-12 15:42:33.535 [info] [VerilogDocumentSymbolProvider] [VerilogSymbol] Symbols Requested: file:///home/sgass/Projects/kepler/hdl/rtl/ethernet/ethernet_point_to_multipoint_hub.sv
2025-03-12 15:42:33.540 [info] [VerilogDocumentSymbolProvider] 1 top-level symbols returned
2025-03-12 15:42:35.002 [info] [VerilogHoverProvider] Hover requested
2025-03-12 15:42:35.426 [warning] [VerilogHoverProvider] Hover object not found
2025-03-12 15:42:37.739 [info] [VerilogDocumentSymbolProvider] [VerilogSymbol] Symbols Requested: file:///home/sgass/Projects/kepler/hdl/rtl/ethernet/ethernet_point_to_multipoint_hub.sv
2025-03-12 15:42:37.745 [info] [VerilogDocumentSymbolProvider] 1 top-level symbols returned
2025-03-12 15:42:38.324 [info] [VerilogHoverProvider] Hover requested
2025-03-12 15:42:38.723 [warning] [VerilogHoverProvider] Hover object not found
2025-03-12 15:42:40.057 [info] [VerilogHoverProvider] Hover requested
2025-03-12 15:42:40.535 [info] [VerilogHoverProvider] Hover requested
2025-03-12 15:42:40.558 [warning] [VerilogHoverProvider] Hover object not found
2025-03-12 15:42:43.379 [info] [VerilogDocumentSymbolProvider] [VerilogSymbol] Symbols Requested: file:///home/sgass/Projects/kepler/hdl/rtl/ethernet/ethernet_point_to_multipoint_hub.sv
2025-03-12 15:42:43.385 [info] [VerilogDocumentSymbolProvider] 1 top-level symbols returned
2025-03-12 15:42:43.971 [info] [VerilogHoverProvider] Hover requested
2025-03-12 15:42:44.958 [info] [VerilogHoverProvider] Hover requested
2025-03-12 15:42:45.828 [info] [VerilogDocumentSymbolProvider] [VerilogSymbol] Symbols Requested: file:///home/sgass/Projects/kepler/hdl/rtl/ethernet/ethernet_point_to_multipoint_hub.sv
2025-03-12 15:42:45.834 [info] [VerilogDocumentSymbolProvider] 1 top-level symbols returned
2025-03-12 15:42:46.485 [info] [VerilogHoverProvider] Hover requested
2025-03-12 15:42:47.510 [info] [VerilogDocumentSymbolProvider] [VerilogSymbol] Symbols Requested: file:///home/sgass/Projects/kepler/hdl/rtl/ethernet/ethernet_point_to_multipoint_hub.sv
2025-03-12 15:42:47.515 [info] [VerilogDocumentSymbolProvider] 1 top-level symbols returned
2025-03-12 15:42:47.962 [info] [VerilogDocumentSymbolProvider] [VerilogSymbol] Symbols Requested: file:///home/sgass/Projects/kepler/hdl/rtl/ethernet/ethernet_point_to_multipoint_hub.sv
2025-03-12 15:42:47.968 [info] [VerilogDocumentSymbolProvider] 1 top-level symbols returned
2025-03-12 15:42:49.013 [info] [VerilogHoverProvider] Hover requested
2025-03-12 15:42:51.080 [info] [VerilogDocumentSymbolProvider] [VerilogSymbol] Symbols Requested: file:///home/sgass/Projects/kepler/hdl/rtl/ethernet/ethernet_point_to_multipoint_hub.sv
2025-03-12 15:42:51.085 [info] [VerilogDocumentSymbolProvider] 1 top-level symbols returned
2025-03-12 15:42:52.002 [info] [VerilogDocumentSymbolProvider] [VerilogSymbol] Symbols Requested: file:///home/sgass/Projects/kepler/hdl/rtl/ethernet/ethernet_point_to_multipoint_hub.sv
2025-03-12 15:42:52.008 [info] [VerilogDocumentSymbolProvider] 1 top-level symbols returned
2025-03-12 15:42:53.023 [info] [VerilogDocumentSymbolProvider] [VerilogSymbol] Symbols Requested: file:///home/sgass/Projects/kepler/hdl/rtl/ethernet/ethernet_point_to_multipoint_hub.sv
2025-03-12 15:42:53.030 [info] [VerilogDocumentSymbolProvider] 1 top-level symbols returned
2025-03-12 15:42:54.353 [info] [VerilogDocumentSymbolProvider] [VerilogSymbol] Symbols Requested: file:///home/sgass/Projects/kepler/hdl/rtl/ethernet/ethernet_point_to_multipoint_hub.sv
2025-03-12 15:42:54.359 [info] [VerilogDocumentSymbolProvider] 1 top-level symbols returned
2025-03-12 15:42:55.673 [info] [VerilogDocumentSymbolProvider] [VerilogSymbol] Symbols Requested: file:///home/sgass/Projects/kepler/hdl/rtl/ethernet/ethernet_point_to_multipoint_hub.sv
2025-03-12 15:42:55.679 [info] [VerilogDocumentSymbolProvider] 1 top-level symbols returned
2025-03-12 15:42:56.809 [info] [VerilogHoverProvider] Hover requested
2025-03-12 15:42:57.744 [info] [VerilogDocumentSymbolProvider] [VerilogSymbol] Symbols Requested: file:///home/sgass/Projects/kepler/hdl/rtl/ethernet/ethernet_point_to_multipoint_hub.sv
2025-03-12 15:42:57.749 [info] [VerilogDocumentSymbolProvider] 1 top-level symbols returned
2025-03-12 15:42:59.608 [info] [VerilogDocumentSymbolProvider] [VerilogSymbol] Symbols Requested: file:///home/sgass/Projects/kepler/hdl/rtl/ethernet/ethernet_point_to_multipoint_hub.sv
2025-03-12 15:42:59.614 [info] [VerilogDocumentSymbolProvider] 1 top-level symbols returned
2025-03-12 15:43:01.080 [info] [VerilogDocumentSymbolProvider] [VerilogSymbol] Symbols Requested: file:///home/sgass/Projects/kepler/hdl/rtl/ethernet/ethernet_point_to_multipoint_hub.sv
2025-03-12 15:43:01.086 [info] [VerilogDocumentSymbolProvider] 1 top-level symbols returned
2025-03-12 15:43:03.866 [info] [VerilogDocumentSymbolProvider] [VerilogSymbol] Symbols Requested: file:///home/sgass/Projects/kepler/hdl/rtl/ethernet/ethernet_point_to_multipoint_hub.sv
2025-03-12 15:43:03.872 [info] [VerilogDocumentSymbolProvider] 1 top-level symbols returned
2025-03-12 15:43:05.973 [info] [VerilogDocumentSymbolProvider] [VerilogSymbol] Symbols Requested: file:///home/sgass/Projects/kepler/hdl/rtl/ethernet/ethernet_point_to_multipoint_hub.sv
2025-03-12 15:43:05.978 [info] [VerilogDocumentSymbolProvider] 1 top-level symbols returned
2025-03-12 15:43:08.825 [info] [VerilogDocumentSymbolProvider] [VerilogSymbol] Symbols Requested: file:///home/sgass/Projects/kepler/hdl/rtl/ethernet/ethernet_point_to_multipoint_hub.sv
2025-03-12 15:43:08.829 [info] [VerilogDocumentSymbolProvider] 1 top-level symbols returned
2025-03-12 15:43:11.924 [info] [VerilogHoverProvider] Hover requested
2025-03-12 15:43:12.327 [warning] [VerilogHoverProvider] Hover object not found
2025-03-12 15:43:12.750 [info] [VerilogDocumentSymbolProvider] [VerilogSymbol] Symbols Requested: file:///home/sgass/Projects/kepler/hdl/rtl/ethernet/ethernet_point_to_multipoint_hub.sv
2025-03-12 15:43:12.757 [info] [VerilogDocumentSymbolProvider] 1 top-level symbols returned
2025-03-12 15:43:13.333 [info] [VerilogDocumentSymbolProvider] [VerilogSymbol] Symbols Requested: file:///home/sgass/Projects/kepler/hdl/rtl/ethernet/ethernet_point_to_multipoint_hub.sv
2025-03-12 15:43:13.338 [info] [VerilogDocumentSymbolProvider] 1 top-level symbols returned
2025-03-12 15:43:14.559 [info] [VerilogDocumentSymbolProvider] [VerilogSymbol] Symbols Requested: file:///home/sgass/Projects/kepler/hdl/rtl/ethernet/ethernet_point_to_multipoint_hub.sv
2025-03-12 15:43:14.566 [info] [VerilogDocumentSymbolProvider] 1 top-level symbols returned
2025-03-12 15:43:16.252 [info] [VerilogDocumentSymbolProvider] [VerilogSymbol] Symbols Requested: file:///home/sgass/Projects/kepler/hdl/rtl/ethernet/ethernet_point_to_multipoint_hub.sv
2025-03-12 15:43:16.259 [info] [VerilogDocumentSymbolProvider] 1 top-level symbols returned
2025-03-12 15:43:17.085 [info] [VerilogDocumentSymbolProvider] [VerilogSymbol] Symbols Requested: file:///home/sgass/Projects/kepler/hdl/rtl/ethernet/ethernet_point_to_multipoint_hub.sv
2025-03-12 15:43:17.092 [info] [VerilogDocumentSymbolProvider] 1 top-level symbols returned
2025-03-12 15:43:19.396 [info] [VerilogDocumentSymbolProvider] [VerilogSymbol] Symbols Requested: file:///home/sgass/Projects/kepler/hdl/rtl/ethernet/ethernet_point_to_multipoint_hub.sv
2025-03-12 15:43:19.402 [info] [VerilogDocumentSymbolProvider] 1 top-level symbols returned
2025-03-12 15:43:21.743 [info] [VerilogDocumentSymbolProvider] [VerilogSymbol] Symbols Requested: file:///home/sgass/Projects/kepler/hdl/rtl/ethernet/ethernet_point_to_multipoint_hub.sv
2025-03-12 15:43:21.749 [info] [VerilogDocumentSymbolProvider] 1 top-level symbols returned
2025-03-12 15:43:25.924 [info] [VerilogDocumentSymbolProvider] [VerilogSymbol] Symbols Requested: file:///home/sgass/Projects/kepler/hdl/rtl/ethernet/ethernet_point_to_multipoint_hub.sv
2025-03-12 15:43:25.929 [info] [VerilogDocumentSymbolProvider] 1 top-level symbols returned
2025-03-12 15:43:29.904 [info] [VerilogHoverProvider] Hover requested
2025-03-12 15:43:30.332 [info] [VerilogHoverProvider] Hover object returned
2025-03-12 15:43:30.616 [info] [VerilogHoverProvider] Hover requested
2025-03-12 15:43:31.033 [info] [VerilogHoverProvider] Hover object returned
2025-03-12 15:43:34.896 [info] [VerilogDocumentSymbolProvider] [VerilogSymbol] Symbols Requested: file:///home/sgass/Projects/kepler/hdl/rtl/ethernet/ethernet_point_to_multipoint_hub.sv
2025-03-12 15:43:34.901 [info] [VerilogDocumentSymbolProvider] 1 top-level symbols returned
2025-03-12 15:43:42.272 [info] [VerilogDocumentSymbolProvider] [VerilogSymbol] Symbols Requested: file:///home/sgass/Projects/kepler/hdl/rtl/ethernet/ethernet_point_to_multipoint_hub.sv
2025-03-12 15:43:42.277 [info] [VerilogDocumentSymbolProvider] 1 top-level symbols returned
2025-03-12 15:43:45.004 [info] [VerilogHoverProvider] Hover requested
2025-03-12 15:43:45.405 [info] [VerilogHoverProvider] Hover object returned
2025-03-12 15:43:45.451 [info] [VerilogHoverProvider] Hover requested
2025-03-12 15:43:46.484 [info] [VerilogDocumentSymbolProvider] [VerilogSymbol] Symbols Requested: file:///home/sgass/Projects/kepler/hdl/rtl/ethernet/ethernet_point_to_multipoint_hub.sv
2025-03-12 15:43:46.490 [info] [VerilogDocumentSymbolProvider] 1 top-level symbols returned
2025-03-12 15:43:47.935 [info] [VerilogDocumentSymbolProvider] [VerilogSymbol] Symbols Requested: file:///home/sgass/Projects/kepler/hdl/rtl/ethernet/ethernet_point_to_multipoint_hub.sv
2025-03-12 15:43:47.940 [info] [VerilogDocumentSymbolProvider] 1 top-level symbols returned
2025-03-12 15:43:48.570 [info] [VerilogHoverProvider] Hover requested
2025-03-12 15:43:48.965 [warning] [VerilogHoverProvider] Hover object not found
2025-03-12 15:43:49.452 [info] [VerilogHoverProvider] Hover requested
2025-03-12 15:43:51.770 [info] [VerilogDocumentSymbolProvider] [VerilogSymbol] Symbols Requested: file:///home/sgass/Projects/kepler/hdl/rtl/ethernet/ethernet_point_to_multipoint_hub.sv
2025-03-12 15:43:51.776 [info] [VerilogDocumentSymbolProvider] 1 top-level symbols returned
2025-03-12 15:43:53.160 [info] [VerilogDocumentSymbolProvider] [VerilogSymbol] Symbols Requested: file:///home/sgass/Projects/kepler/hdl/rtl/ethernet/ethernet_point_to_multipoint_hub.sv
2025-03-12 15:43:53.165 [info] [VerilogDocumentSymbolProvider] 1 top-level symbols returned
2025-03-12 15:43:54.181 [info] [VerilogDocumentSymbolProvider] [VerilogSymbol] Symbols Requested: file:///home/sgass/Projects/kepler/hdl/rtl/ethernet/ethernet_point_to_multipoint_hub.sv
2025-03-12 15:43:54.187 [info] [VerilogDocumentSymbolProvider] 1 top-level symbols returned
2025-03-12 15:43:56.700 [info] [VerilogDocumentSymbolProvider] [VerilogSymbol] Symbols Requested: file:///home/sgass/Projects/kepler/hdl/rtl/ethernet/ethernet_point_to_multipoint_hub.sv
2025-03-12 15:43:56.706 [info] [VerilogDocumentSymbolProvider] 1 top-level symbols returned
2025-03-12 15:43:58.256 [info] [VerilogDocumentSymbolProvider] [VerilogSymbol] Symbols Requested: file:///home/sgass/Projects/kepler/hdl/rtl/ethernet/ethernet_point_to_multipoint_hub.sv
2025-03-12 15:43:58.261 [info] [VerilogDocumentSymbolProvider] 1 top-level symbols returned
2025-03-12 15:43:59.389 [info] [VerilogHoverProvider] Hover requested
2025-03-12 15:44:00.421 [info] [VerilogHoverProvider] Hover requested
2025-03-12 15:44:00.820 [info] [VerilogHoverProvider] Hover requested
2025-03-12 15:44:01.317 [warning] [VerilogHoverProvider] Hover object not found
2025-03-12 15:44:02.967 [info] [VerilogDocumentSymbolProvider] [VerilogSymbol] Symbols Requested: file:///home/sgass/Projects/kepler/hdl/rtl/ethernet/ethernet_point_to_multipoint_hub.sv
2025-03-12 15:44:02.971 [info] [VerilogDocumentSymbolProvider] 1 top-level symbols returned
2025-03-12 15:44:06.758 [info] [VerilogDocumentSymbolProvider] [VerilogSymbol] Symbols Requested: file:///home/sgass/Projects/kepler/hdl/rtl/ethernet/ethernet_point_to_multipoint_hub.sv
2025-03-12 15:44:06.764 [info] [VerilogDocumentSymbolProvider] 1 top-level symbols returned
2025-03-12 15:44:08.614 [info] [VerilogHoverProvider] Hover requested
2025-03-12 15:44:09.619 [info] [VerilogHoverProvider] Hover requested
2025-03-12 15:44:10.092 [info] [VerilogHoverProvider] Hover requested
2025-03-12 15:44:10.116 [info] [VerilogHoverProvider] Hover object returned
2025-03-12 15:44:16.251 [info] [VerilogHoverProvider] Hover requested
2025-03-12 15:44:16.670 [warning] [VerilogHoverProvider] Hover object not found
2025-03-12 15:44:16.900 [info] [VerilogHoverProvider] Hover requested
2025-03-12 15:44:17.216 [info] [VerilogHoverProvider] Hover requested
2025-03-12 15:44:21.265 [info] [VerilogDocumentSymbolProvider] [VerilogSymbol] Symbols Requested: file:///home/sgass/Projects/kepler/hdl/rtl/ethernet/ethernet_point_to_multipoint_hub.sv
2025-03-12 15:44:21.271 [info] [VerilogDocumentSymbolProvider] 1 top-level symbols returned
2025-03-12 15:44:25.832 [info] [VerilogDocumentSymbolProvider] [VerilogSymbol] Symbols Requested: file:///home/sgass/Projects/kepler/hdl/rtl/ethernet/ethernet_point_to_multipoint_hub.sv
2025-03-12 15:44:25.838 [info] [VerilogDocumentSymbolProvider] 1 top-level symbols returned
2025-03-12 15:44:27.000 [info] [VerilogHoverProvider] Hover requested
2025-03-12 15:44:27.396 [info] [VerilogHoverProvider] Hover object returned
2025-03-12 15:44:27.496 [info] [VerilogHoverProvider] Hover requested
2025-03-12 15:44:27.911 [info] [VerilogHoverProvider] Hover requested
2025-03-12 15:44:28.344 [info] [VerilogHoverProvider] Hover object returned
2025-03-12 15:44:29.041 [info] [VerilogDocumentSymbolProvider] [VerilogSymbol] Symbols Requested: file:///home/sgass/Projects/kepler/hdl/rtl/ethernet/ethernet_point_to_multipoint_hub.sv
2025-03-12 15:44:29.046 [info] [VerilogDocumentSymbolProvider] 1 top-level symbols returned
2025-03-12 15:44:30.145 [info] [VerilogDocumentSymbolProvider] [VerilogSymbol] Symbols Requested: file:///home/sgass/Projects/kepler/hdl/rtl/ethernet/ethernet_point_to_multipoint_hub.sv
2025-03-12 15:44:30.151 [info] [VerilogDocumentSymbolProvider] 1 top-level symbols returned
2025-03-12 15:44:32.788 [info] [VerilogDocumentSymbolProvider] [VerilogSymbol] Symbols Requested: file:///home/sgass/Projects/kepler/hdl/rtl/ethernet/ethernet_point_to_multipoint_hub.sv
2025-03-12 15:44:32.794 [info] [VerilogDocumentSymbolProvider] 1 top-level symbols returned
2025-03-12 15:44:35.496 [info] [VerilogDocumentSymbolProvider] [VerilogSymbol] Symbols Requested: file:///home/sgass/Projects/kepler/hdl/rtl/ethernet/ethernet_point_to_multipoint_hub.sv
2025-03-12 15:44:35.502 [info] [VerilogDocumentSymbolProvider] 1 top-level symbols returned
2025-03-12 15:44:37.850 [info] [VerilogDocumentSymbolProvider] [VerilogSymbol] Symbols Requested: file:///home/sgass/Projects/kepler/hdl/rtl/ethernet/ethernet_point_to_multipoint_hub.sv
2025-03-12 15:44:37.856 [info] [VerilogDocumentSymbolProvider] 1 top-level symbols returned
2025-03-12 15:44:40.168 [info] [VerilogDocumentSymbolProvider] [VerilogSymbol] Symbols Requested: file:///home/sgass/Projects/kepler/hdl/rtl/ethernet/ethernet_point_to_multipoint_hub.sv
2025-03-12 15:44:40.174 [info] [VerilogDocumentSymbolProvider] 1 top-level symbols returned
2025-03-12 15:44:42.395 [info] [VerilogDocumentSymbolProvider] [VerilogSymbol] Symbols Requested: file:///home/sgass/Projects/kepler/hdl/rtl/ethernet/ethernet_point_to_multipoint_hub.sv
2025-03-12 15:44:42.400 [info] [VerilogDocumentSymbolProvider] 1 top-level symbols returned
2025-03-12 15:44:49.696 [info] [VerilogDocumentSymbolProvider] [VerilogSymbol] Symbols Requested: file:///home/sgass/Projects/kepler/hdl/rtl/ethernet/ethernet_point_to_multipoint_hub.sv
2025-03-12 15:44:49.701 [info] [VerilogDocumentSymbolProvider] 1 top-level symbols returned
2025-03-12 15:44:50.302 [info] [VerilogHoverProvider] Hover requested
2025-03-12 15:44:52.415 [info] [VerilogDocumentSymbolProvider] [VerilogSymbol] Symbols Requested: file:///home/sgass/Projects/kepler/hdl/rtl/ethernet/ethernet_point_to_multipoint_hub.sv
2025-03-12 15:44:52.419 [info] [VerilogDocumentSymbolProvider] 1 top-level symbols returned
2025-03-12 15:44:53.400 [info] [VerilogHoverProvider] Hover requested
2025-03-12 15:44:53.667 [info] [VerilogHoverProvider] Hover requested
2025-03-12 15:44:54.100 [warning] [VerilogHoverProvider] Hover object not found
2025-03-12 15:44:56.563 [info] [VerilogDocumentSymbolProvider] [VerilogSymbol] Symbols Requested: file:///home/sgass/Projects/kepler/hdl/rtl/ethernet/ethernet_point_to_multipoint_hub.sv
2025-03-12 15:44:56.569 [info] [VerilogDocumentSymbolProvider] 1 top-level symbols returned
2025-03-12 15:45:00.329 [info] [VerilogDocumentSymbolProvider] [VerilogSymbol] Symbols Requested: file:///home/sgass/Projects/kepler/hdl/rtl/ethernet/ethernet_point_to_multipoint_hub.sv
2025-03-12 15:45:00.334 [info] [VerilogDocumentSymbolProvider] 1 top-level symbols returned
2025-03-12 15:45:02.609 [info] [VerilogDocumentSymbolProvider] [VerilogSymbol] Symbols Requested: file:///home/sgass/Projects/kepler/hdl/rtl/ethernet/ethernet_point_to_multipoint_hub.sv
2025-03-12 15:45:02.617 [info] [VerilogDocumentSymbolProvider] 1 top-level symbols returned
2025-03-12 15:45:03.035 [info] [VerilogDocumentSymbolProvider] [VerilogSymbol] Symbols Requested: file:///home/sgass/Projects/kepler/hdl/rtl/ethernet/ethernet_point_to_multipoint_hub.sv
2025-03-12 15:45:03.036 [info] [VerilogDocumentSymbolProvider] 1 top-level symbols returned
2025-03-12 15:45:04.320 [info] [VerilogDocumentSymbolProvider] [VerilogSymbol] Symbols Requested: file:///home/sgass/Projects/kepler/hdl/rtl/ethernet/ethernet_point_to_multipoint_hub.sv
2025-03-12 15:45:04.327 [info] [VerilogDocumentSymbolProvider] 1 top-level symbols returned
2025-03-12 15:45:05.001 [info] [VerilogDocumentSymbolProvider] [VerilogSymbol] Symbols Requested: file:///home/sgass/Projects/kepler/hdl/rtl/ethernet/ethernet_point_to_multipoint_hub.sv
2025-03-12 15:45:05.007 [info] [VerilogDocumentSymbolProvider] 1 top-level symbols returned
2025-03-12 15:45:10.870 [info] [VerilogDocumentSymbolProvider] [VerilogSymbol] Symbols Requested: file:///home/sgass/Projects/kepler/hdl/rtl/ethernet/ethernet_point_to_multipoint_hub.sv
2025-03-12 15:45:10.876 [info] [VerilogDocumentSymbolProvider] 1 top-level symbols returned
2025-03-12 15:45:12.733 [info] [VerilogDocumentSymbolProvider] [VerilogSymbol] Symbols Requested: file:///home/sgass/Projects/kepler/hdl/rtl/ethernet/ethernet_point_to_multipoint_hub.sv
2025-03-12 15:45:12.739 [info] [VerilogDocumentSymbolProvider] 1 top-level symbols returned
2025-03-12 15:45:13.942 [info] [VerilogDocumentSymbolProvider] [VerilogSymbol] Symbols Requested: file:///home/sgass/Projects/kepler/hdl/rtl/ethernet/ethernet_point_to_multipoint_hub.sv
2025-03-12 15:45:13.948 [info] [VerilogDocumentSymbolProvider] 1 top-level symbols returned
2025-03-12 15:45:15.845 [info] [VerilogHoverProvider] Hover requested
2025-03-12 15:45:16.235 [warning] [VerilogHoverProvider] Hover object not found
2025-03-12 15:45:19.119 [info] [VerilogDocumentSymbolProvider] [VerilogSymbol] Symbols Requested: file:///home/sgass/Projects/kepler/hdl/rtl/ethernet/ethernet_point_to_multipoint_hub.sv
2025-03-12 15:45:19.125 [info] [VerilogDocumentSymbolProvider] 1 top-level symbols returned
2025-03-12 15:45:21.891 [info] [VerilogDocumentSymbolProvider] [VerilogSymbol] Symbols Requested: file:///home/sgass/Projects/kepler/hdl/rtl/ethernet/ethernet_point_to_multipoint_hub.sv
2025-03-12 15:45:21.897 [info] [VerilogDocumentSymbolProvider] 1 top-level symbols returned
2025-03-12 15:45:23.535 [info] [VerilogDocumentSymbolProvider] [VerilogSymbol] Symbols Requested: file:///home/sgass/Projects/kepler/hdl/rtl/ethernet/ethernet_point_to_multipoint_hub.sv
2025-03-12 15:45:23.540 [info] [VerilogDocumentSymbolProvider] 1 top-level symbols returned
2025-03-12 15:45:26.379 [info] [VerilogDocumentSymbolProvider] [VerilogSymbol] Symbols Requested: file:///home/sgass/Projects/kepler/hdl/rtl/ethernet/ethernet_point_to_multipoint_hub.sv
2025-03-12 15:45:26.385 [info] [VerilogDocumentSymbolProvider] 1 top-level symbols returned
2025-03-12 15:45:27.525 [info] [VerilogDocumentSymbolProvider] [VerilogSymbol] Symbols Requested: file:///home/sgass/Projects/kepler/hdl/rtl/ethernet/ethernet_point_to_multipoint_hub.sv
2025-03-12 15:45:27.530 [info] [VerilogDocumentSymbolProvider] 1 top-level symbols returned
2025-03-12 15:45:28.954 [info] [VerilogDocumentSymbolProvider] [VerilogSymbol] Symbols Requested: file:///home/sgass/Projects/kepler/hdl/rtl/ethernet/ethernet_point_to_multipoint_hub.sv
2025-03-12 15:45:28.959 [info] [VerilogDocumentSymbolProvider] 1 top-level symbols returned
2025-03-12 15:45:30.597 [info] [VerilogHoverProvider] Hover requested
2025-03-12 15:45:31.019 [warning] [VerilogHoverProvider] Hover object not found
2025-03-12 15:45:32.340 [info] [VerilogDocumentSymbolProvider] [VerilogSymbol] Symbols Requested: file:///home/sgass/Projects/kepler/hdl/rtl/ethernet/ethernet_point_to_multipoint_hub.sv
2025-03-12 15:45:32.346 [info] [VerilogDocumentSymbolProvider] 1 top-level symbols returned
2025-03-12 15:45:33.156 [info] [VerilogHoverProvider] Hover requested
2025-03-12 15:45:34.971 [info] [VerilogHoverProvider] Hover requested
2025-03-12 15:45:35.388 [info] [VerilogHoverProvider] Hover requested
2025-03-12 15:45:36.579 [info] [VerilogDocumentSymbolProvider] [VerilogSymbol] Symbols Requested: file:///home/sgass/Projects/kepler/hdl/rtl/ethernet/ethernet_point_to_multipoint_hub.sv
2025-03-12 15:45:36.584 [info] [VerilogDocumentSymbolProvider] 1 top-level symbols returned
2025-03-12 15:45:38.045 [info] [VerilogHoverProvider] Hover requested
2025-03-12 15:45:38.397 [info] [VerilogHoverProvider] Hover requested
2025-03-12 15:45:38.564 [info] [VerilogHoverProvider] Hover requested
2025-03-12 15:45:38.757 [info] [VerilogHoverProvider] Hover requested
2025-03-12 15:45:39.196 [info] [VerilogHoverProvider] Hover requested
2025-03-12 15:45:39.397 [info] [VerilogDefinitionProvider] Definitions Requested: file:///home/sgass/Projects/kepler/hdl/rtl/ethernet/ethernet_point_to_multipoint_hub.sv
2025-03-12 15:45:39.615 [info] [VerilogHoverProvider] Hover object returned
2025-03-12 15:45:39.813 [info] [VerilogDefinitionProvider] 1 definitions returned
2025-03-12 15:45:40.958 [info] [VerilogDocumentSymbolProvider] [VerilogSymbol] Symbols Requested: file:///home/sgass/Projects/kepler/hdl/rtl/ethernet/ethernet_point_to_multipoint_hub.sv
2025-03-12 15:45:40.964 [info] [VerilogDocumentSymbolProvider] 1 top-level symbols returned
2025-03-12 15:45:47.193 [info] [VerilogDocumentSymbolProvider] [VerilogSymbol] Symbols Requested: file:///home/sgass/Projects/kepler/hdl/rtl/ethernet/ethernet_point_to_multipoint_hub.sv
2025-03-12 15:45:47.199 [info] [VerilogDocumentSymbolProvider] 1 top-level symbols returned
2025-03-12 15:45:47.588 [info] [VerilogDocumentSymbolProvider] [VerilogSymbol] Symbols Requested: file:///home/sgass/Projects/kepler/hdl/rtl/ethernet/ethernet_point_to_multipoint_hub.sv
2025-03-12 15:45:47.593 [info] [VerilogDocumentSymbolProvider] 1 top-level symbols returned
2025-03-12 15:45:48.620 [info] [VerilogDocumentSymbolProvider] [VerilogSymbol] Symbols Requested: file:///home/sgass/Projects/kepler/hdl/rtl/ethernet/ethernet_point_to_multipoint_hub.sv
2025-03-12 15:45:48.626 [info] [VerilogDocumentSymbolProvider] 1 top-level symbols returned
2025-03-12 15:45:49.756 [info] [VerilogDocumentSymbolProvider] [VerilogSymbol] Symbols Requested: file:///home/sgass/Projects/kepler/hdl/rtl/ethernet/ethernet_point_to_multipoint_hub.sv
2025-03-12 15:45:49.761 [info] [VerilogDocumentSymbolProvider] 1 top-level symbols returned
2025-03-12 15:45:52.121 [info] [VerilogDocumentSymbolProvider] [VerilogSymbol] Symbols Requested: file:///home/sgass/Projects/kepler/hdl/rtl/ethernet/ethernet_point_to_multipoint_hub.sv
2025-03-12 15:45:52.127 [info] [VerilogDocumentSymbolProvider] 1 top-level symbols returned
2025-03-12 15:45:55.273 [info] [VerilogDocumentSymbolProvider] [VerilogSymbol] Symbols Requested: file:///home/sgass/Projects/kepler/hdl/rtl/ethernet/ethernet_point_to_multipoint_hub.sv
2025-03-12 15:45:55.279 [info] [VerilogDocumentSymbolProvider] 1 top-level symbols returned
2025-03-12 15:45:58.350 [info] [VerilogDocumentSymbolProvider] [VerilogSymbol] Symbols Requested: file:///home/sgass/Projects/kepler/hdl/rtl/ethernet/ethernet_point_to_multipoint_hub.sv
2025-03-12 15:45:58.357 [info] [VerilogDocumentSymbolProvider] 1 top-level symbols returned
2025-03-12 15:45:59.383 [info] [VerilogDocumentSymbolProvider] [VerilogSymbol] Symbols Requested: file:///home/sgass/Projects/kepler/hdl/rtl/ethernet/ethernet_point_to_multipoint_hub.sv
2025-03-12 15:45:59.390 [info] [VerilogDocumentSymbolProvider] 1 top-level symbols returned
2025-03-12 15:46:00.179 [info] [VerilogDocumentSymbolProvider] [VerilogSymbol] Symbols Requested: file:///home/sgass/Projects/kepler/hdl/rtl/ethernet/ethernet_point_to_multipoint_hub.sv
2025-03-12 15:46:00.185 [info] [VerilogDocumentSymbolProvider] 1 top-level symbols returned
2025-03-12 15:46:00.677 [info] [VerilogDocumentSymbolProvider] [VerilogSymbol] Symbols Requested: file:///home/sgass/Projects/kepler/hdl/rtl/ethernet/ethernet_point_to_multipoint_hub.sv
2025-03-12 15:46:00.683 [info] [VerilogDocumentSymbolProvider] 1 top-level symbols returned
2025-03-12 15:46:02.571 [info] [VerilogDocumentSymbolProvider] [VerilogSymbol] Symbols Requested: file:///home/sgass/Projects/kepler/hdl/rtl/ethernet/ethernet_point_to_multipoint_hub.sv
2025-03-12 15:46:02.576 [info] [VerilogDocumentSymbolProvider] 1 top-level symbols returned
2025-03-12 15:46:05.790 [info] [VerilogDocumentSymbolProvider] [VerilogSymbol] Symbols Requested: file:///home/sgass/Projects/kepler/hdl/rtl/ethernet/ethernet_point_to_multipoint_hub.sv
2025-03-12 15:46:05.796 [info] [VerilogDocumentSymbolProvider] 1 top-level symbols returned
2025-03-12 15:46:07.333 [info] [VerilogDocumentSymbolProvider] [VerilogSymbol] Symbols Requested: file:///home/sgass/Projects/kepler/hdl/rtl/ethernet/ethernet_point_to_multipoint_hub.sv
2025-03-12 15:46:07.339 [info] [VerilogDocumentSymbolProvider] 1 top-level symbols returned
2025-03-12 15:46:10.184 [info] [VerilogDocumentSymbolProvider] [VerilogSymbol] Symbols Requested: file:///home/sgass/Projects/kepler/hdl/rtl/ethernet/ethernet_point_to_multipoint_hub.sv
2025-03-12 15:46:10.191 [info] [VerilogDocumentSymbolProvider] 1 top-level symbols returned
2025-03-12 15:46:14.591 [info] [VerilogDocumentSymbolProvider] [VerilogSymbol] Symbols Requested: file:///home/sgass/Projects/kepler/hdl/rtl/ethernet/ethernet_point_to_multipoint_hub.sv
2025-03-12 15:46:14.597 [info] [VerilogDocumentSymbolProvider] 1 top-level symbols returned
2025-03-12 15:46:18.782 [info] [VerilogDocumentSymbolProvider] [VerilogSymbol] Symbols Requested: file:///home/sgass/Projects/kepler/hdl/rtl/ethernet/ethernet_point_to_multipoint_hub.sv
2025-03-12 15:46:18.787 [info] [VerilogDocumentSymbolProvider] 1 top-level symbols returned
2025-03-12 15:46:20.472 [info] [VerilogDocumentSymbolProvider] [VerilogSymbol] Symbols Requested: file:///home/sgass/Projects/kepler/hdl/rtl/ethernet/ethernet_point_to_multipoint_hub.sv
2025-03-12 15:46:20.478 [info] [VerilogDocumentSymbolProvider] 1 top-level symbols returned
2025-03-12 15:46:23.145 [info] [VerilogDocumentSymbolProvider] [VerilogSymbol] Symbols Requested: file:///home/sgass/Projects/kepler/hdl/rtl/ethernet/ethernet_point_to_multipoint_hub.sv
2025-03-12 15:46:23.152 [info] [VerilogDocumentSymbolProvider] 1 top-level symbols returned
2025-03-12 15:46:26.359 [info] [VerilogDocumentSymbolProvider] [VerilogSymbol] Symbols Requested: file:///home/sgass/Projects/kepler/hdl/rtl/ethernet/ethernet_point_to_multipoint_hub.sv
2025-03-12 15:46:26.364 [info] [VerilogDocumentSymbolProvider] 1 top-level symbols returned
2025-03-12 15:46:27.251 [info] [VerilogDocumentSymbolProvider] [VerilogSymbol] Symbols Requested: file:///home/sgass/Projects/kepler/hdl/rtl/ethernet/ethernet_point_to_multipoint_hub.sv
2025-03-12 15:46:27.256 [info] [VerilogDocumentSymbolProvider] 1 top-level symbols returned
2025-03-12 15:46:32.534 [info] [VerilogDocumentSymbolProvider] [VerilogSymbol] Symbols Requested: file:///home/sgass/Projects/kepler/hdl/rtl/ethernet/ethernet_point_to_multipoint_hub.sv
2025-03-12 15:46:32.540 [info] [VerilogDocumentSymbolProvider] 1 top-level symbols returned
2025-03-12 15:46:37.960 [info] [VerilogDocumentSymbolProvider] [VerilogSymbol] Symbols Requested: file:///home/sgass/Projects/kepler/hdl/rtl/ethernet/ethernet_point_to_multipoint_hub.sv
2025-03-12 15:46:37.966 [info] [VerilogDocumentSymbolProvider] 1 top-level symbols returned
2025-03-12 15:46:40.501 [info] [VerilogDocumentSymbolProvider] [VerilogSymbol] Symbols Requested: file:///home/sgass/Projects/kepler/hdl/rtl/ethernet/ethernet_point_to_multipoint_hub.sv
2025-03-12 15:46:40.507 [info] [VerilogDocumentSymbolProvider] 1 top-level symbols returned
2025-03-12 15:46:43.170 [info] [VerilogDocumentSymbolProvider] [VerilogSymbol] Symbols Requested: file:///home/sgass/Projects/kepler/hdl/rtl/ethernet/ethernet_point_to_multipoint_hub.sv
2025-03-12 15:46:43.176 [info] [VerilogDocumentSymbolProvider] 1 top-level symbols returned
2025-03-12 15:46:48.246 [info] [VerilogDocumentSymbolProvider] [VerilogSymbol] Symbols Requested: file:///home/sgass/Projects/kepler/hdl/rtl/ethernet/ethernet_point_to_multipoint_hub.sv
2025-03-12 15:46:48.252 [info] [VerilogDocumentSymbolProvider] 1 top-level symbols returned
2025-03-12 15:46:50.771 [info] [VerilogDocumentSymbolProvider] [VerilogSymbol] Symbols Requested: file:///home/sgass/Projects/kepler/hdl/rtl/ethernet/ethernet_point_to_multipoint_hub.sv
2025-03-12 15:46:50.777 [info] [VerilogDocumentSymbolProvider] 1 top-level symbols returned
2025-03-12 15:46:51.267 [info] [VerilogDocumentSymbolProvider] [VerilogSymbol] Symbols Requested: file:///home/sgass/Projects/kepler/hdl/rtl/ethernet/ethernet_point_to_multipoint_hub.sv
2025-03-12 15:46:51.273 [info] [VerilogDocumentSymbolProvider] 1 top-level symbols returned
2025-03-12 15:46:52.903 [info] [VerilogDocumentSymbolProvider] [VerilogSymbol] Symbols Requested: file:///home/sgass/Projects/kepler/hdl/rtl/ethernet/ethernet_point_to_multipoint_hub.sv
2025-03-12 15:46:52.910 [info] [VerilogDocumentSymbolProvider] 1 top-level symbols returned
2025-03-12 15:46:53.575 [info] [VerilogDocumentSymbolProvider] [VerilogSymbol] Symbols Requested: file:///home/sgass/Projects/kepler/hdl/rtl/ethernet/ethernet_point_to_multipoint_hub.sv
2025-03-12 15:46:53.577 [info] [VerilogDocumentSymbolProvider] 1 top-level symbols returned
2025-03-12 15:46:54.513 [info] [VerilogDocumentSymbolProvider] [VerilogSymbol] Symbols Requested: file:///home/sgass/Projects/kepler/hdl/rtl/ethernet/ethernet_point_to_multipoint_hub.sv
2025-03-12 15:46:54.518 [info] [VerilogDocumentSymbolProvider] 1 top-level symbols returned
2025-03-12 15:46:57.604 [info] [VerilogHoverProvider] Hover requested
2025-03-12 15:46:58.026 [warning] [VerilogHoverProvider] Hover object not found
2025-03-12 15:46:59.132 [info] [VerilogHoverProvider] Hover requested
2025-03-12 15:46:59.503 [info] [VerilogHoverProvider] Hover requested
2025-03-12 15:46:59.589 [info] [VerilogHoverProvider] Hover object returned
2025-03-12 15:46:59.868 [info] [VerilogHoverProvider] Hover requested
2025-03-12 15:46:59.884 [info] [VerilogHoverProvider] Hover object returned
2025-03-12 15:47:00.243 [info] [VerilogHoverProvider] Hover object returned
2025-03-12 15:47:03.992 [info] [VerilogDocumentSymbolProvider] [VerilogSymbol] Symbols Requested: file:///home/sgass/Projects/kepler/hdl/rtl/ethernet/ethernet_point_to_multipoint_hub.sv
2025-03-12 15:47:03.998 [info] [VerilogDocumentSymbolProvider] 1 top-level symbols returned
2025-03-12 15:47:13.065 [info] [VerilogDocumentSymbolProvider] [VerilogSymbol] Symbols Requested: file:///home/sgass/Projects/kepler/hdl/rtl/ethernet/ethernet_point_to_multipoint_hub.sv
2025-03-12 15:47:13.070 [info] [VerilogDocumentSymbolProvider] 1 top-level symbols returned
2025-03-12 15:47:15.956 [info] [VerilogHoverProvider] Hover requested
2025-03-12 15:47:16.395 [info] [VerilogHoverProvider] Hover object returned
2025-03-12 15:47:20.124 [info] [VerilogDocumentSymbolProvider] [VerilogSymbol] Symbols Requested: file:///home/sgass/Projects/kepler/hdl/rtl/ethernet/ethernet_point_to_multipoint_hub.sv
2025-03-12 15:47:20.130 [info] [VerilogDocumentSymbolProvider] 1 top-level symbols returned
2025-03-12 15:47:21.780 [info] [VerilogDocumentSymbolProvider] [VerilogSymbol] Symbols Requested: file:///home/sgass/Projects/kepler/hdl/rtl/ethernet/ethernet_point_to_multipoint_hub.sv
2025-03-12 15:47:21.787 [info] [VerilogDocumentSymbolProvider] 1 top-level symbols returned
2025-03-12 15:47:25.958 [info] [VerilogHoverProvider] Hover requested
2025-03-12 15:47:28.694 [info] [VerilogDocumentSymbolProvider] [VerilogSymbol] Symbols Requested: file:///home/sgass/Projects/kepler/hdl/rtl/ethernet/ethernet_point_to_multipoint_hub.sv
2025-03-12 15:47:28.699 [info] [VerilogDocumentSymbolProvider] 1 top-level symbols returned
2025-03-12 15:47:34.875 [info] [VerilogHoverProvider] Hover requested
2025-03-12 15:47:36.891 [info] [VerilogHoverProvider] Hover requested
2025-03-12 15:47:37.336 [info] [VerilogHoverProvider] Hover object returned
2025-03-12 15:47:38.084 [info] [VerilogDocumentSymbolProvider] [VerilogSymbol] Symbols Requested: file:///home/sgass/Projects/kepler/hdl/rtl/ethernet/ethernet_point_to_multipoint_hub.sv
2025-03-12 15:47:38.089 [info] [VerilogDocumentSymbolProvider] 1 top-level symbols returned
2025-03-12 15:47:38.734 [info] [VerilogDocumentSymbolProvider] [VerilogSymbol] Symbols Requested: file:///home/sgass/Projects/kepler/hdl/rtl/ethernet/ethernet_point_to_multipoint_hub.sv
2025-03-12 15:47:38.740 [info] [VerilogDocumentSymbolProvider] 1 top-level symbols returned
2025-03-12 15:47:39.121 [info] [VerilogDocumentSymbolProvider] [VerilogSymbol] Symbols Requested: file:///home/sgass/Projects/kepler/hdl/rtl/ethernet/ethernet_point_to_multipoint_hub.sv
2025-03-12 15:47:39.127 [info] [VerilogDocumentSymbolProvider] 1 top-level symbols returned
2025-03-12 15:47:40.393 [info] [VerilogDocumentSymbolProvider] [VerilogSymbol] Symbols Requested: file:///home/sgass/Projects/kepler/hdl/rtl/ethernet/ethernet_point_to_multipoint_hub.sv
2025-03-12 15:47:40.399 [info] [VerilogDocumentSymbolProvider] 1 top-level symbols returned
2025-03-12 15:47:40.852 [info] [VerilogDocumentSymbolProvider] [VerilogSymbol] Symbols Requested: file:///home/sgass/Projects/kepler/hdl/rtl/ethernet/ethernet_point_to_multipoint_hub.sv
2025-03-12 15:47:40.859 [info] [VerilogDocumentSymbolProvider] 1 top-level symbols returned
2025-03-12 15:47:41.245 [info] [VerilogDocumentSymbolProvider] [VerilogSymbol] Symbols Requested: file:///home/sgass/Projects/kepler/hdl/rtl/ethernet/ethernet_point_to_multipoint_hub.sv
2025-03-12 15:47:41.251 [info] [VerilogDocumentSymbolProvider] 1 top-level symbols returned
2025-03-12 15:47:43.336 [info] [VerilogDocumentSymbolProvider] [VerilogSymbol] Symbols Requested: file:///home/sgass/Projects/kepler/hdl/rtl/ethernet/ethernet_point_to_multipoint_hub.sv
2025-03-12 15:47:43.341 [info] [VerilogDocumentSymbolProvider] 1 top-level symbols returned
2025-03-12 15:47:45.834 [info] [VerilogDocumentSymbolProvider] [VerilogSymbol] Symbols Requested: file:///home/sgass/Projects/kepler/hdl/rtl/ethernet/ethernet_point_to_multipoint_hub.sv
2025-03-12 15:47:45.840 [info] [VerilogDocumentSymbolProvider] 1 top-level symbols returned
2025-03-12 15:47:47.707 [info] [VerilogDocumentSymbolProvider] [VerilogSymbol] Symbols Requested: file:///home/sgass/Projects/kepler/hdl/rtl/ethernet/ethernet_point_to_multipoint_hub.sv
2025-03-12 15:47:47.713 [info] [VerilogDocumentSymbolProvider] 1 top-level symbols returned
2025-03-12 15:47:49.110 [info] [VerilogDocumentSymbolProvider] [VerilogSymbol] Symbols Requested: file:///home/sgass/Projects/kepler/hdl/rtl/ethernet/ethernet_point_to_multipoint_hub.sv
2025-03-12 15:47:49.116 [info] [VerilogDocumentSymbolProvider] 1 top-level symbols returned
2025-03-12 15:47:55.331 [info] [VerilogHoverProvider] Hover requested
2025-03-12 15:47:55.662 [info] [VerilogHoverProvider] Hover requested
2025-03-12 15:47:56.805 [info] [VerilogDocumentSymbolProvider] [VerilogSymbol] Symbols Requested: file:///home/sgass/Projects/kepler/hdl/rtl/ethernet/ethernet_point_to_multipoint_hub.sv
2025-03-12 15:47:56.811 [info] [VerilogDocumentSymbolProvider] 1 top-level symbols returned
2025-03-12 15:47:57.589 [info] [VerilogDocumentSymbolProvider] [VerilogSymbol] Symbols Requested: file:///home/sgass/Projects/kepler/hdl/rtl/ethernet/ethernet_point_to_multipoint_hub.sv
2025-03-12 15:47:57.596 [info] [VerilogDocumentSymbolProvider] 1 top-level symbols returned
2025-03-12 15:47:57.964 [info] [VerilogDocumentSymbolProvider] [VerilogSymbol] Symbols Requested: file:///home/sgass/Projects/kepler/hdl/rtl/ethernet/ethernet_point_to_multipoint_hub.sv
2025-03-12 15:47:57.970 [info] [VerilogDocumentSymbolProvider] 1 top-level symbols returned
2025-03-12 15:47:58.492 [info] [VerilogDocumentSymbolProvider] [VerilogSymbol] Symbols Requested: file:///home/sgass/Projects/kepler/hdl/rtl/ethernet/ethernet_point_to_multipoint_hub.sv
2025-03-12 15:47:58.498 [info] [VerilogDocumentSymbolProvider] 1 top-level symbols returned
2025-03-12 15:47:59.101 [info] [VerilogDocumentSymbolProvider] [VerilogSymbol] Symbols Requested: file:///home/sgass/Projects/kepler/hdl/rtl/ethernet/ethernet_point_to_multipoint_hub.sv
2025-03-12 15:47:59.107 [info] [VerilogDocumentSymbolProvider] 1 top-level symbols returned
2025-03-12 15:48:01.657 [info] [VerilogDocumentSymbolProvider] [VerilogSymbol] Symbols Requested: file:///home/sgass/Projects/kepler/hdl/rtl/ethernet/ethernet_point_to_multipoint_hub.sv
2025-03-12 15:48:01.663 [info] [VerilogDocumentSymbolProvider] 1 top-level symbols returned
2025-03-12 15:48:03.922 [info] [VerilogDocumentSymbolProvider] [VerilogSymbol] Symbols Requested: file:///home/sgass/Projects/kepler/hdl/rtl/ethernet/ethernet_point_to_multipoint_hub.sv
2025-03-12 15:48:03.929 [info] [VerilogDocumentSymbolProvider] 1 top-level symbols returned
2025-03-12 15:48:05.189 [info] [VerilogDocumentSymbolProvider] [VerilogSymbol] Symbols Requested: file:///home/sgass/Projects/kepler/hdl/rtl/ethernet/ethernet_point_to_multipoint_hub.sv
2025-03-12 15:48:05.195 [info] [VerilogDocumentSymbolProvider] 1 top-level symbols returned
2025-03-12 15:48:06.782 [info] [VerilogDocumentSymbolProvider] [VerilogSymbol] Symbols Requested: file:///home/sgass/Projects/kepler/hdl/rtl/ethernet/ethernet_point_to_multipoint_hub.sv
2025-03-12 15:48:06.787 [info] [VerilogDocumentSymbolProvider] 1 top-level symbols returned
2025-03-12 15:48:22.260 [info] [VerilogDocumentSymbolProvider] [VerilogSymbol] Symbols Requested: file:///home/sgass/Projects/kepler/hdl/rtl/ethernet/ethernet_point_to_multipoint_hub.sv
2025-03-12 15:48:22.265 [info] [VerilogDocumentSymbolProvider] 1 top-level symbols returned
2025-03-12 15:48:23.258 [info] [VerilogDocumentSymbolProvider] [VerilogSymbol] Symbols Requested: file:///home/sgass/Projects/kepler/hdl/rtl/ethernet/ethernet_point_to_multipoint_hub.sv
2025-03-12 15:48:23.264 [info] [VerilogDocumentSymbolProvider] 1 top-level symbols returned
2025-03-12 15:48:23.662 [info] [VerilogDocumentSymbolProvider] [VerilogSymbol] Symbols Requested: file:///home/sgass/Projects/kepler/hdl/rtl/ethernet/ethernet_point_to_multipoint_hub.sv
2025-03-12 15:48:23.667 [info] [VerilogDocumentSymbolProvider] 1 top-level symbols returned
2025-03-12 15:48:25.418 [info] [VerilogDocumentSymbolProvider] [VerilogSymbol] Symbols Requested: file:///home/sgass/Projects/kepler/hdl/rtl/ethernet/ethernet_point_to_multipoint_hub.sv
2025-03-12 15:48:25.423 [info] [VerilogDocumentSymbolProvider] 1 top-level symbols returned
2025-03-12 15:48:26.624 [info] [VerilogDocumentSymbolProvider] [VerilogSymbol] Symbols Requested: file:///home/sgass/Projects/kepler/hdl/rtl/ethernet/ethernet_point_to_multipoint_hub.sv
2025-03-12 15:48:26.630 [info] [VerilogDocumentSymbolProvider] 1 top-level symbols returned
2025-03-12 15:48:29.196 [info] [VerilogDocumentSymbolProvider] [VerilogSymbol] Symbols Requested: file:///home/sgass/Projects/kepler/hdl/rtl/ethernet/ethernet_point_to_multipoint_hub.sv
2025-03-12 15:48:29.201 [info] [VerilogDocumentSymbolProvider] 1 top-level symbols returned
2025-03-12 15:48:32.343 [info] [VerilogDocumentSymbolProvider] [VerilogSymbol] Symbols Requested: file:///home/sgass/Projects/kepler/hdl/rtl/ethernet/ethernet_point_to_multipoint_hub.sv
2025-03-12 15:48:32.349 [info] [VerilogDocumentSymbolProvider] 1 top-level symbols returned
2025-03-12 15:48:34.668 [info] [VerilogDocumentSymbolProvider] [VerilogSymbol] Symbols Requested: file:///home/sgass/Projects/kepler/hdl/rtl/ethernet/ethernet_point_to_multipoint_hub.sv
2025-03-12 15:48:34.674 [info] [VerilogDocumentSymbolProvider] 1 top-level symbols returned
2025-03-12 15:48:37.858 [info] [VerilogDocumentSymbolProvider] [VerilogSymbol] Symbols Requested: file:///home/sgass/Projects/kepler/hdl/rtl/ethernet/ethernet_point_to_multipoint_hub.sv
2025-03-12 15:48:37.864 [info] [VerilogDocumentSymbolProvider] 1 top-level symbols returned
2025-03-12 15:48:40.304 [info] [VerilogDocumentSymbolProvider] [VerilogSymbol] Symbols Requested: file:///home/sgass/Projects/kepler/hdl/rtl/ethernet/ethernet_point_to_multipoint_hub.sv
2025-03-12 15:48:40.310 [info] [VerilogDocumentSymbolProvider] 1 top-level symbols returned
2025-03-12 15:48:42.823 [info] [VerilogDocumentSymbolProvider] [VerilogSymbol] Symbols Requested: file:///home/sgass/Projects/kepler/hdl/rtl/ethernet/ethernet_point_to_multipoint_hub.sv
2025-03-12 15:48:42.829 [info] [VerilogDocumentSymbolProvider] 1 top-level symbols returned
2025-03-12 15:48:50.171 [info] [VerilogHoverProvider] Hover requested
2025-03-12 15:48:50.562 [info] [VerilogHoverProvider] Hover object returned
2025-03-12 15:48:51.321 [info] [VerilogHoverProvider] Hover requested
2025-03-12 15:48:51.798 [warning] [VerilogHoverProvider] Hover object not found
2025-03-12 15:48:54.060 [info] [VerilogHoverProvider] Hover requested
2025-03-12 15:48:54.455 [warning] [VerilogHoverProvider] Hover object not found
2025-03-12 15:48:54.456 [info] [VerilogHoverProvider] Hover requested
2025-03-12 15:48:54.733 [info] [VerilogHoverProvider] Hover requested
2025-03-12 15:48:54.848 [warning] [VerilogHoverProvider] Hover object not found
2025-03-12 15:48:55.151 [info] [VerilogHoverProvider] Hover requested
2025-03-12 15:48:58.065 [info] [VerilogDocumentSymbolProvider] [VerilogSymbol] Symbols Requested: file:///home/sgass/Projects/kepler/hdl/rtl/ethernet/ethernet_point_to_multipoint_hub.sv
2025-03-12 15:48:58.071 [info] [VerilogDocumentSymbolProvider] 1 top-level symbols returned
2025-03-12 15:49:03.781 [info] [VerilogDocumentSymbolProvider] [VerilogSymbol] Symbols Requested: file:///home/sgass/Projects/kepler/hdl/rtl/ethernet/ethernet_point_to_multipoint_hub.sv
2025-03-12 15:49:03.787 [info] [VerilogDocumentSymbolProvider] 1 top-level symbols returned
2025-03-12 15:49:07.220 [info] [VerilogDocumentSymbolProvider] [VerilogSymbol] Symbols Requested: file:///home/sgass/Projects/kepler/hdl/rtl/ethernet/ethernet_point_to_multipoint_hub.sv
2025-03-12 15:49:07.226 [info] [VerilogDocumentSymbolProvider] 1 top-level symbols returned
2025-03-12 15:49:12.970 [info] [VerilogHoverProvider] Hover requested
2025-03-12 15:49:13.390 [warning] [VerilogHoverProvider] Hover object not found
2025-03-12 15:49:14.669 [info] [VerilogDocumentSymbolProvider] [VerilogSymbol] Symbols Requested: file:///home/sgass/Projects/kepler/hdl/rtl/ethernet/ethernet_point_to_multipoint_hub.sv
2025-03-12 15:49:14.674 [info] [VerilogDocumentSymbolProvider] 1 top-level symbols returned
2025-03-12 15:49:15.597 [info] [VerilogDocumentSymbolProvider] [VerilogSymbol] Symbols Requested: file:///home/sgass/Projects/kepler/hdl/rtl/ethernet/ethernet_point_to_multipoint_hub.sv
2025-03-12 15:49:15.603 [info] [VerilogDocumentSymbolProvider] 1 top-level symbols returned
2025-03-12 15:49:16.096 [info] [VerilogDocumentSymbolProvider] [VerilogSymbol] Symbols Requested: file:///home/sgass/Projects/kepler/hdl/rtl/ethernet/ethernet_point_to_multipoint_hub.sv
2025-03-12 15:49:16.101 [info] [VerilogDocumentSymbolProvider] 1 top-level symbols returned
2025-03-12 15:49:16.964 [info] [VerilogHoverProvider] Hover requested
2025-03-12 15:49:17.388 [info] [VerilogHoverProvider] Hover object returned
2025-03-12 15:49:17.936 [info] [VerilogHoverProvider] Hover requested
2025-03-12 15:49:18.375 [warning] [VerilogHoverProvider] Hover object not found
2025-03-12 15:49:19.937 [info] [VerilogDocumentSymbolProvider] [VerilogSymbol] Symbols Requested: file:///home/sgass/Projects/kepler/hdl/rtl/ethernet/ethernet_point_to_multipoint_hub.sv
2025-03-12 15:49:19.942 [info] [VerilogDocumentSymbolProvider] 1 top-level symbols returned
2025-03-12 15:49:20.429 [info] [VerilogDocumentSymbolProvider] [VerilogSymbol] Symbols Requested: file:///home/sgass/Projects/kepler/hdl/rtl/ethernet/ethernet_point_to_multipoint_hub.sv
2025-03-12 15:49:20.435 [info] [VerilogDocumentSymbolProvider] 1 top-level symbols returned
2025-03-12 15:49:20.930 [info] [VerilogDocumentSymbolProvider] [VerilogSymbol] Symbols Requested: file:///home/sgass/Projects/kepler/hdl/rtl/ethernet/ethernet_point_to_multipoint_hub.sv
2025-03-12 15:49:20.936 [info] [VerilogDocumentSymbolProvider] 1 top-level symbols returned
2025-03-12 15:49:21.686 [info] [VerilogHoverProvider] Hover requested
2025-03-12 15:49:22.096 [warning] [VerilogHoverProvider] Hover object not found
2025-03-12 15:49:24.020 [info] [VerilogHoverProvider] Hover requested
2025-03-12 15:49:26.132 [info] [VerilogDocumentSymbolProvider] [VerilogSymbol] Symbols Requested: file:///home/sgass/Projects/kepler/hdl/rtl/ethernet/ethernet_point_to_multipoint_hub.sv
2025-03-12 15:49:26.137 [info] [VerilogDocumentSymbolProvider] 1 top-level symbols returned
2025-03-12 15:49:27.579 [info] [VerilogDocumentSymbolProvider] [VerilogSymbol] Symbols Requested: file:///home/sgass/Projects/kepler/hdl/rtl/ethernet/ethernet_point_to_multipoint_hub.sv
2025-03-12 15:49:27.585 [info] [VerilogDocumentSymbolProvider] 1 top-level symbols returned
2025-03-12 15:49:28.264 [info] [VerilogDocumentSymbolProvider] [VerilogSymbol] Symbols Requested: file:///home/sgass/Projects/kepler/hdl/rtl/ethernet/ethernet_point_to_multipoint_hub.sv
2025-03-12 15:49:28.270 [info] [VerilogDocumentSymbolProvider] 1 top-level symbols returned
2025-03-12 15:49:30.429 [info] [VerilogDocumentSymbolProvider] [VerilogSymbol] Symbols Requested: file:///home/sgass/Projects/kepler/hdl/rtl/ethernet/ethernet_point_to_multipoint_hub.sv
2025-03-12 15:49:30.434 [info] [VerilogDocumentSymbolProvider] 1 top-level symbols returned
2025-03-12 15:49:31.975 [info] [VerilogDocumentSymbolProvider] [VerilogSymbol] Symbols Requested: file:///home/sgass/Projects/kepler/hdl/rtl/ethernet/ethernet_point_to_multipoint_hub.sv
2025-03-12 15:49:31.981 [info] [VerilogDocumentSymbolProvider] 1 top-level symbols returned
2025-03-12 15:49:35.889 [info] [VerilogDocumentSymbolProvider] [VerilogSymbol] Symbols Requested: file:///home/sgass/Projects/kepler/hdl/rtl/ethernet/ethernet_point_to_multipoint_hub.sv
2025-03-12 15:49:35.895 [info] [VerilogDocumentSymbolProvider] 1 top-level symbols returned
2025-03-12 15:49:38.431 [info] [VerilogDocumentSymbolProvider] [VerilogSymbol] Symbols Requested: file:///home/sgass/Projects/kepler/hdl/rtl/ethernet/ethernet_point_to_multipoint_hub.sv
2025-03-12 15:49:38.437 [info] [VerilogDocumentSymbolProvider] 1 top-level symbols returned
2025-03-12 15:49:39.851 [info] [VerilogDocumentSymbolProvider] [VerilogSymbol] Symbols Requested: file:///home/sgass/Projects/kepler/hdl/rtl/ethernet/ethernet_point_to_multipoint_hub.sv
2025-03-12 15:49:39.857 [info] [VerilogDocumentSymbolProvider] 1 top-level symbols returned
2025-03-12 15:49:41.749 [info] [VerilogDocumentSymbolProvider] [VerilogSymbol] Symbols Requested: file:///home/sgass/Projects/kepler/hdl/rtl/ethernet/ethernet_point_to_multipoint_hub.sv
2025-03-12 15:49:41.755 [info] [VerilogDocumentSymbolProvider] 1 top-level symbols returned
2025-03-12 15:49:43.426 [info] [VerilogDocumentSymbolProvider] [VerilogSymbol] Symbols Requested: file:///home/sgass/Projects/kepler/hdl/rtl/ethernet/ethernet_point_to_multipoint_hub.sv
2025-03-12 15:49:43.431 [info] [VerilogDocumentSymbolProvider] 1 top-level symbols returned
2025-03-12 15:49:47.240 [info] [VerilogDocumentSymbolProvider] [VerilogSymbol] Symbols Requested: file:///home/sgass/Projects/kepler/hdl/rtl/ethernet/ethernet_point_to_multipoint_hub.sv
2025-03-12 15:49:47.245 [info] [VerilogDocumentSymbolProvider] 1 top-level symbols returned
2025-03-12 15:49:48.702 [info] [VerilogDocumentSymbolProvider] [VerilogSymbol] Symbols Requested: file:///home/sgass/Projects/kepler/hdl/rtl/ethernet/ethernet_point_to_multipoint_hub.sv
2025-03-12 15:49:48.707 [info] [VerilogDocumentSymbolProvider] 1 top-level symbols returned
2025-03-12 15:49:52.657 [info] [VerilogDocumentSymbolProvider] [VerilogSymbol] Symbols Requested: file:///home/sgass/Projects/kepler/hdl/rtl/ethernet/ethernet_point_to_multipoint_hub.sv
2025-03-12 15:49:52.662 [info] [VerilogDocumentSymbolProvider] 1 top-level symbols returned
2025-03-12 15:49:55.290 [info] [VerilogHoverProvider] Hover requested
2025-03-12 15:49:55.475 [info] [VerilogHoverProvider] Hover requested
2025-03-12 15:49:55.720 [info] [VerilogHoverProvider] Hover requested
2025-03-12 15:49:55.757 [info] [VerilogHoverProvider] Hover object returned
2025-03-12 15:49:55.862 [warning] [VerilogHoverProvider] Hover object not found
2025-03-12 15:49:56.591 [info] [VerilogDocumentSymbolProvider] [VerilogSymbol] Symbols Requested: file:///home/sgass/Projects/kepler/hdl/rtl/ethernet/ethernet_point_to_multipoint_hub.sv
2025-03-12 15:49:56.597 [info] [VerilogDocumentSymbolProvider] 1 top-level symbols returned
2025-03-12 15:49:59.908 [info] [VerilogHoverProvider] Hover requested
2025-03-12 15:50:00.174 [info] [VerilogHoverProvider] Hover requested
2025-03-12 15:50:34.370 [info] [VerilogDocumentSymbolProvider] [VerilogSymbol] Symbols Requested: file:///home/sgass/Projects/kepler/hdl/rtl/ethernet/ethernet_point_to_multipoint_hub.sv
2025-03-12 15:50:34.376 [info] [VerilogDocumentSymbolProvider] 1 top-level symbols returned
2025-03-12 15:50:42.331 [info] [VerilogHoverProvider] Hover requested
2025-03-12 15:50:42.734 [warning] [VerilogHoverProvider] Hover object not found
2025-03-12 15:50:43.007 [info] [VerilogDefinitionProvider] Definitions Requested: file:///home/sgass/Projects/kepler/hdl/rtl/ethernet/ethernet_point_to_multipoint_hub.sv
2025-03-12 15:50:43.356 [info] on save
2025-03-12 15:50:43.377 [info] [VerilogDefinitionProvider] 0 definitions returned
2025-03-12 15:50:43.706 [info] [VerilogDocumentSymbolProvider] [VerilogSymbol] Symbols Requested: file:///home/sgass/Projects/kepler/hdl/rtl/ethernet/ethernet_point_to_multipoint_hub.sv
2025-03-12 15:50:43.706 [info] indexing "/home/sgass/Projects/kepler/hdl/rtl/ethernet/ethernet_point_to_multipoint_hub.sv"
2025-03-12 15:50:43.706 [info] executing ctags
2025-03-12 15:50:43.706 [info] Executing Command: ctags -f - --fields=+K --sort=no --excmd=n --fields-SystemVerilog=+{parameter} "/home/sgass/Projects/kepler/hdl/rtl/ethernet/ethernet_point_to_multipoint_hub.sv"
2025-03-12 15:50:43.713 [info] building symbols
2025-03-12 15:50:43.717 [info] [VerilogDocumentSymbolProvider] 1 top-level symbols returned
2025-03-12 15:51:31.420 [info] [VerilogHoverProvider] Hover requested
2025-03-12 15:51:50.460 [info] [VerilogHoverProvider] Hover requested
2025-03-12 15:51:55.146 [info] [VerilogHoverProvider] Hover requested
2025-03-12 15:51:55.510 [info] [VerilogHoverProvider] Hover requested
2025-03-12 15:51:55.583 [warning] [VerilogHoverProvider] Hover object not found
2025-03-12 15:51:55.741 [info] [VerilogHoverProvider] Hover requested
2025-03-12 15:51:55.890 [warning] [VerilogHoverProvider] Hover object not found
2025-03-12 15:51:56.147 [warning] [VerilogHoverProvider] Hover object not found
2025-03-12 15:52:54.188 [info] [VerilogHoverProvider] Hover requested
2025-03-12 15:52:54.596 [info] [VerilogHoverProvider] Hover object returned
2025-03-12 15:53:13.812 [info] [VerilogHoverProvider] Hover requested
2025-03-12 15:53:14.243 [info] [VerilogHoverProvider] Hover object returned
2025-03-12 15:53:14.561 [info] [VerilogHoverProvider] Hover requested
2025-03-12 15:53:14.968 [info] [VerilogHoverProvider] Hover object returned
2025-03-12 15:53:15.379 [info] [VerilogHoverProvider] Hover requested
2025-03-12 15:53:15.806 [info] [VerilogHoverProvider] Hover object returned
2025-03-12 15:53:28.815 [info] [VerilogHoverProvider] Hover requested
2025-03-12 15:53:29.029 [info] [VerilogHoverProvider] Hover requested
2025-03-12 15:53:29.200 [info] [VerilogHoverProvider] Hover object returned
2025-03-12 15:53:29.433 [info] [VerilogHoverProvider] Hover object returned
2025-03-12 15:53:36.435 [info] [VerilogHoverProvider] Hover requested
2025-03-12 15:53:52.897 [info] [VerilogHoverProvider] Hover requested
2025-03-12 15:53:53.368 [warning] [VerilogHoverProvider] Hover object not found
2025-03-12 15:53:53.600 [info] [VerilogHoverProvider] Hover requested
2025-03-12 15:53:54.023 [warning] [VerilogHoverProvider] Hover object not found
2025-03-12 15:53:54.132 [info] [VerilogHoverProvider] Hover requested
2025-03-12 15:53:54.583 [warning] [VerilogHoverProvider] Hover object not found
2025-03-12 15:53:56.855 [info] [VerilogHoverProvider] Hover requested
2025-03-12 15:53:57.260 [warning] [VerilogHoverProvider] Hover object not found
2025-03-12 15:53:57.746 [info] [VerilogHoverProvider] Hover requested
2025-03-12 15:53:58.136 [info] [VerilogHoverProvider] Hover object returned
2025-03-12 15:54:00.370 [info] [VerilogHoverProvider] Hover requested
2025-03-12 15:54:00.780 [warning] [VerilogHoverProvider] Hover object not found
2025-03-12 15:54:01.118 [info] [VerilogHoverProvider] Hover requested
2025-03-12 15:54:01.518 [warning] [VerilogHoverProvider] Hover object not found
2025-03-12 15:54:02.034 [info] [VerilogHoverProvider] Hover requested
2025-03-12 15:54:02.436 [warning] [VerilogHoverProvider] Hover object not found
2025-03-12 15:54:02.467 [info] [VerilogHoverProvider] Hover requested
2025-03-12 15:54:02.874 [warning] [VerilogHoverProvider] Hover object not found
2025-03-12 15:54:05.268 [info] [VerilogHoverProvider] Hover requested
2025-03-12 15:54:05.727 [warning] [VerilogHoverProvider] Hover object not found
2025-03-12 15:54:06.634 [info] [VerilogHoverProvider] Hover requested
2025-03-12 15:54:07.031 [info] [VerilogHoverProvider] Hover object returned
2025-03-12 15:54:08.486 [info] [VerilogHoverProvider] Hover requested
2025-03-12 15:54:08.929 [info] [VerilogHoverProvider] Hover object returned
2025-03-12 15:54:09.517 [info] [VerilogHoverProvider] Hover requested
2025-03-12 15:54:09.949 [warning] [VerilogHoverProvider] Hover object not found
2025-03-12 15:54:14.100 [info] [VerilogHoverProvider] Hover requested
2025-03-12 15:54:14.551 [info] [VerilogHoverProvider] Hover object returned
2025-03-12 15:54:15.991 [info] [VerilogHoverProvider] Hover requested
2025-03-12 15:54:16.191 [info] [VerilogHoverProvider] Hover requested
2025-03-12 15:54:16.470 [info] [VerilogHoverProvider] Hover object returned
2025-03-12 15:54:16.473 [info] [VerilogHoverProvider] Hover requested
2025-03-12 15:54:16.593 [info] [VerilogHoverProvider] Hover object returned
2025-03-12 15:54:16.871 [info] [VerilogHoverProvider] Hover object returned
2025-03-12 15:54:17.422 [info] [VerilogHoverProvider] Hover requested
2025-03-12 15:54:17.833 [info] [VerilogHoverProvider] Hover object returned
2025-03-12 15:54:18.541 [info] [VerilogHoverProvider] Hover requested
2025-03-12 15:54:18.933 [info] [VerilogHoverProvider] Hover object returned
2025-03-12 15:55:11.007 [info] [VerilogHoverProvider] Hover requested
2025-03-12 15:55:18.147 [info] [VerilogDocumentSymbolProvider] [VerilogSymbol] Symbols Requested: file:///home/sgass/Projects/kepler/hdl/rtl/ethernet/ethernet_point_to_multipoint_hub.sv
2025-03-12 15:55:18.152 [info] [VerilogDocumentSymbolProvider] 1 top-level symbols returned
2025-03-12 15:55:21.795 [info] [VerilogDocumentSymbolProvider] [VerilogSymbol] Symbols Requested: file:///home/sgass/Projects/kepler/hdl/rtl/ethernet/ethernet_point_to_multipoint_hub.sv
2025-03-12 15:55:21.801 [info] [VerilogDocumentSymbolProvider] 1 top-level symbols returned
2025-03-12 15:55:23.538 [info] [VerilogDocumentSymbolProvider] [VerilogSymbol] Symbols Requested: file:///home/sgass/Projects/kepler/hdl/rtl/ethernet/ethernet_point_to_multipoint_hub.sv
2025-03-12 15:55:23.543 [info] [VerilogDocumentSymbolProvider] 1 top-level symbols returned
2025-03-12 15:55:26.955 [info] [VerilogDocumentSymbolProvider] [VerilogSymbol] Symbols Requested: file:///home/sgass/Projects/kepler/hdl/rtl/ethernet/ethernet_point_to_multipoint_hub.sv
2025-03-12 15:55:26.961 [info] [VerilogDocumentSymbolProvider] 1 top-level symbols returned
2025-03-12 15:55:31.439 [info] [VerilogHoverProvider] Hover requested
2025-03-12 15:55:33.330 [info] [VerilogDocumentSymbolProvider] [VerilogSymbol] Symbols Requested: file:///home/sgass/Projects/kepler/hdl/rtl/ethernet/ethernet_point_to_multipoint_hub.sv
2025-03-12 15:55:33.335 [info] [VerilogDocumentSymbolProvider] 1 top-level symbols returned
2025-03-12 15:55:34.412 [info] [VerilogDocumentSymbolProvider] [VerilogSymbol] Symbols Requested: file:///home/sgass/Projects/kepler/hdl/rtl/ethernet/ethernet_point_to_multipoint_hub.sv
2025-03-12 15:55:34.418 [info] [VerilogDocumentSymbolProvider] 1 top-level symbols returned
2025-03-12 15:55:35.000 [info] [VerilogDocumentSymbolProvider] [VerilogSymbol] Symbols Requested: file:///home/sgass/Projects/kepler/hdl/rtl/ethernet/ethernet_point_to_multipoint_hub.sv
2025-03-12 15:55:35.005 [info] [VerilogDocumentSymbolProvider] 1 top-level symbols returned
2025-03-12 15:55:36.383 [info] [VerilogDocumentSymbolProvider] [VerilogSymbol] Symbols Requested: file:///home/sgass/Projects/kepler/hdl/rtl/ethernet/ethernet_point_to_multipoint_hub.sv
2025-03-12 15:55:36.389 [info] [VerilogDocumentSymbolProvider] 1 top-level symbols returned
2025-03-12 15:55:39.732 [info] [VerilogDocumentSymbolProvider] [VerilogSymbol] Symbols Requested: file:///home/sgass/Projects/kepler/hdl/rtl/ethernet/ethernet_point_to_multipoint_hub.sv
2025-03-12 15:55:39.737 [info] [VerilogDocumentSymbolProvider] 1 top-level symbols returned
2025-03-12 15:55:42.023 [info] [VerilogDocumentSymbolProvider] [VerilogSymbol] Symbols Requested: file:///home/sgass/Projects/kepler/hdl/rtl/ethernet/ethernet_point_to_multipoint_hub.sv
2025-03-12 15:55:42.030 [info] [VerilogDocumentSymbolProvider] 1 top-level symbols returned
2025-03-12 15:55:43.585 [info] [VerilogDocumentSymbolProvider] [VerilogSymbol] Symbols Requested: file:///home/sgass/Projects/kepler/hdl/rtl/ethernet/ethernet_point_to_multipoint_hub.sv
2025-03-12 15:55:43.591 [info] [VerilogDocumentSymbolProvider] 1 top-level symbols returned
2025-03-12 15:55:46.555 [info] [VerilogDocumentSymbolProvider] [VerilogSymbol] Symbols Requested: file:///home/sgass/Projects/kepler/hdl/rtl/ethernet/ethernet_point_to_multipoint_hub.sv
2025-03-12 15:55:46.561 [info] [VerilogDocumentSymbolProvider] 1 top-level symbols returned
2025-03-12 15:55:51.953 [info] [VerilogHoverProvider] Hover requested
2025-03-12 15:55:52.348 [warning] [VerilogHoverProvider] Hover object not found
2025-03-12 15:55:54.997 [info] [VerilogDocumentSymbolProvider] [VerilogSymbol] Symbols Requested: file:///home/sgass/Projects/kepler/hdl/rtl/ethernet/ethernet_point_to_multipoint_hub.sv
2025-03-12 15:55:55.003 [info] [VerilogDocumentSymbolProvider] 1 top-level symbols returned
2025-03-12 15:55:56.285 [info] [VerilogDocumentSymbolProvider] [VerilogSymbol] Symbols Requested: file:///home/sgass/Projects/kepler/hdl/rtl/ethernet/ethernet_point_to_multipoint_hub.sv
2025-03-12 15:55:56.290 [info] [VerilogDocumentSymbolProvider] 1 top-level symbols returned
2025-03-12 15:55:58.281 [info] [VerilogDocumentSymbolProvider] [VerilogSymbol] Symbols Requested: file:///home/sgass/Projects/kepler/hdl/rtl/ethernet/ethernet_point_to_multipoint_hub.sv
2025-03-12 15:55:58.287 [info] [VerilogDocumentSymbolProvider] 1 top-level symbols returned
2025-03-12 15:55:59.058 [info] [VerilogHoverProvider] Hover requested
2025-03-12 15:55:59.665 [info] [VerilogHoverProvider] Hover requested
2025-03-12 15:56:00.449 [info] [VerilogHoverProvider] Hover requested
2025-03-12 15:56:00.800 [info] [VerilogHoverProvider] Hover requested
2025-03-12 15:56:00.927 [info] [VerilogHoverProvider] Hover object returned
2025-03-12 15:56:01.197 [info] [VerilogHoverProvider] Hover requested
2025-03-12 15:56:01.215 [info] [VerilogHoverProvider] Hover object returned
2025-03-12 15:56:01.623 [info] [VerilogHoverProvider] Hover object returned
2025-03-12 15:56:02.458 [info] [VerilogHoverProvider] Hover requested
2025-03-12 15:56:02.882 [warning] [VerilogHoverProvider] Hover object not found
2025-03-12 15:56:02.986 [info] [VerilogHoverProvider] Hover requested
2025-03-12 15:56:03.373 [warning] [VerilogHoverProvider] Hover object not found
2025-03-12 15:56:10.675 [info] [VerilogDocumentSymbolProvider] [VerilogSymbol] Symbols Requested: file:///home/sgass/Projects/kepler/hdl/rtl/ethernet/ethernet_point_to_multipoint_hub.sv
2025-03-12 15:56:10.681 [info] [VerilogDocumentSymbolProvider] 1 top-level symbols returned
2025-03-12 15:56:13.453 [info] [VerilogHoverProvider] Hover requested
2025-03-12 15:56:13.852 [warning] [VerilogHoverProvider] Hover object not found
2025-03-12 15:56:14.745 [info] [VerilogHoverProvider] Hover requested
2025-03-12 15:56:15.157 [warning] [VerilogHoverProvider] Hover object not found
2025-03-12 15:56:16.534 [info] [VerilogDocumentSymbolProvider] [VerilogSymbol] Symbols Requested: file:///home/sgass/Projects/kepler/hdl/rtl/ethernet/ethernet_point_to_multipoint_hub.sv
2025-03-12 15:56:16.539 [info] [VerilogDocumentSymbolProvider] 1 top-level symbols returned
2025-03-12 15:56:17.075 [info] [VerilogDocumentSymbolProvider] [VerilogSymbol] Symbols Requested: file:///home/sgass/Projects/kepler/hdl/rtl/ethernet/ethernet_point_to_multipoint_hub.sv
2025-03-12 15:56:17.081 [info] [VerilogDocumentSymbolProvider] 1 top-level symbols returned
2025-03-12 15:56:18.934 [info] [VerilogDocumentSymbolProvider] [VerilogSymbol] Symbols Requested: file:///home/sgass/Projects/kepler/hdl/rtl/ethernet/ethernet_point_to_multipoint_hub.sv
2025-03-12 15:56:18.940 [info] [VerilogDocumentSymbolProvider] 1 top-level symbols returned
2025-03-12 15:56:20.887 [info] [VerilogHoverProvider] Hover requested
2025-03-12 15:56:21.290 [warning] [VerilogHoverProvider] Hover object not found
2025-03-12 15:56:23.166 [info] [VerilogDocumentSymbolProvider] [VerilogSymbol] Symbols Requested: file:///home/sgass/Projects/kepler/hdl/rtl/ethernet/ethernet_point_to_multipoint_hub.sv
2025-03-12 15:56:23.171 [info] [VerilogDocumentSymbolProvider] 1 top-level symbols returned
2025-03-12 15:56:25.864 [info] [VerilogDocumentSymbolProvider] [VerilogSymbol] Symbols Requested: file:///home/sgass/Projects/kepler/hdl/rtl/ethernet/ethernet_point_to_multipoint_hub.sv
2025-03-12 15:56:25.869 [info] [VerilogDocumentSymbolProvider] 1 top-level symbols returned
2025-03-12 15:56:26.655 [info] [VerilogHoverProvider] Hover requested
2025-03-12 15:56:32.265 [info] [VerilogDocumentSymbolProvider] [VerilogSymbol] Symbols Requested: file:///home/sgass/Projects/kepler/hdl/rtl/ethernet/ethernet_point_to_multipoint_hub.sv
2025-03-12 15:56:32.270 [info] [VerilogDocumentSymbolProvider] 1 top-level symbols returned
2025-03-12 15:56:38.901 [info] [VerilogDocumentSymbolProvider] [VerilogSymbol] Symbols Requested: file:///home/sgass/Projects/kepler/hdl/rtl/ethernet/ethernet_point_to_multipoint_hub.sv
2025-03-12 15:56:38.907 [info] [VerilogDocumentSymbolProvider] 1 top-level symbols returned
2025-03-12 15:57:08.490 [info] [VerilogHoverProvider] Hover requested
2025-03-12 15:57:08.899 [info] [VerilogHoverProvider] Hover object returned
2025-03-12 15:57:09.739 [info] [VerilogHoverProvider] Hover requested
2025-03-12 15:57:10.130 [info] [VerilogHoverProvider] Hover requested
2025-03-12 15:57:10.177 [info] [VerilogHoverProvider] Hover object returned
2025-03-12 15:57:10.528 [info] [VerilogHoverProvider] Hover object returned
2025-03-12 15:57:10.849 [info] [VerilogHoverProvider] Hover requested
2025-03-12 15:57:11.266 [info] [VerilogHoverProvider] Hover object returned
2025-03-12 15:57:12.382 [info] [VerilogHoverProvider] Hover requested
2025-03-12 15:57:12.798 [info] [VerilogHoverProvider] Hover object returned
2025-03-12 15:57:13.183 [info] [VerilogHoverProvider] Hover requested
2025-03-12 15:57:13.565 [info] [VerilogHoverProvider] Hover requested
2025-03-12 15:57:13.598 [info] [VerilogHoverProvider] Hover object returned
2025-03-12 15:57:13.933 [info] [VerilogHoverProvider] Hover object returned
2025-03-12 15:57:14.499 [info] [VerilogHoverProvider] Hover requested
2025-03-12 15:57:14.906 [info] [VerilogHoverProvider] Hover object returned
2025-03-12 15:57:15.596 [info] [VerilogHoverProvider] Hover requested
2025-03-12 15:57:16.044 [info] [VerilogHoverProvider] Hover object returned
2025-03-12 15:57:18.364 [info] [VerilogDocumentSymbolProvider] [VerilogSymbol] Symbols Requested: file:///home/sgass/Projects/kepler/hdl/rtl/ethernet/ethernet_point_to_multipoint_hub.sv
2025-03-12 15:57:18.370 [info] [VerilogDocumentSymbolProvider] 1 top-level symbols returned
2025-03-12 15:57:21.015 [info] [VerilogDocumentSymbolProvider] [VerilogSymbol] Symbols Requested: file:///home/sgass/Projects/kepler/hdl/rtl/ethernet/ethernet_point_to_multipoint_hub.sv
2025-03-12 15:57:21.019 [info] [VerilogDocumentSymbolProvider] 1 top-level symbols returned
2025-03-12 15:57:22.466 [info] [VerilogHoverProvider] Hover requested
2025-03-12 15:57:22.932 [info] [VerilogHoverProvider] Hover requested
2025-03-12 15:57:23.362 [info] [VerilogHoverProvider] Hover object returned
2025-03-12 15:57:24.267 [info] [VerilogHoverProvider] Hover requested
2025-03-12 15:57:24.674 [info] [VerilogHoverProvider] Hover object returned
2025-03-12 15:57:27.074 [info] [VerilogHoverProvider] Hover requested
2025-03-12 15:57:27.514 [info] [VerilogHoverProvider] Hover object returned
2025-03-12 15:57:31.854 [info] [VerilogHoverProvider] Hover requested
2025-03-12 15:57:32.279 [info] [VerilogHoverProvider] Hover object returned
2025-03-12 15:57:35.465 [info] [VerilogHoverProvider] Hover requested
2025-03-12 15:57:36.281 [info] [VerilogHoverProvider] Hover requested
2025-03-12 15:57:36.737 [info] [VerilogHoverProvider] Hover object returned
2025-03-12 15:57:43.305 [info] [VerilogHoverProvider] Hover requested
2025-03-12 15:57:43.719 [info] [VerilogHoverProvider] Hover object returned
2025-03-12 15:57:44.265 [info] [VerilogHoverProvider] Hover requested
2025-03-12 15:57:44.696 [info] [VerilogHoverProvider] Hover object returned
2025-03-12 15:57:46.007 [info] [VerilogHoverProvider] Hover requested
2025-03-12 15:57:46.318 [info] [VerilogHoverProvider] Hover requested
2025-03-12 15:57:46.409 [info] [VerilogHoverProvider] Hover object returned
2025-03-12 15:57:46.591 [info] [VerilogHoverProvider] Hover requested
2025-03-12 15:57:46.712 [info] [VerilogHoverProvider] Hover object returned
2025-03-12 15:57:46.979 [info] [VerilogHoverProvider] Hover object returned
2025-03-12 15:57:47.748 [info] [VerilogHoverProvider] Hover requested
2025-03-12 15:57:48.168 [info] [VerilogHoverProvider] Hover object returned
2025-03-12 15:57:48.280 [info] [VerilogHoverProvider] Hover requested
2025-03-12 15:57:50.821 [info] [VerilogHoverProvider] Hover requested
2025-03-12 15:57:51.267 [info] [VerilogHoverProvider] Hover object returned
2025-03-12 15:57:57.582 [info] [VerilogHoverProvider] Hover requested
2025-03-12 15:57:58.048 [info] [VerilogHoverProvider] Hover object returned
2025-03-12 15:57:59.852 [info] [VerilogDocumentSymbolProvider] [VerilogSymbol] Symbols Requested: file:///home/sgass/Projects/kepler/hdl/rtl/ethernet/ethernet_point_to_multipoint_hub.sv
2025-03-12 15:57:59.857 [info] [VerilogDocumentSymbolProvider] 1 top-level symbols returned
2025-03-12 15:58:01.258 [info] [VerilogDocumentSymbolProvider] [VerilogSymbol] Symbols Requested: file:///home/sgass/Projects/kepler/hdl/rtl/ethernet/ethernet_point_to_multipoint_hub.sv
2025-03-12 15:58:01.264 [info] [VerilogDocumentSymbolProvider] 1 top-level symbols returned
2025-03-12 15:58:01.867 [info] [VerilogDocumentSymbolProvider] [VerilogSymbol] Symbols Requested: file:///home/sgass/Projects/kepler/hdl/rtl/ethernet/ethernet_point_to_multipoint_hub.sv
2025-03-12 15:58:01.872 [info] [VerilogDocumentSymbolProvider] 1 top-level symbols returned
2025-03-12 15:58:03.430 [info] [VerilogDocumentSymbolProvider] [VerilogSymbol] Symbols Requested: file:///home/sgass/Projects/kepler/hdl/rtl/ethernet/ethernet_point_to_multipoint_hub.sv
2025-03-12 15:58:03.436 [info] [VerilogDocumentSymbolProvider] 1 top-level symbols returned
2025-03-12 15:58:13.749 [info] [VerilogDocumentSymbolProvider] [VerilogSymbol] Symbols Requested: file:///home/sgass/Projects/kepler/hdl/rtl/ethernet/ethernet_point_to_multipoint_hub.sv
2025-03-12 15:58:13.755 [info] [VerilogDocumentSymbolProvider] 1 top-level symbols returned
2025-03-12 15:58:15.427 [info] [VerilogDocumentSymbolProvider] [VerilogSymbol] Symbols Requested: file:///home/sgass/Projects/kepler/hdl/rtl/ethernet/ethernet_point_to_multipoint_hub.sv
2025-03-12 15:58:15.433 [info] [VerilogDocumentSymbolProvider] 1 top-level symbols returned
2025-03-12 15:58:15.981 [info] [VerilogDocumentSymbolProvider] [VerilogSymbol] Symbols Requested: file:///home/sgass/Projects/kepler/hdl/rtl/ethernet/ethernet_point_to_multipoint_hub.sv
2025-03-12 15:58:15.986 [info] [VerilogDocumentSymbolProvider] 1 top-level symbols returned
2025-03-12 15:58:17.649 [info] [VerilogDocumentSymbolProvider] [VerilogSymbol] Symbols Requested: file:///home/sgass/Projects/kepler/hdl/rtl/ethernet/ethernet_point_to_multipoint_hub.sv
2025-03-12 15:58:17.656 [info] [VerilogDocumentSymbolProvider] 1 top-level symbols returned
2025-03-12 15:58:19.517 [info] [VerilogDocumentSymbolProvider] [VerilogSymbol] Symbols Requested: file:///home/sgass/Projects/kepler/hdl/rtl/ethernet/ethernet_point_to_multipoint_hub.sv
2025-03-12 15:58:19.523 [info] [VerilogDocumentSymbolProvider] 1 top-level symbols returned
2025-03-12 15:58:21.637 [info] [VerilogDocumentSymbolProvider] [VerilogSymbol] Symbols Requested: file:///home/sgass/Projects/kepler/hdl/rtl/ethernet/ethernet_point_to_multipoint_hub.sv
2025-03-12 15:58:21.643 [info] [VerilogDocumentSymbolProvider] 1 top-level symbols returned
2025-03-12 15:58:23.542 [info] [VerilogDocumentSymbolProvider] [VerilogSymbol] Symbols Requested: file:///home/sgass/Projects/kepler/hdl/rtl/ethernet/ethernet_point_to_multipoint_hub.sv
2025-03-12 15:58:23.548 [info] [VerilogDocumentSymbolProvider] 1 top-level symbols returned
2025-03-12 15:58:23.965 [info] [VerilogHoverProvider] Hover requested
2025-03-12 15:58:25.663 [info] [VerilogDocumentSymbolProvider] [VerilogSymbol] Symbols Requested: file:///home/sgass/Projects/kepler/hdl/rtl/ethernet/ethernet_point_to_multipoint_hub.sv
2025-03-12 15:58:25.668 [info] [VerilogDocumentSymbolProvider] 1 top-level symbols returned
2025-03-12 15:58:34.726 [info] [VerilogHoverProvider] Hover requested
2025-03-12 15:58:35.148 [info] [VerilogHoverProvider] Hover object returned
2025-03-12 15:58:37.252 [info] [VerilogHoverProvider] Hover requested
2025-03-12 15:58:37.693 [info] [VerilogHoverProvider] Hover object returned
2025-03-12 15:59:23.424 [info] [VerilogHoverProvider] Hover requested
2025-03-12 15:59:24.013 [info] [VerilogHoverProvider] Hover requested
2025-03-12 15:59:24.210 [info] [VerilogHoverProvider] Hover requested
2025-03-12 15:59:24.425 [warning] [VerilogHoverProvider] Hover object not found
2025-03-12 16:00:00.477 [info] [VerilogHoverProvider] Hover requested
2025-03-12 16:00:01.076 [info] [VerilogHoverProvider] Hover requested
2025-03-12 16:00:01.672 [info] [VerilogDocumentSymbolProvider] [VerilogSymbol] Symbols Requested: file:///home/sgass/Projects/kepler/hdl/rtl/ethernet/ethernet_point_to_multipoint_hub.sv
2025-03-12 16:00:01.677 [info] [VerilogDocumentSymbolProvider] 1 top-level symbols returned
2025-03-12 16:00:04.092 [info] [VerilogDocumentSymbolProvider] [VerilogSymbol] Symbols Requested: file:///home/sgass/Projects/kepler/hdl/rtl/ethernet/ethernet_point_to_multipoint_hub.sv
2025-03-12 16:00:04.094 [info] [VerilogDocumentSymbolProvider] 1 top-level symbols returned
2025-03-12 16:00:05.991 [info] [VerilogHoverProvider] Hover requested
2025-03-12 16:00:06.471 [warning] [VerilogHoverProvider] Hover object not found
2025-03-12 16:00:06.979 [info] [VerilogDocumentSymbolProvider] [VerilogSymbol] Symbols Requested: file:///home/sgass/Projects/kepler/hdl/rtl/ethernet/ethernet_point_to_multipoint_hub.sv
2025-03-12 16:00:06.985 [info] [VerilogDocumentSymbolProvider] 1 top-level symbols returned
2025-03-12 16:00:08.149 [info] [VerilogDocumentSymbolProvider] [VerilogSymbol] Symbols Requested: file:///home/sgass/Projects/kepler/hdl/rtl/ethernet/ethernet_point_to_multipoint_hub.sv
2025-03-12 16:00:08.155 [info] [VerilogDocumentSymbolProvider] 1 top-level symbols returned
2025-03-12 16:00:09.456 [info] [VerilogDocumentSymbolProvider] [VerilogSymbol] Symbols Requested: file:///home/sgass/Projects/kepler/hdl/rtl/ethernet/ethernet_point_to_multipoint_hub.sv
2025-03-12 16:00:09.462 [info] [VerilogDocumentSymbolProvider] 1 top-level symbols returned
2025-03-12 16:00:18.291 [info] [VerilogDocumentSymbolProvider] [VerilogSymbol] Symbols Requested: file:///home/sgass/Projects/kepler/hdl/rtl/ethernet/ethernet_point_to_multipoint_hub.sv
2025-03-12 16:00:18.297 [info] [VerilogDocumentSymbolProvider] 1 top-level symbols returned
2025-03-12 16:00:19.177 [info] [VerilogDocumentSymbolProvider] [VerilogSymbol] Symbols Requested: file:///home/sgass/Projects/kepler/hdl/rtl/ethernet/ethernet_point_to_multipoint_hub.sv
2025-03-12 16:00:19.183 [info] [VerilogDocumentSymbolProvider] 1 top-level symbols returned
2025-03-12 16:00:20.919 [info] [VerilogDocumentSymbolProvider] [VerilogSymbol] Symbols Requested: file:///home/sgass/Projects/kepler/hdl/rtl/ethernet/ethernet_point_to_multipoint_hub.sv
2025-03-12 16:00:20.925 [info] [VerilogDocumentSymbolProvider] 1 top-level symbols returned
2025-03-12 16:00:24.036 [info] [VerilogHoverProvider] Hover requested
2025-03-12 16:00:24.431 [warning] [VerilogHoverProvider] Hover object not found
2025-03-12 16:00:26.527 [info] [VerilogDocumentSymbolProvider] [VerilogSymbol] Symbols Requested: file:///home/sgass/Projects/kepler/hdl/rtl/ethernet/ethernet_point_to_multipoint_hub.sv
2025-03-12 16:00:26.533 [info] [VerilogDocumentSymbolProvider] 1 top-level symbols returned
2025-03-12 16:00:27.569 [info] [VerilogDocumentSymbolProvider] [VerilogSymbol] Symbols Requested: file:///home/sgass/Projects/kepler/hdl/rtl/ethernet/ethernet_point_to_multipoint_hub.sv
2025-03-12 16:00:27.574 [info] [VerilogDocumentSymbolProvider] 1 top-level symbols returned
2025-03-12 16:00:28.410 [info] [VerilogHoverProvider] Hover requested
2025-03-12 16:00:28.851 [info] [VerilogHoverProvider] Hover requested
2025-03-12 16:00:28.870 [warning] [VerilogHoverProvider] Hover object not found
2025-03-12 16:00:29.250 [warning] [VerilogHoverProvider] Hover object not found
2025-03-12 16:00:29.404 [info] [VerilogHoverProvider] Hover requested
2025-03-12 16:00:29.870 [info] [VerilogDocumentSymbolProvider] [VerilogSymbol] Symbols Requested: file:///home/sgass/Projects/kepler/hdl/rtl/ethernet/ethernet_point_to_multipoint_hub.sv
2025-03-12 16:00:29.876 [info] [VerilogDocumentSymbolProvider] 1 top-level symbols returned
2025-03-12 16:00:30.839 [info] [VerilogDocumentSymbolProvider] [VerilogSymbol] Symbols Requested: file:///home/sgass/Projects/kepler/hdl/rtl/ethernet/ethernet_point_to_multipoint_hub.sv
2025-03-12 16:00:30.846 [info] [VerilogDocumentSymbolProvider] 1 top-level symbols returned
2025-03-12 16:00:31.439 [info] [VerilogDocumentSymbolProvider] [VerilogSymbol] Symbols Requested: file:///home/sgass/Projects/kepler/hdl/rtl/ethernet/ethernet_point_to_multipoint_hub.sv
2025-03-12 16:00:31.445 [info] [VerilogDocumentSymbolProvider] 1 top-level symbols returned
2025-03-12 16:00:34.000 [info] [VerilogHoverProvider] Hover requested
2025-03-12 16:00:35.557 [info] [VerilogHoverProvider] Hover requested
2025-03-12 16:00:35.963 [info] [VerilogHoverProvider] Hover requested
2025-03-12 16:00:36.000 [warning] [VerilogHoverProvider] Hover object not found
2025-03-12 16:00:36.231 [info] [VerilogHoverProvider] Hover requested
2025-03-12 16:00:39.188 [info] [VerilogHoverProvider] Hover requested
2025-03-12 16:00:39.580 [info] [VerilogHoverProvider] Hover object returned
2025-03-12 16:00:40.295 [info] [VerilogHoverProvider] Hover requested
2025-03-12 16:00:40.625 [info] [VerilogHoverProvider] Hover requested
2025-03-12 16:00:40.692 [info] [VerilogHoverProvider] Hover object returned
2025-03-12 16:00:41.004 [info] [VerilogHoverProvider] Hover object returned
2025-03-12 16:00:49.532 [info] [VerilogDocumentSymbolProvider] [VerilogSymbol] Symbols Requested: file:///home/sgass/Projects/kepler/hdl/rtl/ethernet/ethernet_point_to_multipoint_hub.sv
2025-03-12 16:00:49.537 [info] [VerilogDocumentSymbolProvider] 1 top-level symbols returned
2025-03-12 16:00:50.456 [info] [VerilogDocumentSymbolProvider] [VerilogSymbol] Symbols Requested: file:///home/sgass/Projects/kepler/hdl/rtl/ethernet/ethernet_point_to_multipoint_hub.sv
2025-03-12 16:00:50.461 [info] [VerilogDocumentSymbolProvider] 1 top-level symbols returned
2025-03-12 16:00:51.839 [info] [VerilogDocumentSymbolProvider] [VerilogSymbol] Symbols Requested: file:///home/sgass/Projects/kepler/hdl/rtl/ethernet/ethernet_point_to_multipoint_hub.sv
2025-03-12 16:00:51.844 [info] [VerilogDocumentSymbolProvider] 1 top-level symbols returned
2025-03-12 16:00:53.167 [info] [VerilogDocumentSymbolProvider] [VerilogSymbol] Symbols Requested: file:///home/sgass/Projects/kepler/hdl/rtl/ethernet/ethernet_point_to_multipoint_hub.sv
2025-03-12 16:00:53.174 [info] [VerilogDocumentSymbolProvider] 1 top-level symbols returned
2025-03-12 16:00:53.727 [info] [VerilogDocumentSymbolProvider] [VerilogSymbol] Symbols Requested: file:///home/sgass/Projects/kepler/hdl/rtl/ethernet/ethernet_point_to_multipoint_hub.sv
2025-03-12 16:00:53.732 [info] [VerilogDocumentSymbolProvider] 1 top-level symbols returned
2025-03-12 16:00:56.484 [info] [VerilogDocumentSymbolProvider] [VerilogSymbol] Symbols Requested: file:///home/sgass/Projects/kepler/hdl/rtl/ethernet/ethernet_point_to_multipoint_hub.sv
2025-03-12 16:00:56.490 [info] [VerilogDocumentSymbolProvider] 1 top-level symbols returned
2025-03-12 16:00:57.345 [info] [VerilogDocumentSymbolProvider] [VerilogSymbol] Symbols Requested: file:///home/sgass/Projects/kepler/hdl/rtl/ethernet/ethernet_point_to_multipoint_hub.sv
2025-03-12 16:00:57.351 [info] [VerilogDocumentSymbolProvider] 1 top-level symbols returned
2025-03-12 16:00:58.324 [info] [VerilogDocumentSymbolProvider] [VerilogSymbol] Symbols Requested: file:///home/sgass/Projects/kepler/hdl/rtl/ethernet/ethernet_point_to_multipoint_hub.sv
2025-03-12 16:00:58.330 [info] [VerilogDocumentSymbolProvider] 1 top-level symbols returned
2025-03-12 16:00:59.263 [info] [VerilogDocumentSymbolProvider] [VerilogSymbol] Symbols Requested: file:///home/sgass/Projects/kepler/hdl/rtl/ethernet/ethernet_point_to_multipoint_hub.sv
2025-03-12 16:00:59.268 [info] [VerilogDocumentSymbolProvider] 1 top-level symbols returned
2025-03-12 16:01:00.229 [info] [VerilogDocumentSymbolProvider] [VerilogSymbol] Symbols Requested: file:///home/sgass/Projects/kepler/hdl/rtl/ethernet/ethernet_point_to_multipoint_hub.sv
2025-03-12 16:01:00.234 [info] [VerilogDocumentSymbolProvider] 1 top-level symbols returned
2025-03-12 16:01:01.183 [info] [VerilogDocumentSymbolProvider] [VerilogSymbol] Symbols Requested: file:///home/sgass/Projects/kepler/hdl/rtl/ethernet/ethernet_point_to_multipoint_hub.sv
2025-03-12 16:01:01.189 [info] [VerilogDocumentSymbolProvider] 1 top-level symbols returned
2025-03-12 16:01:01.640 [info] [VerilogDocumentSymbolProvider] [VerilogSymbol] Symbols Requested: file:///home/sgass/Projects/kepler/hdl/rtl/ethernet/ethernet_point_to_multipoint_hub.sv
2025-03-12 16:01:01.646 [info] [VerilogDocumentSymbolProvider] 1 top-level symbols returned
2025-03-12 16:01:07.973 [info] [VerilogHoverProvider] Hover requested
2025-03-12 16:01:08.369 [warning] [VerilogHoverProvider] Hover object not found
2025-03-12 16:01:08.455 [info] [VerilogHoverProvider] Hover requested
2025-03-12 16:01:08.845 [warning] [VerilogHoverProvider] Hover object not found
2025-03-12 16:01:11.882 [info] [VerilogDocumentSymbolProvider] [VerilogSymbol] Symbols Requested: file:///home/sgass/Projects/kepler/hdl/rtl/ethernet/ethernet_point_to_multipoint_hub.sv
2025-03-12 16:01:11.887 [info] [VerilogDocumentSymbolProvider] 1 top-level symbols returned
2025-03-12 16:01:13.404 [info] [VerilogDocumentSymbolProvider] [VerilogSymbol] Symbols Requested: file:///home/sgass/Projects/kepler/hdl/rtl/ethernet/ethernet_point_to_multipoint_hub.sv
2025-03-12 16:01:13.409 [info] [VerilogDocumentSymbolProvider] 1 top-level symbols returned
2025-03-12 16:01:14.135 [info] [VerilogDocumentSymbolProvider] [VerilogSymbol] Symbols Requested: file:///home/sgass/Projects/kepler/hdl/rtl/ethernet/ethernet_point_to_multipoint_hub.sv
2025-03-12 16:01:14.141 [info] [VerilogDocumentSymbolProvider] 1 top-level symbols returned
2025-03-12 16:01:15.937 [info] [VerilogHoverProvider] Hover requested
2025-03-12 16:01:16.327 [info] [VerilogHoverProvider] Hover requested
2025-03-12 16:01:23.200 [info] [VerilogDocumentSymbolProvider] [VerilogSymbol] Symbols Requested: file:///home/sgass/Projects/kepler/hdl/rtl/ethernet/ethernet_point_to_multipoint_hub.sv
2025-03-12 16:01:23.205 [info] [VerilogDocumentSymbolProvider] 1 top-level symbols returned
2025-03-12 16:01:27.724 [info] [VerilogDocumentSymbolProvider] [VerilogSymbol] Symbols Requested: file:///home/sgass/Projects/kepler/hdl/rtl/ethernet/ethernet_point_to_multipoint_hub.sv
2025-03-12 16:01:27.729 [info] [VerilogDocumentSymbolProvider] 1 top-level symbols returned
2025-03-12 16:01:28.463 [info] [VerilogHoverProvider] Hover requested
2025-03-12 16:01:28.890 [info] [VerilogHoverProvider] Hover object returned
2025-03-12 16:01:29.208 [info] [VerilogHoverProvider] Hover requested
2025-03-12 16:01:29.389 [info] [VerilogHoverProvider] Hover requested
2025-03-12 16:01:29.641 [info] [VerilogHoverProvider] Hover requested
2025-03-12 16:01:33.900 [info] [VerilogDocumentSymbolProvider] [VerilogSymbol] Symbols Requested: file:///home/sgass/Projects/kepler/hdl/rtl/ethernet/ethernet_point_to_multipoint_hub.sv
2025-03-12 16:01:33.905 [info] [VerilogDocumentSymbolProvider] 1 top-level symbols returned
2025-03-12 16:01:35.138 [info] [VerilogCompletionItemProvider] Completion items requested
2025-03-12 16:01:35.138 [info] [VerilogCompletionItemProvider] 126 items requested
2025-03-12 16:01:35.478 [info] [VerilogDocumentSymbolProvider] [VerilogSymbol] Symbols Requested: file:///home/sgass/Projects/kepler/hdl/rtl/ethernet/ethernet_point_to_multipoint_hub.sv
2025-03-12 16:01:35.483 [info] [VerilogDocumentSymbolProvider] 1 top-level symbols returned
2025-03-12 16:01:37.675 [info] [VerilogHoverProvider] Hover requested
2025-03-12 16:01:38.125 [warning] [VerilogHoverProvider] Hover object not found
2025-03-12 16:01:41.742 [info] [VerilogDocumentSymbolProvider] [VerilogSymbol] Symbols Requested: file:///home/sgass/Projects/kepler/hdl/rtl/ethernet/ethernet_point_to_multipoint_hub.sv
2025-03-12 16:01:41.748 [info] [VerilogDocumentSymbolProvider] 1 top-level symbols returned
2025-03-12 16:01:44.003 [info] [VerilogDocumentSymbolProvider] [VerilogSymbol] Symbols Requested: file:///home/sgass/Projects/kepler/hdl/rtl/ethernet/ethernet_point_to_multipoint_hub.sv
2025-03-12 16:01:44.009 [info] [VerilogDocumentSymbolProvider] 1 top-level symbols returned
2025-03-12 16:01:44.090 [info] [VerilogCompletionItemProvider] Completion items requested
2025-03-12 16:01:44.090 [info] [VerilogCompletionItemProvider] 126 items requested
2025-03-12 16:01:44.441 [info] [VerilogDocumentSymbolProvider] [VerilogSymbol] Symbols Requested: file:///home/sgass/Projects/kepler/hdl/rtl/ethernet/ethernet_point_to_multipoint_hub.sv
2025-03-12 16:01:44.446 [info] [VerilogDocumentSymbolProvider] 1 top-level symbols returned
2025-03-12 16:01:46.089 [info] [VerilogDocumentSymbolProvider] [VerilogSymbol] Symbols Requested: file:///home/sgass/Projects/kepler/hdl/rtl/ethernet/ethernet_point_to_multipoint_hub.sv
2025-03-12 16:01:46.096 [info] [VerilogDocumentSymbolProvider] 1 top-level symbols returned
2025-03-12 16:01:50.784 [info] [VerilogDocumentSymbolProvider] [VerilogSymbol] Symbols Requested: file:///home/sgass/Projects/kepler/hdl/rtl/ethernet/ethernet_point_to_multipoint_hub.sv
2025-03-12 16:01:50.790 [info] [VerilogDocumentSymbolProvider] 1 top-level symbols returned
2025-03-12 16:01:51.237 [info] [VerilogDocumentSymbolProvider] [VerilogSymbol] Symbols Requested: file:///home/sgass/Projects/kepler/hdl/rtl/ethernet/ethernet_point_to_multipoint_hub.sv
2025-03-12 16:01:51.243 [info] [VerilogDocumentSymbolProvider] 1 top-level symbols returned
2025-03-12 16:01:51.977 [info] [VerilogDocumentSymbolProvider] [VerilogSymbol] Symbols Requested: file:///home/sgass/Projects/kepler/hdl/rtl/ethernet/ethernet_point_to_multipoint_hub.sv
2025-03-12 16:01:51.983 [info] [VerilogDocumentSymbolProvider] 1 top-level symbols returned
2025-03-12 16:01:52.499 [info] [VerilogDocumentSymbolProvider] [VerilogSymbol] Symbols Requested: file:///home/sgass/Projects/kepler/hdl/rtl/ethernet/ethernet_point_to_multipoint_hub.sv
2025-03-12 16:01:52.505 [info] [VerilogDocumentSymbolProvider] 1 top-level symbols returned
2025-03-12 16:01:55.675 [info] [VerilogDocumentSymbolProvider] [VerilogSymbol] Symbols Requested: file:///home/sgass/Projects/kepler/hdl/rtl/ethernet/ethernet_point_to_multipoint_hub.sv
2025-03-12 16:01:55.680 [info] [VerilogDocumentSymbolProvider] 1 top-level symbols returned
2025-03-12 16:02:03.441 [info] [VerilogDefinitionProvider] Definitions Requested: file:///home/sgass/Projects/kepler/hdl/rtl/ethernet/ethernet_point_to_multipoint_hub.sv
2025-03-12 16:02:03.456 [info] [VerilogDefinitionProvider] Definitions Requested: file:///home/sgass/Projects/kepler/hdl/rtl/ethernet/ethernet_point_to_multipoint_hub.sv
2025-03-12 16:02:03.880 [info] [VerilogDefinitionProvider] 0 definitions returned
2025-03-12 16:02:03.894 [info] [VerilogDefinitionProvider] 0 definitions returned
2025-03-12 16:02:04.087 [info] [VerilogHoverProvider] Hover requested
2025-03-12 16:02:04.471 [warning] [VerilogHoverProvider] Hover object not found
2025-03-12 16:02:10.677 [info] [VerilogDocumentSymbolProvider] [VerilogSymbol] Symbols Requested: file:///home/sgass/Projects/kepler/hdl/rtl/ethernet/ethernet_point_to_multipoint_hub.sv
2025-03-12 16:02:10.682 [info] [VerilogDocumentSymbolProvider] 1 top-level symbols returned
2025-03-12 16:02:11.588 [info] [VerilogDocumentSymbolProvider] [VerilogSymbol] Symbols Requested: file:///home/sgass/Projects/kepler/hdl/rtl/ethernet/ethernet_point_to_multipoint_hub.sv
2025-03-12 16:02:11.594 [info] [VerilogDocumentSymbolProvider] 1 top-level symbols returned
2025-03-12 16:02:12.762 [info] [VerilogDocumentSymbolProvider] [VerilogSymbol] Symbols Requested: file:///home/sgass/Projects/kepler/hdl/rtl/ethernet/ethernet_point_to_multipoint_hub.sv
2025-03-12 16:02:12.768 [info] [VerilogDocumentSymbolProvider] 1 top-level symbols returned
2025-03-12 16:02:13.920 [info] [VerilogDocumentSymbolProvider] [VerilogSymbol] Symbols Requested: file:///home/sgass/Projects/kepler/hdl/rtl/ethernet/ethernet_point_to_multipoint_hub.sv
2025-03-12 16:02:13.925 [info] [VerilogDocumentSymbolProvider] 1 top-level symbols returned
2025-03-12 16:02:15.042 [info] [VerilogDocumentSymbolProvider] [VerilogSymbol] Symbols Requested: file:///home/sgass/Projects/kepler/hdl/rtl/ethernet/ethernet_point_to_multipoint_hub.sv
2025-03-12 16:02:15.048 [info] [VerilogDocumentSymbolProvider] 1 top-level symbols returned
2025-03-12 16:02:20.692 [info] [VerilogDocumentSymbolProvider] [VerilogSymbol] Symbols Requested: file:///home/sgass/Projects/kepler/hdl/rtl/ethernet/ethernet_point_to_multipoint_hub.sv
2025-03-12 16:02:20.697 [info] [VerilogDocumentSymbolProvider] 1 top-level symbols returned
2025-03-12 16:02:21.812 [info] [VerilogDocumentSymbolProvider] [VerilogSymbol] Symbols Requested: file:///home/sgass/Projects/kepler/hdl/rtl/ethernet/ethernet_point_to_multipoint_hub.sv
2025-03-12 16:02:21.818 [info] [VerilogDocumentSymbolProvider] 1 top-level symbols returned
2025-03-12 16:02:26.405 [info] [VerilogDocumentSymbolProvider] [VerilogSymbol] Symbols Requested: file:///home/sgass/Projects/kepler/hdl/rtl/ethernet/ethernet_point_to_multipoint_hub.sv
2025-03-12 16:02:26.410 [info] [VerilogDocumentSymbolProvider] 1 top-level symbols returned
2025-03-12 16:02:27.676 [info] [VerilogDocumentSymbolProvider] [VerilogSymbol] Symbols Requested: file:///home/sgass/Projects/kepler/hdl/rtl/ethernet/ethernet_point_to_multipoint_hub.sv
2025-03-12 16:02:27.682 [info] [VerilogDocumentSymbolProvider] 1 top-level symbols returned
2025-03-12 16:02:29.186 [info] [VerilogDocumentSymbolProvider] [VerilogSymbol] Symbols Requested: file:///home/sgass/Projects/kepler/hdl/rtl/ethernet/ethernet_point_to_multipoint_hub.sv
2025-03-12 16:02:29.192 [info] [VerilogDocumentSymbolProvider] 1 top-level symbols returned
2025-03-12 16:02:30.587 [info] [VerilogDocumentSymbolProvider] [VerilogSymbol] Symbols Requested: file:///home/sgass/Projects/kepler/hdl/rtl/ethernet/ethernet_point_to_multipoint_hub.sv
2025-03-12 16:02:30.592 [info] [VerilogDocumentSymbolProvider] 1 top-level symbols returned
2025-03-12 16:02:34.690 [info] [VerilogDocumentSymbolProvider] [VerilogSymbol] Symbols Requested: file:///home/sgass/Projects/kepler/hdl/rtl/ethernet/ethernet_point_to_multipoint_hub.sv
2025-03-12 16:02:34.696 [info] [VerilogDocumentSymbolProvider] 1 top-level symbols returned
2025-03-12 16:02:36.580 [info] [VerilogDocumentSymbolProvider] [VerilogSymbol] Symbols Requested: file:///home/sgass/Projects/kepler/hdl/rtl/ethernet/ethernet_point_to_multipoint_hub.sv
2025-03-12 16:02:36.585 [info] [VerilogDocumentSymbolProvider] 1 top-level symbols returned
2025-03-12 16:02:44.082 [info] [VerilogDocumentSymbolProvider] [VerilogSymbol] Symbols Requested: file:///home/sgass/Projects/kepler/hdl/rtl/ethernet/ethernet_point_to_multipoint_hub.sv
2025-03-12 16:02:44.087 [info] [VerilogDocumentSymbolProvider] 1 top-level symbols returned
2025-03-12 16:02:44.773 [info] [VerilogDocumentSymbolProvider] [VerilogSymbol] Symbols Requested: file:///home/sgass/Projects/kepler/hdl/rtl/ethernet/ethernet_point_to_multipoint_hub.sv
2025-03-12 16:02:44.780 [info] [VerilogDocumentSymbolProvider] 1 top-level symbols returned
2025-03-12 16:02:47.092 [info] [VerilogDocumentSymbolProvider] [VerilogSymbol] Symbols Requested: file:///home/sgass/Projects/kepler/hdl/rtl/ethernet/ethernet_point_to_multipoint_hub.sv
2025-03-12 16:02:47.097 [info] [VerilogDocumentSymbolProvider] 1 top-level symbols returned
2025-03-12 16:02:47.802 [info] [VerilogDocumentSymbolProvider] [VerilogSymbol] Symbols Requested: file:///home/sgass/Projects/kepler/hdl/rtl/ethernet/ethernet_point_to_multipoint_hub.sv
2025-03-12 16:02:47.807 [info] [VerilogDocumentSymbolProvider] 1 top-level symbols returned
2025-03-12 16:02:53.991 [info] [VerilogDocumentSymbolProvider] [VerilogSymbol] Symbols Requested: file:///home/sgass/Projects/kepler/hdl/rtl/ethernet/ethernet_point_to_multipoint_hub.sv
2025-03-12 16:02:53.997 [info] [VerilogDocumentSymbolProvider] 1 top-level symbols returned
2025-03-12 16:02:54.536 [info] [VerilogDocumentSymbolProvider] [VerilogSymbol] Symbols Requested: file:///home/sgass/Projects/kepler/hdl/rtl/ethernet/ethernet_point_to_multipoint_hub.sv
2025-03-12 16:02:54.541 [info] [VerilogDocumentSymbolProvider] 1 top-level symbols returned
2025-03-12 16:02:54.915 [info] [VerilogDocumentSymbolProvider] [VerilogSymbol] Symbols Requested: file:///home/sgass/Projects/kepler/hdl/rtl/ethernet/ethernet_point_to_multipoint_hub.sv
2025-03-12 16:02:54.920 [info] [VerilogDocumentSymbolProvider] 1 top-level symbols returned
2025-03-12 16:02:56.024 [info] [VerilogDocumentSymbolProvider] [VerilogSymbol] Symbols Requested: file:///home/sgass/Projects/kepler/hdl/rtl/ethernet/ethernet_point_to_multipoint_hub.sv
2025-03-12 16:02:56.030 [info] [VerilogDocumentSymbolProvider] 1 top-level symbols returned
2025-03-12 16:02:56.863 [info] [VerilogDocumentSymbolProvider] [VerilogSymbol] Symbols Requested: file:///home/sgass/Projects/kepler/hdl/rtl/ethernet/ethernet_point_to_multipoint_hub.sv
2025-03-12 16:02:56.869 [info] [VerilogDocumentSymbolProvider] 1 top-level symbols returned
2025-03-12 16:03:01.829 [info] [VerilogDocumentSymbolProvider] [VerilogSymbol] Symbols Requested: file:///home/sgass/Projects/kepler/hdl/rtl/ethernet/ethernet_point_to_multipoint_hub.sv
2025-03-12 16:03:01.835 [info] [VerilogDocumentSymbolProvider] 1 top-level symbols returned
2025-03-12 16:03:03.207 [info] [VerilogHoverProvider] Hover requested
2025-03-12 16:03:03.601 [warning] [VerilogHoverProvider] Hover object not found
2025-03-12 16:03:04.355 [info] [VerilogHoverProvider] Hover requested
2025-03-12 16:03:04.759 [info] [VerilogHoverProvider] Hover object returned
2025-03-12 16:03:06.374 [info] [VerilogHoverProvider] Hover requested
2025-03-12 16:03:06.802 [warning] [VerilogHoverProvider] Hover object not found
2025-03-12 16:03:07.623 [info] [VerilogHoverProvider] Hover requested
2025-03-12 16:03:08.015 [warning] [VerilogHoverProvider] Hover object not found
2025-03-12 16:03:10.492 [info] [VerilogDocumentSymbolProvider] [VerilogSymbol] Symbols Requested: file:///home/sgass/Projects/kepler/hdl/rtl/ethernet/ethernet_point_to_multipoint_hub.sv
2025-03-12 16:03:10.498 [info] [VerilogDocumentSymbolProvider] 1 top-level symbols returned
2025-03-12 16:03:11.778 [info] [VerilogHoverProvider] Hover requested
2025-03-12 16:03:12.254 [warning] [VerilogHoverProvider] Hover object not found
2025-03-12 16:03:16.689 [info] [VerilogDocumentSymbolProvider] [VerilogSymbol] Symbols Requested: file:///home/sgass/Projects/kepler/hdl/rtl/ethernet/ethernet_point_to_multipoint_hub.sv
2025-03-12 16:03:16.694 [info] [VerilogDocumentSymbolProvider] 1 top-level symbols returned
2025-03-12 16:03:19.535 [info] [VerilogCompletionItemProvider] Completion items requested
2025-03-12 16:03:19.536 [info] [VerilogCompletionItemProvider] 126 items requested
2025-03-12 16:03:19.875 [info] [VerilogDocumentSymbolProvider] [VerilogSymbol] Symbols Requested: file:///home/sgass/Projects/kepler/hdl/rtl/ethernet/ethernet_point_to_multipoint_hub.sv
2025-03-12 16:03:19.882 [info] [VerilogDocumentSymbolProvider] 1 top-level symbols returned
2025-03-12 16:03:22.105 [info] [VerilogHoverProvider] Hover requested
2025-03-12 16:03:22.527 [warning] [VerilogHoverProvider] Hover object not found
2025-03-12 16:03:26.469 [info] [VerilogCompletionItemProvider] Completion items requested
2025-03-12 16:03:26.469 [info] [VerilogCompletionItemProvider] 126 items requested
2025-03-12 16:03:26.807 [info] [VerilogDocumentSymbolProvider] [VerilogSymbol] Symbols Requested: file:///home/sgass/Projects/kepler/hdl/rtl/ethernet/ethernet_point_to_multipoint_hub.sv
2025-03-12 16:03:26.813 [info] [VerilogDocumentSymbolProvider] 1 top-level symbols returned
2025-03-12 16:03:28.523 [info] [VerilogHoverProvider] Hover requested
2025-03-12 16:03:28.721 [info] [VerilogHoverProvider] Hover requested
2025-03-12 16:03:28.978 [warning] [VerilogHoverProvider] Hover object not found
2025-03-12 16:03:30.491 [info] [VerilogDocumentSymbolProvider] [VerilogSymbol] Symbols Requested: file:///home/sgass/Projects/kepler/hdl/rtl/ethernet/ethernet_point_to_multipoint_hub.sv
2025-03-12 16:03:30.497 [info] [VerilogDocumentSymbolProvider] 1 top-level symbols returned
2025-03-12 16:03:33.745 [info] [VerilogCompletionItemProvider] Completion items requested
2025-03-12 16:03:33.745 [info] [VerilogCompletionItemProvider] 126 items requested
2025-03-12 16:03:34.085 [info] [VerilogDocumentSymbolProvider] [VerilogSymbol] Symbols Requested: file:///home/sgass/Projects/kepler/hdl/rtl/ethernet/ethernet_point_to_multipoint_hub.sv
2025-03-12 16:03:34.091 [info] [VerilogDocumentSymbolProvider] 1 top-level symbols returned
2025-03-12 16:03:45.487 [info] [VerilogHoverProvider] Hover requested
2025-03-12 16:03:45.669 [info] [VerilogHoverProvider] Hover requested
2025-03-12 16:03:45.870 [info] [VerilogHoverProvider] Hover requested
2025-03-12 16:03:45.880 [warning] [VerilogHoverProvider] Hover object not found
2025-03-12 16:03:46.077 [warning] [VerilogHoverProvider] Hover object not found
2025-03-12 16:03:46.170 [info] [VerilogHoverProvider] Hover requested
2025-03-12 16:03:46.293 [warning] [VerilogHoverProvider] Hover object not found
2025-03-12 16:03:46.570 [info] [VerilogHoverProvider] Hover requested
2025-03-12 16:03:46.578 [warning] [VerilogHoverProvider] Hover object not found
2025-03-12 16:03:46.983 [warning] [VerilogHoverProvider] Hover object not found
2025-03-12 16:04:04.017 [info] [VerilogDocumentSymbolProvider] [VerilogSymbol] Symbols Requested: file:///home/sgass/Projects/kepler/hdl/rtl/ethernet/ethernet_point_to_multipoint_hub.sv
2025-03-12 16:04:04.024 [info] [VerilogDocumentSymbolProvider] 1 top-level symbols returned
2025-03-12 16:04:04.790 [info] [VerilogCompletionItemProvider] Completion items requested
2025-03-12 16:04:04.790 [info] [VerilogCompletionItemProvider] 126 items requested
2025-03-12 16:04:06.291 [info] [VerilogDocumentSymbolProvider] [VerilogSymbol] Symbols Requested: file:///home/sgass/Projects/kepler/hdl/rtl/ethernet/ethernet_point_to_multipoint_hub.sv
2025-03-12 16:04:06.297 [info] [VerilogDocumentSymbolProvider] 1 top-level symbols returned
2025-03-12 16:04:06.932 [info] [VerilogDocumentSymbolProvider] [VerilogSymbol] Symbols Requested: file:///home/sgass/Projects/kepler/hdl/rtl/ethernet/ethernet_point_to_multipoint_hub.sv
2025-03-12 16:04:06.938 [info] [VerilogDocumentSymbolProvider] 1 top-level symbols returned
2025-03-12 16:04:10.515 [info] [VerilogCompletionItemProvider] Completion items requested
2025-03-12 16:04:10.515 [info] [VerilogCompletionItemProvider] 126 items requested
2025-03-12 16:04:11.432 [info] [VerilogDocumentSymbolProvider] [VerilogSymbol] Symbols Requested: file:///home/sgass/Projects/kepler/hdl/rtl/ethernet/ethernet_point_to_multipoint_hub.sv
2025-03-12 16:04:11.438 [info] [VerilogDocumentSymbolProvider] 1 top-level symbols returned
2025-03-12 16:04:13.304 [info] [VerilogDocumentSymbolProvider] [VerilogSymbol] Symbols Requested: file:///home/sgass/Projects/kepler/hdl/rtl/ethernet/ethernet_point_to_multipoint_hub.sv
2025-03-12 16:04:13.310 [info] [VerilogDocumentSymbolProvider] 1 top-level symbols returned
2025-03-12 16:04:18.607 [info] [VerilogCompletionItemProvider] Completion items requested
2025-03-12 16:04:18.607 [info] [VerilogCompletionItemProvider] 126 items requested
2025-03-12 16:04:19.185 [info] [VerilogDocumentSymbolProvider] [VerilogSymbol] Symbols Requested: file:///home/sgass/Projects/kepler/hdl/rtl/ethernet/ethernet_point_to_multipoint_hub.sv
2025-03-12 16:04:19.191 [info] [VerilogDocumentSymbolProvider] 1 top-level symbols returned
2025-03-12 16:04:31.010 [info] [VerilogCompletionItemProvider] Completion items requested
2025-03-12 16:04:31.010 [info] [VerilogCompletionItemProvider] 126 items requested
2025-03-12 16:04:31.350 [info] [VerilogDocumentSymbolProvider] [VerilogSymbol] Symbols Requested: file:///home/sgass/Projects/kepler/hdl/rtl/ethernet/ethernet_point_to_multipoint_hub.sv
2025-03-12 16:04:31.356 [info] [VerilogDocumentSymbolProvider] 1 top-level symbols returned
2025-03-12 16:04:32.797 [info] [VerilogCompletionItemProvider] Completion items requested
2025-03-12 16:04:32.798 [info] [VerilogCompletionItemProvider] 126 items requested
2025-03-12 16:04:33.014 [info] [VerilogCompletionItemProvider] Completion items requested
2025-03-12 16:04:33.014 [info] [VerilogCompletionItemProvider] 126 items requested
2025-03-12 16:04:33.269 [info] [VerilogCompletionItemProvider] Completion items requested
2025-03-12 16:04:33.269 [info] [VerilogCompletionItemProvider] 126 items requested
2025-03-12 16:04:33.460 [info] [VerilogCompletionItemProvider] Completion items requested
2025-03-12 16:04:33.461 [info] [VerilogCompletionItemProvider] 126 items requested
2025-03-12 16:04:33.583 [info] [VerilogCompletionItemProvider] Completion items requested
2025-03-12 16:04:33.583 [info] [VerilogCompletionItemProvider] 126 items requested
2025-03-12 16:04:33.699 [info] [VerilogCompletionItemProvider] Completion items requested
2025-03-12 16:04:33.699 [info] [VerilogCompletionItemProvider] 126 items requested
2025-03-12 16:04:34.039 [info] [VerilogDocumentSymbolProvider] [VerilogSymbol] Symbols Requested: file:///home/sgass/Projects/kepler/hdl/rtl/ethernet/ethernet_point_to_multipoint_hub.sv
2025-03-12 16:04:34.044 [info] [VerilogDocumentSymbolProvider] 1 top-level symbols returned
2025-03-12 16:04:34.930 [info] [VerilogCompletionItemProvider] Completion items requested
2025-03-12 16:04:34.931 [info] [VerilogCompletionItemProvider] 126 items requested
2025-03-12 16:04:35.224 [info] [VerilogCompletionItemProvider] Completion items requested
2025-03-12 16:04:35.224 [info] [VerilogCompletionItemProvider] 126 items requested
2025-03-12 16:04:35.313 [info] [VerilogCompletionItemProvider] Completion items requested
2025-03-12 16:04:35.313 [info] [VerilogCompletionItemProvider] 126 items requested
2025-03-12 16:04:35.493 [info] [VerilogCompletionItemProvider] Completion items requested
2025-03-12 16:04:35.493 [info] [VerilogCompletionItemProvider] 126 items requested
2025-03-12 16:04:35.579 [info] [VerilogCompletionItemProvider] Completion items requested
2025-03-12 16:04:35.580 [info] [VerilogCompletionItemProvider] 126 items requested
2025-03-12 16:04:35.920 [info] [VerilogDocumentSymbolProvider] [VerilogSymbol] Symbols Requested: file:///home/sgass/Projects/kepler/hdl/rtl/ethernet/ethernet_point_to_multipoint_hub.sv
2025-03-12 16:04:35.926 [info] [VerilogDocumentSymbolProvider] 1 top-level symbols returned
2025-03-12 16:04:37.612 [info] [VerilogDocumentSymbolProvider] [VerilogSymbol] Symbols Requested: file:///home/sgass/Projects/kepler/hdl/rtl/ethernet/ethernet_point_to_multipoint_hub.sv
2025-03-12 16:04:37.618 [info] [VerilogDocumentSymbolProvider] 1 top-level symbols returned
2025-03-12 16:04:38.418 [info] [VerilogCompletionItemProvider] Completion items requested
2025-03-12 16:04:38.419 [info] [VerilogCompletionItemProvider] 126 items requested
2025-03-12 16:04:38.769 [info] [VerilogDocumentSymbolProvider] [VerilogSymbol] Symbols Requested: file:///home/sgass/Projects/kepler/hdl/rtl/ethernet/ethernet_point_to_multipoint_hub.sv
2025-03-12 16:04:38.775 [info] [VerilogDocumentSymbolProvider] 1 top-level symbols returned
2025-03-12 16:04:39.195 [info] [VerilogDocumentSymbolProvider] [VerilogSymbol] Symbols Requested: file:///home/sgass/Projects/kepler/hdl/rtl/ethernet/ethernet_point_to_multipoint_hub.sv
2025-03-12 16:04:39.201 [info] [VerilogDocumentSymbolProvider] 1 top-level symbols returned
2025-03-12 16:04:40.300 [info] [VerilogDocumentSymbolProvider] [VerilogSymbol] Symbols Requested: file:///home/sgass/Projects/kepler/hdl/rtl/ethernet/ethernet_point_to_multipoint_hub.sv
2025-03-12 16:04:40.306 [info] [VerilogDocumentSymbolProvider] 1 top-level symbols returned
2025-03-12 16:04:41.817 [info] [VerilogDocumentSymbolProvider] [VerilogSymbol] Symbols Requested: file:///home/sgass/Projects/kepler/hdl/rtl/ethernet/ethernet_point_to_multipoint_hub.sv
2025-03-12 16:04:41.822 [info] [VerilogDocumentSymbolProvider] 1 top-level symbols returned
2025-03-12 16:05:07.120 [info] [VerilogDocumentSymbolProvider] [VerilogSymbol] Symbols Requested: file:///home/sgass/Projects/kepler/hdl/verilog-ethernet/rtl/ip_arb_mux.v
2025-03-12 16:05:07.120 [info] indexing "/home/sgass/Projects/kepler/hdl/verilog-ethernet/rtl/ip_arb_mux.v"
2025-03-12 16:05:07.120 [info] executing ctags
2025-03-12 16:05:07.120 [info] Executing Command: ctags -f - --fields=+K --sort=no --excmd=n --fields-SystemVerilog=+{parameter} "/home/sgass/Projects/kepler/hdl/verilog-ethernet/rtl/ip_arb_mux.v"
2025-03-12 16:05:07.125 [info] building symbols
2025-03-12 16:05:07.127 [info] [VerilogDocumentSymbolProvider] 1 top-level symbols returned
2025-03-12 16:05:15.203 [info] [VerilogHoverProvider] Hover requested
2025-03-12 16:05:15.653 [info] [VerilogHoverProvider] Hover object returned
2025-03-12 16:05:16.227 [info] [VerilogDefinitionProvider] Definitions Requested: file:///home/sgass/Projects/kepler/hdl/verilog-ethernet/rtl/ip_arb_mux.v
2025-03-12 16:05:16.676 [info] [VerilogDefinitionProvider] 1 definitions returned
2025-03-12 16:05:26.160 [info] [VerilogDocumentSymbolProvider] [VerilogSymbol] Symbols Requested: file:///home/sgass/Projects/kepler/hdl/rtl/board/mpcut1/board_mpcut1_top.sv
2025-03-12 16:05:26.163 [info] [VerilogDocumentSymbolProvider] 2 top-level symbols returned
2025-03-12 16:05:52.966 [info] [VerilogHoverProvider] Hover requested
2025-03-12 16:05:53.247 [info] [VerilogHoverProvider] Hover requested
2025-03-12 16:05:53.414 [warning] [VerilogHoverProvider] Hover object not found
2025-03-12 16:05:53.671 [warning] [VerilogHoverProvider] Hover object not found
2025-03-12 16:06:00.247 [info] [VerilogHoverProvider] Hover requested
2025-03-12 16:06:00.678 [info] [VerilogHoverProvider] Hover object returned
2025-03-12 16:06:15.130 [info] [VerilogHoverProvider] Hover requested
2025-03-12 16:06:23.633 [info] [VerilogDocumentSymbolProvider] [VerilogSymbol] Symbols Requested: file:///home/sgass/Projects/kepler/hdl/rtl/ethernet/ethernet_point_to_multipoint_hub.sv
2025-03-12 16:06:23.639 [info] [VerilogDocumentSymbolProvider] 1 top-level symbols returned
2025-03-12 16:06:24.598 [info] [VerilogDocumentSymbolProvider] [VerilogSymbol] Symbols Requested: file:///home/sgass/Projects/kepler/hdl/rtl/ethernet/ethernet_point_to_multipoint_hub.sv
2025-03-12 16:06:24.604 [info] [VerilogDocumentSymbolProvider] 1 top-level symbols returned
2025-03-12 16:06:25.321 [info] [VerilogDocumentSymbolProvider] [VerilogSymbol] Symbols Requested: file:///home/sgass/Projects/kepler/hdl/rtl/ethernet/ethernet_point_to_multipoint_hub.sv
2025-03-12 16:06:25.328 [info] [VerilogDocumentSymbolProvider] 1 top-level symbols returned
2025-03-12 16:06:27.277 [info] [VerilogDocumentSymbolProvider] [VerilogSymbol] Symbols Requested: file:///home/sgass/Projects/kepler/hdl/rtl/ethernet/ethernet_point_to_multipoint_hub.sv
2025-03-12 16:06:27.280 [info] [VerilogDocumentSymbolProvider] 1 top-level symbols returned
2025-03-12 16:06:27.877 [info] [VerilogDocumentSymbolProvider] [VerilogSymbol] Symbols Requested: file:///home/sgass/Projects/kepler/hdl/rtl/ethernet/ethernet_point_to_multipoint_hub.sv
2025-03-12 16:06:27.883 [info] [VerilogDocumentSymbolProvider] 1 top-level symbols returned
2025-03-12 16:06:28.785 [info] [VerilogDocumentSymbolProvider] [VerilogSymbol] Symbols Requested: file:///home/sgass/Projects/kepler/hdl/rtl/ethernet/ethernet_point_to_multipoint_hub.sv
2025-03-12 16:06:28.792 [info] [VerilogDocumentSymbolProvider] 1 top-level symbols returned
2025-03-12 16:06:31.408 [info] [VerilogDocumentSymbolProvider] [VerilogSymbol] Symbols Requested: file:///home/sgass/Projects/kepler/hdl/rtl/ethernet/ethernet_point_to_multipoint_hub.sv
2025-03-12 16:06:31.413 [info] [VerilogDocumentSymbolProvider] 1 top-level symbols returned
2025-03-12 16:06:34.195 [info] [VerilogDocumentSymbolProvider] [VerilogSymbol] Symbols Requested: file:///home/sgass/Projects/kepler/hdl/rtl/ethernet/ethernet_point_to_multipoint_hub.sv
2025-03-12 16:06:34.200 [info] [VerilogDocumentSymbolProvider] 1 top-level symbols returned
2025-03-12 16:06:35.914 [info] [VerilogDocumentSymbolProvider] [VerilogSymbol] Symbols Requested: file:///home/sgass/Projects/kepler/hdl/rtl/ethernet/ethernet_point_to_multipoint_hub.sv
2025-03-12 16:06:35.919 [info] [VerilogDocumentSymbolProvider] 1 top-level symbols returned
2025-03-12 16:06:36.271 [info] [VerilogDocumentSymbolProvider] [VerilogSymbol] Symbols Requested: file:///home/sgass/Projects/kepler/hdl/rtl/ethernet/ethernet_point_to_multipoint_hub.sv
2025-03-12 16:06:36.277 [info] [VerilogDocumentSymbolProvider] 1 top-level symbols returned
2025-03-12 16:06:36.677 [info] [VerilogDocumentSymbolProvider] [VerilogSymbol] Symbols Requested: file:///home/sgass/Projects/kepler/hdl/rtl/ethernet/ethernet_point_to_multipoint_hub.sv
2025-03-12 16:06:36.682 [info] [VerilogDocumentSymbolProvider] 1 top-level symbols returned
2025-03-12 16:06:37.877 [info] [VerilogDocumentSymbolProvider] [VerilogSymbol] Symbols Requested: file:///home/sgass/Projects/kepler/hdl/rtl/ethernet/ethernet_point_to_multipoint_hub.sv
2025-03-12 16:06:37.883 [info] [VerilogDocumentSymbolProvider] 1 top-level symbols returned
2025-03-12 16:06:38.268 [info] [VerilogHoverProvider] Hover requested
2025-03-12 16:06:40.967 [info] [VerilogHoverProvider] Hover requested
2025-03-12 16:06:41.380 [info] [VerilogHoverProvider] Hover object returned
2025-03-12 16:06:41.842 [info] [VerilogHoverProvider] Hover requested
2025-03-12 16:06:42.313 [info] [VerilogHoverProvider] Hover requested
2025-03-12 16:06:42.328 [info] [VerilogHoverProvider] Hover object returned
2025-03-12 16:06:42.613 [info] [VerilogHoverProvider] Hover requested
2025-03-12 16:06:42.722 [info] [VerilogHoverProvider] Hover object returned
2025-03-12 16:06:43.033 [info] [VerilogHoverProvider] Hover object returned
2025-03-12 16:06:45.702 [info] [VerilogDocumentSymbolProvider] [VerilogSymbol] Symbols Requested: file:///home/sgass/Projects/kepler/hdl/rtl/ethernet/ethernet_point_to_multipoint_hub.sv
2025-03-12 16:06:45.707 [info] [VerilogDocumentSymbolProvider] 1 top-level symbols returned
2025-03-12 16:06:54.613 [info] [VerilogHoverProvider] Hover requested
2025-03-12 16:06:57.322 [info] [VerilogDocumentSymbolProvider] [VerilogSymbol] Symbols Requested: file:///home/sgass/Projects/kepler/hdl/rtl/ethernet/ethernet_point_to_multipoint_hub.sv
2025-03-12 16:06:57.328 [info] [VerilogDocumentSymbolProvider] 1 top-level symbols returned
2025-03-12 16:06:58.810 [info] [VerilogHoverProvider] Hover requested
2025-03-12 16:06:59.025 [info] [VerilogHoverProvider] Hover requested
2025-03-12 16:06:59.261 [warning] [VerilogHoverProvider] Hover object not found
2025-03-12 16:07:16.433 [info] [VerilogHoverProvider] Hover requested
2025-03-12 16:07:16.820 [warning] [VerilogHoverProvider] Hover object not found
2025-03-12 16:07:17.960 [info] [VerilogHoverProvider] Hover requested
2025-03-12 16:07:18.382 [info] [VerilogHoverProvider] Hover object returned
2025-03-12 16:07:18.697 [info] [VerilogHoverProvider] Hover requested
2025-03-12 16:07:19.127 [info] [VerilogHoverProvider] Hover object returned
2025-03-12 16:07:19.346 [info] [VerilogHoverProvider] Hover requested
2025-03-12 16:07:19.727 [warning] [VerilogHoverProvider] Hover object not found
2025-03-12 16:07:21.078 [info] [VerilogDocumentSymbolProvider] [VerilogSymbol] Symbols Requested: file:///home/sgass/Projects/kepler/hdl/rtl/ethernet/ethernet_point_to_multipoint_hub.sv
2025-03-12 16:07:21.084 [info] [VerilogDocumentSymbolProvider] 1 top-level symbols returned
2025-03-12 16:07:21.323 [info] [VerilogCompletionItemProvider] Completion items requested
2025-03-12 16:07:21.323 [info] [VerilogCompletionItemProvider] 126 items requested
2025-03-12 16:07:21.661 [info] [VerilogCompletionItemProvider] Completion items requested
2025-03-12 16:07:21.661 [info] [VerilogCompletionItemProvider] 126 items requested
2025-03-12 16:07:21.824 [info] [VerilogCompletionItemProvider] Completion items requested
2025-03-12 16:07:21.824 [info] [VerilogCompletionItemProvider] 126 items requested
2025-03-12 16:07:21.947 [info] [VerilogCompletionItemProvider] Completion items requested
2025-03-12 16:07:21.947 [info] [VerilogCompletionItemProvider] 126 items requested
2025-03-12 16:07:22.285 [info] [VerilogDocumentSymbolProvider] [VerilogSymbol] Symbols Requested: file:///home/sgass/Projects/kepler/hdl/rtl/ethernet/ethernet_point_to_multipoint_hub.sv
2025-03-12 16:07:22.290 [info] [VerilogDocumentSymbolProvider] 1 top-level symbols returned
2025-03-12 16:07:22.665 [info] [VerilogCompletionItemProvider] Completion items requested
2025-03-12 16:07:22.665 [info] [VerilogCompletionItemProvider] 126 items requested
2025-03-12 16:07:22.853 [info] [VerilogCompletionItemProvider] Completion items requested
2025-03-12 16:07:22.854 [info] [VerilogCompletionItemProvider] 126 items requested
2025-03-12 16:07:23.194 [info] [VerilogDocumentSymbolProvider] [VerilogSymbol] Symbols Requested: file:///home/sgass/Projects/kepler/hdl/rtl/ethernet/ethernet_point_to_multipoint_hub.sv
2025-03-12 16:07:23.199 [info] [VerilogDocumentSymbolProvider] 1 top-level symbols returned
2025-03-12 16:07:23.341 [info] [VerilogCompletionItemProvider] Completion items requested
2025-03-12 16:07:23.341 [info] [VerilogCompletionItemProvider] 126 items requested
2025-03-12 16:07:23.681 [info] [VerilogDocumentSymbolProvider] [VerilogSymbol] Symbols Requested: file:///home/sgass/Projects/kepler/hdl/rtl/ethernet/ethernet_point_to_multipoint_hub.sv
2025-03-12 16:07:23.686 [info] [VerilogDocumentSymbolProvider] 1 top-level symbols returned
2025-03-12 16:07:23.722 [info] [VerilogCompletionItemProvider] Completion items requested
2025-03-12 16:07:23.723 [info] [VerilogCompletionItemProvider] 126 items requested
2025-03-12 16:07:23.994 [info] [VerilogCompletionItemProvider] Completion items requested
2025-03-12 16:07:23.994 [info] [VerilogCompletionItemProvider] 126 items requested
2025-03-12 16:07:24.231 [info] [VerilogCompletionItemProvider] Completion items requested
2025-03-12 16:07:24.232 [info] [VerilogCompletionItemProvider] 126 items requested
2025-03-12 16:07:24.433 [info] [VerilogCompletionItemProvider] Completion items requested
2025-03-12 16:07:24.433 [info] [VerilogCompletionItemProvider] 126 items requested
2025-03-12 16:07:24.627 [info] [VerilogCompletionItemProvider] Completion items requested
2025-03-12 16:07:24.627 [info] [VerilogCompletionItemProvider] 126 items requested
2025-03-12 16:07:24.743 [info] [VerilogCompletionItemProvider] Completion items requested
2025-03-12 16:07:24.744 [info] [VerilogCompletionItemProvider] 126 items requested
2025-03-12 16:07:25.082 [info] [VerilogDocumentSymbolProvider] [VerilogSymbol] Symbols Requested: file:///home/sgass/Projects/kepler/hdl/rtl/ethernet/ethernet_point_to_multipoint_hub.sv
2025-03-12 16:07:25.087 [info] [VerilogDocumentSymbolProvider] 1 top-level symbols returned
2025-03-12 16:07:26.139 [info] [VerilogCompletionItemProvider] Completion items requested
2025-03-12 16:07:26.139 [info] [VerilogCompletionItemProvider] 126 items requested
2025-03-12 16:07:26.353 [info] [VerilogCompletionItemProvider] Completion items requested
2025-03-12 16:07:26.353 [info] [VerilogCompletionItemProvider] 126 items requested
2025-03-12 16:07:26.470 [info] [VerilogCompletionItemProvider] Completion items requested
2025-03-12 16:07:26.471 [info] [VerilogCompletionItemProvider] 126 items requested
2025-03-12 16:07:26.648 [info] [VerilogCompletionItemProvider] Completion items requested
2025-03-12 16:07:26.648 [info] [VerilogCompletionItemProvider] 126 items requested
2025-03-12 16:07:26.762 [info] [VerilogCompletionItemProvider] Completion items requested
2025-03-12 16:07:26.763 [info] [VerilogCompletionItemProvider] 126 items requested
2025-03-12 16:07:27.097 [info] [VerilogDocumentSymbolProvider] [VerilogSymbol] Symbols Requested: file:///home/sgass/Projects/kepler/hdl/rtl/ethernet/ethernet_point_to_multipoint_hub.sv
2025-03-12 16:07:27.103 [info] [VerilogDocumentSymbolProvider] 1 top-level symbols returned
2025-03-12 16:07:27.111 [info] [VerilogCompletionItemProvider] Completion items requested
2025-03-12 16:07:27.111 [info] [VerilogCompletionItemProvider] 126 items requested
2025-03-12 16:07:27.451 [info] [VerilogDocumentSymbolProvider] [VerilogSymbol] Symbols Requested: file:///home/sgass/Projects/kepler/hdl/rtl/ethernet/ethernet_point_to_multipoint_hub.sv
2025-03-12 16:07:27.456 [info] [VerilogDocumentSymbolProvider] 1 top-level symbols returned
2025-03-12 16:07:27.495 [info] [VerilogCompletionItemProvider] Completion items requested
2025-03-12 16:07:27.496 [info] [VerilogCompletionItemProvider] 126 items requested
2025-03-12 16:07:27.667 [info] [VerilogCompletionItemProvider] Completion items requested
2025-03-12 16:07:27.667 [info] [VerilogCompletionItemProvider] 126 items requested
2025-03-12 16:07:27.849 [info] [VerilogCompletionItemProvider] Completion items requested
2025-03-12 16:07:27.849 [info] [VerilogCompletionItemProvider] 126 items requested
2025-03-12 16:07:28.188 [info] [VerilogDocumentSymbolProvider] [VerilogSymbol] Symbols Requested: file:///home/sgass/Projects/kepler/hdl/rtl/ethernet/ethernet_point_to_multipoint_hub.sv
2025-03-12 16:07:28.194 [info] [VerilogDocumentSymbolProvider] 1 top-level symbols returned
2025-03-12 16:07:50.482 [info] [VerilogHoverProvider] Hover requested
2025-03-12 16:07:50.679 [info] [VerilogHoverProvider] Hover requested
2025-03-12 16:07:50.911 [info] [VerilogHoverProvider] Hover object returned
2025-03-12 16:07:51.075 [info] [VerilogHoverProvider] Hover object returned
2025-03-12 16:07:52.550 [info] [VerilogHoverProvider] Hover requested
2025-03-12 16:07:52.951 [info] [VerilogHoverProvider] Hover object returned
2025-03-12 16:07:53.470 [info] [VerilogHoverProvider] Hover requested
2025-03-12 16:07:53.860 [info] [VerilogHoverProvider] Hover requested
2025-03-12 16:07:53.911 [info] [VerilogHoverProvider] Hover object returned
2025-03-12 16:07:54.267 [info] [VerilogHoverProvider] Hover object returned
2025-03-12 16:07:54.395 [info] [VerilogHoverProvider] Hover requested
2025-03-12 16:07:54.773 [info] [VerilogHoverProvider] Hover object returned
2025-03-12 16:07:57.223 [info] [VerilogHoverProvider] Hover requested
2025-03-12 16:07:57.661 [info] [VerilogHoverProvider] Hover object returned
2025-03-12 16:08:02.379 [info] [VerilogHoverProvider] Hover requested
2025-03-12 16:08:02.769 [info] [VerilogHoverProvider] Hover object returned
2025-03-12 16:08:03.755 [info] [VerilogHoverProvider] Hover requested
2025-03-12 16:08:04.242 [info] [VerilogHoverProvider] Hover object returned
2025-03-12 16:08:05.255 [info] [VerilogHoverProvider] Hover requested
2025-03-12 16:08:05.436 [info] [VerilogHoverProvider] Hover requested
2025-03-12 16:08:05.681 [info] [VerilogHoverProvider] Hover object returned
2025-03-12 16:08:05.846 [info] [VerilogHoverProvider] Hover object returned
2025-03-12 16:08:08.838 [info] [VerilogHoverProvider] Hover requested
2025-03-12 16:08:09.239 [info] [VerilogHoverProvider] Hover object returned
2025-03-12 16:08:12.009 [info] [VerilogHoverProvider] Hover requested
2025-03-12 16:08:12.416 [info] [VerilogHoverProvider] Hover object returned
2025-03-12 16:08:15.267 [info] [VerilogHoverProvider] Hover requested
2025-03-12 16:08:15.576 [info] [VerilogHoverProvider] Hover requested
2025-03-12 16:08:15.696 [info] [VerilogHoverProvider] Hover object returned
2025-03-12 16:08:15.972 [info] [VerilogHoverProvider] Hover object returned
2025-03-12 16:08:16.128 [info] [VerilogHoverProvider] Hover requested
2025-03-12 16:08:16.534 [info] [VerilogHoverProvider] Hover object returned
2025-03-12 16:08:21.896 [info] [VerilogHoverProvider] Hover requested
2025-03-12 16:08:22.281 [info] [VerilogHoverProvider] Hover object returned
2025-03-12 16:12:40.348 [info] [VerilogHoverProvider] Hover requested
2025-03-12 16:12:40.770 [info] [VerilogHoverProvider] Hover object returned
2025-03-12 16:12:41.470 [info] [VerilogHoverProvider] Hover requested
2025-03-12 16:12:41.942 [warning] [VerilogHoverProvider] Hover object not found
2025-03-12 16:12:41.983 [info] [VerilogHoverProvider] Hover requested
2025-03-12 16:12:42.334 [info] [VerilogHoverProvider] Hover requested
2025-03-12 16:12:42.398 [warning] [VerilogHoverProvider] Hover object not found
2025-03-12 16:12:42.730 [info] [VerilogHoverProvider] Hover object returned
2025-03-12 16:13:02.916 [info] [VerilogHoverProvider] Hover requested
2025-03-12 16:13:03.315 [info] [VerilogHoverProvider] Hover requested
2025-03-12 16:13:03.338 [info] [VerilogHoverProvider] Hover object returned
2025-03-12 16:13:03.582 [info] [VerilogHoverProvider] Hover requested
2025-03-12 16:13:03.700 [info] [VerilogHoverProvider] Hover object returned
2025-03-12 16:13:03.987 [info] [VerilogHoverProvider] Hover object returned
2025-03-12 16:13:04.116 [info] [VerilogHoverProvider] Hover requested
2025-03-12 16:13:04.516 [info] [VerilogHoverProvider] Hover object returned
2025-03-12 16:13:04.686 [info] [VerilogHoverProvider] Hover requested
2025-03-12 16:13:04.985 [info] [VerilogHoverProvider] Hover requested
2025-03-12 16:13:05.120 [info] [VerilogHoverProvider] Hover object returned
2025-03-12 16:13:05.391 [info] [VerilogHoverProvider] Hover object returned
2025-03-12 16:13:05.906 [info] [VerilogHoverProvider] Hover requested
2025-03-12 16:13:06.304 [info] [VerilogHoverProvider] Hover object returned
2025-03-12 16:13:12.988 [info] [VerilogDocumentSymbolProvider] [VerilogSymbol] Symbols Requested: file:///home/sgass/Projects/kepler/hdl/rtl/ethernet/ethernet_point_to_multipoint_hub.sv
2025-03-12 16:13:12.993 [info] [VerilogDocumentSymbolProvider] 1 top-level symbols returned
2025-03-12 16:13:14.459 [info] [VerilogDocumentSymbolProvider] [VerilogSymbol] Symbols Requested: file:///home/sgass/Projects/kepler/hdl/rtl/ethernet/ethernet_point_to_multipoint_hub.sv
2025-03-12 16:13:14.464 [info] [VerilogDocumentSymbolProvider] 1 top-level symbols returned
2025-03-12 16:15:21.891 [info] [VerilogHoverProvider] Hover requested
2025-03-12 16:15:23.134 [info] [VerilogDocumentSymbolProvider] [VerilogSymbol] Symbols Requested: file:///home/sgass/Projects/kepler/hdl/rtl/ethernet/ethernet_point_to_multipoint_hub.sv
2025-03-12 16:15:23.140 [info] [VerilogDocumentSymbolProvider] 1 top-level symbols returned
2025-03-12 16:15:24.136 [info] [VerilogHoverProvider] Hover requested
2025-03-12 16:15:24.620 [info] [VerilogHoverProvider] Hover object returned
2025-03-12 16:15:31.649 [info] [VerilogHoverProvider] Hover requested
2025-03-12 16:15:32.503 [info] [VerilogHoverProvider] Hover requested
2025-03-12 16:15:32.936 [warning] [VerilogHoverProvider] Hover object not found
2025-03-12 16:15:33.334 [info] [VerilogHoverProvider] Hover requested
2025-03-12 16:15:34.070 [info] [VerilogHoverProvider] Hover requested
2025-03-12 16:15:34.468 [warning] [VerilogHoverProvider] Hover object not found
2025-03-12 16:15:35.178 [info] [VerilogHoverProvider] Hover requested
2025-03-12 16:15:36.486 [info] [VerilogHoverProvider] Hover requested
2025-03-12 16:15:40.755 [info] [VerilogHoverProvider] Hover requested
2025-03-12 16:15:41.126 [info] [VerilogHoverProvider] Hover requested
2025-03-12 16:15:41.163 [info] [VerilogHoverProvider] Hover object returned
2025-03-12 16:15:41.523 [info] [VerilogHoverProvider] Hover object returned
2025-03-12 16:15:43.362 [info] [VerilogHoverProvider] Hover requested
2025-03-12 16:15:43.668 [info] [VerilogHoverProvider] Hover requested
2025-03-12 16:15:43.830 [info] [VerilogHoverProvider] Hover object returned
2025-03-12 16:15:44.056 [info] [VerilogHoverProvider] Hover object returned
2025-03-12 16:15:47.730 [info] [VerilogHoverProvider] Hover requested
2025-03-12 16:15:47.914 [info] [VerilogHoverProvider] Hover requested
2025-03-12 16:15:49.651 [info] [VerilogHoverProvider] Hover requested
2025-03-12 16:15:49.999 [info] [VerilogHoverProvider] Hover requested
2025-03-12 16:16:02.305 [info] [VerilogHoverProvider] Hover requested
2025-03-12 16:16:02.469 [info] [VerilogHoverProvider] Hover requested
2025-03-12 16:16:02.723 [info] [VerilogHoverProvider] Hover object returned
2025-03-12 16:16:02.885 [info] [VerilogHoverProvider] Hover object returned
2025-03-12 16:16:05.752 [info] [VerilogHoverProvider] Hover requested
2025-03-12 16:16:06.230 [info] [VerilogHoverProvider] Hover object returned
2025-03-12 16:16:06.337 [info] [VerilogHoverProvider] Hover requested
2025-03-12 16:16:06.737 [info] [VerilogHoverProvider] Hover requested
2025-03-12 16:16:06.794 [info] [VerilogHoverProvider] Hover object returned
2025-03-12 16:16:07.125 [info] [VerilogHoverProvider] Hover object returned
2025-03-12 16:16:07.674 [info] [VerilogHoverProvider] Hover requested
2025-03-12 16:16:08.053 [info] [VerilogHoverProvider] Hover object returned
2025-03-12 16:16:08.540 [info] [VerilogHoverProvider] Hover requested
2025-03-12 16:16:08.856 [info] [VerilogHoverProvider] Hover requested
2025-03-12 16:16:08.943 [info] [VerilogHoverProvider] Hover object returned
2025-03-12 16:16:09.240 [info] [VerilogHoverProvider] Hover object returned
2025-03-12 16:16:10.552 [info] [VerilogHoverProvider] Hover requested
2025-03-12 16:16:10.857 [info] [VerilogHoverProvider] Hover requested
2025-03-12 16:16:10.952 [info] [VerilogHoverProvider] Hover object returned
2025-03-12 16:16:11.233 [info] [VerilogHoverProvider] Hover object returned
2025-03-12 16:16:12.105 [info] [VerilogHoverProvider] Hover requested
2025-03-12 16:16:12.528 [info] [VerilogHoverProvider] Hover object returned
2025-03-12 16:16:15.221 [info] [VerilogHoverProvider] Hover requested
2025-03-12 16:16:15.684 [info] [VerilogHoverProvider] Hover object returned
2025-03-12 16:16:24.843 [info] [VerilogHoverProvider] Hover requested
2025-03-12 16:16:25.307 [info] [VerilogHoverProvider] Hover object returned
2025-03-12 16:16:25.643 [info] [VerilogHoverProvider] Hover requested
2025-03-12 16:16:26.033 [warning] [VerilogHoverProvider] Hover object not found
2025-03-12 16:16:26.208 [info] [VerilogDefinitionProvider] Definitions Requested: file:///home/sgass/Projects/kepler/hdl/rtl/ethernet/ethernet_point_to_multipoint_hub.sv
2025-03-12 16:16:26.698 [info] [VerilogDefinitionProvider] 0 definitions returned
2025-03-12 16:16:56.442 [info] [VerilogHoverProvider] Hover requested
2025-03-12 16:16:56.834 [info] [VerilogHoverProvider] Hover object returned
2025-03-12 16:17:23.840 [info] [VerilogHoverProvider] Hover requested
2025-03-12 16:17:24.266 [info] [VerilogHoverProvider] Hover object returned
2025-03-12 16:17:34.554 [info] [VerilogHoverProvider] Hover requested
2025-03-12 16:17:34.944 [info] [VerilogHoverProvider] Hover object returned
2025-03-12 16:17:36.874 [info] [VerilogHoverProvider] Hover requested
2025-03-12 16:17:37.353 [info] [VerilogHoverProvider] Hover object returned
2025-03-12 16:17:38.487 [info] [VerilogHoverProvider] Hover requested
2025-03-12 16:17:38.901 [info] [VerilogHoverProvider] Hover requested
2025-03-12 16:17:38.902 [warning] [VerilogHoverProvider] Hover object not found
2025-03-12 16:17:39.268 [warning] [VerilogHoverProvider] Hover object not found
2025-03-12 16:18:18.209 [info] [VerilogHoverProvider] Hover requested
2025-03-12 16:19:06.533 [info] [VerilogHoverProvider] Hover requested
2025-03-12 16:19:50.652 [info] [VerilogDocumentSymbolProvider] [VerilogSymbol] Symbols Requested: file:///home/sgass/Projects/kepler/hdl/rtl/gmii/gmii_interface.sv
2025-03-12 16:19:50.652 [info] indexing "/home/sgass/Projects/kepler/hdl/rtl/gmii/gmii_interface.sv"
2025-03-12 16:19:50.652 [info] executing ctags
2025-03-12 16:19:50.652 [info] Executing Command: ctags -f - --fields=+K --sort=no --excmd=n --fields-SystemVerilog=+{parameter} "/home/sgass/Projects/kepler/hdl/rtl/gmii/gmii_interface.sv"
2025-03-12 16:19:50.753 [info] building symbols
2025-03-12 16:19:50.753 [info] [VerilogDocumentSymbolProvider] 3 top-level symbols returned
2025-03-12 16:20:12.513 [info] [VerilogHoverProvider] Hover requested
2025-03-12 16:20:12.811 [info] [VerilogHoverProvider] Hover requested
2025-03-12 16:20:12.997 [info] [VerilogHoverProvider] Hover object returned
2025-03-12 16:20:13.228 [info] [VerilogHoverProvider] Hover object returned
2025-03-12 16:20:13.362 [info] [VerilogHoverProvider] Hover requested
2025-03-12 16:20:13.757 [warning] [VerilogHoverProvider] Hover object not found
2025-03-12 16:20:14.625 [info] [VerilogHoverProvider] Hover requested
2025-03-12 16:20:15.066 [info] [VerilogHoverProvider] Hover object returned
2025-03-12 16:20:15.663 [info] [VerilogHoverProvider] Hover requested
2025-03-12 16:20:16.051 [info] [VerilogHoverProvider] Hover object returned
2025-03-12 16:20:18.495 [info] [VerilogHoverProvider] Hover requested
2025-03-12 16:20:24.480 [info] [VerilogHoverProvider] Hover requested
2025-03-12 16:20:24.948 [info] [VerilogHoverProvider] Hover requested
2025-03-12 16:20:25.391 [info] [VerilogHoverProvider] Hover object returned
2025-03-12 16:20:26.581 [info] [VerilogHoverProvider] Hover requested
2025-03-12 16:20:27.038 [info] [VerilogHoverProvider] Hover object returned
2025-03-12 16:20:27.418 [info] [VerilogHoverProvider] Hover requested
2025-03-12 16:20:27.845 [warning] [VerilogHoverProvider] Hover object not found
2025-03-12 16:20:52.579 [info] [VerilogHoverProvider] Hover requested
2025-03-12 16:20:52.974 [info] [VerilogHoverProvider] Hover object returned
2025-03-12 16:20:54.565 [info] [VerilogHoverProvider] Hover requested
2025-03-12 16:20:55.012 [warning] [VerilogHoverProvider] Hover object not found
2025-03-12 16:21:03.152 [info] [VerilogHoverProvider] Hover requested
2025-03-12 16:21:03.582 [info] [VerilogHoverProvider] Hover object returned
2025-03-12 16:21:03.814 [info] [VerilogHoverProvider] Hover requested
2025-03-12 16:21:04.228 [info] [VerilogHoverProvider] Hover object returned
2025-03-12 16:21:05.751 [info] [VerilogHoverProvider] Hover requested
2025-03-12 16:21:06.169 [info] [VerilogHoverProvider] Hover object returned
2025-03-12 16:21:18.564 [info] [VerilogHoverProvider] Hover requested
2025-03-12 16:21:32.881 [info] [VerilogHoverProvider] Hover requested
2025-03-12 16:21:33.335 [info] [VerilogHoverProvider] Hover object returned
2025-03-12 16:21:38.417 [info] [VerilogDocumentSymbolProvider] [VerilogSymbol] Symbols Requested: file:///home/sgass/Projects/kepler/hdl/rtl/ethernet/ethernet_point_to_multipoint_hub.sv
2025-03-12 16:21:38.423 [info] [VerilogDocumentSymbolProvider] 1 top-level symbols returned
2025-03-12 16:21:44.951 [info] [VerilogHoverProvider] Hover requested
2025-03-12 16:21:46.786 [info] [VerilogHoverProvider] Hover requested
2025-03-12 16:21:47.087 [info] [VerilogHoverProvider] Hover requested
2025-03-12 16:21:47.503 [warning] [VerilogHoverProvider] Hover object not found
2025-03-12 16:21:48.232 [info] [VerilogHoverProvider] Hover requested
2025-03-12 16:21:48.679 [info] [VerilogHoverProvider] Hover object returned
2025-03-12 16:21:52.996 [info] [VerilogDocumentSymbolProvider] [VerilogSymbol] Symbols Requested: file:///home/sgass/Projects/kepler/hdl/rtl/ethernet/ethernet_point_to_multipoint_hub.sv
2025-03-12 16:21:53.001 [info] [VerilogDocumentSymbolProvider] 1 top-level symbols returned
2025-03-12 16:21:53.982 [info] [VerilogHoverProvider] Hover requested
2025-03-12 16:21:54.407 [warning] [VerilogHoverProvider] Hover object not found
2025-03-12 16:21:55.084 [info] [VerilogDocumentSymbolProvider] [VerilogSymbol] Symbols Requested: file:///home/sgass/Projects/kepler/hdl/rtl/ethernet/ethernet_point_to_multipoint_hub.sv
2025-03-12 16:21:55.089 [info] [VerilogDocumentSymbolProvider] 1 top-level symbols returned
2025-03-12 16:21:56.352 [info] [VerilogDocumentSymbolProvider] [VerilogSymbol] Symbols Requested: file:///home/sgass/Projects/kepler/hdl/rtl/ethernet/ethernet_point_to_multipoint_hub.sv
2025-03-12 16:21:56.358 [info] [VerilogDocumentSymbolProvider] 1 top-level symbols returned
2025-03-12 16:22:02.349 [info] [VerilogHoverProvider] Hover requested
2025-03-12 16:22:02.546 [info] [VerilogHoverProvider] Hover requested
2025-03-12 16:22:02.762 [info] [VerilogHoverProvider] Hover object returned
2025-03-12 16:22:02.935 [info] [VerilogHoverProvider] Hover object returned
2025-03-12 16:22:04.082 [info] [VerilogDocumentSymbolProvider] [VerilogSymbol] Symbols Requested: file:///home/sgass/Projects/kepler/hdl/rtl/ethernet/ethernet_point_to_multipoint_hub.sv
2025-03-12 16:22:04.088 [info] [VerilogDocumentSymbolProvider] 1 top-level symbols returned
2025-03-12 16:22:05.105 [info] [VerilogDocumentSymbolProvider] [VerilogSymbol] Symbols Requested: file:///home/sgass/Projects/kepler/hdl/rtl/ethernet/ethernet_point_to_multipoint_hub.sv
2025-03-12 16:22:05.109 [info] [VerilogDocumentSymbolProvider] 1 top-level symbols returned
2025-03-12 16:22:06.481 [info] [VerilogHoverProvider] Hover requested
2025-03-12 16:22:07.148 [info] [VerilogDefinitionProvider] Definitions Requested: file:///home/sgass/Projects/kepler/hdl/rtl/ethernet/ethernet_point_to_multipoint_hub.sv
2025-03-12 16:22:07.571 [info] [VerilogDefinitionProvider] 1 definitions returned
2025-03-12 16:22:08.185 [info] [VerilogDocumentSymbolProvider] [VerilogSymbol] Symbols Requested: file:///home/sgass/Projects/kepler/hdl/rtl/ethernet/ethernet_point_to_multipoint_hub.sv
2025-03-12 16:22:08.191 [info] [VerilogDocumentSymbolProvider] 1 top-level symbols returned
2025-03-12 16:22:10.726 [info] [VerilogDocumentSymbolProvider] [VerilogSymbol] Symbols Requested: file:///home/sgass/Projects/kepler/hdl/rtl/ethernet/ethernet_point_to_multipoint_hub.sv
2025-03-12 16:22:10.732 [info] [VerilogDocumentSymbolProvider] 1 top-level symbols returned
2025-03-12 16:22:13.136 [info] [VerilogDocumentSymbolProvider] [VerilogSymbol] Symbols Requested: file:///home/sgass/Projects/kepler/hdl/rtl/ethernet/ethernet_point_to_multipoint_hub.sv
2025-03-12 16:22:13.142 [info] [VerilogDocumentSymbolProvider] 1 top-level symbols returned
2025-03-12 16:22:14.443 [info] [VerilogDocumentSymbolProvider] [VerilogSymbol] Symbols Requested: file:///home/sgass/Projects/kepler/hdl/rtl/ethernet/ethernet_point_to_multipoint_hub.sv
2025-03-12 16:22:14.449 [info] [VerilogDocumentSymbolProvider] 1 top-level symbols returned
2025-03-12 16:22:17.964 [info] [VerilogDocumentSymbolProvider] [VerilogSymbol] Symbols Requested: file:///home/sgass/Projects/kepler/hdl/rtl/ethernet/ethernet_point_to_multipoint_hub.sv
2025-03-12 16:22:17.970 [info] [VerilogDocumentSymbolProvider] 1 top-level symbols returned
2025-03-12 16:22:18.867 [info] [VerilogDocumentSymbolProvider] [VerilogSymbol] Symbols Requested: file:///home/sgass/Projects/kepler/hdl/rtl/ethernet/ethernet_point_to_multipoint_hub.sv
2025-03-12 16:22:18.874 [info] [VerilogDocumentSymbolProvider] 1 top-level symbols returned
2025-03-12 16:22:20.173 [info] [VerilogDocumentSymbolProvider] [VerilogSymbol] Symbols Requested: file:///home/sgass/Projects/kepler/hdl/rtl/ethernet/ethernet_point_to_multipoint_hub.sv
2025-03-12 16:22:20.180 [info] [VerilogDocumentSymbolProvider] 1 top-level symbols returned
2025-03-12 16:22:21.413 [info] [VerilogDocumentSymbolProvider] [VerilogSymbol] Symbols Requested: file:///home/sgass/Projects/kepler/hdl/rtl/ethernet/ethernet_point_to_multipoint_hub.sv
2025-03-12 16:22:21.419 [info] [VerilogDocumentSymbolProvider] 1 top-level symbols returned
2025-03-12 16:22:22.236 [info] [VerilogDocumentSymbolProvider] [VerilogSymbol] Symbols Requested: file:///home/sgass/Projects/kepler/hdl/rtl/ethernet/ethernet_point_to_multipoint_hub.sv
2025-03-12 16:22:22.242 [info] [VerilogDocumentSymbolProvider] 1 top-level symbols returned
2025-03-12 16:22:23.927 [info] [VerilogDocumentSymbolProvider] [VerilogSymbol] Symbols Requested: file:///home/sgass/Projects/kepler/hdl/rtl/ethernet/ethernet_point_to_multipoint_hub.sv
2025-03-12 16:22:23.933 [info] [VerilogDocumentSymbolProvider] 1 top-level symbols returned
2025-03-12 16:22:25.252 [info] [VerilogDocumentSymbolProvider] [VerilogSymbol] Symbols Requested: file:///home/sgass/Projects/kepler/hdl/rtl/ethernet/ethernet_point_to_multipoint_hub.sv
2025-03-12 16:22:25.258 [info] [VerilogDocumentSymbolProvider] 1 top-level symbols returned
2025-03-12 16:22:25.612 [info] [VerilogDocumentSymbolProvider] [VerilogSymbol] Symbols Requested: file:///home/sgass/Projects/kepler/hdl/rtl/ethernet/ethernet_point_to_multipoint_hub.sv
2025-03-12 16:22:25.618 [info] [VerilogDocumentSymbolProvider] 1 top-level symbols returned
2025-03-12 16:22:27.834 [info] [VerilogHoverProvider] Hover requested
2025-03-12 16:22:29.343 [info] [VerilogDocumentSymbolProvider] [VerilogSymbol] Symbols Requested: file:///home/sgass/Projects/kepler/hdl/rtl/ethernet/ethernet_point_to_multipoint_hub.sv
2025-03-12 16:22:29.348 [info] [VerilogDocumentSymbolProvider] 1 top-level symbols returned
2025-03-12 16:22:30.243 [info] [VerilogDocumentSymbolProvider] [VerilogSymbol] Symbols Requested: file:///home/sgass/Projects/kepler/hdl/rtl/ethernet/ethernet_point_to_multipoint_hub.sv
2025-03-12 16:22:30.249 [info] [VerilogDocumentSymbolProvider] 1 top-level symbols returned
2025-03-12 16:22:30.605 [info] [VerilogDocumentSymbolProvider] [VerilogSymbol] Symbols Requested: file:///home/sgass/Projects/kepler/hdl/rtl/ethernet/ethernet_point_to_multipoint_hub.sv
2025-03-12 16:22:30.611 [info] [VerilogDocumentSymbolProvider] 1 top-level symbols returned
2025-03-12 16:22:34.846 [info] [VerilogDocumentSymbolProvider] [VerilogSymbol] Symbols Requested: file:///home/sgass/Projects/kepler/hdl/rtl/ethernet/ethernet_point_to_multipoint_hub.sv
2025-03-12 16:22:34.852 [info] [VerilogDocumentSymbolProvider] 1 top-level symbols returned
2025-03-12 16:22:36.089 [info] [VerilogDocumentSymbolProvider] [VerilogSymbol] Symbols Requested: file:///home/sgass/Projects/kepler/hdl/rtl/ethernet/ethernet_point_to_multipoint_hub.sv
2025-03-12 16:22:36.095 [info] [VerilogDocumentSymbolProvider] 1 top-level symbols returned
2025-03-12 16:22:38.431 [info] [VerilogDocumentSymbolProvider] [VerilogSymbol] Symbols Requested: file:///home/sgass/Projects/kepler/hdl/rtl/ethernet/ethernet_point_to_multipoint_hub.sv
2025-03-12 16:22:38.435 [info] [VerilogDocumentSymbolProvider] 1 top-level symbols returned
2025-03-12 16:22:41.692 [info] [VerilogDocumentSymbolProvider] [VerilogSymbol] Symbols Requested: file:///home/sgass/Projects/kepler/hdl/rtl/ethernet/ethernet_point_to_multipoint_hub.sv
2025-03-12 16:22:41.697 [info] [VerilogDocumentSymbolProvider] 1 top-level symbols returned
2025-03-12 16:22:46.133 [info] [VerilogDocumentSymbolProvider] [VerilogSymbol] Symbols Requested: file:///home/sgass/Projects/kepler/hdl/rtl/ethernet/ethernet_point_to_multipoint_hub.sv
2025-03-12 16:22:46.140 [info] [VerilogDocumentSymbolProvider] 1 top-level symbols returned
2025-03-12 16:22:49.205 [info] [VerilogDocumentSymbolProvider] [VerilogSymbol] Symbols Requested: file:///home/sgass/Projects/kepler/hdl/rtl/ethernet/ethernet_point_to_multipoint_hub.sv
2025-03-12 16:22:49.211 [info] [VerilogDocumentSymbolProvider] 1 top-level symbols returned
2025-03-12 16:22:50.350 [info] [VerilogDocumentSymbolProvider] [VerilogSymbol] Symbols Requested: file:///home/sgass/Projects/kepler/hdl/rtl/ethernet/ethernet_point_to_multipoint_hub.sv
2025-03-12 16:22:50.356 [info] [VerilogDocumentSymbolProvider] 1 top-level symbols returned
2025-03-12 16:22:52.243 [info] [VerilogDocumentSymbolProvider] [VerilogSymbol] Symbols Requested: file:///home/sgass/Projects/kepler/hdl/rtl/ethernet/ethernet_point_to_multipoint_hub.sv
2025-03-12 16:22:52.248 [info] [VerilogDocumentSymbolProvider] 1 top-level symbols returned
2025-03-12 16:22:53.756 [info] [VerilogDocumentSymbolProvider] [VerilogSymbol] Symbols Requested: file:///home/sgass/Projects/kepler/hdl/rtl/ethernet/ethernet_point_to_multipoint_hub.sv
2025-03-12 16:22:53.762 [info] [VerilogDocumentSymbolProvider] 1 top-level symbols returned
2025-03-12 16:22:54.537 [info] [VerilogDocumentSymbolProvider] [VerilogSymbol] Symbols Requested: file:///home/sgass/Projects/kepler/hdl/rtl/ethernet/ethernet_point_to_multipoint_hub.sv
2025-03-12 16:22:54.543 [info] [VerilogDocumentSymbolProvider] 1 top-level symbols returned
2025-03-12 16:22:58.377 [info] [VerilogDocumentSymbolProvider] [VerilogSymbol] Symbols Requested: file:///home/sgass/Projects/kepler/hdl/rtl/ethernet/ethernet_point_to_multipoint_hub.sv
2025-03-12 16:22:58.382 [info] [VerilogDocumentSymbolProvider] 1 top-level symbols returned
2025-03-12 16:23:00.735 [info] [VerilogDocumentSymbolProvider] [VerilogSymbol] Symbols Requested: file:///home/sgass/Projects/kepler/hdl/rtl/ethernet/ethernet_point_to_multipoint_hub.sv
2025-03-12 16:23:00.741 [info] [VerilogDocumentSymbolProvider] 1 top-level symbols returned
2025-03-12 16:23:02.006 [info] [VerilogDocumentSymbolProvider] [VerilogSymbol] Symbols Requested: file:///home/sgass/Projects/kepler/hdl/rtl/ethernet/ethernet_point_to_multipoint_hub.sv
2025-03-12 16:23:02.011 [info] [VerilogDocumentSymbolProvider] 1 top-level symbols returned
2025-03-12 16:23:04.800 [info] [VerilogDocumentSymbolProvider] [VerilogSymbol] Symbols Requested: file:///home/sgass/Projects/kepler/hdl/rtl/ethernet/ethernet_point_to_multipoint_hub.sv
2025-03-12 16:23:04.806 [info] [VerilogDocumentSymbolProvider] 1 top-level symbols returned
2025-03-12 16:23:06.797 [info] [VerilogDocumentSymbolProvider] [VerilogSymbol] Symbols Requested: file:///home/sgass/Projects/kepler/hdl/rtl/ethernet/ethernet_point_to_multipoint_hub.sv
2025-03-12 16:23:06.802 [info] [VerilogDocumentSymbolProvider] 1 top-level symbols returned
2025-03-12 16:23:08.032 [info] [VerilogDocumentSymbolProvider] [VerilogSymbol] Symbols Requested: file:///home/sgass/Projects/kepler/hdl/rtl/ethernet/ethernet_point_to_multipoint_hub.sv
2025-03-12 16:23:08.038 [info] [VerilogDocumentSymbolProvider] 1 top-level symbols returned
2025-03-12 16:23:08.645 [info] on save
2025-03-12 16:23:45.134 [info] [VerilogHoverProvider] Hover requested
2025-03-12 16:23:45.524 [info] [VerilogHoverProvider] Hover object returned
2025-03-12 16:23:46.188 [info] [VerilogHoverProvider] Hover requested
2025-03-12 16:23:46.617 [warning] [VerilogHoverProvider] Hover object not found
2025-03-12 16:23:49.963 [info] [VerilogHoverProvider] Hover requested
2025-03-12 16:23:53.646 [info] [VerilogHoverProvider] Hover requested
2025-03-12 16:23:53.646 [info] indexing "/home/sgass/Projects/kepler/hdl/rtl/ethernet/ethernet_point_to_multipoint_hub.sv"
2025-03-12 16:23:53.646 [info] executing ctags
2025-03-12 16:23:53.646 [info] Executing Command: ctags -f - --fields=+K --sort=no --excmd=n --fields-SystemVerilog=+{parameter} "/home/sgass/Projects/kepler/hdl/rtl/ethernet/ethernet_point_to_multipoint_hub.sv"
2025-03-12 16:23:53.658 [info] building symbols
2025-03-12 16:23:54.032 [info] [VerilogHoverProvider] Hover requested
2025-03-12 16:23:54.069 [info] [VerilogHoverProvider] Hover object returned
2025-03-12 16:23:54.462 [info] [VerilogHoverProvider] Hover object returned
2025-03-12 16:23:54.763 [info] [VerilogHoverProvider] Hover requested
2025-03-12 16:23:55.250 [info] [VerilogHoverProvider] Hover requested
2025-03-12 16:23:55.587 [info] [VerilogHoverProvider] Hover requested
2025-03-12 16:23:55.638 [info] [VerilogHoverProvider] Hover object returned
2025-03-12 16:23:55.971 [info] [VerilogHoverProvider] Hover object returned
2025-03-12 16:23:56.847 [info] [VerilogHoverProvider] Hover requested
2025-03-12 16:23:57.150 [info] [VerilogHoverProvider] Hover requested
2025-03-12 16:23:57.268 [info] [VerilogHoverProvider] Hover object returned
2025-03-12 16:23:57.521 [info] [VerilogHoverProvider] Hover object returned
2025-03-12 16:23:58.431 [info] [VerilogHoverProvider] Hover requested
2025-03-12 16:23:58.747 [info] [VerilogHoverProvider] Hover requested
2025-03-12 16:23:58.861 [info] [VerilogHoverProvider] Hover object returned
2025-03-12 16:23:59.098 [info] [VerilogHoverProvider] Hover requested
2025-03-12 16:23:59.140 [info] [VerilogHoverProvider] Hover object returned
2025-03-12 16:23:59.527 [info] [VerilogHoverProvider] Hover object returned
2025-03-12 16:24:15.098 [info] [VerilogHoverProvider] Hover requested
2025-03-12 16:24:17.980 [info] [VerilogHoverProvider] Hover requested
2025-03-12 16:24:18.391 [warning] [VerilogHoverProvider] Hover object not found
2025-03-12 16:24:19.024 [info] [VerilogHoverProvider] Hover requested
2025-03-12 16:24:19.432 [info] [VerilogHoverProvider] Hover object returned
2025-03-12 16:24:21.129 [info] [VerilogHoverProvider] Hover requested
2025-03-12 16:24:21.622 [info] indexing "/home/sgass/Projects/kepler/hdl/vivado/workspace/vitis_net_p4_0902_ex/vitis_net_p4_0902_ex.ip_user_files/ipstatic/src/hw/include/interfaces.sv"
2025-03-12 16:24:21.622 [info] executing ctags
2025-03-12 16:24:21.622 [info] Executing Command: ctags -f - --fields=+K --sort=no --excmd=n --fields-SystemVerilog=+{parameter} "/home/sgass/Projects/kepler/hdl/vivado/workspace/vitis_net_p4_0902_ex/vitis_net_p4_0902_ex.ip_user_files/ipstatic/src/hw/include/interfaces.sv"
2025-03-12 16:24:21.625 [info] building symbols
2025-03-12 16:24:21.625 [error] No output from ctags
2025-03-12 16:24:21.625 [warning] [VerilogHoverProvider] Hover object not found
2025-03-12 16:24:21.853 [info] [VerilogHoverProvider] Hover requested
2025-03-12 16:24:22.876 [info] [VerilogDocumentSymbolProvider] [VerilogSymbol] Symbols Requested: file:///home/sgass/Projects/kepler/hdl/rtl/ethernet/ethernet_point_to_multipoint_hub.sv
2025-03-12 16:24:22.878 [info] [VerilogDocumentSymbolProvider] 1 top-level symbols returned
2025-03-12 16:24:24.544 [info] [VerilogDocumentSymbolProvider] [VerilogSymbol] Symbols Requested: file:///home/sgass/Projects/kepler/hdl/rtl/ethernet/ethernet_point_to_multipoint_hub.sv
2025-03-12 16:24:24.549 [info] [VerilogDocumentSymbolProvider] 1 top-level symbols returned
2025-03-12 16:24:25.433 [info] [VerilogHoverProvider] Hover requested
2025-03-12 16:24:25.845 [info] indexing "/home/sgass/Projects/kepler/hdl/vivado/workspace/p4_2021/p4_2021.ip_user_files/ipstatic/src/hw/include/interfaces.sv"
2025-03-12 16:24:25.845 [info] executing ctags
2025-03-12 16:24:25.845 [info] Executing Command: ctags -f - --fields=+K --sort=no --excmd=n --fields-SystemVerilog=+{parameter} "/home/sgass/Projects/kepler/hdl/vivado/workspace/p4_2021/p4_2021.ip_user_files/ipstatic/src/hw/include/interfaces.sv"
2025-03-12 16:24:25.847 [info] building symbols
2025-03-12 16:24:25.847 [error] No output from ctags
2025-03-12 16:24:25.847 [warning] [VerilogHoverProvider] Hover object not found
2025-03-12 16:24:26.042 [info] [VerilogHoverProvider] Hover requested
2025-03-12 16:24:26.425 [info] [VerilogHoverProvider] Hover object returned
2025-03-12 16:24:26.585 [info] [VerilogDocumentSymbolProvider] [VerilogSymbol] Symbols Requested: file:///home/sgass/Projects/kepler/hdl/rtl/ethernet/ethernet_point_to_multipoint_hub.sv
2025-03-12 16:24:26.591 [info] [VerilogDocumentSymbolProvider] 1 top-level symbols returned
2025-03-12 16:24:26.942 [info] [VerilogDocumentSymbolProvider] [VerilogSymbol] Symbols Requested: file:///home/sgass/Projects/kepler/hdl/rtl/ethernet/ethernet_point_to_multipoint_hub.sv
2025-03-12 16:24:26.947 [info] [VerilogDocumentSymbolProvider] 1 top-level symbols returned
2025-03-12 16:24:27.513 [info] [VerilogHoverProvider] Hover requested
2025-03-12 16:25:34.467 [info] [VerilogHoverProvider] Hover requested
2025-03-12 16:25:34.895 [warning] [VerilogHoverProvider] Hover object not found
2025-03-12 16:25:35.133 [info] [VerilogHoverProvider] Hover requested
2025-03-12 16:25:35.586 [info] [VerilogHoverProvider] Hover object returned
2025-03-12 16:25:39.935 [info] [VerilogHoverProvider] Hover requested
2025-03-12 16:25:41.136 [info] [VerilogHoverProvider] Hover requested
2025-03-12 16:25:41.536 [info] [VerilogHoverProvider] Hover requested
2025-03-12 16:25:41.969 [info] [VerilogHoverProvider] Hover object returned
2025-03-12 16:25:42.127 [info] [VerilogHoverProvider] Hover requested
2025-03-12 16:25:42.560 [info] [VerilogHoverProvider] Hover object returned
2025-03-12 16:25:43.064 [info] [VerilogHoverProvider] Hover requested
2025-03-12 16:25:43.456 [info] [VerilogHoverProvider] Hover object returned
2025-03-12 16:28:37.120 [info] [VerilogHoverProvider] Hover requested
2025-03-12 16:28:37.422 [info] [VerilogHoverProvider] Hover requested
2025-03-12 16:28:37.853 [warning] [VerilogHoverProvider] Hover object not found
2025-03-12 16:28:38.388 [info] [VerilogDefinitionProvider] Definitions Requested: file:///home/sgass/Projects/kepler/hdl/rtl/ethernet/ethernet_point_to_multipoint_hub.sv
2025-03-12 16:28:38.558 [info] on save
2025-03-12 16:28:38.802 [info] [VerilogDefinitionProvider] 0 definitions returned
2025-03-12 16:28:42.257 [info] [VerilogHoverProvider] Hover requested
2025-03-12 16:28:46.934 [info] [VerilogHoverProvider] Hover requested
2025-03-12 16:28:49.238 [info] [VerilogHoverProvider] Hover requested
2025-03-12 16:28:49.420 [info] [VerilogHoverProvider] Hover requested
2025-03-12 16:28:49.652 [info] [VerilogHoverProvider] Hover object returned
2025-03-12 16:28:49.811 [info] [VerilogHoverProvider] Hover object returned
2025-03-12 16:28:50.290 [info] [VerilogHoverProvider] Hover requested
2025-03-12 16:29:13.419 [info] [VerilogHoverProvider] Hover requested
2025-03-12 16:29:13.846 [info] [VerilogHoverProvider] Hover object returned
2025-03-12 16:29:17.683 [info] [VerilogHoverProvider] Hover requested
2025-03-12 16:29:18.366 [info] [VerilogHoverProvider] Hover requested
2025-03-12 16:29:18.769 [info] [VerilogHoverProvider] Hover object returned
2025-03-12 16:29:19.200 [info] [VerilogHoverProvider] Hover requested
2025-03-12 16:29:19.621 [info] [VerilogHoverProvider] Hover object returned
2025-03-12 16:29:20.576 [info] [VerilogHoverProvider] Hover requested
2025-03-12 16:29:20.887 [info] [VerilogHoverProvider] Hover requested
2025-03-12 16:29:21.054 [info] [VerilogHoverProvider] Hover object returned
2025-03-12 16:29:21.268 [info] [VerilogHoverProvider] Hover object returned
2025-03-12 16:29:22.815 [info] [VerilogHoverProvider] Hover requested
2025-03-12 16:29:23.119 [info] [VerilogHoverProvider] Hover requested
2025-03-12 16:29:23.219 [info] [VerilogHoverProvider] Hover object returned
2025-03-12 16:29:23.526 [info] [VerilogHoverProvider] Hover object returned
2025-03-12 16:29:30.487 [info] [VerilogHoverProvider] Hover requested
2025-03-12 16:29:30.882 [info] [VerilogHoverProvider] Hover object returned
2025-03-12 16:29:31.457 [info] [VerilogHoverProvider] Hover requested
2025-03-12 16:29:31.737 [info] [VerilogHoverProvider] Hover requested
2025-03-12 16:29:31.878 [info] [VerilogHoverProvider] Hover object returned
2025-03-12 16:29:32.136 [info] [VerilogHoverProvider] Hover object returned
2025-03-12 16:29:32.814 [info] [VerilogHoverProvider] Hover requested
2025-03-12 16:29:33.120 [info] [VerilogHoverProvider] Hover requested
2025-03-12 16:29:33.277 [info] [VerilogHoverProvider] Hover object returned
2025-03-12 16:29:33.512 [info] [VerilogHoverProvider] Hover object returned
2025-03-12 16:29:34.687 [info] [VerilogHoverProvider] Hover requested
2025-03-12 16:29:35.003 [info] [VerilogHoverProvider] Hover requested
2025-03-12 16:29:35.094 [info] [VerilogHoverProvider] Hover object returned
2025-03-12 16:29:35.388 [info] [VerilogHoverProvider] Hover object returned
2025-03-12 16:29:43.599 [info] [VerilogHoverProvider] Hover requested
2025-03-12 16:29:44.019 [info] [VerilogHoverProvider] Hover object returned
2025-03-12 16:29:44.047 [info] [VerilogHoverProvider] Hover requested
2025-03-12 16:29:44.248 [info] [VerilogHoverProvider] Hover requested
2025-03-12 16:29:44.466 [info] [VerilogHoverProvider] Hover object returned
2025-03-12 16:29:44.659 [info] [VerilogHoverProvider] Hover object returned
2025-03-12 16:29:53.792 [info] [VerilogHoverProvider] Hover requested
2025-03-12 16:29:54.073 [info] [VerilogHoverProvider] Hover requested
2025-03-12 16:29:54.207 [info] [VerilogHoverProvider] Hover object returned
2025-03-12 16:29:54.438 [info] [VerilogHoverProvider] Hover object returned
2025-03-12 16:29:55.429 [info] [VerilogHoverProvider] Hover requested
2025-03-12 16:29:56.002 [info] [VerilogHoverProvider] Hover requested
2025-03-12 16:29:59.546 [info] [VerilogHoverProvider] Hover requested
2025-03-12 16:30:00.494 [info] [VerilogHoverProvider] Hover requested
2025-03-12 16:30:02.078 [info] [VerilogHoverProvider] Hover requested
2025-03-12 16:30:02.393 [info] [VerilogHoverProvider] Hover requested
2025-03-12 16:30:02.514 [info] [VerilogHoverProvider] Hover object returned
2025-03-12 16:30:02.778 [info] [VerilogHoverProvider] Hover object returned
2025-03-12 16:30:02.999 [info] [VerilogHoverProvider] Hover requested
2025-03-12 16:30:06.771 [info] [VerilogHoverProvider] Hover requested
2025-03-12 16:30:07.184 [info] [VerilogHoverProvider] Hover object returned
2025-03-12 16:30:07.254 [info] [VerilogHoverProvider] Hover requested
2025-03-12 16:30:07.653 [info] [VerilogHoverProvider] Hover requested
2025-03-12 16:30:07.708 [info] [VerilogHoverProvider] Hover object returned
2025-03-12 16:30:08.067 [info] [VerilogHoverProvider] Hover object returned
2025-03-12 16:30:11.140 [info] [VerilogHoverProvider] Hover requested
2025-03-12 16:30:11.321 [info] [VerilogHoverProvider] Hover requested
2025-03-12 16:30:11.572 [info] [VerilogHoverProvider] Hover object returned
2025-03-12 16:30:11.737 [info] [VerilogHoverProvider] Hover object returned
2025-03-12 16:30:12.699 [info] [VerilogHoverProvider] Hover requested
2025-03-12 16:30:14.029 [info] [VerilogHoverProvider] Hover requested
2025-03-12 16:30:14.432 [info] [VerilogHoverProvider] Hover object returned
2025-03-12 16:30:14.478 [info] [VerilogHoverProvider] Hover requested
2025-03-12 16:30:14.858 [info] [VerilogHoverProvider] Hover object returned
2025-03-12 16:30:15.885 [info] [VerilogHoverProvider] Hover requested
2025-03-12 16:30:16.203 [info] [VerilogHoverProvider] Hover requested
2025-03-12 16:30:16.311 [info] [VerilogHoverProvider] Hover object returned
2025-03-12 16:30:16.575 [info] [VerilogHoverProvider] Hover requested
2025-03-12 16:30:16.622 [info] [VerilogHoverProvider] Hover object returned
2025-03-12 16:30:16.954 [info] [VerilogHoverProvider] Hover object returned
2025-03-12 16:30:22.581 [info] [VerilogHoverProvider] Hover requested
2025-03-12 16:30:22.581 [info] indexing "/home/sgass/Projects/kepler/hdl/rtl/ethernet/ethernet_point_to_multipoint_hub.sv"
2025-03-12 16:30:22.581 [info] executing ctags
2025-03-12 16:30:22.582 [info] Executing Command: ctags -f - --fields=+K --sort=no --excmd=n --fields-SystemVerilog=+{parameter} "/home/sgass/Projects/kepler/hdl/rtl/ethernet/ethernet_point_to_multipoint_hub.sv"
2025-03-12 16:30:22.594 [info] building symbols
2025-03-12 16:30:23.081 [info] [VerilogHoverProvider] Hover object returned
2025-03-12 16:30:24.216 [info] [VerilogHoverProvider] Hover requested
2025-03-12 16:30:24.618 [info] [VerilogHoverProvider] Hover object returned
2025-03-12 16:30:26.383 [info] [VerilogHoverProvider] Hover requested
2025-03-12 16:30:26.779 [info] [VerilogHoverProvider] Hover object returned
2025-03-12 16:30:35.988 [info] [VerilogHoverProvider] Hover requested
2025-03-12 16:30:58.730 [info] [VerilogDocumentSymbolProvider] [VerilogSymbol] Symbols Requested: file:///home/sgass/Projects/kepler/hdl/rtl/ethernet/ethernet_point_to_multipoint_hub.sv
2025-03-12 16:30:58.736 [info] [VerilogDocumentSymbolProvider] 1 top-level symbols returned
2025-03-12 16:30:59.401 [info] [VerilogDocumentSymbolProvider] [VerilogSymbol] Symbols Requested: file:///home/sgass/Projects/kepler/hdl/rtl/ethernet/ethernet_point_to_multipoint_hub.sv
2025-03-12 16:30:59.407 [info] [VerilogDocumentSymbolProvider] 1 top-level symbols returned
2025-03-12 16:31:00.666 [info] [VerilogCompletionItemProvider] Completion items requested
2025-03-12 16:31:00.666 [info] [VerilogCompletionItemProvider] 127 items requested
2025-03-12 16:31:01.006 [info] [VerilogDocumentSymbolProvider] [VerilogSymbol] Symbols Requested: file:///home/sgass/Projects/kepler/hdl/rtl/ethernet/ethernet_point_to_multipoint_hub.sv
2025-03-12 16:31:01.012 [info] [VerilogDocumentSymbolProvider] 1 top-level symbols returned
2025-03-12 16:31:01.896 [info] [VerilogDocumentSymbolProvider] [VerilogSymbol] Symbols Requested: file:///home/sgass/Projects/kepler/hdl/rtl/ethernet/ethernet_point_to_multipoint_hub.sv
2025-03-12 16:31:01.902 [info] [VerilogDocumentSymbolProvider] 1 top-level symbols returned
2025-03-12 16:31:02.691 [info] [VerilogDocumentSymbolProvider] [VerilogSymbol] Symbols Requested: file:///home/sgass/Projects/kepler/hdl/rtl/ethernet/ethernet_point_to_multipoint_hub.sv
2025-03-12 16:31:02.697 [info] [VerilogDocumentSymbolProvider] 1 top-level symbols returned
2025-03-12 16:31:03.553 [info] [VerilogHoverProvider] Hover requested
2025-03-12 16:31:04.035 [warning] [VerilogHoverProvider] Hover object not found
2025-03-12 16:31:05.002 [info] [VerilogHoverProvider] Hover requested
2025-03-12 16:31:05.388 [info] [VerilogHoverProvider] Hover object returned
2025-03-12 16:31:06.135 [info] [VerilogHoverProvider] Hover requested
2025-03-12 16:31:08.518 [info] [VerilogHoverProvider] Hover requested
2025-03-12 16:31:10.718 [info] [VerilogDocumentSymbolProvider] [VerilogSymbol] Symbols Requested: file:///home/sgass/Projects/kepler/hdl/rtl/ethernet/ethernet_point_to_multipoint_hub.sv
2025-03-12 16:31:10.724 [info] [VerilogDocumentSymbolProvider] 1 top-level symbols returned
2025-03-12 16:31:11.348 [info] [VerilogDocumentSymbolProvider] [VerilogSymbol] Symbols Requested: file:///home/sgass/Projects/kepler/hdl/rtl/ethernet/ethernet_point_to_multipoint_hub.sv
2025-03-12 16:31:11.354 [info] [VerilogDocumentSymbolProvider] 1 top-level symbols returned
2025-03-12 16:31:12.772 [info] [VerilogDocumentSymbolProvider] [VerilogSymbol] Symbols Requested: file:///home/sgass/Projects/kepler/hdl/rtl/ethernet/ethernet_point_to_multipoint_hub.sv
2025-03-12 16:31:12.777 [info] [VerilogDocumentSymbolProvider] 1 top-level symbols returned
2025-03-12 16:31:14.792 [info] [VerilogDocumentSymbolProvider] [VerilogSymbol] Symbols Requested: file:///home/sgass/Projects/kepler/hdl/rtl/ethernet/ethernet_point_to_multipoint_hub.sv
2025-03-12 16:31:14.799 [info] [VerilogDocumentSymbolProvider] 1 top-level symbols returned
2025-03-12 16:31:15.564 [info] [VerilogHoverProvider] Hover requested
2025-03-12 16:31:15.961 [info] [VerilogHoverProvider] Hover object returned
2025-03-12 16:31:24.597 [info] [VerilogDocumentSymbolProvider] [VerilogSymbol] Symbols Requested: file:///home/sgass/Projects/kepler/hdl/rtl/ethernet/ethernet_point_to_multipoint_hub.sv
2025-03-12 16:31:24.603 [info] [VerilogDocumentSymbolProvider] 1 top-level symbols returned
2025-03-12 16:31:25.930 [info] [VerilogDocumentSymbolProvider] [VerilogSymbol] Symbols Requested: file:///home/sgass/Projects/kepler/hdl/rtl/ethernet/ethernet_point_to_multipoint_hub.sv
2025-03-12 16:31:25.935 [info] [VerilogDocumentSymbolProvider] 1 top-level symbols returned
2025-03-12 16:31:26.321 [info] [VerilogDocumentSymbolProvider] [VerilogSymbol] Symbols Requested: file:///home/sgass/Projects/kepler/hdl/rtl/ethernet/ethernet_point_to_multipoint_hub.sv
2025-03-12 16:31:26.327 [info] [VerilogDocumentSymbolProvider] 1 top-level symbols returned
2025-03-12 16:31:29.769 [info] [VerilogHoverProvider] Hover requested
2025-03-12 16:31:30.254 [warning] [VerilogHoverProvider] Hover object not found
2025-03-12 16:31:32.379 [info] [VerilogDocumentSymbolProvider] [VerilogSymbol] Symbols Requested: file:///home/sgass/Projects/kepler/hdl/rtl/ethernet/ethernet_point_to_multipoint_hub.sv
2025-03-12 16:31:32.385 [info] [VerilogDocumentSymbolProvider] 1 top-level symbols returned
2025-03-12 16:31:33.118 [info] [VerilogDocumentSymbolProvider] [VerilogSymbol] Symbols Requested: file:///home/sgass/Projects/kepler/hdl/rtl/ethernet/ethernet_point_to_multipoint_hub.sv
2025-03-12 16:31:33.124 [info] [VerilogDocumentSymbolProvider] 1 top-level symbols returned
2025-03-12 16:31:34.680 [info] [VerilogDocumentSymbolProvider] [VerilogSymbol] Symbols Requested: file:///home/sgass/Projects/kepler/hdl/rtl/ethernet/ethernet_point_to_multipoint_hub.sv
2025-03-12 16:31:34.686 [info] [VerilogDocumentSymbolProvider] 1 top-level symbols returned
2025-03-12 16:31:35.620 [info] [VerilogDocumentSymbolProvider] [VerilogSymbol] Symbols Requested: file:///home/sgass/Projects/kepler/hdl/rtl/ethernet/ethernet_point_to_multipoint_hub.sv
2025-03-12 16:31:35.625 [info] [VerilogDocumentSymbolProvider] 1 top-level symbols returned
2025-03-12 16:31:36.099 [info] [VerilogDocumentSymbolProvider] [VerilogSymbol] Symbols Requested: file:///home/sgass/Projects/kepler/hdl/rtl/ethernet/ethernet_point_to_multipoint_hub.sv
2025-03-12 16:31:36.105 [info] [VerilogDocumentSymbolProvider] 1 top-level symbols returned
2025-03-12 16:31:42.591 [info] [VerilogDocumentSymbolProvider] [VerilogSymbol] Symbols Requested: file:///home/sgass/Projects/kepler/hdl/rtl/ethernet/ethernet_point_to_multipoint_hub.sv
2025-03-12 16:31:42.597 [info] [VerilogDocumentSymbolProvider] 1 top-level symbols returned
2025-03-12 16:31:43.743 [info] [VerilogDocumentSymbolProvider] [VerilogSymbol] Symbols Requested: file:///home/sgass/Projects/kepler/hdl/rtl/ethernet/ethernet_point_to_multipoint_hub.sv
2025-03-12 16:31:43.748 [info] [VerilogDocumentSymbolProvider] 1 top-level symbols returned
2025-03-12 16:31:48.405 [info] [VerilogDocumentSymbolProvider] [VerilogSymbol] Symbols Requested: file:///home/sgass/Projects/kepler/hdl/rtl/ethernet/ethernet_point_to_multipoint_hub.sv
2025-03-12 16:31:48.411 [info] [VerilogDocumentSymbolProvider] 1 top-level symbols returned
2025-03-12 16:31:49.841 [info] [VerilogHoverProvider] Hover requested
2025-03-12 16:31:52.603 [info] [VerilogHoverProvider] Hover requested
2025-03-12 16:31:52.921 [info] [VerilogHoverProvider] Hover requested
2025-03-12 16:31:53.017 [warning] [VerilogHoverProvider] Hover object not found
2025-03-12 16:31:53.230 [info] [VerilogHoverProvider] Hover requested
2025-03-12 16:31:53.631 [info] [VerilogHoverProvider] Hover object returned
2025-03-12 16:31:57.265 [info] [VerilogDocumentSymbolProvider] [VerilogSymbol] Symbols Requested: file:///home/sgass/Projects/kepler/hdl/rtl/ethernet/ethernet_point_to_multipoint_hub.sv
2025-03-12 16:31:57.272 [info] [VerilogDocumentSymbolProvider] 1 top-level symbols returned
2025-03-12 16:31:59.852 [info] [VerilogHoverProvider] Hover requested
2025-03-12 16:32:00.313 [info] [VerilogHoverProvider] Hover object returned
2025-03-12 16:32:01.234 [info] [VerilogHoverProvider] Hover requested
2025-03-12 16:32:11.954 [info] [VerilogDocumentSymbolProvider] [VerilogSymbol] Symbols Requested: file:///home/sgass/Projects/kepler/hdl/rtl/ethernet/ethernet_point_to_multipoint_hub.sv
2025-03-12 16:32:11.959 [info] [VerilogDocumentSymbolProvider] 1 top-level symbols returned
2025-03-12 16:32:13.473 [info] [VerilogDocumentSymbolProvider] [VerilogSymbol] Symbols Requested: file:///home/sgass/Projects/kepler/hdl/rtl/ethernet/ethernet_point_to_multipoint_hub.sv
2025-03-12 16:32:13.479 [info] [VerilogDocumentSymbolProvider] 1 top-level symbols returned
2025-03-12 16:32:14.853 [info] [VerilogHoverProvider] Hover requested
2025-03-12 16:32:15.050 [info] [VerilogHoverProvider] Hover requested
2025-03-12 16:32:15.241 [info] [VerilogHoverProvider] Hover object returned
2025-03-12 16:32:15.369 [info] [VerilogHoverProvider] Hover requested
2025-03-12 16:32:18.073 [info] [VerilogDocumentSymbolProvider] [VerilogSymbol] Symbols Requested: file:///home/sgass/Projects/kepler/hdl/rtl/ethernet/ethernet_point_to_multipoint_hub.sv
2025-03-12 16:32:18.079 [info] [VerilogDocumentSymbolProvider] 1 top-level symbols returned
2025-03-12 16:32:19.708 [info] [VerilogDocumentSymbolProvider] [VerilogSymbol] Symbols Requested: file:///home/sgass/Projects/kepler/hdl/rtl/ethernet/ethernet_point_to_multipoint_hub.sv
2025-03-12 16:32:19.713 [info] [VerilogDocumentSymbolProvider] 1 top-level symbols returned
2025-03-12 16:32:20.676 [info] [VerilogHoverProvider] Hover requested
2025-03-12 16:32:20.829 [info] [VerilogHoverProvider] Hover requested
2025-03-12 16:32:21.217 [info] [VerilogHoverProvider] Hover requested
2025-03-12 16:32:27.143 [info] [VerilogDocumentSymbolProvider] [VerilogSymbol] Symbols Requested: file:///home/sgass/Projects/kepler/hdl/rtl/ethernet/ethernet_point_to_multipoint_hub.sv
2025-03-12 16:32:27.149 [info] [VerilogDocumentSymbolProvider] 1 top-level symbols returned
2025-03-12 16:32:28.077 [info] [VerilogHoverProvider] Hover requested
2025-03-12 16:32:33.814 [info] [VerilogDocumentSymbolProvider] [VerilogSymbol] Symbols Requested: file:///home/sgass/Projects/kepler/hdl/rtl/ethernet/ethernet_point_to_multipoint_hub.sv
2025-03-12 16:32:33.820 [info] [VerilogDocumentSymbolProvider] 1 top-level symbols returned
2025-03-12 16:32:35.036 [info] [VerilogHoverProvider] Hover requested
2025-03-12 16:32:35.435 [warning] [VerilogHoverProvider] Hover object not found
2025-03-12 16:32:39.483 [info] [VerilogDocumentSymbolProvider] [VerilogSymbol] Symbols Requested: file:///home/sgass/Projects/kepler/hdl/rtl/ethernet/ethernet_point_to_multipoint_hub.sv
2025-03-12 16:32:39.490 [info] [VerilogDocumentSymbolProvider] 1 top-level symbols returned
2025-03-12 16:32:40.816 [info] [VerilogHoverProvider] Hover requested
2025-03-12 16:32:41.216 [warning] [VerilogHoverProvider] Hover object not found
2025-03-12 16:32:41.280 [info] [VerilogHoverProvider] Hover requested
2025-03-12 16:32:42.915 [info] on save
2025-03-12 16:32:52.367 [info] [VerilogDocumentSymbolProvider] [VerilogSymbol] Symbols Requested: file:///home/sgass/Projects/kepler/hdl/rtl/ethernet/ethernet_point_to_multipoint_hub.sv
2025-03-12 16:32:52.367 [info] indexing "/home/sgass/Projects/kepler/hdl/rtl/ethernet/ethernet_point_to_multipoint_hub.sv"
2025-03-12 16:32:52.367 [info] executing ctags
2025-03-12 16:32:52.367 [info] Executing Command: ctags -f - --fields=+K --sort=no --excmd=n --fields-SystemVerilog=+{parameter} "/home/sgass/Projects/kepler/hdl/rtl/ethernet/ethernet_point_to_multipoint_hub.sv"
2025-03-12 16:32:52.374 [info] building symbols
2025-03-12 16:32:52.378 [info] [VerilogDocumentSymbolProvider] 1 top-level symbols returned
2025-03-12 16:32:53.902 [info] [VerilogHoverProvider] Hover requested
2025-03-12 16:32:54.292 [info] [VerilogHoverProvider] Hover object returned
2025-03-12 16:32:57.879 [info] [VerilogDocumentSymbolProvider] [VerilogSymbol] Symbols Requested: file:///home/sgass/Projects/kepler/hdl/rtl/ethernet/ethernet_point_to_multipoint_hub.sv
2025-03-12 16:32:57.885 [info] [VerilogDocumentSymbolProvider] 1 top-level symbols returned
2025-03-12 16:33:03.252 [info] [VerilogDocumentSymbolProvider] [VerilogSymbol] Symbols Requested: file:///home/sgass/Projects/kepler/hdl/rtl/ethernet/ethernet_point_to_multipoint_hub.sv
2025-03-12 16:33:03.258 [info] [VerilogDocumentSymbolProvider] 1 top-level symbols returned
2025-03-12 16:33:05.212 [info] [VerilogDocumentSymbolProvider] [VerilogSymbol] Symbols Requested: file:///home/sgass/Projects/kepler/hdl/rtl/ethernet/ethernet_point_to_multipoint_hub.sv
2025-03-12 16:33:05.218 [info] [VerilogDocumentSymbolProvider] 1 top-level symbols returned
2025-03-12 16:33:06.064 [info] [VerilogDocumentSymbolProvider] [VerilogSymbol] Symbols Requested: file:///home/sgass/Projects/kepler/hdl/rtl/ethernet/ethernet_point_to_multipoint_hub.sv
2025-03-12 16:33:06.071 [info] [VerilogDocumentSymbolProvider] 1 top-level symbols returned
2025-03-12 16:33:07.242 [info] [VerilogDocumentSymbolProvider] [VerilogSymbol] Symbols Requested: file:///home/sgass/Projects/kepler/hdl/rtl/ethernet/ethernet_point_to_multipoint_hub.sv
2025-03-12 16:33:07.247 [info] [VerilogDocumentSymbolProvider] 1 top-level symbols returned
2025-03-12 16:33:09.676 [info] [VerilogDocumentSymbolProvider] [VerilogSymbol] Symbols Requested: file:///home/sgass/Projects/kepler/hdl/rtl/ethernet/ethernet_point_to_multipoint_hub.sv
2025-03-12 16:33:09.682 [info] [VerilogDocumentSymbolProvider] 1 top-level symbols returned
2025-03-12 16:33:11.251 [info] [VerilogDocumentSymbolProvider] [VerilogSymbol] Symbols Requested: file:///home/sgass/Projects/kepler/hdl/rtl/ethernet/ethernet_point_to_multipoint_hub.sv
2025-03-12 16:33:11.258 [info] [VerilogDocumentSymbolProvider] 1 top-level symbols returned
2025-03-12 16:33:22.148 [info] [VerilogHoverProvider] Hover requested
2025-03-12 16:33:22.539 [info] [VerilogHoverProvider] Hover object returned
2025-03-12 16:33:23.591 [info] [VerilogDocumentSymbolProvider] [VerilogSymbol] Symbols Requested: file:///home/sgass/Projects/kepler/hdl/rtl/ethernet/ethernet_point_to_multipoint_hub.sv
2025-03-12 16:33:23.599 [info] [VerilogDocumentSymbolProvider] 1 top-level symbols returned
2025-03-12 16:33:24.925 [info] [VerilogDocumentSymbolProvider] [VerilogSymbol] Symbols Requested: file:///home/sgass/Projects/kepler/hdl/rtl/ethernet/ethernet_point_to_multipoint_hub.sv
2025-03-12 16:33:24.931 [info] [VerilogDocumentSymbolProvider] 1 top-level symbols returned
2025-03-12 16:33:27.307 [info] [VerilogCompletionItemProvider] Completion items requested
2025-03-12 16:33:27.307 [info] [VerilogCompletionItemProvider] 141 items requested
2025-03-12 16:33:28.475 [info] [VerilogDocumentSymbolProvider] [VerilogSymbol] Symbols Requested: file:///home/sgass/Projects/kepler/hdl/rtl/ethernet/ethernet_point_to_multipoint_hub.sv
2025-03-12 16:33:28.481 [info] [VerilogDocumentSymbolProvider] 1 top-level symbols returned
2025-03-12 16:33:32.353 [info] [VerilogCompletionItemProvider] Completion items requested
2025-03-12 16:33:32.353 [info] [VerilogCompletionItemProvider] 141 items requested
2025-03-12 16:33:33.623 [info] [VerilogDocumentSymbolProvider] [VerilogSymbol] Symbols Requested: file:///home/sgass/Projects/kepler/hdl/rtl/ethernet/ethernet_point_to_multipoint_hub.sv
2025-03-12 16:33:33.630 [info] [VerilogDocumentSymbolProvider] 1 top-level symbols returned
2025-03-12 16:33:36.117 [info] [VerilogCompletionItemProvider] Completion items requested
2025-03-12 16:33:36.117 [info] [VerilogCompletionItemProvider] 141 items requested
2025-03-12 16:33:37.249 [info] [VerilogDocumentSymbolProvider] [VerilogSymbol] Symbols Requested: file:///home/sgass/Projects/kepler/hdl/rtl/ethernet/ethernet_point_to_multipoint_hub.sv
2025-03-12 16:33:37.257 [info] [VerilogDocumentSymbolProvider] 1 top-level symbols returned
2025-03-12 16:33:40.773 [info] [VerilogCompletionItemProvider] Completion items requested
2025-03-12 16:33:40.773 [info] [VerilogCompletionItemProvider] 141 items requested
2025-03-12 16:33:41.993 [info] [VerilogDocumentSymbolProvider] [VerilogSymbol] Symbols Requested: file:///home/sgass/Projects/kepler/hdl/rtl/ethernet/ethernet_point_to_multipoint_hub.sv
2025-03-12 16:33:41.998 [info] [VerilogDocumentSymbolProvider] 1 top-level symbols returned
2025-03-12 16:33:45.744 [info] [VerilogCompletionItemProvider] Completion items requested
2025-03-12 16:33:45.744 [info] [VerilogCompletionItemProvider] 141 items requested
2025-03-12 16:33:46.689 [info] [VerilogDocumentSymbolProvider] [VerilogSymbol] Symbols Requested: file:///home/sgass/Projects/kepler/hdl/rtl/ethernet/ethernet_point_to_multipoint_hub.sv
2025-03-12 16:33:46.694 [info] [VerilogDocumentSymbolProvider] 1 top-level symbols returned
2025-03-12 16:33:47.435 [info] [VerilogDocumentSymbolProvider] [VerilogSymbol] Symbols Requested: file:///home/sgass/Projects/kepler/hdl/rtl/ethernet/ethernet_point_to_multipoint_hub.sv
2025-03-12 16:33:47.441 [info] [VerilogDocumentSymbolProvider] 1 top-level symbols returned
2025-03-12 16:33:50.811 [info] [VerilogCompletionItemProvider] Completion items requested
2025-03-12 16:33:50.811 [info] [VerilogCompletionItemProvider] 141 items requested
2025-03-12 16:33:51.944 [info] [VerilogDocumentSymbolProvider] [VerilogSymbol] Symbols Requested: file:///home/sgass/Projects/kepler/hdl/rtl/ethernet/ethernet_point_to_multipoint_hub.sv
2025-03-12 16:33:51.950 [info] [VerilogDocumentSymbolProvider] 1 top-level symbols returned
2025-03-12 16:33:58.586 [info] [VerilogHoverProvider] Hover requested
2025-03-12 16:33:59.084 [warning] [VerilogHoverProvider] Hover object not found
2025-03-12 16:33:59.140 [info] [VerilogHoverProvider] Hover requested
2025-03-12 16:33:59.616 [info] [VerilogDocumentSymbolProvider] [VerilogSymbol] Symbols Requested: file:///home/sgass/Projects/kepler/hdl/rtl/ethernet/ethernet_point_to_multipoint_hub.sv
2025-03-12 16:33:59.621 [info] [VerilogDocumentSymbolProvider] 1 top-level symbols returned
2025-03-12 16:34:01.649 [info] [VerilogDocumentSymbolProvider] [VerilogSymbol] Symbols Requested: file:///home/sgass/Projects/kepler/hdl/rtl/ethernet/ethernet_point_to_multipoint_hub.sv
2025-03-12 16:34:01.655 [info] [VerilogDocumentSymbolProvider] 1 top-level symbols returned
2025-03-12 16:34:03.383 [info] [VerilogDocumentSymbolProvider] [VerilogSymbol] Symbols Requested: file:///home/sgass/Projects/kepler/hdl/rtl/ethernet/ethernet_point_to_multipoint_hub.sv
2025-03-12 16:34:03.389 [info] [VerilogDocumentSymbolProvider] 1 top-level symbols returned
2025-03-12 16:34:04.574 [info] [VerilogDocumentSymbolProvider] [VerilogSymbol] Symbols Requested: file:///home/sgass/Projects/kepler/hdl/rtl/ethernet/ethernet_point_to_multipoint_hub.sv
2025-03-12 16:34:04.581 [info] [VerilogDocumentSymbolProvider] 1 top-level symbols returned
2025-03-12 16:34:05.731 [info] [VerilogDocumentSymbolProvider] [VerilogSymbol] Symbols Requested: file:///home/sgass/Projects/kepler/hdl/rtl/ethernet/ethernet_point_to_multipoint_hub.sv
2025-03-12 16:34:05.739 [info] [VerilogDocumentSymbolProvider] 1 top-level symbols returned
2025-03-12 16:34:08.008 [info] [VerilogDocumentSymbolProvider] [VerilogSymbol] Symbols Requested: file:///home/sgass/Projects/kepler/hdl/rtl/ethernet/ethernet_point_to_multipoint_hub.sv
2025-03-12 16:34:08.011 [info] [VerilogDocumentSymbolProvider] 1 top-level symbols returned
2025-03-12 16:34:09.332 [info] [VerilogDocumentSymbolProvider] [VerilogSymbol] Symbols Requested: file:///home/sgass/Projects/kepler/hdl/rtl/ethernet/ethernet_point_to_multipoint_hub.sv
2025-03-12 16:34:09.338 [info] [VerilogDocumentSymbolProvider] 1 top-level symbols returned
2025-03-12 16:34:10.524 [info] [VerilogDocumentSymbolProvider] [VerilogSymbol] Symbols Requested: file:///home/sgass/Projects/kepler/hdl/rtl/ethernet/ethernet_point_to_multipoint_hub.sv
2025-03-12 16:34:10.530 [info] [VerilogDocumentSymbolProvider] 1 top-level symbols returned
2025-03-12 16:34:13.011 [info] [VerilogDocumentSymbolProvider] [VerilogSymbol] Symbols Requested: file:///home/sgass/Projects/kepler/hdl/rtl/ethernet/ethernet_point_to_multipoint_hub.sv
2025-03-12 16:34:13.016 [info] [VerilogDocumentSymbolProvider] 1 top-level symbols returned
2025-03-12 16:34:15.091 [info] [VerilogDocumentSymbolProvider] [VerilogSymbol] Symbols Requested: file:///home/sgass/Projects/kepler/hdl/rtl/ethernet/ethernet_point_to_multipoint_hub.sv
2025-03-12 16:34:15.096 [info] [VerilogDocumentSymbolProvider] 1 top-level symbols returned
2025-03-12 16:34:16.280 [info] [VerilogDocumentSymbolProvider] [VerilogSymbol] Symbols Requested: file:///home/sgass/Projects/kepler/hdl/rtl/ethernet/ethernet_point_to_multipoint_hub.sv
2025-03-12 16:34:16.285 [info] [VerilogDocumentSymbolProvider] 1 top-level symbols returned
2025-03-12 16:34:17.305 [info] [VerilogDocumentSymbolProvider] [VerilogSymbol] Symbols Requested: file:///home/sgass/Projects/kepler/hdl/rtl/ethernet/ethernet_point_to_multipoint_hub.sv
2025-03-12 16:34:17.311 [info] [VerilogDocumentSymbolProvider] 1 top-level symbols returned
2025-03-12 16:34:32.367 [info] [VerilogHoverProvider] Hover requested
2025-03-12 16:34:32.846 [info] [VerilogHoverProvider] Hover object returned
2025-03-12 16:34:33.469 [info] [VerilogHoverProvider] Hover requested
2025-03-12 16:34:33.906 [info] [VerilogHoverProvider] Hover object returned
2025-03-12 16:34:34.713 [info] [VerilogHoverProvider] Hover requested
2025-03-12 16:34:35.583 [info] [VerilogHoverProvider] Hover requested
2025-03-12 16:34:35.972 [info] [VerilogHoverProvider] Hover requested
2025-03-12 16:34:35.990 [info] [VerilogHoverProvider] Hover object returned
2025-03-12 16:34:36.363 [info] [VerilogHoverProvider] Hover object returned
2025-03-12 16:34:37.347 [info] [VerilogHoverProvider] Hover requested
2025-03-12 16:34:38.616 [info] [VerilogCompletionItemProvider] Completion items requested
2025-03-12 16:34:38.616 [info] [VerilogCompletionItemProvider] 141 items requested
2025-03-12 16:34:40.455 [info] [VerilogDocumentSymbolProvider] [VerilogSymbol] Symbols Requested: file:///home/sgass/Projects/kepler/hdl/rtl/ethernet/ethernet_point_to_multipoint_hub.sv
2025-03-12 16:34:40.462 [info] [VerilogDocumentSymbolProvider] 1 top-level symbols returned
2025-03-12 16:34:41.091 [info] [VerilogDocumentSymbolProvider] [VerilogSymbol] Symbols Requested: file:///home/sgass/Projects/kepler/hdl/rtl/ethernet/ethernet_point_to_multipoint_hub.sv
2025-03-12 16:34:41.097 [info] [VerilogDocumentSymbolProvider] 1 top-level symbols returned
2025-03-12 16:34:46.157 [info] [VerilogHoverProvider] Hover requested
2025-03-12 16:34:46.310 [info] [VerilogHoverProvider] Hover requested
2025-03-12 16:34:46.612 [warning] [VerilogHoverProvider] Hover object not found
2025-03-12 16:34:46.718 [warning] [VerilogHoverProvider] Hover object not found
2025-03-12 16:34:48.642 [info] [VerilogHoverProvider] Hover requested
2025-03-12 16:34:48.970 [info] [VerilogHoverProvider] Hover requested
2025-03-12 16:34:49.386 [info] [VerilogHoverProvider] Hover object returned
2025-03-12 16:34:49.498 [info] [VerilogDefinitionProvider] Definitions Requested: file:///home/sgass/Projects/kepler/hdl/rtl/ethernet/ethernet_point_to_multipoint_hub.sv
2025-03-12 16:34:49.920 [info] [VerilogDefinitionProvider] 2 definitions returned
2025-03-12 16:34:50.293 [info] [VerilogDefinitionProvider] Definitions Requested: file:///home/sgass/Projects/kepler/hdl/rtl/ethernet/ethernet_point_to_multipoint_hub.sv
2025-03-12 16:34:50.729 [info] [VerilogDefinitionProvider] 2 definitions returned
2025-03-12 16:34:50.752 [info] [VerilogDocumentSymbolProvider] [VerilogSymbol] Symbols Requested: file:///home/sgass/Projects/kepler/hdl/rtl/ethernet/ethernet_point_to_multipoint_hub.sv
2025-03-12 16:34:50.753 [info] [VerilogDocumentSymbolProvider] 1 top-level symbols returned
2025-03-12 16:34:57.332 [info] [VerilogDocumentSymbolProvider] [VerilogSymbol] Symbols Requested: file:///home/sgass/Projects/kepler/hdl/rtl/ethernet/ethernet_point_to_multipoint_hub.sv
2025-03-12 16:34:57.339 [info] [VerilogDocumentSymbolProvider] 1 top-level symbols returned
2025-03-12 16:35:00.659 [info] [VerilogDocumentSymbolProvider] [VerilogSymbol] Symbols Requested: file:///home/sgass/Projects/kepler/hdl/rtl/ethernet/ethernet_point_to_multipoint_hub.sv
2025-03-12 16:35:00.665 [info] [VerilogDocumentSymbolProvider] 1 top-level symbols returned
2025-03-12 16:35:05.105 [info] [VerilogDocumentSymbolProvider] [VerilogSymbol] Symbols Requested: file:///home/sgass/Projects/kepler/hdl/rtl/ethernet/ethernet_point_to_multipoint_hub.sv
2025-03-12 16:35:05.111 [info] [VerilogDocumentSymbolProvider] 1 top-level symbols returned
2025-03-12 16:35:09.833 [info] [VerilogDocumentSymbolProvider] [VerilogSymbol] Symbols Requested: file:///home/sgass/Projects/kepler/hdl/rtl/ethernet/ethernet_point_to_multipoint_hub.sv
2025-03-12 16:35:09.839 [info] [VerilogDocumentSymbolProvider] 1 top-level symbols returned
2025-03-12 16:35:13.125 [info] [VerilogHoverProvider] Hover requested
2025-03-12 16:35:15.505 [info] [VerilogHoverProvider] Hover requested
2025-03-12 16:35:15.688 [info] [VerilogHoverProvider] Hover requested
2025-03-12 16:35:18.434 [info] [VerilogDocumentSymbolProvider] [VerilogSymbol] Symbols Requested: file:///home/sgass/Projects/kepler/hdl/rtl/ethernet/ethernet_point_to_multipoint_hub.sv
2025-03-12 16:35:18.441 [info] [VerilogDocumentSymbolProvider] 1 top-level symbols returned
2025-03-12 16:35:20.636 [info] [VerilogDocumentSymbolProvider] [VerilogSymbol] Symbols Requested: file:///home/sgass/Projects/kepler/hdl/rtl/ethernet/ethernet_point_to_multipoint_hub.sv
2025-03-12 16:35:20.642 [info] [VerilogDocumentSymbolProvider] 1 top-level symbols returned
2025-03-12 16:35:37.730 [info] on save
2025-03-12 16:35:38.078 [info] [VerilogDocumentSymbolProvider] [VerilogSymbol] Symbols Requested: file:///home/sgass/Projects/kepler/hdl/rtl/ethernet/ethernet_point_to_multipoint_hub.sv
2025-03-12 16:35:38.078 [info] indexing "/home/sgass/Projects/kepler/hdl/rtl/ethernet/ethernet_point_to_multipoint_hub.sv"
2025-03-12 16:35:38.078 [info] executing ctags
2025-03-12 16:35:38.078 [info] Executing Command: ctags -f - --fields=+K --sort=no --excmd=n --fields-SystemVerilog=+{parameter} "/home/sgass/Projects/kepler/hdl/rtl/ethernet/ethernet_point_to_multipoint_hub.sv"
2025-03-12 16:35:38.085 [info] building symbols
2025-03-12 16:35:38.090 [info] [VerilogDocumentSymbolProvider] 1 top-level symbols returned
2025-03-12 16:35:52.010 [info] [VerilogHoverProvider] Hover requested
2025-03-12 16:35:52.423 [info] [VerilogHoverProvider] Hover object returned
2025-03-12 16:35:53.997 [info] [VerilogHoverProvider] Hover requested
2025-03-12 16:35:54.410 [info] [VerilogHoverProvider] Hover object returned
2025-03-12 16:35:57.703 [info] [VerilogHoverProvider] Hover requested
2025-03-12 16:36:08.369 [info] [VerilogHoverProvider] Hover requested
2025-03-12 16:36:08.787 [info] [VerilogHoverProvider] Hover object returned
2025-03-12 16:36:09.835 [info] [VerilogHoverProvider] Hover requested
2025-03-12 16:36:10.238 [info] indexing "/home/sgass/Projects/kepler/hdl/vivado/workspace/15eglv_pcuecp/pcuecp.ip_user_files/ipstatic/src/hw/include/interfaces.sv"
2025-03-12 16:36:10.238 [info] executing ctags
2025-03-12 16:36:10.238 [info] Executing Command: ctags -f - --fields=+K --sort=no --excmd=n --fields-SystemVerilog=+{parameter} "/home/sgass/Projects/kepler/hdl/vivado/workspace/15eglv_pcuecp/pcuecp.ip_user_files/ipstatic/src/hw/include/interfaces.sv"
2025-03-12 16:36:10.240 [info] building symbols
2025-03-12 16:36:10.240 [error] No output from ctags
2025-03-12 16:36:10.240 [warning] [VerilogHoverProvider] Hover object not found
2025-03-12 16:36:10.402 [info] [VerilogHoverProvider] Hover requested
2025-03-12 16:36:11.278 [info] [VerilogDocumentSymbolProvider] [VerilogSymbol] Symbols Requested: file:///home/sgass/Projects/kepler/hdl/rtl/ethernet/ethernet_point_to_multipoint_hub.sv
2025-03-12 16:36:11.285 [info] [VerilogDocumentSymbolProvider] 1 top-level symbols returned
2025-03-12 16:36:11.449 [info] [VerilogHoverProvider] Hover requested
2025-03-12 16:36:11.879 [info] [VerilogHoverProvider] Hover object returned
2025-03-12 16:36:16.518 [info] [VerilogHoverProvider] Hover requested
2025-03-12 16:36:16.765 [info] [VerilogHoverProvider] Hover requested
2025-03-12 16:36:16.964 [info] indexing "/home/sgass/Projects/kepler/hdl/vivado/workspace/vitis_net_p4_forward_2022_ex/vitis_net_p4_forward_2022_ex.ip_user_files/ipstatic/src/hw/include/interfaces.sv"
2025-03-12 16:36:16.964 [info] executing ctags
2025-03-12 16:36:16.964 [info] Executing Command: ctags -f - --fields=+K --sort=no --excmd=n --fields-SystemVerilog=+{parameter} "/home/sgass/Projects/kepler/hdl/vivado/workspace/vitis_net_p4_forward_2022_ex/vitis_net_p4_forward_2022_ex.ip_user_files/ipstatic/src/hw/include/interfaces.sv"
2025-03-12 16:36:16.967 [info] building symbols
2025-03-12 16:36:16.967 [warning] [VerilogHoverProvider] Hover object not found
2025-03-12 16:36:17.158 [info] [VerilogHoverProvider] Hover requested
2025-03-12 16:36:17.169 [info] indexing "/home/sgass/Projects/kepler/hdl/vivado/workspace/vitis_net_p4_passthrough_with_ipv4_user_extern_ex/vitis_net_p4_passthrough_with_ipv4_user_extern_ex.gen/sources_1/ip/vitis_net_p4_passthrough_with_ipv4_user_extern/src/hw/include/interfaces.sv"
2025-03-12 16:36:17.169 [info] executing ctags
2025-03-12 16:36:17.169 [info] Executing Command: ctags -f - --fields=+K --sort=no --excmd=n --fields-SystemVerilog=+{parameter} "/home/sgass/Projects/kepler/hdl/vivado/workspace/vitis_net_p4_passthrough_with_ipv4_user_extern_ex/vitis_net_p4_passthrough_with_ipv4_user_extern_ex.gen/sources_1/ip/vitis_net_p4_passthrough_with_ipv4_user_extern/src/hw/include/interfaces.sv"
2025-03-12 16:36:17.172 [info] building symbols
2025-03-12 16:36:17.172 [error] No output from ctags
2025-03-12 16:36:17.172 [warning] [VerilogHoverProvider] Hover object not found
2025-03-12 16:36:17.779 [info] [VerilogDocumentSymbolProvider] [VerilogSymbol] Symbols Requested: file:///home/sgass/Projects/kepler/hdl/rtl/ethernet/ethernet_point_to_multipoint_hub.sv
2025-03-12 16:36:17.785 [info] [VerilogDocumentSymbolProvider] 1 top-level symbols returned
2025-03-12 16:36:18.225 [info] [VerilogDocumentSymbolProvider] [VerilogSymbol] Symbols Requested: file:///home/sgass/Projects/kepler/hdl/rtl/ethernet/ethernet_point_to_multipoint_hub.sv
2025-03-12 16:36:18.230 [info] [VerilogDocumentSymbolProvider] 1 top-level symbols returned
2025-03-12 16:36:32.543 [info] [VerilogHoverProvider] Hover requested
2025-03-12 16:36:32.975 [info] [VerilogHoverProvider] Hover object returned
2025-03-12 16:36:33.251 [info] [VerilogHoverProvider] Hover requested
2025-03-12 16:36:33.661 [info] [VerilogHoverProvider] Hover object returned
2025-03-12 16:37:42.210 [info] [VerilogDocumentSymbolProvider] [VerilogSymbol] Symbols Requested: file:///home/sgass/Projects/kepler/hdl/rtl/ethernet/ethernet_point_to_multipoint_hub.sv
2025-03-12 16:37:42.216 [info] [VerilogDocumentSymbolProvider] 1 top-level symbols returned
2025-03-12 16:37:42.894 [info] [VerilogDocumentSymbolProvider] [VerilogSymbol] Symbols Requested: file:///home/sgass/Projects/kepler/hdl/rtl/ethernet/ethernet_point_to_multipoint_hub.sv
2025-03-12 16:37:42.901 [info] [VerilogDocumentSymbolProvider] 1 top-level symbols returned
2025-03-12 16:37:43.492 [info] [VerilogDocumentSymbolProvider] [VerilogSymbol] Symbols Requested: file:///home/sgass/Projects/kepler/hdl/rtl/ethernet/ethernet_point_to_multipoint_hub.sv
2025-03-12 16:37:43.499 [info] [VerilogDocumentSymbolProvider] 1 top-level symbols returned
2025-03-12 16:37:44.531 [info] [VerilogDocumentSymbolProvider] [VerilogSymbol] Symbols Requested: file:///home/sgass/Projects/kepler/hdl/rtl/ethernet/ethernet_point_to_multipoint_hub.sv
2025-03-12 16:37:44.537 [info] [VerilogDocumentSymbolProvider] 1 top-level symbols returned
2025-03-12 16:37:47.848 [info] [VerilogDocumentSymbolProvider] [VerilogSymbol] Symbols Requested: file:///home/sgass/Projects/kepler/hdl/rtl/ethernet/ethernet_point_to_multipoint_hub.sv
2025-03-12 16:37:47.854 [info] [VerilogDocumentSymbolProvider] 1 top-level symbols returned
2025-03-12 16:37:49.416 [info] [VerilogDocumentSymbolProvider] [VerilogSymbol] Symbols Requested: file:///home/sgass/Projects/kepler/hdl/rtl/ethernet/ethernet_point_to_multipoint_hub.sv
2025-03-12 16:37:49.423 [info] [VerilogDocumentSymbolProvider] 1 top-level symbols returned
2025-03-12 16:37:51.073 [info] [VerilogDocumentSymbolProvider] [VerilogSymbol] Symbols Requested: file:///home/sgass/Projects/kepler/hdl/rtl/ethernet/ethernet_point_to_multipoint_hub.sv
2025-03-12 16:37:51.079 [info] [VerilogDocumentSymbolProvider] 1 top-level symbols returned
2025-03-12 16:37:52.134 [info] [VerilogHoverProvider] Hover requested
2025-03-12 16:37:52.544 [info] [VerilogHoverProvider] Hover object returned
2025-03-12 16:38:07.533 [info] on save
2025-03-12 16:38:24.891 [info] [VerilogHoverProvider] Hover requested
2025-03-12 16:39:28.885 [info] [VerilogDocumentSymbolProvider] [VerilogSymbol] Symbols Requested: file:///home/sgass/Projects/kepler/hdl/rtl/ethernet/ethernet_point_to_multipoint_hub.sv
2025-03-12 16:39:28.885 [info] indexing "/home/sgass/Projects/kepler/hdl/rtl/ethernet/ethernet_point_to_multipoint_hub.sv"
2025-03-12 16:39:28.885 [info] executing ctags
2025-03-12 16:39:28.885 [info] Executing Command: ctags -f - --fields=+K --sort=no --excmd=n --fields-SystemVerilog=+{parameter} "/home/sgass/Projects/kepler/hdl/rtl/ethernet/ethernet_point_to_multipoint_hub.sv"
2025-03-12 16:39:28.892 [info] building symbols
2025-03-12 16:39:28.896 [info] [VerilogDocumentSymbolProvider] 1 top-level symbols returned
2025-03-12 16:39:30.458 [info] [VerilogDocumentSymbolProvider] [VerilogSymbol] Symbols Requested: file:///home/sgass/Projects/kepler/hdl/rtl/ethernet/ethernet_point_to_multipoint_hub.sv
2025-03-12 16:39:30.465 [info] [VerilogDocumentSymbolProvider] 1 top-level symbols returned
2025-03-12 16:39:31.095 [info] [VerilogDocumentSymbolProvider] [VerilogSymbol] Symbols Requested: file:///home/sgass/Projects/kepler/hdl/rtl/ethernet/ethernet_point_to_multipoint_hub.sv
2025-03-12 16:39:31.100 [info] [VerilogDocumentSymbolProvider] 1 top-level symbols returned
2025-03-12 16:39:38.282 [info] [VerilogDocumentSymbolProvider] [VerilogSymbol] Symbols Requested: file:///home/sgass/Projects/kepler/hdl/rtl/ethernet/ethernet_point_to_multipoint_hub.sv
2025-03-12 16:39:38.288 [info] [VerilogDocumentSymbolProvider] 1 top-level symbols returned
2025-03-12 16:39:39.456 [info] [VerilogDocumentSymbolProvider] [VerilogSymbol] Symbols Requested: file:///home/sgass/Projects/kepler/hdl/rtl/ethernet/ethernet_point_to_multipoint_hub.sv
2025-03-12 16:39:39.459 [info] [VerilogDocumentSymbolProvider] 1 top-level symbols returned
2025-03-12 16:39:43.456 [info] [VerilogDocumentSymbolProvider] [VerilogSymbol] Symbols Requested: file:///home/sgass/Projects/kepler/hdl/rtl/ethernet/ethernet_point_to_multipoint_hub.sv
2025-03-12 16:39:43.463 [info] [VerilogDocumentSymbolProvider] 1 top-level symbols returned
2025-03-12 16:39:47.549 [info] [VerilogDocumentSymbolProvider] [VerilogSymbol] Symbols Requested: file:///home/sgass/Projects/kepler/hdl/rtl/ethernet/ethernet_point_to_multipoint_hub.sv
2025-03-12 16:39:47.555 [info] [VerilogDocumentSymbolProvider] 1 top-level symbols returned
2025-03-12 16:42:13.742 [info] [VerilogCompletionItemProvider] Completion items requested
2025-03-12 16:42:13.743 [info] [VerilogCompletionItemProvider] 141 items requested
2025-03-12 16:42:14.872 [info] [VerilogDocumentSymbolProvider] [VerilogSymbol] Symbols Requested: file:///home/sgass/Projects/kepler/hdl/rtl/ethernet/ethernet_point_to_multipoint_hub.sv
2025-03-12 16:42:14.879 [info] [VerilogDocumentSymbolProvider] 1 top-level symbols returned
2025-03-12 16:42:16.041 [info] [VerilogDocumentSymbolProvider] [VerilogSymbol] Symbols Requested: file:///home/sgass/Projects/kepler/hdl/rtl/ethernet/ethernet_point_to_multipoint_hub.sv
2025-03-12 16:42:16.047 [info] [VerilogDocumentSymbolProvider] 1 top-level symbols returned
2025-03-12 16:42:22.258 [info] [VerilogHoverProvider] Hover requested
2025-03-12 16:44:21.013 [info] [VerilogCompletionItemProvider] Completion items requested
2025-03-12 16:44:21.013 [info] [VerilogCompletionItemProvider] 141 items requested
2025-03-12 16:44:21.745 [info] [VerilogDocumentSymbolProvider] [VerilogSymbol] Symbols Requested: file:///home/sgass/Projects/kepler/hdl/rtl/ethernet/ethernet_point_to_multipoint_hub.sv
2025-03-12 16:44:21.753 [info] [VerilogDocumentSymbolProvider] 1 top-level symbols returned
2025-03-12 16:44:23.074 [info] [VerilogDocumentSymbolProvider] [VerilogSymbol] Symbols Requested: file:///home/sgass/Projects/kepler/hdl/rtl/ethernet/ethernet_point_to_multipoint_hub.sv
2025-03-12 16:44:23.081 [info] [VerilogDocumentSymbolProvider] 1 top-level symbols returned
2025-03-12 16:44:26.808 [info] [VerilogCompletionItemProvider] Completion items requested
2025-03-12 16:44:26.808 [info] [VerilogCompletionItemProvider] 141 items requested
2025-03-12 16:44:28.039 [info] [VerilogDocumentSymbolProvider] [VerilogSymbol] Symbols Requested: file:///home/sgass/Projects/kepler/hdl/rtl/ethernet/ethernet_point_to_multipoint_hub.sv
2025-03-12 16:44:28.045 [info] [VerilogDocumentSymbolProvider] 1 top-level symbols returned
2025-03-12 16:44:30.757 [info] [VerilogDocumentSymbolProvider] [VerilogSymbol] Symbols Requested: file:///home/sgass/Projects/kepler/hdl/rtl/ethernet/ethernet_point_to_multipoint_hub.sv
2025-03-12 16:44:30.763 [info] [VerilogDocumentSymbolProvider] 1 top-level symbols returned
2025-03-12 16:44:31.288 [info] [VerilogDocumentSymbolProvider] [VerilogSymbol] Symbols Requested: file:///home/sgass/Projects/kepler/hdl/rtl/ethernet/ethernet_point_to_multipoint_hub.sv
2025-03-12 16:44:31.292 [info] [VerilogDocumentSymbolProvider] 1 top-level symbols returned
2025-03-12 16:44:35.760 [info] [VerilogDocumentSymbolProvider] [VerilogSymbol] Symbols Requested: file:///home/sgass/Projects/kepler/hdl/rtl/ethernet/ethernet_point_to_multipoint_hub.sv
2025-03-12 16:44:35.766 [info] [VerilogDocumentSymbolProvider] 1 top-level symbols returned
2025-03-12 16:44:36.934 [info] [VerilogCompletionItemProvider] Completion items requested
2025-03-12 16:44:36.934 [info] [VerilogCompletionItemProvider] 141 items requested
2025-03-12 16:44:38.206 [info] [VerilogDocumentSymbolProvider] [VerilogSymbol] Symbols Requested: file:///home/sgass/Projects/kepler/hdl/rtl/ethernet/ethernet_point_to_multipoint_hub.sv
2025-03-12 16:44:38.212 [info] [VerilogDocumentSymbolProvider] 1 top-level symbols returned
2025-03-12 16:44:40.356 [info] [VerilogDocumentSymbolProvider] [VerilogSymbol] Symbols Requested: file:///home/sgass/Projects/kepler/hdl/rtl/ethernet/ethernet_point_to_multipoint_hub.sv
2025-03-12 16:44:40.362 [info] [VerilogDocumentSymbolProvider] 1 top-level symbols returned
2025-03-12 16:44:40.375 [info] [VerilogCompletionItemProvider] Completion items requested
2025-03-12 16:44:40.376 [info] [VerilogCompletionItemProvider] 141 items requested
2025-03-12 16:44:40.968 [info] [VerilogCompletionItemProvider] Completion items requested
2025-03-12 16:44:40.968 [info] [VerilogCompletionItemProvider] 141 items requested
2025-03-12 16:44:41.309 [info] [VerilogDocumentSymbolProvider] [VerilogSymbol] Symbols Requested: file:///home/sgass/Projects/kepler/hdl/rtl/ethernet/ethernet_point_to_multipoint_hub.sv
2025-03-12 16:44:41.314 [info] [VerilogDocumentSymbolProvider] 1 top-level symbols returned
2025-03-12 16:44:42.549 [info] [VerilogCompletionItemProvider] Completion items requested
2025-03-12 16:44:42.550 [info] [VerilogCompletionItemProvider] 141 items requested
2025-03-12 16:44:42.899 [info] [VerilogDocumentSymbolProvider] [VerilogSymbol] Symbols Requested: file:///home/sgass/Projects/kepler/hdl/rtl/ethernet/ethernet_point_to_multipoint_hub.sv
2025-03-12 16:44:42.905 [info] [VerilogDocumentSymbolProvider] 1 top-level symbols returned
2025-03-12 16:44:45.313 [info] [VerilogDocumentSymbolProvider] [VerilogSymbol] Symbols Requested: file:///home/sgass/Projects/kepler/hdl/rtl/ethernet/ethernet_point_to_multipoint_hub.sv
2025-03-12 16:44:45.319 [info] [VerilogDocumentSymbolProvider] 1 top-level symbols returned
2025-03-12 16:44:49.538 [info] [VerilogDocumentSymbolProvider] [VerilogSymbol] Symbols Requested: file:///home/sgass/Projects/kepler/hdl/rtl/ethernet/ethernet_point_to_multipoint_hub.sv
2025-03-12 16:44:49.543 [info] [VerilogDocumentSymbolProvider] 1 top-level symbols returned
2025-03-12 16:44:50.877 [info] [VerilogDocumentSymbolProvider] [VerilogSymbol] Symbols Requested: file:///home/sgass/Projects/kepler/hdl/rtl/ethernet/ethernet_point_to_multipoint_hub.sv
2025-03-12 16:44:50.883 [info] [VerilogDocumentSymbolProvider] 1 top-level symbols returned
2025-03-12 16:44:52.022 [info] [VerilogDocumentSymbolProvider] [VerilogSymbol] Symbols Requested: file:///home/sgass/Projects/kepler/hdl/rtl/ethernet/ethernet_point_to_multipoint_hub.sv
2025-03-12 16:44:52.028 [info] [VerilogDocumentSymbolProvider] 1 top-level symbols returned
2025-03-12 16:44:52.593 [info] [VerilogDocumentSymbolProvider] [VerilogSymbol] Symbols Requested: file:///home/sgass/Projects/kepler/hdl/rtl/ethernet/ethernet_point_to_multipoint_hub.sv
2025-03-12 16:44:52.599 [info] [VerilogDocumentSymbolProvider] 1 top-level symbols returned
2025-03-12 16:44:53.266 [info] [VerilogDocumentSymbolProvider] [VerilogSymbol] Symbols Requested: file:///home/sgass/Projects/kepler/hdl/rtl/ethernet/ethernet_point_to_multipoint_hub.sv
2025-03-12 16:44:53.272 [info] [VerilogDocumentSymbolProvider] 1 top-level symbols returned
2025-03-12 16:44:53.928 [info] [VerilogDocumentSymbolProvider] [VerilogSymbol] Symbols Requested: file:///home/sgass/Projects/kepler/hdl/rtl/ethernet/ethernet_point_to_multipoint_hub.sv
2025-03-12 16:44:53.934 [info] [VerilogDocumentSymbolProvider] 1 top-level symbols returned
2025-03-12 16:44:59.807 [info] [VerilogDocumentSymbolProvider] [VerilogSymbol] Symbols Requested: file:///home/sgass/Projects/kepler/hdl/rtl/ethernet/ethernet_point_to_multipoint_hub.sv
2025-03-12 16:44:59.813 [info] [VerilogDocumentSymbolProvider] 1 top-level symbols returned
2025-03-12 16:45:01.087 [info] [VerilogDocumentSymbolProvider] [VerilogSymbol] Symbols Requested: file:///home/sgass/Projects/kepler/hdl/rtl/ethernet/ethernet_point_to_multipoint_hub.sv
2025-03-12 16:45:01.094 [info] [VerilogDocumentSymbolProvider] 1 top-level symbols returned
2025-03-12 16:45:03.161 [info] [VerilogDocumentSymbolProvider] [VerilogSymbol] Symbols Requested: file:///home/sgass/Projects/kepler/hdl/rtl/ethernet/ethernet_point_to_multipoint_hub.sv
2025-03-12 16:45:03.167 [info] [VerilogDocumentSymbolProvider] 1 top-level symbols returned
2025-03-12 16:45:03.937 [info] [VerilogDocumentSymbolProvider] [VerilogSymbol] Symbols Requested: file:///home/sgass/Projects/kepler/hdl/rtl/ethernet/ethernet_point_to_multipoint_hub.sv
2025-03-12 16:45:03.942 [info] [VerilogDocumentSymbolProvider] 1 top-level symbols returned
2025-03-12 16:45:05.852 [info] [VerilogDocumentSymbolProvider] [VerilogSymbol] Symbols Requested: file:///home/sgass/Projects/kepler/hdl/rtl/ethernet/ethernet_point_to_multipoint_hub.sv
2025-03-12 16:45:05.857 [info] [VerilogDocumentSymbolProvider] 1 top-level symbols returned
2025-03-12 16:45:09.138 [info] [VerilogCompletionItemProvider] Completion items requested
2025-03-12 16:45:09.138 [info] [VerilogCompletionItemProvider] 141 items requested
2025-03-12 16:45:09.728 [info] [VerilogDocumentSymbolProvider] [VerilogSymbol] Symbols Requested: file:///home/sgass/Projects/kepler/hdl/rtl/ethernet/ethernet_point_to_multipoint_hub.sv
2025-03-12 16:45:09.734 [info] [VerilogDocumentSymbolProvider] 1 top-level symbols returned
2025-03-12 16:45:12.395 [info] [VerilogDocumentSymbolProvider] [VerilogSymbol] Symbols Requested: file:///home/sgass/Projects/kepler/hdl/rtl/ethernet/ethernet_point_to_multipoint_hub.sv
2025-03-12 16:45:12.401 [info] [VerilogDocumentSymbolProvider] 1 top-level symbols returned
2025-03-12 16:45:14.335 [info] [VerilogDocumentSymbolProvider] [VerilogSymbol] Symbols Requested: file:///home/sgass/Projects/kepler/hdl/rtl/ethernet/ethernet_point_to_multipoint_hub.sv
2025-03-12 16:45:14.340 [info] [VerilogDocumentSymbolProvider] 1 top-level symbols returned
2025-03-12 16:45:19.247 [info] [VerilogHoverProvider] Hover requested
2025-03-12 16:45:19.695 [info] [VerilogHoverProvider] Hover requested
2025-03-12 16:45:19.702 [warning] [VerilogHoverProvider] Hover object not found
2025-03-12 16:45:20.115 [warning] [VerilogHoverProvider] Hover object not found
2025-03-12 16:45:20.666 [info] [VerilogHoverProvider] Hover requested
2025-03-12 16:45:21.162 [warning] [VerilogHoverProvider] Hover object not found
2025-03-12 16:45:21.197 [info] [VerilogHoverProvider] Hover requested
2025-03-12 16:45:21.565 [info] [VerilogHoverProvider] Hover requested
2025-03-12 16:45:21.612 [warning] [VerilogHoverProvider] Hover object not found
2025-03-12 16:45:21.734 [info] [VerilogHoverProvider] Hover requested
2025-03-12 16:45:21.893 [info] [VerilogHoverProvider] Hover requested
2025-03-12 16:45:21.966 [warning] [VerilogHoverProvider] Hover object not found
2025-03-12 16:45:22.141 [warning] [VerilogHoverProvider] Hover object not found
2025-03-12 16:45:29.248 [info] [VerilogHoverProvider] Hover requested
2025-03-12 16:45:29.641 [warning] [VerilogHoverProvider] Hover object not found
2025-03-12 16:45:30.089 [info] [VerilogDefinitionProvider] Definitions Requested: file:///home/sgass/Projects/kepler/hdl/rtl/ethernet/ethernet_point_to_multipoint_hub.sv
2025-03-12 16:45:30.506 [info] [VerilogDefinitionProvider] 0 definitions returned
2025-03-12 16:45:31.642 [info] [VerilogDocumentSymbolProvider] [VerilogSymbol] Symbols Requested: file:///home/sgass/Projects/kepler/hdl/rtl/ethernet/ethernet_point_to_multipoint_hub.sv
2025-03-12 16:45:31.648 [info] [VerilogDocumentSymbolProvider] 1 top-level symbols returned
2025-03-12 16:45:34.193 [info] [VerilogDocumentSymbolProvider] [VerilogSymbol] Symbols Requested: file:///home/sgass/Projects/kepler/hdl/rtl/ethernet/ethernet_point_to_multipoint_hub.sv
2025-03-12 16:45:34.199 [info] [VerilogDocumentSymbolProvider] 1 top-level symbols returned
2025-03-12 16:45:36.437 [info] [VerilogCompletionItemProvider] Completion items requested
2025-03-12 16:45:36.438 [info] [VerilogCompletionItemProvider] 141 items requested
2025-03-12 16:45:36.992 [info] [VerilogDocumentSymbolProvider] [VerilogSymbol] Symbols Requested: file:///home/sgass/Projects/kepler/hdl/rtl/ethernet/ethernet_point_to_multipoint_hub.sv
2025-03-12 16:45:36.998 [info] [VerilogDocumentSymbolProvider] 1 top-level symbols returned
2025-03-12 16:45:37.949 [info] [VerilogDocumentSymbolProvider] [VerilogSymbol] Symbols Requested: file:///home/sgass/Projects/kepler/hdl/rtl/ethernet/ethernet_point_to_multipoint_hub.sv
2025-03-12 16:45:37.955 [info] [VerilogDocumentSymbolProvider] 1 top-level symbols returned
2025-03-12 16:45:39.319 [info] [VerilogDocumentSymbolProvider] [VerilogSymbol] Symbols Requested: file:///home/sgass/Projects/kepler/hdl/rtl/ethernet/ethernet_point_to_multipoint_hub.sv
2025-03-12 16:45:39.325 [info] [VerilogDocumentSymbolProvider] 1 top-level symbols returned
2025-03-12 16:45:40.062 [info] [VerilogHoverProvider] Hover requested
2025-03-12 16:45:40.463 [warning] [VerilogHoverProvider] Hover object not found
2025-03-12 16:45:44.922 [info] [VerilogDocumentSymbolProvider] [VerilogSymbol] Symbols Requested: file:///home/sgass/Projects/kepler/hdl/rtl/ethernet/ethernet_point_to_multipoint_hub.sv
2025-03-12 16:45:44.928 [info] [VerilogDocumentSymbolProvider] 1 top-level symbols returned
2025-03-12 16:45:45.625 [info] [VerilogDocumentSymbolProvider] [VerilogSymbol] Symbols Requested: file:///home/sgass/Projects/kepler/hdl/rtl/ethernet/ethernet_point_to_multipoint_hub.sv
2025-03-12 16:45:45.631 [info] [VerilogDocumentSymbolProvider] 1 top-level symbols returned
2025-03-12 16:45:48.537 [info] [VerilogCompletionItemProvider] Completion items requested
2025-03-12 16:45:48.537 [info] [VerilogCompletionItemProvider] 141 items requested
2025-03-12 16:45:49.347 [info] [VerilogDocumentSymbolProvider] [VerilogSymbol] Symbols Requested: file:///home/sgass/Projects/kepler/hdl/rtl/ethernet/ethernet_point_to_multipoint_hub.sv
2025-03-12 16:45:49.354 [info] [VerilogDocumentSymbolProvider] 1 top-level symbols returned
2025-03-12 16:45:49.833 [info] [VerilogDocumentSymbolProvider] [VerilogSymbol] Symbols Requested: file:///home/sgass/Projects/kepler/hdl/rtl/ethernet/ethernet_point_to_multipoint_hub.sv
2025-03-12 16:45:49.839 [info] [VerilogDocumentSymbolProvider] 1 top-level symbols returned
2025-03-12 16:45:51.500 [info] [VerilogDocumentSymbolProvider] [VerilogSymbol] Symbols Requested: file:///home/sgass/Projects/kepler/hdl/rtl/ethernet/ethernet_point_to_multipoint_hub.sv
2025-03-12 16:45:51.506 [info] [VerilogDocumentSymbolProvider] 1 top-level symbols returned
2025-03-12 16:45:53.109 [info] [VerilogDocumentSymbolProvider] [VerilogSymbol] Symbols Requested: file:///home/sgass/Projects/kepler/hdl/rtl/ethernet/ethernet_point_to_multipoint_hub.sv
2025-03-12 16:45:53.115 [info] [VerilogDocumentSymbolProvider] 1 top-level symbols returned
2025-03-12 16:45:54.002 [info] [VerilogDocumentSymbolProvider] [VerilogSymbol] Symbols Requested: file:///home/sgass/Projects/kepler/hdl/rtl/ethernet/ethernet_point_to_multipoint_hub.sv
2025-03-12 16:45:54.008 [info] [VerilogDocumentSymbolProvider] 1 top-level symbols returned
2025-03-12 16:45:54.423 [info] [VerilogDocumentSymbolProvider] [VerilogSymbol] Symbols Requested: file:///home/sgass/Projects/kepler/hdl/rtl/ethernet/ethernet_point_to_multipoint_hub.sv
2025-03-12 16:45:54.430 [info] [VerilogDocumentSymbolProvider] 1 top-level symbols returned
2025-03-12 16:45:55.517 [info] [VerilogDocumentSymbolProvider] [VerilogSymbol] Symbols Requested: file:///home/sgass/Projects/kepler/hdl/rtl/ethernet/ethernet_point_to_multipoint_hub.sv
2025-03-12 16:45:55.522 [info] [VerilogDocumentSymbolProvider] 1 top-level symbols returned
2025-03-12 16:45:57.136 [info] [VerilogDocumentSymbolProvider] [VerilogSymbol] Symbols Requested: file:///home/sgass/Projects/kepler/hdl/rtl/ethernet/ethernet_point_to_multipoint_hub.sv
2025-03-12 16:45:57.141 [info] [VerilogDocumentSymbolProvider] 1 top-level symbols returned
2025-03-12 16:46:00.274 [info] [VerilogDocumentSymbolProvider] [VerilogSymbol] Symbols Requested: file:///home/sgass/Projects/kepler/hdl/rtl/ethernet/ethernet_point_to_multipoint_hub.sv
2025-03-12 16:46:00.280 [info] [VerilogDocumentSymbolProvider] 1 top-level symbols returned
2025-03-12 16:46:01.547 [info] [VerilogCompletionItemProvider] Completion items requested
2025-03-12 16:46:01.547 [info] [VerilogCompletionItemProvider] 141 items requested
2025-03-12 16:46:01.888 [info] [VerilogDocumentSymbolProvider] [VerilogSymbol] Symbols Requested: file:///home/sgass/Projects/kepler/hdl/rtl/ethernet/ethernet_point_to_multipoint_hub.sv
2025-03-12 16:46:01.892 [info] [VerilogDocumentSymbolProvider] 1 top-level symbols returned
2025-03-12 16:46:03.182 [info] [VerilogDocumentSymbolProvider] [VerilogSymbol] Symbols Requested: file:///home/sgass/Projects/kepler/hdl/rtl/ethernet/ethernet_point_to_multipoint_hub.sv
2025-03-12 16:46:03.188 [info] [VerilogDocumentSymbolProvider] 1 top-level symbols returned
2025-03-12 16:46:04.629 [info] [VerilogDocumentSymbolProvider] [VerilogSymbol] Symbols Requested: file:///home/sgass/Projects/kepler/hdl/rtl/ethernet/ethernet_point_to_multipoint_hub.sv
2025-03-12 16:46:04.635 [info] [VerilogDocumentSymbolProvider] 1 top-level symbols returned
2025-03-12 16:46:06.096 [info] [VerilogDocumentSymbolProvider] [VerilogSymbol] Symbols Requested: file:///home/sgass/Projects/kepler/hdl/rtl/ethernet/ethernet_point_to_multipoint_hub.sv
2025-03-12 16:46:06.102 [info] [VerilogDocumentSymbolProvider] 1 top-level symbols returned
2025-03-12 16:46:07.460 [info] [VerilogDocumentSymbolProvider] [VerilogSymbol] Symbols Requested: file:///home/sgass/Projects/kepler/hdl/rtl/ethernet/ethernet_point_to_multipoint_hub.sv
2025-03-12 16:46:07.466 [info] [VerilogDocumentSymbolProvider] 1 top-level symbols returned
2025-03-12 16:46:08.598 [info] [VerilogDocumentSymbolProvider] [VerilogSymbol] Symbols Requested: file:///home/sgass/Projects/kepler/hdl/rtl/ethernet/ethernet_point_to_multipoint_hub.sv
2025-03-12 16:46:08.604 [info] [VerilogDocumentSymbolProvider] 1 top-level symbols returned
2025-03-12 16:46:09.124 [info] [VerilogDocumentSymbolProvider] [VerilogSymbol] Symbols Requested: file:///home/sgass/Projects/kepler/hdl/rtl/ethernet/ethernet_point_to_multipoint_hub.sv
2025-03-12 16:46:09.126 [info] [VerilogDocumentSymbolProvider] 1 top-level symbols returned
2025-03-12 16:46:09.764 [info] [VerilogCompletionItemProvider] Completion items requested
2025-03-12 16:46:09.764 [info] [VerilogCompletionItemProvider] 141 items requested
2025-03-12 16:46:10.104 [info] [VerilogDocumentSymbolProvider] [VerilogSymbol] Symbols Requested: file:///home/sgass/Projects/kepler/hdl/rtl/ethernet/ethernet_point_to_multipoint_hub.sv
2025-03-12 16:46:10.110 [info] [VerilogDocumentSymbolProvider] 1 top-level symbols returned
2025-03-12 16:46:10.707 [info] [VerilogDocumentSymbolProvider] [VerilogSymbol] Symbols Requested: file:///home/sgass/Projects/kepler/hdl/rtl/ethernet/ethernet_point_to_multipoint_hub.sv
2025-03-12 16:46:10.713 [info] [VerilogDocumentSymbolProvider] 1 top-level symbols returned
2025-03-12 16:46:11.002 [info] [VerilogCompletionItemProvider] Completion items requested
2025-03-12 16:46:11.002 [info] [VerilogCompletionItemProvider] 141 items requested
2025-03-12 16:46:11.897 [info] [VerilogDocumentSymbolProvider] [VerilogSymbol] Symbols Requested: file:///home/sgass/Projects/kepler/hdl/rtl/ethernet/ethernet_point_to_multipoint_hub.sv
2025-03-12 16:46:11.904 [info] [VerilogDocumentSymbolProvider] 1 top-level symbols returned
2025-03-12 16:46:12.627 [info] [VerilogDocumentSymbolProvider] [VerilogSymbol] Symbols Requested: file:///home/sgass/Projects/kepler/hdl/rtl/ethernet/ethernet_point_to_multipoint_hub.sv
2025-03-12 16:46:12.633 [info] [VerilogDocumentSymbolProvider] 1 top-level symbols returned
2025-03-12 16:46:13.955 [info] [VerilogDocumentSymbolProvider] [VerilogSymbol] Symbols Requested: file:///home/sgass/Projects/kepler/hdl/rtl/ethernet/ethernet_point_to_multipoint_hub.sv
2025-03-12 16:46:13.961 [info] [VerilogDocumentSymbolProvider] 1 top-level symbols returned
2025-03-12 16:46:15.281 [info] [VerilogDocumentSymbolProvider] [VerilogSymbol] Symbols Requested: file:///home/sgass/Projects/kepler/hdl/rtl/ethernet/ethernet_point_to_multipoint_hub.sv
2025-03-12 16:46:15.287 [info] [VerilogDocumentSymbolProvider] 1 top-level symbols returned
2025-03-12 16:46:16.786 [info] [VerilogDocumentSymbolProvider] [VerilogSymbol] Symbols Requested: file:///home/sgass/Projects/kepler/hdl/rtl/ethernet/ethernet_point_to_multipoint_hub.sv
2025-03-12 16:46:16.792 [info] [VerilogDocumentSymbolProvider] 1 top-level symbols returned
2025-03-12 16:46:17.445 [info] [VerilogDocumentSymbolProvider] [VerilogSymbol] Symbols Requested: file:///home/sgass/Projects/kepler/hdl/rtl/ethernet/ethernet_point_to_multipoint_hub.sv
2025-03-12 16:46:17.451 [info] [VerilogDocumentSymbolProvider] 1 top-level symbols returned
2025-03-12 16:46:19.015 [info] [VerilogDocumentSymbolProvider] [VerilogSymbol] Symbols Requested: file:///home/sgass/Projects/kepler/hdl/rtl/ethernet/ethernet_point_to_multipoint_hub.sv
2025-03-12 16:46:19.021 [info] [VerilogDocumentSymbolProvider] 1 top-level symbols returned
2025-03-12 16:46:19.120 [info] [VerilogCompletionItemProvider] Completion items requested
2025-03-12 16:46:19.120 [info] [VerilogCompletionItemProvider] 141 items requested
2025-03-12 16:46:19.976 [info] [VerilogDocumentSymbolProvider] [VerilogSymbol] Symbols Requested: file:///home/sgass/Projects/kepler/hdl/rtl/ethernet/ethernet_point_to_multipoint_hub.sv
2025-03-12 16:46:19.982 [info] [VerilogDocumentSymbolProvider] 1 top-level symbols returned
2025-03-12 16:46:20.409 [info] [VerilogDocumentSymbolProvider] [VerilogSymbol] Symbols Requested: file:///home/sgass/Projects/kepler/hdl/rtl/ethernet/ethernet_point_to_multipoint_hub.sv
2025-03-12 16:46:20.415 [info] [VerilogDocumentSymbolProvider] 1 top-level symbols returned
2025-03-12 16:46:33.358 [info] [VerilogHoverProvider] Hover requested
2025-03-12 16:46:33.837 [warning] [VerilogHoverProvider] Hover object not found
2025-03-12 16:46:34.393 [info] [VerilogDocumentSymbolProvider] [VerilogSymbol] Symbols Requested: file:///home/sgass/Projects/kepler/hdl/rtl/ethernet/ethernet_point_to_multipoint_hub.sv
2025-03-12 16:46:34.399 [info] [VerilogDocumentSymbolProvider] 1 top-level symbols returned
2025-03-12 16:46:37.165 [info] [VerilogDocumentSymbolProvider] [VerilogSymbol] Symbols Requested: file:///home/sgass/Projects/kepler/hdl/rtl/ethernet/ethernet_point_to_multipoint_hub.sv
2025-03-12 16:46:37.171 [info] [VerilogDocumentSymbolProvider] 1 top-level symbols returned
2025-03-12 16:46:39.032 [info] [VerilogDocumentSymbolProvider] [VerilogSymbol] Symbols Requested: file:///home/sgass/Projects/kepler/hdl/rtl/ethernet/ethernet_point_to_multipoint_hub.sv
2025-03-12 16:46:39.037 [info] [VerilogDocumentSymbolProvider] 1 top-level symbols returned
2025-03-12 16:46:40.574 [info] [VerilogDocumentSymbolProvider] [VerilogSymbol] Symbols Requested: file:///home/sgass/Projects/kepler/hdl/rtl/ethernet/ethernet_point_to_multipoint_hub.sv
2025-03-12 16:46:40.581 [info] [VerilogDocumentSymbolProvider] 1 top-level symbols returned
2025-03-12 16:46:42.425 [info] [VerilogDocumentSymbolProvider] [VerilogSymbol] Symbols Requested: file:///home/sgass/Projects/kepler/hdl/rtl/ethernet/ethernet_point_to_multipoint_hub.sv
2025-03-12 16:46:42.432 [info] [VerilogDocumentSymbolProvider] 1 top-level symbols returned
2025-03-12 16:46:44.323 [info] [VerilogDocumentSymbolProvider] [VerilogSymbol] Symbols Requested: file:///home/sgass/Projects/kepler/hdl/rtl/ethernet/ethernet_point_to_multipoint_hub.sv
2025-03-12 16:46:44.329 [info] [VerilogDocumentSymbolProvider] 1 top-level symbols returned
2025-03-12 16:46:49.466 [info] [VerilogDocumentSymbolProvider] [VerilogSymbol] Symbols Requested: file:///home/sgass/Projects/kepler/hdl/rtl/ethernet/ethernet_point_to_multipoint_hub.sv
2025-03-12 16:46:49.472 [info] [VerilogDocumentSymbolProvider] 1 top-level symbols returned
2025-03-12 16:47:45.627 [info] [VerilogHoverProvider] Hover requested
2025-03-12 16:47:46.079 [warning] [VerilogHoverProvider] Hover object not found
2025-03-12 16:47:47.510 [info] [VerilogHoverProvider] Hover requested
2025-03-12 16:47:47.909 [warning] [VerilogHoverProvider] Hover object not found
2025-03-12 16:47:49.276 [info] [VerilogDefinitionProvider] Definitions Requested: file:///home/sgass/Projects/kepler/hdl/rtl/ethernet/ethernet_point_to_multipoint_hub.sv
2025-03-12 16:47:49.677 [info] [VerilogDefinitionProvider] 0 definitions returned
2025-03-12 16:47:49.710 [info] [VerilogDocumentSymbolProvider] [VerilogSymbol] Symbols Requested: file:///home/sgass/Projects/kepler/hdl/rtl/ethernet/ethernet_point_to_multipoint_hub.sv
2025-03-12 16:47:49.712 [info] [VerilogDocumentSymbolProvider] 1 top-level symbols returned
2025-03-12 16:47:50.359 [info] [VerilogHoverProvider] Hover requested
2025-03-12 16:47:50.782 [info] [VerilogHoverProvider] Hover object returned
2025-03-12 16:47:55.997 [info] [VerilogDocumentSymbolProvider] [VerilogSymbol] Symbols Requested: file:///home/sgass/Projects/kepler/hdl/rtl/ethernet/ethernet_point_to_multipoint_hub.sv
2025-03-12 16:47:56.003 [info] [VerilogDocumentSymbolProvider] 1 top-level symbols returned
2025-03-12 16:48:03.228 [info] [VerilogHoverProvider] Hover requested
2025-03-12 16:48:22.160 [info] [VerilogDocumentSymbolProvider] [VerilogSymbol] Symbols Requested: file:///home/sgass/Projects/kepler/hdl/rtl/ethernet/ethernet_point_to_multipoint_hub.sv
2025-03-12 16:48:22.167 [info] [VerilogDocumentSymbolProvider] 1 top-level symbols returned
2025-03-12 16:48:23.420 [info] [VerilogDocumentSymbolProvider] [VerilogSymbol] Symbols Requested: file:///home/sgass/Projects/kepler/hdl/rtl/ethernet/ethernet_point_to_multipoint_hub.sv
2025-03-12 16:48:23.426 [info] [VerilogDocumentSymbolProvider] 1 top-level symbols returned
2025-03-12 16:48:30.930 [info] [VerilogHoverProvider] Hover requested
2025-03-12 16:48:31.320 [info] [VerilogHoverProvider] Hover object returned
2025-03-12 16:48:33.398 [info] [VerilogHoverProvider] Hover requested
2025-03-12 16:48:33.835 [info] [VerilogHoverProvider] Hover object returned
2025-03-12 16:48:34.814 [info] [VerilogHoverProvider] Hover requested
2025-03-12 16:48:35.128 [info] [VerilogHoverProvider] Hover requested
2025-03-12 16:48:35.242 [info] [VerilogHoverProvider] Hover object returned
2025-03-12 16:48:35.512 [warning] [VerilogHoverProvider] Hover object not found
2025-03-12 16:48:42.212 [info] [VerilogHoverProvider] Hover requested
2025-03-12 16:48:42.600 [warning] [VerilogHoverProvider] Hover object not found
2025-03-12 16:48:48.696 [info] [VerilogHoverProvider] Hover requested
2025-03-12 16:48:49.080 [info] [VerilogHoverProvider] Hover object returned
2025-03-12 16:49:05.109 [info] [VerilogHoverProvider] Hover requested
2025-03-12 16:49:05.534 [info] [VerilogHoverProvider] Hover object returned
2025-03-12 16:49:11.777 [info] [VerilogDocumentSymbolProvider] [VerilogSymbol] Symbols Requested: file:///home/sgass/Projects/kepler/hdl/rtl/ethernet/ethernet_point_to_multipoint_hub.sv
2025-03-12 16:49:11.783 [info] [VerilogDocumentSymbolProvider] 1 top-level symbols returned
2025-03-12 16:49:12.733 [info] [VerilogDocumentSymbolProvider] [VerilogSymbol] Symbols Requested: file:///home/sgass/Projects/kepler/hdl/rtl/ethernet/ethernet_point_to_multipoint_hub.sv
2025-03-12 16:49:12.740 [info] [VerilogDocumentSymbolProvider] 1 top-level symbols returned
2025-03-12 16:49:30.698 [info] [VerilogHoverProvider] Hover requested
2025-03-12 16:49:30.879 [info] [VerilogHoverProvider] Hover requested
2025-03-12 16:49:31.159 [info] [VerilogHoverProvider] Hover object returned
2025-03-12 16:49:31.298 [info] [VerilogHoverProvider] Hover object returned
2025-03-12 16:49:32.093 [info] [VerilogHoverProvider] Hover requested
2025-03-12 16:49:32.529 [warning] [VerilogHoverProvider] Hover object not found
2025-03-12 16:49:43.818 [info] [VerilogHoverProvider] Hover requested
2025-03-12 16:49:44.251 [info] [VerilogHoverProvider] Hover object returned
2025-03-12 16:50:07.880 [info] [VerilogHoverProvider] Hover requested
2025-03-12 16:50:08.374 [info] [VerilogHoverProvider] Hover object returned
2025-03-12 16:50:19.126 [info] [VerilogHoverProvider] Hover requested
2025-03-12 16:50:19.569 [warning] [VerilogHoverProvider] Hover object not found
2025-03-12 16:50:27.334 [info] [VerilogDocumentSymbolProvider] [VerilogSymbol] Symbols Requested: file:///home/sgass/Projects/kepler/hdl/rtl/ethernet/ethernet_point_to_multipoint_hub.sv
2025-03-12 16:50:27.341 [info] [VerilogDocumentSymbolProvider] 1 top-level symbols returned
2025-03-12 16:50:27.877 [info] [VerilogDocumentSymbolProvider] [VerilogSymbol] Symbols Requested: file:///home/sgass/Projects/kepler/hdl/rtl/ethernet/ethernet_point_to_multipoint_hub.sv
2025-03-12 16:50:27.883 [info] [VerilogDocumentSymbolProvider] 1 top-level symbols returned
2025-03-12 16:50:28.656 [info] [VerilogDocumentSymbolProvider] [VerilogSymbol] Symbols Requested: file:///home/sgass/Projects/kepler/hdl/rtl/ethernet/ethernet_point_to_multipoint_hub.sv
2025-03-12 16:50:28.662 [info] [VerilogDocumentSymbolProvider] 1 top-level symbols returned
2025-03-12 16:50:30.927 [info] [VerilogDocumentSymbolProvider] [VerilogSymbol] Symbols Requested: file:///home/sgass/Projects/kepler/hdl/rtl/ethernet/ethernet_point_to_multipoint_hub.sv
2025-03-12 16:50:30.934 [info] [VerilogDocumentSymbolProvider] 1 top-level symbols returned
2025-03-12 16:50:44.053 [info] [VerilogDocumentSymbolProvider] [VerilogSymbol] Symbols Requested: file:///home/sgass/Projects/kepler/hdl/rtl/ethernet/ethernet_point_to_multipoint_hub.sv
2025-03-12 16:50:44.060 [info] [VerilogDocumentSymbolProvider] 1 top-level symbols returned
2025-03-12 16:50:51.948 [info] [VerilogHoverProvider] Hover requested
2025-03-12 16:50:52.351 [info] [VerilogHoverProvider] Hover object returned
2025-03-12 16:50:53.207 [info] [VerilogHoverProvider] Hover requested
2025-03-12 16:50:53.574 [info] [VerilogHoverProvider] Hover requested
2025-03-12 16:50:53.658 [info] [VerilogHoverProvider] Hover object returned
2025-03-12 16:50:53.758 [info] [VerilogHoverProvider] Hover requested
2025-03-12 16:50:54.477 [info] [VerilogHoverProvider] Hover requested
2025-03-12 16:50:55.246 [info] [VerilogHoverProvider] Hover requested
2025-03-12 16:50:55.429 [info] [VerilogHoverProvider] Hover requested
2025-03-12 16:50:55.597 [info] [VerilogHoverProvider] Hover requested
2025-03-12 16:50:55.914 [info] [VerilogHoverProvider] Hover requested
2025-03-12 16:51:08.235 [info] [VerilogHoverProvider] Hover requested
2025-03-12 16:51:08.653 [info] [VerilogHoverProvider] Hover object returned
2025-03-12 16:51:09.879 [info] [VerilogHoverProvider] Hover requested
2025-03-12 16:51:10.306 [warning] [VerilogHoverProvider] Hover object not found
2025-03-12 16:51:10.697 [info] [VerilogHoverProvider] Hover requested
2025-03-12 16:51:11.113 [warning] [VerilogHoverProvider] Hover object not found
2025-03-12 16:51:29.767 [info] [VerilogDocumentSymbolProvider] [VerilogSymbol] Symbols Requested: file:///home/sgass/Projects/kepler/hdl/rtl/ethernet/ethernet_point_to_multipoint_hub.sv
2025-03-12 16:51:29.773 [info] [VerilogDocumentSymbolProvider] 1 top-level symbols returned
2025-03-12 16:51:30.940 [info] [VerilogDocumentSymbolProvider] [VerilogSymbol] Symbols Requested: file:///home/sgass/Projects/kepler/hdl/rtl/ethernet/ethernet_point_to_multipoint_hub.sv
2025-03-12 16:51:30.946 [info] [VerilogDocumentSymbolProvider] 1 top-level symbols returned
2025-03-12 16:51:34.879 [info] on save
2025-03-12 16:51:35.228 [info] [VerilogDocumentSymbolProvider] [VerilogSymbol] Symbols Requested: file:///home/sgass/Projects/kepler/hdl/rtl/ethernet/ethernet_point_to_multipoint_hub.sv
2025-03-12 16:51:35.228 [info] indexing "/home/sgass/Projects/kepler/hdl/rtl/ethernet/ethernet_point_to_multipoint_hub.sv"
2025-03-12 16:51:35.228 [info] executing ctags
2025-03-12 16:51:35.228 [info] Executing Command: ctags -f - --fields=+K --sort=no --excmd=n --fields-SystemVerilog=+{parameter} "/home/sgass/Projects/kepler/hdl/rtl/ethernet/ethernet_point_to_multipoint_hub.sv"
2025-03-12 16:51:35.236 [info] building symbols
2025-03-12 16:51:35.243 [info] [VerilogDocumentSymbolProvider] 1 top-level symbols returned
2025-03-12 16:54:14.816 [info] [VerilogDocumentSymbolProvider] [VerilogSymbol] Symbols Requested: file:///home/sgass/Projects/kepler/hdl/rtl/ethernet/ethernet_point_to_multipoint_hub.sv
2025-03-12 16:54:14.822 [info] [VerilogDocumentSymbolProvider] 1 top-level symbols returned
2025-03-12 16:54:15.992 [info] [VerilogDocumentSymbolProvider] [VerilogSymbol] Symbols Requested: file:///home/sgass/Projects/kepler/hdl/rtl/ethernet/ethernet_point_to_multipoint_hub.sv
2025-03-12 16:54:15.998 [info] [VerilogDocumentSymbolProvider] 1 top-level symbols returned
2025-03-12 16:54:16.481 [info] [VerilogDocumentSymbolProvider] [VerilogSymbol] Symbols Requested: file:///home/sgass/Projects/kepler/hdl/rtl/ethernet/ethernet_point_to_multipoint_hub.sv
2025-03-12 16:54:16.487 [info] [VerilogDocumentSymbolProvider] 1 top-level symbols returned
2025-03-12 16:54:16.883 [info] [VerilogDocumentSymbolProvider] [VerilogSymbol] Symbols Requested: file:///home/sgass/Projects/kepler/hdl/rtl/ethernet/ethernet_point_to_multipoint_hub.sv
2025-03-12 16:54:16.890 [info] [VerilogDocumentSymbolProvider] 1 top-level symbols returned
2025-03-12 16:54:19.708 [info] [VerilogHoverProvider] Hover requested
2025-03-12 16:54:21.366 [info] [VerilogDocumentSymbolProvider] [VerilogSymbol] Symbols Requested: file:///home/sgass/Projects/kepler/hdl/rtl/ethernet/ethernet_point_to_multipoint_hub.sv
2025-03-12 16:54:21.372 [info] [VerilogDocumentSymbolProvider] 1 top-level symbols returned
2025-03-12 16:54:22.528 [info] [VerilogDocumentSymbolProvider] [VerilogSymbol] Symbols Requested: file:///home/sgass/Projects/kepler/hdl/rtl/ethernet/ethernet_point_to_multipoint_hub.sv
2025-03-12 16:54:22.535 [info] [VerilogDocumentSymbolProvider] 1 top-level symbols returned
2025-03-12 16:54:23.214 [info] [VerilogDocumentSymbolProvider] [VerilogSymbol] Symbols Requested: file:///home/sgass/Projects/kepler/hdl/rtl/ethernet/ethernet_point_to_multipoint_hub.sv
2025-03-12 16:54:23.221 [info] [VerilogDocumentSymbolProvider] 1 top-level symbols returned
2025-03-12 16:54:24.429 [info] [VerilogDocumentSymbolProvider] [VerilogSymbol] Symbols Requested: file:///home/sgass/Projects/kepler/hdl/rtl/ethernet/ethernet_point_to_multipoint_hub.sv
2025-03-12 16:54:24.437 [info] [VerilogDocumentSymbolProvider] 1 top-level symbols returned
2025-03-12 16:54:26.144 [info] [VerilogDocumentSymbolProvider] [VerilogSymbol] Symbols Requested: file:///home/sgass/Projects/kepler/hdl/rtl/ethernet/ethernet_point_to_multipoint_hub.sv
2025-03-12 16:54:26.151 [info] [VerilogDocumentSymbolProvider] 1 top-level symbols returned
2025-03-13 16:21:16.098 [info] [VerilogHoverProvider] Hover requested
2025-03-13 16:22:52.062 [info] on save
2025-03-13 16:22:59.796 [info] [VerilogHoverProvider] Hover requested
2025-03-13 16:23:08.019 [info] [VerilogHoverProvider] Hover requested
2025-03-13 16:23:08.263 [info] [VerilogHoverProvider] Hover requested
2025-03-13 16:23:08.263 [info] indexing "/home/sgass/Projects/kepler/hdl/rtl/ethernet/ethernet_point_to_multipoint_hub.sv"
2025-03-13 16:23:08.263 [info] executing ctags
2025-03-13 16:23:08.263 [info] Executing Command: ctags -f - --fields=+K --sort=no --excmd=n --fields-SystemVerilog=+{parameter} "/home/sgass/Projects/kepler/hdl/rtl/ethernet/ethernet_point_to_multipoint_hub.sv"
2025-03-13 16:23:08.276 [info] building symbols
2025-03-13 16:23:08.669 [warning] [VerilogHoverProvider] Hover object not found
2025-03-13 16:24:18.264 [info] [VerilogHoverProvider] Hover requested
2025-03-13 16:24:18.685 [warning] [VerilogHoverProvider] Hover object not found
2025-03-13 16:24:36.337 [info] [VerilogHoverProvider] Hover requested
2025-03-13 16:24:36.735 [warning] [VerilogHoverProvider] Hover object not found
2025-03-13 16:24:46.191 [info] [VerilogHoverProvider] Hover requested
2025-03-13 16:24:46.406 [info] [VerilogHoverProvider] Hover requested
2025-03-13 16:24:46.606 [info] [VerilogHoverProvider] Hover requested
2025-03-13 16:24:46.620 [info] [VerilogHoverProvider] Hover object returned
2025-03-13 16:24:46.815 [warning] [VerilogHoverProvider] Hover object not found
2025-03-13 16:24:47.030 [warning] [VerilogHoverProvider] Hover object not found
2025-03-13 16:24:47.223 [info] [VerilogHoverProvider] Hover requested
2025-03-13 16:24:47.612 [warning] [VerilogHoverProvider] Hover object not found
2025-03-13 16:24:50.878 [info] [VerilogHoverProvider] Hover requested
2025-03-13 16:24:51.357 [warning] [VerilogHoverProvider] Hover object not found
2025-03-13 16:24:53.541 [info] [VerilogHoverProvider] Hover requested
2025-03-13 16:24:53.933 [warning] [VerilogHoverProvider] Hover object not found
2025-03-13 16:24:56.520 [info] [VerilogHoverProvider] Hover requested
2025-03-13 16:24:56.920 [info] [VerilogHoverProvider] Hover object returned
2025-03-13 16:24:57.315 [info] [VerilogHoverProvider] Hover requested
2025-03-13 16:24:57.692 [warning] [VerilogHoverProvider] Hover object not found
2025-03-13 16:25:08.087 [info] [VerilogHoverProvider] Hover requested
2025-03-13 16:25:08.464 [warning] [VerilogHoverProvider] Hover object not found
2025-03-13 16:25:11.815 [info] [VerilogDocumentSymbolProvider] [VerilogSymbol] Symbols Requested: file:///home/sgass/Projects/kepler/hdl/rtl/ethernet/ethernet_point_to_multipoint_hub.sv
2025-03-13 16:25:11.822 [info] [VerilogDocumentSymbolProvider] 1 top-level symbols returned
2025-03-13 16:25:12.647 [info] [VerilogDocumentSymbolProvider] [VerilogSymbol] Symbols Requested: file:///home/sgass/Projects/kepler/hdl/rtl/ethernet/ethernet_point_to_multipoint_hub.sv
2025-03-13 16:25:12.653 [info] [VerilogDocumentSymbolProvider] 1 top-level symbols returned
2025-03-13 16:25:14.039 [info] [VerilogHoverProvider] Hover requested
2025-03-13 16:25:14.432 [info] [VerilogHoverProvider] Hover object returned
2025-03-13 16:25:14.715 [info] [VerilogHoverProvider] Hover requested
2025-03-13 16:25:15.148 [info] [VerilogHoverProvider] Hover object returned
2025-03-13 16:25:15.353 [info] [VerilogCompletionItemProvider] Completion items requested
2025-03-13 16:25:15.353 [info] [VerilogCompletionItemProvider] 158 items requested
2025-03-13 16:25:16.669 [info] [VerilogDocumentSymbolProvider] [VerilogSymbol] Symbols Requested: file:///home/sgass/Projects/kepler/hdl/rtl/ethernet/ethernet_point_to_multipoint_hub.sv
2025-03-13 16:25:16.677 [info] [VerilogDocumentSymbolProvider] 1 top-level symbols returned
2025-03-13 16:25:18.212 [info] [VerilogDocumentSymbolProvider] [VerilogSymbol] Symbols Requested: file:///home/sgass/Projects/kepler/hdl/rtl/ethernet/ethernet_point_to_multipoint_hub.sv
2025-03-13 16:25:18.220 [info] [VerilogDocumentSymbolProvider] 1 top-level symbols returned
2025-03-13 16:25:21.707 [info] [VerilogDocumentSymbolProvider] [VerilogSymbol] Symbols Requested: file:///home/sgass/Projects/kepler/hdl/rtl/ethernet/ethernet_point_to_multipoint_hub.sv
2025-03-13 16:25:21.713 [info] [VerilogDocumentSymbolProvider] 1 top-level symbols returned
2025-03-13 16:25:22.419 [info] [VerilogDocumentSymbolProvider] [VerilogSymbol] Symbols Requested: file:///home/sgass/Projects/kepler/hdl/rtl/ethernet/ethernet_point_to_multipoint_hub.sv
2025-03-13 16:25:22.427 [info] [VerilogDocumentSymbolProvider] 1 top-level symbols returned
2025-03-13 16:25:23.469 [info] [VerilogHoverProvider] Hover requested
2025-03-13 16:25:23.716 [info] [VerilogHoverProvider] Hover requested
2025-03-13 16:25:23.889 [warning] [VerilogHoverProvider] Hover object not found
2025-03-13 16:25:23.968 [info] [VerilogHoverProvider] Hover requested
2025-03-13 16:25:24.128 [warning] [VerilogHoverProvider] Hover object not found
2025-03-13 16:25:24.355 [warning] [VerilogHoverProvider] Hover object not found
2025-03-13 16:25:24.427 [info] [VerilogHoverProvider] Hover requested
2025-03-13 16:25:24.841 [warning] [VerilogHoverProvider] Hover object not found
2025-03-13 16:25:26.573 [info] [VerilogCompletionItemProvider] Completion items requested
2025-03-13 16:25:26.574 [info] [VerilogCompletionItemProvider] 158 items requested
2025-03-13 16:25:26.815 [info] [VerilogCompletionItemProvider] Completion items requested
2025-03-13 16:25:26.816 [info] [VerilogCompletionItemProvider] 158 items requested
2025-03-13 16:25:26.878 [info] [VerilogCompletionItemProvider] Completion items requested
2025-03-13 16:25:26.879 [info] [VerilogCompletionItemProvider] 158 items requested
2025-03-13 16:25:27.113 [info] [VerilogCompletionItemProvider] Completion items requested
2025-03-13 16:25:27.113 [info] [VerilogCompletionItemProvider] 158 items requested
2025-03-13 16:25:27.244 [info] [VerilogCompletionItemProvider] Completion items requested
2025-03-13 16:25:27.244 [info] [VerilogCompletionItemProvider] 158 items requested
2025-03-13 16:25:27.580 [info] [VerilogDocumentSymbolProvider] [VerilogSymbol] Symbols Requested: file:///home/sgass/Projects/kepler/hdl/rtl/ethernet/ethernet_point_to_multipoint_hub.sv
2025-03-13 16:25:27.587 [info] [VerilogDocumentSymbolProvider] 1 top-level symbols returned
2025-03-13 16:25:28.630 [info] [VerilogHoverProvider] Hover requested
2025-03-13 16:25:29.058 [warning] [VerilogHoverProvider] Hover object not found
2025-03-13 16:25:29.408 [info] [VerilogHoverProvider] Hover requested
2025-03-13 16:25:29.803 [info] [VerilogHoverProvider] Hover object returned
2025-03-13 16:25:29.872 [info] [VerilogHoverProvider] Hover requested
2025-03-13 16:25:30.187 [info] [VerilogHoverProvider] Hover requested
2025-03-13 16:25:30.238 [info] [VerilogHoverProvider] Hover object returned
2025-03-13 16:25:30.616 [info] [VerilogHoverProvider] Hover object returned
2025-03-13 16:25:33.090 [info] [VerilogCompletionItemProvider] Completion items requested
2025-03-13 16:25:33.091 [info] [VerilogCompletionItemProvider] 158 items requested
2025-03-13 16:25:35.136 [info] [VerilogCompletionItemProvider] Completion items requested
2025-03-13 16:25:35.136 [info] [VerilogCompletionItemProvider] 158 items requested
2025-03-13 16:25:35.312 [info] [VerilogCompletionItemProvider] Completion items requested
2025-03-13 16:25:35.312 [info] [VerilogCompletionItemProvider] 158 items requested
2025-03-13 16:25:35.512 [info] [VerilogCompletionItemProvider] Completion items requested
2025-03-13 16:25:35.513 [info] [VerilogCompletionItemProvider] 158 items requested
2025-03-13 16:25:35.546 [info] [VerilogCompletionItemProvider] Completion items requested
2025-03-13 16:25:35.546 [info] [VerilogCompletionItemProvider] 158 items requested
2025-03-13 16:25:35.744 [info] [VerilogCompletionItemProvider] Completion items requested
2025-03-13 16:25:35.744 [info] [VerilogCompletionItemProvider] 158 items requested
2025-03-13 16:25:35.879 [info] [VerilogCompletionItemProvider] Completion items requested
2025-03-13 16:25:35.879 [info] [VerilogCompletionItemProvider] 158 items requested
2025-03-13 16:25:36.220 [info] [VerilogDocumentSymbolProvider] [VerilogSymbol] Symbols Requested: file:///home/sgass/Projects/kepler/hdl/rtl/ethernet/ethernet_point_to_multipoint_hub.sv
2025-03-13 16:25:36.226 [info] [VerilogDocumentSymbolProvider] 1 top-level symbols returned
2025-03-13 16:25:40.107 [info] [VerilogDocumentSymbolProvider] [VerilogSymbol] Symbols Requested: file:///home/sgass/Projects/kepler/hdl/rtl/ethernet/ethernet_point_to_multipoint_hub.sv
2025-03-13 16:25:40.114 [info] [VerilogDocumentSymbolProvider] 1 top-level symbols returned
2025-03-13 16:25:40.483 [info] [VerilogDocumentSymbolProvider] [VerilogSymbol] Symbols Requested: file:///home/sgass/Projects/kepler/hdl/rtl/ethernet/ethernet_point_to_multipoint_hub.sv
2025-03-13 16:25:40.489 [info] [VerilogDocumentSymbolProvider] 1 top-level symbols returned
2025-03-13 16:26:02.932 [info] [VerilogHoverProvider] Hover requested
2025-03-13 16:26:03.361 [info] [VerilogHoverProvider] Hover object returned
2025-03-13 16:26:05.645 [info] [VerilogDocumentSymbolProvider] [VerilogSymbol] Symbols Requested: file:///home/sgass/Projects/kepler/hdl/rtl/ethernet/ethernet_point_to_multipoint_hub.sv
2025-03-13 16:26:05.652 [info] [VerilogDocumentSymbolProvider] 1 top-level symbols returned
2025-03-13 16:26:10.879 [info] [VerilogHoverProvider] Hover requested
2025-03-13 16:26:11.059 [info] [VerilogHoverProvider] Hover requested
2025-03-13 16:26:11.288 [info] [VerilogHoverProvider] Hover object returned
2025-03-13 16:26:11.475 [info] [VerilogHoverProvider] Hover object returned
2025-03-13 16:26:11.504 [info] [VerilogHoverProvider] Hover requested
2025-03-13 16:26:11.755 [info] [VerilogHoverProvider] Hover requested
2025-03-13 16:26:11.896 [info] [VerilogHoverProvider] Hover object returned
2025-03-13 16:26:12.178 [info] [VerilogHoverProvider] Hover object returned
2025-03-13 16:26:12.389 [info] [VerilogHoverProvider] Hover requested
2025-03-13 16:26:12.777 [warning] [VerilogHoverProvider] Hover object not found
2025-03-13 16:26:22.458 [info] [VerilogHoverProvider] Hover requested
2025-03-13 16:26:26.192 [info] [VerilogHoverProvider] Hover requested
2025-03-13 16:26:26.599 [info] [VerilogHoverProvider] Hover object returned
2025-03-13 16:26:27.871 [info] [VerilogHoverProvider] Hover requested
2025-03-13 16:26:28.340 [info] [VerilogHoverProvider] Hover requested
2025-03-13 16:26:28.764 [info] [VerilogHoverProvider] Hover object returned
2025-03-13 16:26:28.990 [info] [VerilogHoverProvider] Hover requested
2025-03-13 16:26:29.187 [info] [VerilogHoverProvider] Hover requested
2025-03-13 16:26:29.369 [info] [VerilogHoverProvider] Hover object returned
2025-03-13 16:26:29.702 [info] [VerilogHoverProvider] Hover requested
2025-03-13 16:26:30.111 [info] [VerilogHoverProvider] Hover object returned
2025-03-13 16:26:31.081 [info] [VerilogHoverProvider] Hover requested
2025-03-13 16:26:31.464 [info] [VerilogHoverProvider] Hover object returned
2025-03-13 16:26:33.112 [info] [VerilogDefinitionProvider] Definitions Requested: file:///home/sgass/Projects/kepler/hdl/rtl/ethernet/ethernet_point_to_multipoint_hub.sv
2025-03-13 16:26:33.491 [info] [VerilogDefinitionProvider] 1 definitions returned
2025-03-13 16:26:35.668 [info] [VerilogDefinitionProvider] Definitions Requested: file:///home/sgass/Projects/kepler/hdl/rtl/ethernet/ethernet_point_to_multipoint_hub.sv
2025-03-13 16:26:36.070 [info] [VerilogDefinitionProvider] 1 definitions returned
2025-03-13 16:28:48.811 [info] [VerilogDocumentSymbolProvider] [VerilogSymbol] Symbols Requested: file:///home/sgass/Projects/kepler/hdl/rtl/ethernet/ethernet_point_to_multipoint_hub.sv
2025-03-13 16:28:48.817 [info] [VerilogDocumentSymbolProvider] 1 top-level symbols returned
2025-03-13 16:28:50.887 [info] [VerilogDocumentSymbolProvider] [VerilogSymbol] Symbols Requested: file:///home/sgass/Projects/kepler/hdl/rtl/ethernet/ethernet_point_to_multipoint_hub.sv
2025-03-13 16:28:50.896 [info] [VerilogDocumentSymbolProvider] 1 top-level symbols returned
2025-03-13 16:29:10.879 [info] [VerilogDocumentSymbolProvider] [VerilogSymbol] Symbols Requested: file:///home/sgass/Projects/kepler/hdl/rtl/ethernet/ethernet_point_to_multipoint_hub.sv
2025-03-13 16:29:10.887 [info] [VerilogDocumentSymbolProvider] 1 top-level symbols returned
2025-03-13 16:29:11.264 [info] [VerilogDocumentSymbolProvider] [VerilogSymbol] Symbols Requested: file:///home/sgass/Projects/kepler/hdl/rtl/ethernet/ethernet_point_to_multipoint_hub.sv
2025-03-13 16:29:11.271 [info] [VerilogDocumentSymbolProvider] 1 top-level symbols returned
2025-03-13 16:29:12.136 [info] [VerilogDocumentSymbolProvider] [VerilogSymbol] Symbols Requested: file:///home/sgass/Projects/kepler/hdl/rtl/ethernet/ethernet_point_to_multipoint_hub.sv
2025-03-13 16:29:12.143 [info] [VerilogDocumentSymbolProvider] 1 top-level symbols returned
2025-03-13 16:29:14.273 [info] [VerilogHoverProvider] Hover requested
2025-03-13 16:29:14.634 [info] [VerilogHoverProvider] Hover requested
2025-03-13 16:29:14.687 [warning] [VerilogHoverProvider] Hover object not found
2025-03-13 16:29:15.056 [warning] [VerilogHoverProvider] Hover object not found
2025-03-13 16:29:20.616 [info] [VerilogHoverProvider] Hover requested
2025-03-13 16:29:22.911 [info] [VerilogHoverProvider] Hover requested
2025-03-13 16:29:23.324 [warning] [VerilogHoverProvider] Hover object not found
2025-03-13 16:29:24.083 [info] [VerilogHoverProvider] Hover requested
2025-03-13 16:29:24.418 [info] [VerilogHoverProvider] Hover requested
2025-03-13 16:29:24.474 [warning] [VerilogHoverProvider] Hover object not found
2025-03-13 16:29:24.826 [warning] [VerilogHoverProvider] Hover object not found
2025-03-13 16:29:24.985 [info] [VerilogHoverProvider] Hover requested
2025-03-13 16:29:25.160 [info] [VerilogHoverProvider] Hover requested
2025-03-13 16:29:25.343 [info] [VerilogHoverProvider] Hover requested
2025-03-13 16:29:25.392 [warning] [VerilogHoverProvider] Hover object not found
2025-03-13 16:29:25.744 [warning] [VerilogHoverProvider] Hover object not found
2025-03-13 16:29:26.169 [info] [VerilogHoverProvider] Hover requested
2025-03-13 16:29:26.600 [warning] [VerilogHoverProvider] Hover object not found
2025-03-13 16:29:27.327 [info] [VerilogDocumentSymbolProvider] [VerilogSymbol] Symbols Requested: file:///home/sgass/Projects/kepler/hdl/rtl/ethernet/ethernet_point_to_multipoint_hub.sv
2025-03-13 16:29:27.334 [info] [VerilogDocumentSymbolProvider] 1 top-level symbols returned
2025-03-13 16:29:27.929 [info] [VerilogHoverProvider] Hover requested
2025-03-13 16:29:28.322 [warning] [VerilogHoverProvider] Hover object not found
2025-03-13 16:29:28.780 [info] [VerilogDocumentSymbolProvider] [VerilogSymbol] Symbols Requested: file:///home/sgass/Projects/kepler/hdl/rtl/ethernet/ethernet_point_to_multipoint_hub.sv
2025-03-13 16:29:28.787 [info] [VerilogDocumentSymbolProvider] 1 top-level symbols returned
2025-03-13 16:29:29.784 [info] [VerilogDocumentSymbolProvider] [VerilogSymbol] Symbols Requested: file:///home/sgass/Projects/kepler/hdl/rtl/ethernet/ethernet_point_to_multipoint_hub.sv
2025-03-13 16:29:29.791 [info] [VerilogDocumentSymbolProvider] 1 top-level symbols returned
2025-03-13 16:29:32.600 [info] [VerilogDocumentSymbolProvider] [VerilogSymbol] Symbols Requested: file:///home/sgass/Projects/kepler/hdl/rtl/ethernet/ethernet_point_to_multipoint_hub.sv
2025-03-13 16:29:32.607 [info] [VerilogDocumentSymbolProvider] 1 top-level symbols returned
2025-03-13 16:29:37.185 [info] [VerilogDocumentSymbolProvider] [VerilogSymbol] Symbols Requested: file:///home/sgass/Projects/kepler/hdl/rtl/ethernet/ethernet_point_to_multipoint_hub.sv
2025-03-13 16:29:37.192 [info] [VerilogDocumentSymbolProvider] 1 top-level symbols returned
2025-03-13 16:29:40.268 [info] [VerilogHoverProvider] Hover requested
2025-03-13 16:29:40.702 [warning] [VerilogHoverProvider] Hover object not found
2025-03-13 16:29:41.057 [info] [VerilogHoverProvider] Hover requested
2025-03-13 16:29:41.450 [info] [VerilogHoverProvider] Hover requested
2025-03-13 16:29:41.615 [info] [VerilogHoverProvider] Hover requested
2025-03-13 16:29:42.933 [info] [VerilogHoverProvider] Hover requested
2025-03-13 16:29:50.142 [info] [VerilogHoverProvider] Hover requested
2025-03-13 16:29:50.759 [info] [VerilogHoverProvider] Hover requested
2025-03-13 16:29:51.191 [warning] [VerilogHoverProvider] Hover object not found
2025-03-13 16:29:56.943 [info] [VerilogHoverProvider] Hover requested
2025-03-13 16:29:57.372 [warning] [VerilogHoverProvider] Hover object not found
2025-03-13 16:30:28.293 [info] [VerilogHoverProvider] Hover requested
2025-03-13 16:30:29.661 [info] [VerilogHoverProvider] Hover requested
2025-03-13 16:30:30.066 [info] [VerilogHoverProvider] Hover object returned
2025-03-13 16:30:33.804 [info] [VerilogHoverProvider] Hover requested
2025-03-13 16:30:34.237 [info] [VerilogHoverProvider] Hover object returned
2025-03-13 16:30:35.332 [info] [VerilogHoverProvider] Hover requested
2025-03-13 16:30:35.684 [info] [VerilogHoverProvider] Hover requested
2025-03-13 16:30:35.755 [info] [VerilogHoverProvider] Hover object returned
2025-03-13 16:30:36.082 [info] [VerilogHoverProvider] Hover object returned
2025-03-13 16:30:37.295 [info] [VerilogHoverProvider] Hover requested
2025-03-13 16:30:37.682 [info] [VerilogHoverProvider] Hover object returned
2025-03-13 16:30:38.106 [info] [VerilogHoverProvider] Hover requested
2025-03-13 16:30:38.495 [info] [VerilogHoverProvider] Hover object returned
2025-03-13 16:30:40.848 [info] [VerilogHoverProvider] Hover requested
2025-03-13 16:30:41.244 [info] [VerilogHoverProvider] Hover object returned
2025-03-13 16:30:43.739 [info] [VerilogHoverProvider] Hover requested
2025-03-13 16:30:44.120 [info] [VerilogHoverProvider] Hover object returned
2025-03-13 16:30:44.225 [info] [VerilogHoverProvider] Hover requested
2025-03-13 16:30:44.681 [info] [VerilogHoverProvider] Hover object returned
2025-03-13 16:30:44.689 [info] [VerilogHoverProvider] Hover requested
2025-03-13 16:30:45.085 [info] [VerilogHoverProvider] Hover object returned
2025-03-13 16:30:47.073 [info] [VerilogHoverProvider] Hover requested
2025-03-13 16:30:47.465 [info] [VerilogHoverProvider] Hover object returned
2025-03-13 16:30:49.499 [info] [VerilogHoverProvider] Hover requested
2025-03-13 16:30:49.763 [info] [VerilogHoverProvider] Hover requested
2025-03-13 16:30:49.916 [warning] [VerilogHoverProvider] Hover object not found
2025-03-13 16:30:50.097 [info] [VerilogHoverProvider] Hover requested
2025-03-13 16:30:50.149 [warning] [VerilogHoverProvider] Hover object not found
2025-03-13 16:30:50.521 [warning] [VerilogHoverProvider] Hover object not found
2025-03-13 16:30:50.635 [info] [VerilogHoverProvider] Hover requested
2025-03-13 16:30:51.083 [info] indexing "/home/sgass/Projects/kepler/hdl/vivado/workspace/vitis_net_p4_t2_0902_ex/vitis_net_p4_t2_0902_ex.gen/sources_1/ip/vitis_net_p4_t2_0902/src/hw/include/interfaces.sv"
2025-03-13 16:30:51.083 [info] executing ctags
2025-03-13 16:30:51.083 [info] Executing Command: ctags -f - --fields=+K --sort=no --excmd=n --fields-SystemVerilog=+{parameter} "/home/sgass/Projects/kepler/hdl/vivado/workspace/vitis_net_p4_t2_0902_ex/vitis_net_p4_t2_0902_ex.gen/sources_1/ip/vitis_net_p4_t2_0902/src/hw/include/interfaces.sv"
2025-03-13 16:30:51.086 [info] building symbols
2025-03-13 16:30:51.086 [error] No output from ctags
2025-03-13 16:30:51.086 [warning] [VerilogHoverProvider] Hover object not found
2025-03-13 16:30:52.139 [info] [VerilogDocumentSymbolProvider] [VerilogSymbol] Symbols Requested: file:///home/sgass/Projects/kepler/hdl/rtl/ethernet/ethernet_point_to_multipoint_hub.sv
2025-03-13 16:30:52.148 [info] [VerilogDocumentSymbolProvider] 1 top-level symbols returned
2025-03-13 16:30:53.699 [info] [VerilogDocumentSymbolProvider] [VerilogSymbol] Symbols Requested: file:///home/sgass/Projects/kepler/hdl/rtl/ethernet/ethernet_point_to_multipoint_hub.sv
2025-03-13 16:30:53.705 [info] [VerilogDocumentSymbolProvider] 1 top-level symbols returned
2025-03-13 16:30:56.682 [info] [VerilogDocumentSymbolProvider] [VerilogSymbol] Symbols Requested: file:///home/sgass/Projects/kepler/hdl/rtl/ethernet/ethernet_point_to_multipoint_hub.sv
2025-03-13 16:30:56.688 [info] [VerilogDocumentSymbolProvider] 1 top-level symbols returned
2025-03-13 16:30:58.142 [info] [VerilogDocumentSymbolProvider] [VerilogSymbol] Symbols Requested: file:///home/sgass/Projects/kepler/hdl/rtl/ethernet/ethernet_point_to_multipoint_hub.sv
2025-03-13 16:30:58.150 [info] [VerilogDocumentSymbolProvider] 1 top-level symbols returned
2025-03-13 16:31:01.306 [info] [VerilogDocumentSymbolProvider] [VerilogSymbol] Symbols Requested: file:///home/sgass/Projects/kepler/hdl/rtl/ethernet/ethernet_point_to_multipoint_hub.sv
2025-03-13 16:31:01.313 [info] [VerilogDocumentSymbolProvider] 1 top-level symbols returned
2025-03-13 16:31:01.771 [info] [VerilogDocumentSymbolProvider] [VerilogSymbol] Symbols Requested: file:///home/sgass/Projects/kepler/hdl/rtl/ethernet/ethernet_point_to_multipoint_hub.sv
2025-03-13 16:31:01.780 [info] [VerilogDocumentSymbolProvider] 1 top-level symbols returned
2025-03-13 16:31:03.491 [info] [VerilogDocumentSymbolProvider] [VerilogSymbol] Symbols Requested: file:///home/sgass/Projects/kepler/hdl/rtl/ethernet/ethernet_point_to_multipoint_hub.sv
2025-03-13 16:31:03.498 [info] [VerilogDocumentSymbolProvider] 1 top-level symbols returned
2025-03-13 16:31:07.154 [info] [VerilogDocumentSymbolProvider] [VerilogSymbol] Symbols Requested: file:///home/sgass/Projects/kepler/hdl/rtl/ethernet/ethernet_point_to_multipoint_hub.sv
2025-03-13 16:31:07.161 [info] [VerilogDocumentSymbolProvider] 1 top-level symbols returned
2025-03-13 16:31:07.627 [info] [VerilogHoverProvider] Hover requested
2025-03-13 16:31:08.666 [info] [VerilogHoverProvider] Hover requested
2025-03-13 16:31:09.128 [warning] [VerilogHoverProvider] Hover object not found
2025-03-13 16:31:10.330 [info] [VerilogDocumentSymbolProvider] [VerilogSymbol] Symbols Requested: file:///home/sgass/Projects/kepler/hdl/rtl/ethernet/ethernet_point_to_multipoint_hub.sv
2025-03-13 16:31:10.338 [info] [VerilogDocumentSymbolProvider] 1 top-level symbols returned
2025-03-13 16:31:11.298 [info] [VerilogHoverProvider] Hover requested
2025-03-13 16:31:11.686 [warning] [VerilogHoverProvider] Hover object not found
2025-03-13 16:31:11.829 [info] [VerilogHoverProvider] Hover requested
2025-03-13 16:31:16.866 [info] [VerilogHoverProvider] Hover requested
2025-03-13 16:31:17.213 [info] [VerilogHoverProvider] Hover requested
2025-03-13 16:31:17.293 [warning] [VerilogHoverProvider] Hover object not found
2025-03-13 16:31:17.623 [warning] [VerilogHoverProvider] Hover object not found
2025-03-13 16:31:18.229 [info] [VerilogHoverProvider] Hover requested
2025-03-13 16:31:27.528 [info] [VerilogHoverProvider] Hover requested
2025-03-13 16:31:27.918 [info] [VerilogHoverProvider] Hover object returned
2025-03-13 16:31:28.124 [info] [VerilogHoverProvider] Hover requested
2025-03-13 16:31:28.938 [info] [VerilogDocumentSymbolProvider] [VerilogSymbol] Symbols Requested: file:///home/sgass/Projects/kepler/hdl/rtl/ethernet/ethernet_point_to_multipoint_hub.sv
2025-03-13 16:31:28.944 [info] [VerilogDocumentSymbolProvider] 1 top-level symbols returned
2025-03-13 16:31:30.731 [info] [VerilogDocumentSymbolProvider] [VerilogSymbol] Symbols Requested: file:///home/sgass/Projects/kepler/hdl/rtl/ethernet/ethernet_point_to_multipoint_hub.sv
2025-03-13 16:31:30.738 [info] [VerilogDocumentSymbolProvider] 1 top-level symbols returned
2025-03-13 16:31:31.562 [info] [VerilogDocumentSymbolProvider] [VerilogSymbol] Symbols Requested: file:///home/sgass/Projects/kepler/hdl/rtl/ethernet/ethernet_point_to_multipoint_hub.sv
2025-03-13 16:31:31.564 [info] [VerilogDocumentSymbolProvider] 1 top-level symbols returned
2025-03-13 16:31:32.378 [info] [VerilogHoverProvider] Hover requested
2025-03-13 16:31:36.148 [info] [VerilogDefinitionProvider] Definitions Requested: file:///home/sgass/Projects/kepler/hdl/rtl/ethernet/ethernet_point_to_multipoint_hub.sv
2025-03-13 16:31:36.576 [info] [VerilogDefinitionProvider] 0 definitions returned
2025-03-13 16:31:38.310 [info] [VerilogHoverProvider] Hover requested
2025-03-13 16:31:38.801 [info] [VerilogHoverProvider] Hover object returned
2025-03-13 16:31:39.043 [info] [VerilogDefinitionProvider] Definitions Requested: file:///home/sgass/Projects/kepler/hdl/rtl/ethernet/ethernet_point_to_multipoint_hub.sv
2025-03-13 16:31:39.471 [info] [VerilogDefinitionProvider] 1 definitions returned
2025-03-13 16:31:50.651 [info] [VerilogDocumentSymbolProvider] [VerilogSymbol] Symbols Requested: file:///home/sgass/Projects/kepler/hdl/rtl/ethernet/ethernet_point_to_multipoint_hub.sv
2025-03-13 16:31:50.657 [info] [VerilogDocumentSymbolProvider] 1 top-level symbols returned
2025-03-13 16:31:52.408 [info] [VerilogDocumentSymbolProvider] [VerilogSymbol] Symbols Requested: file:///home/sgass/Projects/kepler/hdl/rtl/ethernet/ethernet_point_to_multipoint_hub.sv
2025-03-13 16:31:52.417 [info] [VerilogDocumentSymbolProvider] 1 top-level symbols returned
2025-03-13 16:31:53.090 [info] [VerilogDocumentSymbolProvider] [VerilogSymbol] Symbols Requested: file:///home/sgass/Projects/kepler/hdl/rtl/ethernet/ethernet_point_to_multipoint_hub.sv
2025-03-13 16:31:53.096 [info] [VerilogDocumentSymbolProvider] 1 top-level symbols returned
2025-03-13 16:31:55.599 [info] [VerilogHoverProvider] Hover requested
2025-03-13 16:31:55.963 [info] [VerilogHoverProvider] Hover requested
2025-03-13 16:31:56.016 [warning] [VerilogHoverProvider] Hover object not found
2025-03-13 16:31:56.342 [warning] [VerilogHoverProvider] Hover object not found
2025-03-13 16:31:56.355 [info] [VerilogHoverProvider] Hover requested
2025-03-13 16:31:56.745 [warning] [VerilogHoverProvider] Hover object not found
2025-03-13 16:31:56.991 [info] [VerilogHoverProvider] Hover requested
2025-03-13 16:31:57.418 [warning] [VerilogHoverProvider] Hover object not found
2025-03-13 16:32:02.298 [info] [VerilogHoverProvider] Hover requested
2025-03-13 16:32:02.691 [warning] [VerilogHoverProvider] Hover object not found
2025-03-13 16:32:03.047 [info] [VerilogHoverProvider] Hover requested
2025-03-13 16:32:03.446 [warning] [VerilogHoverProvider] Hover object not found
2025-03-13 16:32:03.695 [info] [VerilogHoverProvider] Hover requested
2025-03-13 16:32:04.120 [warning] [VerilogHoverProvider] Hover object not found
2025-03-13 16:32:06.234 [info] [VerilogHoverProvider] Hover requested
2025-03-13 16:32:06.432 [info] [VerilogHoverProvider] Hover requested
2025-03-13 16:32:06.628 [warning] [VerilogHoverProvider] Hover object not found
2025-03-13 16:32:06.832 [warning] [VerilogHoverProvider] Hover object not found
2025-03-13 16:32:08.289 [info] [VerilogHoverProvider] Hover requested
2025-03-13 16:32:08.716 [warning] [VerilogHoverProvider] Hover object not found
2025-03-13 16:32:08.782 [info] [VerilogDefinitionProvider] Definitions Requested: file:///home/sgass/Projects/kepler/hdl/rtl/ethernet/ethernet_point_to_multipoint_hub.sv
2025-03-13 16:32:09.194 [info] [VerilogDefinitionProvider] 0 definitions returned
2025-03-13 16:32:09.255 [info] [VerilogDocumentSymbolProvider] [VerilogSymbol] Symbols Requested: file:///home/sgass/Projects/kepler/hdl/rtl/ethernet/ethernet_point_to_multipoint_hub.sv
2025-03-13 16:32:09.258 [info] [VerilogDocumentSymbolProvider] 1 top-level symbols returned
2025-03-13 16:32:11.087 [info] [VerilogHoverProvider] Hover requested
2025-03-13 16:32:11.509 [info] [VerilogHoverProvider] Hover object returned
2025-03-13 16:32:14.508 [info] [VerilogHoverProvider] Hover requested
2025-03-13 16:32:14.934 [warning] [VerilogHoverProvider] Hover object not found
2025-03-13 16:32:15.706 [info] [VerilogHoverProvider] Hover requested
2025-03-13 16:32:16.450 [info] [VerilogHoverProvider] Hover requested
2025-03-13 16:33:27.901 [info] [VerilogHoverProvider] Hover requested
2025-03-13 16:33:28.317 [warning] [VerilogHoverProvider] Hover object not found
2025-03-13 16:33:28.484 [info] [VerilogHoverProvider] Hover requested
2025-03-13 16:33:28.907 [warning] [VerilogHoverProvider] Hover object not found
2025-03-13 16:33:31.037 [info] [VerilogDocumentSymbolProvider] [VerilogSymbol] Symbols Requested: file:///home/sgass/Projects/kepler/hdl/rtl/ethernet/ethernet_point_to_multipoint_hub.sv
2025-03-13 16:33:31.043 [info] [VerilogDocumentSymbolProvider] 1 top-level symbols returned
2025-03-13 16:33:32.569 [info] [VerilogHoverProvider] Hover requested
2025-03-13 16:33:40.727 [info] [VerilogDocumentSymbolProvider] [VerilogSymbol] Symbols Requested: file:///home/sgass/Projects/kepler/hdl/rtl/ethernet/ethernet_point_to_multipoint_hub.sv
2025-03-13 16:33:40.736 [info] [VerilogDocumentSymbolProvider] 1 top-level symbols returned
2025-03-13 16:33:42.210 [info] [VerilogDocumentSymbolProvider] [VerilogSymbol] Symbols Requested: file:///home/sgass/Projects/kepler/hdl/rtl/ethernet/ethernet_point_to_multipoint_hub.sv
2025-03-13 16:33:42.217 [info] [VerilogDocumentSymbolProvider] 1 top-level symbols returned
2025-03-13 16:33:42.993 [info] [VerilogHoverProvider] Hover requested
2025-03-13 16:33:43.384 [info] [VerilogHoverProvider] Hover requested
2025-03-13 16:33:43.403 [warning] [VerilogHoverProvider] Hover object not found
2025-03-13 16:33:43.775 [warning] [VerilogHoverProvider] Hover object not found
2025-03-13 16:33:44.745 [info] [VerilogHoverProvider] Hover requested
2025-03-13 16:33:45.144 [info] [VerilogHoverProvider] Hover requested
2025-03-13 16:33:45.179 [warning] [VerilogHoverProvider] Hover object not found
2025-03-13 16:33:45.557 [warning] [VerilogHoverProvider] Hover object not found
2025-03-13 16:33:47.765 [info] [VerilogDocumentSymbolProvider] [VerilogSymbol] Symbols Requested: file:///home/sgass/Projects/kepler/hdl/rtl/ethernet/ethernet_point_to_multipoint_hub.sv
2025-03-13 16:33:47.772 [info] [VerilogDocumentSymbolProvider] 1 top-level symbols returned
2025-03-13 16:33:48.918 [info] [VerilogDocumentSymbolProvider] [VerilogSymbol] Symbols Requested: file:///home/sgass/Projects/kepler/hdl/rtl/ethernet/ethernet_point_to_multipoint_hub.sv
2025-03-13 16:33:48.925 [info] [VerilogDocumentSymbolProvider] 1 top-level symbols returned
2025-03-13 16:33:49.390 [info] [VerilogDocumentSymbolProvider] [VerilogSymbol] Symbols Requested: file:///home/sgass/Projects/kepler/hdl/rtl/ethernet/ethernet_point_to_multipoint_hub.sv
2025-03-13 16:33:49.397 [info] [VerilogDocumentSymbolProvider] 1 top-level symbols returned
2025-03-13 16:33:49.902 [info] [VerilogDocumentSymbolProvider] [VerilogSymbol] Symbols Requested: file:///home/sgass/Projects/kepler/hdl/rtl/ethernet/ethernet_point_to_multipoint_hub.sv
2025-03-13 16:33:49.908 [info] [VerilogDocumentSymbolProvider] 1 top-level symbols returned
2025-03-13 16:33:51.353 [info] [VerilogHoverProvider] Hover requested
2025-03-13 16:33:51.756 [info] [VerilogHoverProvider] Hover object returned
2025-03-13 16:33:52.719 [info] [VerilogHoverProvider] Hover requested
2025-03-13 16:33:53.799 [info] [VerilogHoverProvider] Hover requested
2025-03-13 16:33:54.469 [info] [VerilogHoverProvider] Hover requested
2025-03-13 16:33:56.150 [info] [VerilogDocumentSymbolProvider] [VerilogSymbol] Symbols Requested: file:///home/sgass/Projects/kepler/hdl/rtl/ethernet/ethernet_point_to_multipoint_hub.sv
2025-03-13 16:33:56.156 [info] [VerilogDocumentSymbolProvider] 1 top-level symbols returned
2025-03-13 16:33:57.029 [info] [VerilogDocumentSymbolProvider] [VerilogSymbol] Symbols Requested: file:///home/sgass/Projects/kepler/hdl/rtl/ethernet/ethernet_point_to_multipoint_hub.sv
2025-03-13 16:33:57.036 [info] [VerilogDocumentSymbolProvider] 1 top-level symbols returned
2025-03-13 16:34:01.616 [info] [VerilogHoverProvider] Hover requested
2025-03-13 16:34:02.011 [warning] [VerilogHoverProvider] Hover object not found
2025-03-13 16:34:02.810 [info] [VerilogHoverProvider] Hover requested
2025-03-13 16:34:03.237 [info] [VerilogHoverProvider] Hover requested
2025-03-13 16:34:03.603 [info] [VerilogHoverProvider] Hover requested
2025-03-13 16:34:03.921 [info] [VerilogHoverProvider] Hover requested
2025-03-13 16:34:03.999 [warning] [VerilogHoverProvider] Hover object not found
2025-03-13 16:34:04.297 [warning] [VerilogHoverProvider] Hover object not found
2025-03-13 16:34:05.944 [info] [VerilogHoverProvider] Hover requested
2025-03-13 16:34:06.421 [warning] [VerilogHoverProvider] Hover object not found
2025-03-13 16:34:07.203 [info] [VerilogHoverProvider] Hover requested
2025-03-13 16:34:07.578 [warning] [VerilogHoverProvider] Hover object not found
2025-03-13 16:34:11.406 [info] [VerilogHoverProvider] Hover requested
2025-03-13 16:34:11.832 [warning] [VerilogHoverProvider] Hover object not found
2025-03-13 16:34:12.524 [info] [VerilogHoverProvider] Hover requested
2025-03-13 16:34:12.704 [info] [VerilogHoverProvider] Hover requested
2025-03-13 16:34:12.879 [info] [VerilogHoverProvider] Hover requested
2025-03-13 16:34:13.010 [warning] [VerilogHoverProvider] Hover object not found
2025-03-13 16:34:13.136 [warning] [VerilogHoverProvider] Hover object not found
2025-03-13 16:34:13.307 [warning] [VerilogHoverProvider] Hover object not found
2025-03-13 16:34:14.948 [info] [VerilogHoverProvider] Hover requested
2025-03-13 16:34:16.170 [info] [VerilogHoverProvider] Hover requested
2025-03-13 16:34:16.567 [warning] [VerilogHoverProvider] Hover object not found
2025-03-13 16:34:16.906 [info] [VerilogHoverProvider] Hover requested
2025-03-13 16:34:17.298 [warning] [VerilogHoverProvider] Hover object not found
2025-03-13 16:34:17.355 [info] [VerilogHoverProvider] Hover requested
2025-03-13 16:34:17.807 [warning] [VerilogHoverProvider] Hover object not found
2025-03-13 16:34:18.324 [info] [VerilogHoverProvider] Hover requested
2025-03-13 16:34:18.706 [warning] [VerilogHoverProvider] Hover object not found
2025-03-13 16:34:19.111 [info] [VerilogHoverProvider] Hover requested
2025-03-13 16:34:19.490 [warning] [VerilogHoverProvider] Hover object not found
2025-03-13 16:34:19.811 [info] [VerilogHoverProvider] Hover requested
2025-03-13 16:34:20.227 [warning] [VerilogHoverProvider] Hover object not found
2025-03-13 16:34:21.396 [info] [VerilogHoverProvider] Hover requested
2025-03-13 16:34:22.213 [info] [VerilogHoverProvider] Hover requested
2025-03-13 16:34:22.563 [info] [VerilogHoverProvider] Hover requested
2025-03-13 16:34:23.296 [info] [VerilogHoverProvider] Hover requested
2025-03-13 16:34:23.684 [warning] [VerilogHoverProvider] Hover object not found
2025-03-13 16:34:24.388 [info] [VerilogHoverProvider] Hover requested
2025-03-13 16:34:24.784 [warning] [VerilogHoverProvider] Hover object not found
2025-03-13 16:34:26.475 [info] [VerilogHoverProvider] Hover requested
2025-03-13 16:34:26.802 [info] [VerilogHoverProvider] Hover requested
2025-03-13 16:34:26.894 [info] [VerilogHoverProvider] Hover object returned
2025-03-13 16:34:27.479 [info] [VerilogHoverProvider] Hover requested
2025-03-13 16:34:27.734 [info] [VerilogHoverProvider] Hover requested
2025-03-13 16:34:28.125 [warning] [VerilogHoverProvider] Hover object not found
2025-03-13 16:34:30.499 [info] [VerilogDocumentSymbolProvider] [VerilogSymbol] Symbols Requested: file:///home/sgass/Projects/kepler/hdl/rtl/ethernet/ethernet_point_to_multipoint_hub.sv
2025-03-13 16:34:30.507 [info] [VerilogDocumentSymbolProvider] 1 top-level symbols returned
2025-03-13 16:34:31.168 [info] [VerilogHoverProvider] Hover requested
2025-03-13 16:34:33.332 [info] [VerilogDocumentSymbolProvider] [VerilogSymbol] Symbols Requested: file:///home/sgass/Projects/kepler/hdl/rtl/ethernet/ethernet_point_to_multipoint_hub.sv
2025-03-13 16:34:33.341 [info] [VerilogDocumentSymbolProvider] 1 top-level symbols returned
2025-03-13 16:34:34.968 [info] [VerilogHoverProvider] Hover requested
2025-03-13 16:34:35.211 [info] [VerilogHoverProvider] Hover requested
2025-03-13 16:34:35.383 [warning] [VerilogHoverProvider] Hover object not found
2025-03-13 16:34:35.594 [warning] [VerilogHoverProvider] Hover object not found
2025-03-13 16:34:37.448 [info] [VerilogHoverProvider] Hover requested
2025-03-13 16:34:37.863 [warning] [VerilogHoverProvider] Hover object not found
2025-03-13 16:34:38.638 [info] [VerilogHoverProvider] Hover requested
2025-03-13 16:34:39.075 [warning] [VerilogHoverProvider] Hover object not found
2025-03-13 16:34:39.525 [info] [VerilogDocumentSymbolProvider] [VerilogSymbol] Symbols Requested: file:///home/sgass/Projects/kepler/hdl/rtl/ethernet/ethernet_point_to_multipoint_hub.sv
2025-03-13 16:34:39.534 [info] [VerilogDocumentSymbolProvider] 1 top-level symbols returned
2025-03-13 16:34:39.970 [info] [VerilogHoverProvider] Hover requested
2025-03-13 16:34:40.392 [warning] [VerilogHoverProvider] Hover object not found
2025-03-13 16:34:40.591 [info] [VerilogHoverProvider] Hover requested
2025-03-13 16:34:41.016 [warning] [VerilogHoverProvider] Hover object not found
2025-03-13 16:34:41.386 [info] [VerilogDefinitionProvider] Definitions Requested: file:///home/sgass/Projects/kepler/hdl/rtl/ethernet/ethernet_point_to_multipoint_hub.sv
2025-03-13 16:34:41.801 [info] [VerilogDefinitionProvider] 0 definitions returned
2025-03-13 16:34:42.220 [info] [VerilogCompletionItemProvider] Completion items requested
2025-03-13 16:34:42.220 [info] [VerilogCompletionItemProvider] 158 items requested
2025-03-13 16:34:43.165 [info] [VerilogDocumentSymbolProvider] [VerilogSymbol] Symbols Requested: file:///home/sgass/Projects/kepler/hdl/rtl/ethernet/ethernet_point_to_multipoint_hub.sv
2025-03-13 16:34:43.173 [info] [VerilogDocumentSymbolProvider] 1 top-level symbols returned
2025-03-13 16:34:43.603 [info] [VerilogDocumentSymbolProvider] [VerilogSymbol] Symbols Requested: file:///home/sgass/Projects/kepler/hdl/rtl/ethernet/ethernet_point_to_multipoint_hub.sv
2025-03-13 16:34:43.612 [info] [VerilogDocumentSymbolProvider] 1 top-level symbols returned
2025-03-13 16:35:01.889 [info] [VerilogHoverProvider] Hover requested
2025-03-13 16:35:02.293 [info] [VerilogHoverProvider] Hover object returned
2025-03-13 16:35:02.789 [info] [VerilogHoverProvider] Hover requested
2025-03-13 16:35:03.198 [warning] [VerilogHoverProvider] Hover object not found
2025-03-13 16:35:46.175 [info] [VerilogDocumentSymbolProvider] [VerilogSymbol] Symbols Requested: file:///home/sgass/Projects/kepler/hdl/rtl/ethernet/ethernet_point_to_multipoint_hub.sv
2025-03-13 16:35:46.182 [info] [VerilogDocumentSymbolProvider] 1 top-level symbols returned
2025-03-13 16:35:47.200 [info] [VerilogDocumentSymbolProvider] [VerilogSymbol] Symbols Requested: file:///home/sgass/Projects/kepler/hdl/rtl/ethernet/ethernet_point_to_multipoint_hub.sv
2025-03-13 16:35:47.206 [info] [VerilogDocumentSymbolProvider] 1 top-level symbols returned
2025-03-13 16:35:49.078 [info] [VerilogDocumentSymbolProvider] [VerilogSymbol] Symbols Requested: file:///home/sgass/Projects/kepler/hdl/rtl/ethernet/ethernet_point_to_multipoint_hub.sv
2025-03-13 16:35:49.086 [info] [VerilogDocumentSymbolProvider] 1 top-level symbols returned
2025-03-13 16:35:50.257 [info] [VerilogDocumentSymbolProvider] [VerilogSymbol] Symbols Requested: file:///home/sgass/Projects/kepler/hdl/rtl/ethernet/ethernet_point_to_multipoint_hub.sv
2025-03-13 16:35:50.266 [info] [VerilogDocumentSymbolProvider] 1 top-level symbols returned
2025-03-13 16:35:52.288 [info] [VerilogDocumentSymbolProvider] [VerilogSymbol] Symbols Requested: file:///home/sgass/Projects/kepler/hdl/rtl/ethernet/ethernet_point_to_multipoint_hub.sv
2025-03-13 16:35:52.295 [info] [VerilogDocumentSymbolProvider] 1 top-level symbols returned
2025-03-13 16:35:55.862 [info] [VerilogDocumentSymbolProvider] [VerilogSymbol] Symbols Requested: file:///home/sgass/Projects/kepler/hdl/rtl/ethernet/ethernet_point_to_multipoint_hub.sv
2025-03-13 16:35:55.868 [info] [VerilogDocumentSymbolProvider] 1 top-level symbols returned
2025-03-13 16:35:57.575 [info] [VerilogDocumentSymbolProvider] [VerilogSymbol] Symbols Requested: file:///home/sgass/Projects/kepler/hdl/rtl/ethernet/ethernet_point_to_multipoint_hub.sv
2025-03-13 16:35:57.582 [info] [VerilogDocumentSymbolProvider] 1 top-level symbols returned
2025-03-13 16:35:58.590 [info] [VerilogDocumentSymbolProvider] [VerilogSymbol] Symbols Requested: file:///home/sgass/Projects/kepler/hdl/rtl/ethernet/ethernet_point_to_multipoint_hub.sv
2025-03-13 16:35:58.596 [info] [VerilogDocumentSymbolProvider] 1 top-level symbols returned
2025-03-13 16:36:00.352 [info] [VerilogDocumentSymbolProvider] [VerilogSymbol] Symbols Requested: file:///home/sgass/Projects/kepler/hdl/rtl/ethernet/ethernet_point_to_multipoint_hub.sv
2025-03-13 16:36:00.358 [info] [VerilogDocumentSymbolProvider] 1 top-level symbols returned
2025-03-13 16:36:01.424 [info] [VerilogDocumentSymbolProvider] [VerilogSymbol] Symbols Requested: file:///home/sgass/Projects/kepler/hdl/rtl/ethernet/ethernet_point_to_multipoint_hub.sv
2025-03-13 16:36:01.430 [info] [VerilogDocumentSymbolProvider] 1 top-level symbols returned
2025-03-13 16:36:03.215 [info] [VerilogDocumentSymbolProvider] [VerilogSymbol] Symbols Requested: file:///home/sgass/Projects/kepler/hdl/rtl/ethernet/ethernet_point_to_multipoint_hub.sv
2025-03-13 16:36:03.221 [info] [VerilogDocumentSymbolProvider] 1 top-level symbols returned
2025-03-13 16:36:05.089 [info] [VerilogDocumentSymbolProvider] [VerilogSymbol] Symbols Requested: file:///home/sgass/Projects/kepler/hdl/rtl/ethernet/ethernet_point_to_multipoint_hub.sv
2025-03-13 16:36:05.096 [info] [VerilogDocumentSymbolProvider] 1 top-level symbols returned
2025-03-13 16:36:15.719 [info] [VerilogDocumentSymbolProvider] [VerilogSymbol] Symbols Requested: file:///home/sgass/Projects/kepler/hdl/rtl/ethernet/ethernet_point_to_multipoint_hub.sv
2025-03-13 16:36:15.727 [info] [VerilogDocumentSymbolProvider] 1 top-level symbols returned
2025-03-13 16:36:17.399 [info] [VerilogDocumentSymbolProvider] [VerilogSymbol] Symbols Requested: file:///home/sgass/Projects/kepler/hdl/rtl/ethernet/ethernet_point_to_multipoint_hub.sv
2025-03-13 16:36:17.402 [info] [VerilogDocumentSymbolProvider] 1 top-level symbols returned
2025-03-13 16:36:25.483 [info] [VerilogHoverProvider] Hover requested
2025-03-13 16:36:25.741 [info] [VerilogHoverProvider] Hover requested
2025-03-13 16:36:27.958 [info] [VerilogDocumentSymbolProvider] [VerilogSymbol] Symbols Requested: file:///home/sgass/Projects/kepler/hdl/rtl/ethernet/ethernet_point_to_multipoint_hub.sv
2025-03-13 16:36:27.965 [info] [VerilogDocumentSymbolProvider] 1 top-level symbols returned
2025-03-13 16:36:29.806 [info] [VerilogHoverProvider] Hover requested
2025-03-13 16:36:30.224 [info] [VerilogHoverProvider] Hover object returned
2025-03-13 16:36:31.487 [info] [VerilogHoverProvider] Hover requested
2025-03-13 16:36:31.885 [info] [VerilogHoverProvider] Hover object returned
2025-03-13 16:36:33.775 [info] [VerilogHoverProvider] Hover requested
2025-03-13 16:36:35.090 [info] [VerilogHoverProvider] Hover requested
2025-03-13 16:36:35.255 [info] [VerilogHoverProvider] Hover requested
2025-03-13 16:36:35.564 [warning] [VerilogHoverProvider] Hover object not found
2025-03-13 16:36:35.655 [warning] [VerilogHoverProvider] Hover object not found
2025-03-13 16:36:41.643 [info] [VerilogHoverProvider] Hover requested
2025-03-13 16:36:42.078 [warning] [VerilogHoverProvider] Hover object not found
2025-03-13 16:36:42.538 [info] [VerilogHoverProvider] Hover requested
2025-03-13 16:36:42.958 [warning] [VerilogHoverProvider] Hover object not found
2025-03-13 16:36:42.979 [info] [VerilogDefinitionProvider] Definitions Requested: file:///home/sgass/Projects/kepler/hdl/rtl/ethernet/ethernet_point_to_multipoint_hub.sv
2025-03-13 16:36:43.444 [info] [VerilogDefinitionProvider] 0 definitions returned
2025-03-13 16:36:46.001 [info] [VerilogCompletionItemProvider] Completion items requested
2025-03-13 16:36:46.001 [info] [VerilogCompletionItemProvider] 158 items requested
2025-03-13 16:36:46.683 [info] [VerilogDocumentSymbolProvider] [VerilogSymbol] Symbols Requested: file:///home/sgass/Projects/kepler/hdl/rtl/ethernet/ethernet_point_to_multipoint_hub.sv
2025-03-13 16:36:46.694 [info] [VerilogDocumentSymbolProvider] 1 top-level symbols returned
2025-03-13 16:36:49.153 [info] [VerilogDocumentSymbolProvider] [VerilogSymbol] Symbols Requested: file:///home/sgass/Projects/kepler/hdl/rtl/ethernet/ethernet_point_to_multipoint_hub.sv
2025-03-13 16:36:49.161 [info] [VerilogDocumentSymbolProvider] 1 top-level symbols returned
2025-03-13 16:36:50.272 [info] [VerilogDocumentSymbolProvider] [VerilogSymbol] Symbols Requested: file:///home/sgass/Projects/kepler/hdl/rtl/ethernet/ethernet_point_to_multipoint_hub.sv
2025-03-13 16:36:50.279 [info] [VerilogDocumentSymbolProvider] 1 top-level symbols returned
2025-03-13 16:36:51.968 [info] [VerilogDocumentSymbolProvider] [VerilogSymbol] Symbols Requested: file:///home/sgass/Projects/kepler/hdl/rtl/ethernet/ethernet_point_to_multipoint_hub.sv
2025-03-13 16:36:51.976 [info] [VerilogDocumentSymbolProvider] 1 top-level symbols returned
2025-03-13 16:36:52.547 [info] [VerilogDocumentSymbolProvider] [VerilogSymbol] Symbols Requested: file:///home/sgass/Projects/kepler/hdl/rtl/ethernet/ethernet_point_to_multipoint_hub.sv
2025-03-13 16:36:52.555 [info] [VerilogDocumentSymbolProvider] 1 top-level symbols returned
2025-03-13 16:36:56.528 [info] [VerilogDocumentSymbolProvider] [VerilogSymbol] Symbols Requested: file:///home/sgass/Projects/kepler/hdl/rtl/ethernet/ethernet_point_to_multipoint_hub.sv
2025-03-13 16:36:56.535 [info] [VerilogDocumentSymbolProvider] 1 top-level symbols returned
2025-03-13 16:36:58.398 [info] [VerilogDocumentSymbolProvider] [VerilogSymbol] Symbols Requested: file:///home/sgass/Projects/kepler/hdl/rtl/ethernet/ethernet_point_to_multipoint_hub.sv
2025-03-13 16:36:58.404 [info] [VerilogDocumentSymbolProvider] 1 top-level symbols returned
2025-03-13 16:36:58.944 [info] [VerilogCompletionItemProvider] Completion items requested
2025-03-13 16:36:58.944 [info] [VerilogCompletionItemProvider] 158 items requested
2025-03-13 16:36:59.659 [info] [VerilogDocumentSymbolProvider] [VerilogSymbol] Symbols Requested: file:///home/sgass/Projects/kepler/hdl/rtl/ethernet/ethernet_point_to_multipoint_hub.sv
2025-03-13 16:36:59.666 [info] [VerilogDocumentSymbolProvider] 1 top-level symbols returned
2025-03-13 16:37:00.006 [info] [VerilogHoverProvider] Hover requested
2025-03-13 16:37:00.390 [warning] [VerilogHoverProvider] Hover object not found
2025-03-13 16:37:02.441 [info] [VerilogDocumentSymbolProvider] [VerilogSymbol] Symbols Requested: file:///home/sgass/Projects/kepler/hdl/rtl/ethernet/ethernet_point_to_multipoint_hub.sv
2025-03-13 16:37:02.450 [info] [VerilogDocumentSymbolProvider] 1 top-level symbols returned
2025-03-13 16:37:03.361 [info] [VerilogDocumentSymbolProvider] [VerilogSymbol] Symbols Requested: file:///home/sgass/Projects/kepler/hdl/rtl/ethernet/ethernet_point_to_multipoint_hub.sv
2025-03-13 16:37:03.367 [info] [VerilogDocumentSymbolProvider] 1 top-level symbols returned
2025-03-13 16:37:06.506 [info] [VerilogHoverProvider] Hover requested
2025-03-13 16:37:06.805 [info] [VerilogHoverProvider] Hover requested
2025-03-13 16:37:06.904 [warning] [VerilogHoverProvider] Hover object not found
2025-03-13 16:37:07.200 [warning] [VerilogHoverProvider] Hover object not found
2025-03-13 16:37:08.662 [info] [VerilogHoverProvider] Hover requested
2025-03-13 16:37:09.056 [warning] [VerilogHoverProvider] Hover object not found
2025-03-13 16:37:09.571 [info] [VerilogHoverProvider] Hover requested
2025-03-13 16:37:09.973 [info] [VerilogHoverProvider] Hover object returned
2025-03-13 16:37:10.189 [info] [VerilogHoverProvider] Hover requested
2025-03-13 16:37:10.451 [info] [VerilogDefinitionProvider] Definitions Requested: file:///home/sgass/Projects/kepler/hdl/rtl/ethernet/ethernet_point_to_multipoint_hub.sv
2025-03-13 16:37:10.624 [info] [VerilogHoverProvider] Hover object returned
2025-03-13 16:37:10.855 [info] [VerilogDefinitionProvider] 1 definitions returned
2025-03-13 16:37:19.654 [info] [VerilogHoverProvider] Hover requested
2025-03-13 16:37:20.049 [info] [VerilogHoverProvider] Hover object returned
2025-03-13 16:37:20.761 [info] [VerilogHoverProvider] Hover requested
2025-03-13 16:37:21.179 [info] [VerilogHoverProvider] Hover object returned
2025-03-13 16:37:21.194 [info] [VerilogHoverProvider] Hover requested
2025-03-13 16:37:21.605 [info] [VerilogHoverProvider] Hover object returned
2025-03-13 16:37:22.508 [info] [VerilogHoverProvider] Hover requested
2025-03-13 16:37:22.945 [info] [VerilogHoverProvider] Hover object returned
2025-03-13 16:37:23.606 [info] [VerilogHoverProvider] Hover requested
2025-03-13 16:37:24.514 [info] [VerilogHoverProvider] Hover requested
2025-03-13 16:37:24.904 [warning] [VerilogHoverProvider] Hover object not found
2025-03-13 16:37:34.475 [info] [VerilogHoverProvider] Hover requested
2025-03-13 16:37:34.639 [info] [VerilogHoverProvider] Hover requested
2025-03-13 16:37:34.962 [info] [VerilogHoverProvider] Hover object returned
2025-03-13 16:37:35.039 [info] [VerilogHoverProvider] Hover object returned
2025-03-13 16:37:39.340 [info] [VerilogCompletionItemProvider] Completion items requested
2025-03-13 16:37:39.340 [info] [VerilogCompletionItemProvider] 158 items requested
2025-03-13 16:37:40.245 [info] [VerilogDocumentSymbolProvider] [VerilogSymbol] Symbols Requested: file:///home/sgass/Projects/kepler/hdl/rtl/ethernet/ethernet_point_to_multipoint_hub.sv
2025-03-13 16:37:40.251 [info] [VerilogDocumentSymbolProvider] 1 top-level symbols returned
2025-03-13 16:37:40.623 [info] [VerilogDocumentSymbolProvider] [VerilogSymbol] Symbols Requested: file:///home/sgass/Projects/kepler/hdl/rtl/ethernet/ethernet_point_to_multipoint_hub.sv
2025-03-13 16:37:40.631 [info] [VerilogDocumentSymbolProvider] 1 top-level symbols returned
2025-03-13 16:37:42.195 [info] [VerilogDocumentSymbolProvider] [VerilogSymbol] Symbols Requested: file:///home/sgass/Projects/kepler/hdl/rtl/ethernet/ethernet_point_to_multipoint_hub.sv
2025-03-13 16:37:42.201 [info] [VerilogDocumentSymbolProvider] 1 top-level symbols returned
2025-03-13 16:37:51.578 [info] [VerilogCompletionItemProvider] Completion items requested
2025-03-13 16:37:51.578 [info] [VerilogCompletionItemProvider] 158 items requested
2025-03-13 16:37:51.766 [info] [VerilogCompletionItemProvider] Completion items requested
2025-03-13 16:37:51.767 [info] [VerilogCompletionItemProvider] 158 items requested
2025-03-13 16:37:51.974 [info] [VerilogCompletionItemProvider] Completion items requested
2025-03-13 16:37:51.974 [info] [VerilogCompletionItemProvider] 158 items requested
2025-03-13 16:37:52.044 [info] [VerilogCompletionItemProvider] Completion items requested
2025-03-13 16:37:52.044 [info] [VerilogCompletionItemProvider] 158 items requested
2025-03-13 16:37:52.335 [info] [VerilogCompletionItemProvider] Completion items requested
2025-03-13 16:37:52.336 [info] [VerilogCompletionItemProvider] 158 items requested
2025-03-13 16:37:52.469 [info] [VerilogCompletionItemProvider] Completion items requested
2025-03-13 16:37:52.470 [info] [VerilogCompletionItemProvider] 158 items requested
2025-03-13 16:37:52.810 [info] [VerilogDocumentSymbolProvider] [VerilogSymbol] Symbols Requested: file:///home/sgass/Projects/kepler/hdl/rtl/ethernet/ethernet_point_to_multipoint_hub.sv
2025-03-13 16:37:52.819 [info] [VerilogDocumentSymbolProvider] 1 top-level symbols returned
2025-03-13 16:38:01.188 [info] [VerilogDocumentSymbolProvider] [VerilogSymbol] Symbols Requested: file:///home/sgass/Projects/kepler/hdl/rtl/ethernet/ethernet_point_to_multipoint_hub.sv
2025-03-13 16:38:01.195 [info] [VerilogDocumentSymbolProvider] 1 top-level symbols returned
2025-03-13 16:38:02.393 [info] [VerilogDocumentSymbolProvider] [VerilogSymbol] Symbols Requested: file:///home/sgass/Projects/kepler/hdl/rtl/ethernet/ethernet_point_to_multipoint_hub.sv
2025-03-13 16:38:02.401 [info] [VerilogDocumentSymbolProvider] 1 top-level symbols returned
2025-03-13 16:38:04.074 [info] [VerilogHoverProvider] Hover requested
2025-03-13 16:38:04.473 [warning] [VerilogHoverProvider] Hover object not found
2025-03-13 16:38:05.223 [info] [VerilogHoverProvider] Hover requested
2025-03-13 16:38:05.611 [warning] [VerilogHoverProvider] Hover object not found
2025-03-13 16:38:05.637 [info] [VerilogDefinitionProvider] Definitions Requested: file:///home/sgass/Projects/kepler/hdl/rtl/ethernet/ethernet_point_to_multipoint_hub.sv
2025-03-13 16:38:06.034 [info] [VerilogDefinitionProvider] 0 definitions returned
2025-03-13 16:38:06.776 [info] [VerilogDocumentSymbolProvider] [VerilogSymbol] Symbols Requested: file:///home/sgass/Projects/kepler/hdl/rtl/ethernet/ethernet_point_to_multipoint_hub.sv
2025-03-13 16:38:06.786 [info] [VerilogDocumentSymbolProvider] 1 top-level symbols returned
2025-03-13 16:38:07.523 [info] [VerilogDocumentSymbolProvider] [VerilogSymbol] Symbols Requested: file:///home/sgass/Projects/kepler/hdl/rtl/ethernet/ethernet_point_to_multipoint_hub.sv
2025-03-13 16:38:07.530 [info] [VerilogDocumentSymbolProvider] 1 top-level symbols returned
2025-03-13 16:38:10.203 [info] [VerilogDocumentSymbolProvider] [VerilogSymbol] Symbols Requested: file:///home/sgass/Projects/kepler/hdl/rtl/ethernet/ethernet_point_to_multipoint_hub.sv
2025-03-13 16:38:10.210 [info] [VerilogDocumentSymbolProvider] 1 top-level symbols returned
2025-03-13 16:38:12.026 [info] [VerilogHoverProvider] Hover requested
2025-03-13 16:38:12.444 [warning] [VerilogHoverProvider] Hover object not found
2025-03-13 16:38:12.858 [info] [VerilogHoverProvider] Hover requested
2025-03-13 16:38:13.265 [warning] [VerilogHoverProvider] Hover object not found
2025-03-13 16:38:13.686 [info] [VerilogHoverProvider] Hover requested
2025-03-13 16:38:14.070 [info] [VerilogHoverProvider] Hover object returned
2025-03-13 16:38:15.266 [info] [VerilogHoverProvider] Hover requested
2025-03-13 16:38:15.694 [info] [VerilogHoverProvider] Hover object returned
2025-03-13 16:38:15.708 [info] [VerilogHoverProvider] Hover requested
2025-03-13 16:38:16.120 [info] [VerilogHoverProvider] Hover object returned
2025-03-13 16:38:17.393 [info] [VerilogDocumentSymbolProvider] [VerilogSymbol] Symbols Requested: file:///home/sgass/Projects/kepler/hdl/rtl/ethernet/ethernet_point_to_multipoint_hub.sv
2025-03-13 16:38:17.400 [info] [VerilogDocumentSymbolProvider] 1 top-level symbols returned
2025-03-13 16:38:18.271 [info] [VerilogCompletionItemProvider] Completion items requested
2025-03-13 16:38:18.271 [info] [VerilogCompletionItemProvider] 158 items requested
2025-03-13 16:38:19.061 [info] [VerilogDocumentSymbolProvider] [VerilogSymbol] Symbols Requested: file:///home/sgass/Projects/kepler/hdl/rtl/ethernet/ethernet_point_to_multipoint_hub.sv
2025-03-13 16:38:19.069 [info] [VerilogDocumentSymbolProvider] 1 top-level symbols returned
2025-03-13 16:38:21.692 [info] [VerilogHoverProvider] Hover requested
2025-03-13 16:38:22.809 [info] [VerilogHoverProvider] Hover requested
2025-03-13 16:38:23.994 [info] [VerilogDocumentSymbolProvider] [VerilogSymbol] Symbols Requested: file:///home/sgass/Projects/kepler/hdl/rtl/ethernet/ethernet_point_to_multipoint_hub.sv
2025-03-13 16:38:24.004 [info] [VerilogDocumentSymbolProvider] 1 top-level symbols returned
2025-03-13 16:38:25.355 [info] [VerilogDocumentSymbolProvider] [VerilogSymbol] Symbols Requested: file:///home/sgass/Projects/kepler/hdl/rtl/ethernet/ethernet_point_to_multipoint_hub.sv
2025-03-13 16:38:25.362 [info] [VerilogDocumentSymbolProvider] 1 top-level symbols returned
2025-03-13 16:38:26.505 [info] [VerilogHoverProvider] Hover requested
2025-03-13 16:38:29.306 [info] [VerilogHoverProvider] Hover requested
2025-03-13 16:38:29.739 [info] [VerilogHoverProvider] Hover object returned
2025-03-13 16:38:32.443 [info] [VerilogHoverProvider] Hover requested
2025-03-13 16:38:33.703 [info] [VerilogHoverProvider] Hover requested
2025-03-13 16:39:00.923 [info] [VerilogHoverProvider] Hover requested
2025-03-13 16:39:01.352 [warning] [VerilogHoverProvider] Hover object not found
2025-03-13 16:39:01.454 [info] [VerilogHoverProvider] Hover requested
2025-03-13 16:39:02.006 [info] [VerilogHoverProvider] Hover requested
2025-03-13 16:39:11.913 [info] [VerilogHoverProvider] Hover requested
2025-03-13 16:39:12.339 [info] [VerilogHoverProvider] Hover object returned
2025-03-13 16:39:13.228 [info] [VerilogDocumentSymbolProvider] [VerilogSymbol] Symbols Requested: file:///home/sgass/Projects/kepler/hdl/rtl/ethernet/ethernet_point_to_multipoint_hub.sv
2025-03-13 16:39:13.234 [info] [VerilogDocumentSymbolProvider] 1 top-level symbols returned
2025-03-13 16:39:13.667 [info] [VerilogDocumentSymbolProvider] [VerilogSymbol] Symbols Requested: file:///home/sgass/Projects/kepler/hdl/rtl/ethernet/ethernet_point_to_multipoint_hub.sv
2025-03-13 16:39:13.674 [info] [VerilogDocumentSymbolProvider] 1 top-level symbols returned
2025-03-13 16:39:15.379 [info] [VerilogDocumentSymbolProvider] [VerilogSymbol] Symbols Requested: file:///home/sgass/Projects/kepler/hdl/rtl/ethernet/ethernet_point_to_multipoint_hub.sv
2025-03-13 16:39:15.385 [info] [VerilogDocumentSymbolProvider] 1 top-level symbols returned
2025-03-13 16:39:16.914 [info] [VerilogHoverProvider] Hover requested
2025-03-13 16:39:17.298 [warning] [VerilogHoverProvider] Hover object not found
2025-03-13 16:39:18.012 [info] [VerilogHoverProvider] Hover requested
2025-03-13 16:39:18.500 [warning] [VerilogHoverProvider] Hover object not found
2025-03-13 16:39:19.865 [info] [VerilogHoverProvider] Hover requested
2025-03-13 16:39:20.280 [info] [VerilogHoverProvider] Hover requested
2025-03-13 16:39:20.288 [info] [VerilogHoverProvider] Hover object returned
2025-03-13 16:39:20.696 [warning] [VerilogHoverProvider] Hover object not found
2025-03-13 16:39:22.828 [info] [VerilogHoverProvider] Hover requested
2025-03-13 16:39:23.250 [warning] [VerilogHoverProvider] Hover object not found
2025-03-13 16:39:27.411 [info] [VerilogHoverProvider] Hover requested
2025-03-13 16:39:27.879 [info] [VerilogHoverProvider] Hover requested
2025-03-13 16:39:28.285 [warning] [VerilogHoverProvider] Hover object not found
2025-03-13 16:39:28.995 [info] [VerilogHoverProvider] Hover requested
2025-03-13 16:39:29.403 [info] [VerilogHoverProvider] Hover object returned
2025-03-13 16:39:31.163 [info] [VerilogDocumentSymbolProvider] [VerilogSymbol] Symbols Requested: file:///home/sgass/Projects/kepler/hdl/rtl/ethernet/ethernet_point_to_multipoint_hub.sv
2025-03-13 16:39:31.171 [info] [VerilogDocumentSymbolProvider] 1 top-level symbols returned
2025-03-13 16:39:31.560 [info] [VerilogHoverProvider] Hover requested
2025-03-13 16:39:33.211 [info] [VerilogDocumentSymbolProvider] [VerilogSymbol] Symbols Requested: file:///home/sgass/Projects/kepler/hdl/rtl/ethernet/ethernet_point_to_multipoint_hub.sv
2025-03-13 16:39:33.218 [info] [VerilogDocumentSymbolProvider] 1 top-level symbols returned
2025-03-13 16:39:33.619 [info] [VerilogDocumentSymbolProvider] [VerilogSymbol] Symbols Requested: file:///home/sgass/Projects/kepler/hdl/rtl/ethernet/ethernet_point_to_multipoint_hub.sv
2025-03-13 16:39:33.627 [info] [VerilogDocumentSymbolProvider] 1 top-level symbols returned
2025-03-13 16:39:33.712 [info] [VerilogHoverProvider] Hover requested
2025-03-13 16:39:33.893 [info] [VerilogHoverProvider] Hover requested
2025-03-13 16:39:34.121 [warning] [VerilogHoverProvider] Hover object not found
2025-03-13 16:39:34.283 [warning] [VerilogHoverProvider] Hover object not found
2025-03-13 16:39:34.424 [info] [VerilogHoverProvider] Hover requested
2025-03-13 16:39:34.839 [info] [VerilogHoverProvider] Hover object returned
2025-03-13 16:39:35.938 [info] [VerilogDocumentSymbolProvider] [VerilogSymbol] Symbols Requested: file:///home/sgass/Projects/kepler/hdl/rtl/ethernet/ethernet_point_to_multipoint_hub.sv
2025-03-13 16:39:35.947 [info] [VerilogDocumentSymbolProvider] 1 top-level symbols returned
2025-03-13 16:39:36.353 [info] [VerilogHoverProvider] Hover requested
2025-03-13 16:39:36.734 [info] [VerilogHoverProvider] Hover requested
2025-03-13 16:39:36.782 [info] [VerilogHoverProvider] Hover object returned
2025-03-13 16:39:38.271 [info] [VerilogDocumentSymbolProvider] [VerilogSymbol] Symbols Requested: file:///home/sgass/Projects/kepler/hdl/rtl/ethernet/ethernet_point_to_multipoint_hub.sv
2025-03-13 16:39:38.278 [info] [VerilogDocumentSymbolProvider] 1 top-level symbols returned
2025-03-13 16:39:40.334 [info] [VerilogHoverProvider] Hover requested
2025-03-13 16:39:40.735 [warning] [VerilogHoverProvider] Hover object not found
2025-03-13 16:39:42.161 [info] [VerilogHoverProvider] Hover requested
2025-03-13 16:39:42.543 [warning] [VerilogHoverProvider] Hover object not found
2025-03-13 16:39:46.022 [info] [VerilogHoverProvider] Hover requested
2025-03-13 16:39:46.440 [warning] [VerilogHoverProvider] Hover object not found
2025-03-13 16:39:50.089 [info] [VerilogHoverProvider] Hover requested
2025-03-13 16:39:50.521 [warning] [VerilogHoverProvider] Hover object not found
2025-03-13 16:39:53.612 [info] [VerilogDocumentSymbolProvider] [VerilogSymbol] Symbols Requested: file:///home/sgass/Projects/kepler/hdl/rtl/ethernet/ethernet_point_to_multipoint_hub.sv
2025-03-13 16:39:53.618 [info] [VerilogDocumentSymbolProvider] 1 top-level symbols returned
2025-03-13 16:39:59.243 [info] [VerilogDocumentSymbolProvider] [VerilogSymbol] Symbols Requested: file:///home/sgass/Projects/kepler/hdl/rtl/ethernet/ethernet_point_to_multipoint_hub.sv
2025-03-13 16:39:59.251 [info] [VerilogDocumentSymbolProvider] 1 top-level symbols returned
2025-03-13 16:40:01.612 [info] [VerilogDocumentSymbolProvider] [VerilogSymbol] Symbols Requested: file:///home/sgass/Projects/kepler/hdl/rtl/ethernet/ethernet_point_to_multipoint_hub.sv
2025-03-13 16:40:01.618 [info] [VerilogDocumentSymbolProvider] 1 top-level symbols returned
2025-03-13 16:40:04.299 [info] [VerilogDocumentSymbolProvider] [VerilogSymbol] Symbols Requested: file:///home/sgass/Projects/kepler/hdl/rtl/ethernet/ethernet_point_to_multipoint_hub.sv
2025-03-13 16:40:04.305 [info] [VerilogDocumentSymbolProvider] 1 top-level symbols returned
2025-03-13 16:40:06.514 [info] [VerilogDocumentSymbolProvider] [VerilogSymbol] Symbols Requested: file:///home/sgass/Projects/kepler/hdl/rtl/ethernet/ethernet_point_to_multipoint_hub.sv
2025-03-13 16:40:06.520 [info] [VerilogDocumentSymbolProvider] 1 top-level symbols returned
2025-03-13 16:40:07.459 [info] [VerilogDocumentSymbolProvider] [VerilogSymbol] Symbols Requested: file:///home/sgass/Projects/kepler/hdl/rtl/ethernet/ethernet_point_to_multipoint_hub.sv
2025-03-13 16:40:07.466 [info] [VerilogDocumentSymbolProvider] 1 top-level symbols returned
2025-03-13 16:40:09.441 [info] [VerilogHoverProvider] Hover requested
2025-03-13 16:40:15.150 [info] [VerilogHoverProvider] Hover requested
2025-03-13 16:40:15.547 [info] [VerilogHoverProvider] Hover requested
2025-03-13 16:40:15.580 [info] [VerilogHoverProvider] Hover object returned
2025-03-13 16:40:19.390 [info] [VerilogHoverProvider] Hover requested
2025-03-13 16:40:19.770 [info] [VerilogHoverProvider] Hover requested
2025-03-13 16:40:19.810 [info] [VerilogHoverProvider] Hover object returned
2025-03-13 16:40:20.242 [info] [VerilogHoverProvider] Hover requested
2025-03-13 16:40:20.677 [info] [VerilogHoverProvider] Hover requested
2025-03-13 16:40:20.677 [warning] [VerilogHoverProvider] Hover object not found
2025-03-13 16:40:21.105 [warning] [VerilogHoverProvider] Hover object not found
2025-03-13 16:40:21.836 [info] [VerilogHoverProvider] Hover requested
2025-03-13 16:40:22.244 [info] [VerilogHoverProvider] Hover object returned
2025-03-13 16:40:24.920 [info] [VerilogDocumentSymbolProvider] [VerilogSymbol] Symbols Requested: file:///home/sgass/Projects/kepler/hdl/rtl/ethernet/ethernet_point_to_multipoint_hub.sv
2025-03-13 16:40:24.926 [info] [VerilogDocumentSymbolProvider] 1 top-level symbols returned
2025-03-13 16:40:26.560 [info] [VerilogHoverProvider] Hover requested
2025-03-13 16:40:26.945 [warning] [VerilogHoverProvider] Hover object not found
2025-03-13 16:40:27.691 [info] [VerilogHoverProvider] Hover requested
2025-03-13 16:40:28.177 [warning] [VerilogHoverProvider] Hover object not found
2025-03-13 16:40:28.655 [info] [VerilogHoverProvider] Hover requested
2025-03-13 16:40:28.975 [info] [VerilogDefinitionProvider] Definitions Requested: file:///home/sgass/Projects/kepler/hdl/rtl/ethernet/ethernet_point_to_multipoint_hub.sv
2025-03-13 16:40:29.082 [info] [VerilogHoverProvider] Hover object returned
2025-03-13 16:40:29.359 [info] [VerilogDefinitionProvider] 1 definitions returned
2025-03-13 16:40:31.380 [info] [VerilogDocumentSymbolProvider] [VerilogSymbol] Symbols Requested: file:///home/sgass/Projects/kepler/hdl/rtl/ethernet/ethernet_point_to_multipoint_hub.sv
2025-03-13 16:40:31.386 [info] [VerilogDocumentSymbolProvider] 1 top-level symbols returned
2025-03-13 16:40:35.261 [info] [VerilogDocumentSymbolProvider] [VerilogSymbol] Symbols Requested: file:///home/sgass/Projects/kepler/hdl/rtl/ethernet/ethernet_point_to_multipoint_hub.sv
2025-03-13 16:40:35.267 [info] [VerilogDocumentSymbolProvider] 1 top-level symbols returned
2025-03-13 16:40:36.411 [info] [VerilogHoverProvider] Hover requested
2025-03-13 16:40:36.884 [warning] [VerilogHoverProvider] Hover object not found
2025-03-13 16:40:36.909 [info] [VerilogHoverProvider] Hover requested
2025-03-13 16:40:37.093 [info] [VerilogHoverProvider] Hover requested
2025-03-13 16:40:37.343 [warning] [VerilogHoverProvider] Hover object not found
2025-03-13 16:40:38.150 [info] [VerilogHoverProvider] Hover requested
2025-03-13 16:40:40.540 [info] [VerilogHoverProvider] Hover requested
2025-03-13 16:40:40.985 [warning] [VerilogHoverProvider] Hover object not found
2025-03-13 16:40:41.476 [info] [VerilogDefinitionProvider] Definitions Requested: file:///home/sgass/Projects/kepler/hdl/rtl/ethernet/ethernet_point_to_multipoint_hub.sv
2025-03-13 16:40:41.863 [info] [VerilogDefinitionProvider] 0 definitions returned
2025-03-13 16:40:43.092 [info] [VerilogDocumentSymbolProvider] [VerilogSymbol] Symbols Requested: file:///home/sgass/Projects/kepler/hdl/rtl/ethernet/ethernet_point_to_multipoint_hub.sv
2025-03-13 16:40:43.101 [info] [VerilogDocumentSymbolProvider] 1 top-level symbols returned
2025-03-13 16:40:45.261 [info] [VerilogDocumentSymbolProvider] [VerilogSymbol] Symbols Requested: file:///home/sgass/Projects/kepler/hdl/rtl/ethernet/ethernet_point_to_multipoint_hub.sv
2025-03-13 16:40:45.269 [info] [VerilogDocumentSymbolProvider] 1 top-level symbols returned
2025-03-13 16:40:45.927 [info] on save
2025-03-13 16:40:46.270 [info] [VerilogDocumentSymbolProvider] [VerilogSymbol] Symbols Requested: file:///home/sgass/Projects/kepler/hdl/rtl/ethernet/ethernet_point_to_multipoint_hub.sv
2025-03-13 16:40:46.270 [info] indexing "/home/sgass/Projects/kepler/hdl/rtl/ethernet/ethernet_point_to_multipoint_hub.sv"
2025-03-13 16:40:46.270 [info] executing ctags
2025-03-13 16:40:46.270 [info] Executing Command: ctags -f - --fields=+K --sort=no --excmd=n --fields-SystemVerilog=+{parameter} "/home/sgass/Projects/kepler/hdl/rtl/ethernet/ethernet_point_to_multipoint_hub.sv"
2025-03-13 16:40:46.277 [info] building symbols
2025-03-13 16:40:46.284 [info] [VerilogDocumentSymbolProvider] 1 top-level symbols returned
2025-03-13 16:40:46.851 [info] [VerilogHoverProvider] Hover requested
2025-03-13 16:40:47.211 [info] [VerilogHoverProvider] Hover requested
2025-03-13 16:40:47.253 [info] [VerilogHoverProvider] Hover object returned
2025-03-13 16:40:47.640 [info] [VerilogHoverProvider] Hover object returned
2025-03-13 16:40:52.435 [info] [VerilogHoverProvider] Hover requested
2025-03-13 16:40:52.864 [warning] [VerilogHoverProvider] Hover object not found
2025-03-13 16:40:53.446 [info] [VerilogHoverProvider] Hover requested
2025-03-13 16:40:53.838 [warning] [VerilogHoverProvider] Hover object not found
2025-03-13 16:40:56.039 [info] [VerilogDocumentSymbolProvider] [VerilogSymbol] Symbols Requested: file:///home/sgass/Projects/kepler/hdl/rtl/ethernet/ethernet_point_to_multipoint_hub.sv
2025-03-13 16:40:56.045 [info] [VerilogDocumentSymbolProvider] 1 top-level symbols returned
2025-03-13 16:40:56.861 [info] [VerilogHoverProvider] Hover requested
2025-03-13 16:40:57.305 [info] [VerilogHoverProvider] Hover requested
2025-03-13 16:40:57.752 [warning] [VerilogHoverProvider] Hover object not found
2025-03-13 16:40:59.523 [info] [VerilogDocumentSymbolProvider] [VerilogSymbol] Symbols Requested: file:///home/sgass/Projects/kepler/hdl/rtl/ethernet/ethernet_point_to_multipoint_hub.sv
2025-03-13 16:40:59.530 [info] [VerilogDocumentSymbolProvider] 1 top-level symbols returned
2025-03-13 16:40:59.949 [info] [VerilogDocumentSymbolProvider] [VerilogSymbol] Symbols Requested: file:///home/sgass/Projects/kepler/hdl/rtl/ethernet/ethernet_point_to_multipoint_hub.sv
2025-03-13 16:40:59.955 [info] [VerilogDocumentSymbolProvider] 1 top-level symbols returned
2025-03-13 16:42:24.481 [info] [VerilogHoverProvider] Hover requested
2025-03-13 16:42:25.116 [info] [VerilogHoverProvider] Hover requested
2025-03-13 16:42:25.247 [info] [VerilogDocumentSymbolProvider] [VerilogSymbol] Symbols Requested: file:///home/sgass/Projects/kepler/hdl/rtl/ethernet/ethernet_point_to_multipoint_hub.sv
2025-03-13 16:42:25.255 [info] [VerilogDocumentSymbolProvider] 1 top-level symbols returned
2025-03-13 16:42:25.482 [info] [VerilogHoverProvider] Hover requested
2025-03-13 16:42:25.892 [warning] [VerilogHoverProvider] Hover object not found
2025-03-13 16:42:26.456 [info] [VerilogHoverProvider] Hover requested
2025-03-13 16:42:26.574 [info] [VerilogDocumentSymbolProvider] [VerilogSymbol] Symbols Requested: file:///home/sgass/Projects/kepler/hdl/rtl/ethernet/ethernet_point_to_multipoint_hub.sv
2025-03-13 16:42:26.578 [info] [VerilogDocumentSymbolProvider] 1 top-level symbols returned
2025-03-13 16:42:26.779 [info] [VerilogHoverProvider] Hover requested
2025-03-13 16:42:26.855 [warning] [VerilogHoverProvider] Hover object not found
2025-03-13 16:42:27.160 [warning] [VerilogHoverProvider] Hover object not found
2025-03-13 16:42:27.877 [info] [VerilogHoverProvider] Hover requested
2025-03-13 16:42:28.302 [warning] [VerilogHoverProvider] Hover object not found
2025-03-13 16:42:28.973 [info] [VerilogDocumentSymbolProvider] [VerilogSymbol] Symbols Requested: file:///home/sgass/Projects/kepler/hdl/rtl/ethernet/ethernet_point_to_multipoint_hub.sv
2025-03-13 16:42:28.982 [info] [VerilogDocumentSymbolProvider] 1 top-level symbols returned
2025-03-13 16:42:30.039 [info] [VerilogDocumentSymbolProvider] [VerilogSymbol] Symbols Requested: file:///home/sgass/Projects/kepler/hdl/rtl/ethernet/ethernet_point_to_multipoint_hub.sv
2025-03-13 16:42:30.046 [info] [VerilogDocumentSymbolProvider] 1 top-level symbols returned
2025-03-13 16:42:31.598 [info] [VerilogDocumentSymbolProvider] [VerilogSymbol] Symbols Requested: file:///home/sgass/Projects/kepler/hdl/rtl/ethernet/ethernet_point_to_multipoint_hub.sv
2025-03-13 16:42:31.606 [info] [VerilogDocumentSymbolProvider] 1 top-level symbols returned
2025-03-13 16:42:32.240 [info] [VerilogHoverProvider] Hover requested
2025-03-13 16:42:33.071 [info] [VerilogHoverProvider] Hover requested
2025-03-13 16:42:33.673 [info] [VerilogHoverProvider] Hover requested
2025-03-13 16:42:34.086 [warning] [VerilogHoverProvider] Hover object not found
2025-03-13 16:42:34.699 [info] [VerilogHoverProvider] Hover requested
2025-03-13 16:42:35.131 [warning] [VerilogHoverProvider] Hover object not found
2025-03-13 16:42:35.411 [info] [VerilogHoverProvider] Hover requested
2025-03-13 16:42:37.854 [info] [VerilogDocumentSymbolProvider] [VerilogSymbol] Symbols Requested: file:///home/sgass/Projects/kepler/hdl/rtl/ethernet/ethernet_point_to_multipoint_hub.sv
2025-03-13 16:42:37.861 [info] [VerilogDocumentSymbolProvider] 1 top-level symbols returned
2025-03-13 16:42:38.114 [info] [VerilogHoverProvider] Hover requested
2025-03-13 16:42:38.560 [warning] [VerilogHoverProvider] Hover object not found
2025-03-13 16:42:40.607 [info] [VerilogDocumentSymbolProvider] [VerilogSymbol] Symbols Requested: file:///home/sgass/Projects/kepler/hdl/rtl/ethernet/ethernet_point_to_multipoint_hub.sv
2025-03-13 16:42:40.614 [info] [VerilogDocumentSymbolProvider] 1 top-level symbols returned
2025-03-13 16:42:42.040 [info] [VerilogDocumentSymbolProvider] [VerilogSymbol] Symbols Requested: file:///home/sgass/Projects/kepler/hdl/rtl/ethernet/ethernet_point_to_multipoint_hub.sv
2025-03-13 16:42:42.047 [info] [VerilogDocumentSymbolProvider] 1 top-level symbols returned
2025-03-13 16:42:43.975 [info] [VerilogDocumentSymbolProvider] [VerilogSymbol] Symbols Requested: file:///home/sgass/Projects/kepler/hdl/rtl/ethernet/ethernet_point_to_multipoint_hub.sv
2025-03-13 16:42:43.982 [info] [VerilogDocumentSymbolProvider] 1 top-level symbols returned
2025-03-13 16:42:45.224 [info] [VerilogDocumentSymbolProvider] [VerilogSymbol] Symbols Requested: file:///home/sgass/Projects/kepler/hdl/rtl/ethernet/ethernet_point_to_multipoint_hub.sv
2025-03-13 16:42:45.232 [info] [VerilogDocumentSymbolProvider] 1 top-level symbols returned
2025-03-13 16:42:47.607 [info] [VerilogDocumentSymbolProvider] [VerilogSymbol] Symbols Requested: file:///home/sgass/Projects/kepler/hdl/rtl/ethernet/ethernet_point_to_multipoint_hub.sv
2025-03-13 16:42:47.614 [info] [VerilogDocumentSymbolProvider] 1 top-level symbols returned
2025-03-13 16:42:47.973 [info] [VerilogDocumentSymbolProvider] [VerilogSymbol] Symbols Requested: file:///home/sgass/Projects/kepler/hdl/rtl/ethernet/ethernet_point_to_multipoint_hub.sv
2025-03-13 16:42:47.980 [info] [VerilogDocumentSymbolProvider] 1 top-level symbols returned
2025-03-13 16:42:48.542 [info] [VerilogDocumentSymbolProvider] [VerilogSymbol] Symbols Requested: file:///home/sgass/Projects/kepler/hdl/rtl/ethernet/ethernet_point_to_multipoint_hub.sv
2025-03-13 16:42:48.549 [info] [VerilogDocumentSymbolProvider] 1 top-level symbols returned
2025-03-13 16:42:51.271 [info] [VerilogDocumentSymbolProvider] [VerilogSymbol] Symbols Requested: file:///home/sgass/Projects/kepler/hdl/rtl/ethernet/ethernet_point_to_multipoint_hub.sv
2025-03-13 16:42:51.277 [info] [VerilogDocumentSymbolProvider] 1 top-level symbols returned
2025-03-13 16:42:53.679 [info] [VerilogDocumentSymbolProvider] [VerilogSymbol] Symbols Requested: file:///home/sgass/Projects/kepler/hdl/rtl/ethernet/ethernet_point_to_multipoint_hub.sv
2025-03-13 16:42:53.686 [info] [VerilogDocumentSymbolProvider] 1 top-level symbols returned
2025-03-13 16:42:54.689 [info] [VerilogDocumentSymbolProvider] [VerilogSymbol] Symbols Requested: file:///home/sgass/Projects/kepler/hdl/rtl/ethernet/ethernet_point_to_multipoint_hub.sv
2025-03-13 16:42:54.698 [info] [VerilogDocumentSymbolProvider] 1 top-level symbols returned
2025-03-13 16:42:55.879 [info] [VerilogDocumentSymbolProvider] [VerilogSymbol] Symbols Requested: file:///home/sgass/Projects/kepler/hdl/rtl/ethernet/ethernet_point_to_multipoint_hub.sv
2025-03-13 16:42:55.887 [info] [VerilogDocumentSymbolProvider] 1 top-level symbols returned
2025-03-13 16:42:56.808 [info] [VerilogDocumentSymbolProvider] [VerilogSymbol] Symbols Requested: file:///home/sgass/Projects/kepler/hdl/rtl/ethernet/ethernet_point_to_multipoint_hub.sv
2025-03-13 16:42:56.814 [info] [VerilogDocumentSymbolProvider] 1 top-level symbols returned
2025-03-13 16:42:59.215 [info] [VerilogDocumentSymbolProvider] [VerilogSymbol] Symbols Requested: file:///home/sgass/Projects/kepler/hdl/rtl/ethernet/ethernet_point_to_multipoint_hub.sv
2025-03-13 16:42:59.222 [info] [VerilogDocumentSymbolProvider] 1 top-level symbols returned
2025-03-13 16:43:37.190 [info] [VerilogHoverProvider] Hover requested
2025-03-13 16:43:37.696 [info] [VerilogHoverProvider] Hover requested
2025-03-13 16:43:42.007 [info] [VerilogDocumentSymbolProvider] [VerilogSymbol] Symbols Requested: file:///home/sgass/Projects/kepler/hdl/rtl/ethernet/ethernet_point_to_multipoint_hub.sv
2025-03-13 16:43:42.014 [info] [VerilogDocumentSymbolProvider] 1 top-level symbols returned
2025-03-13 16:43:44.009 [info] [VerilogDocumentSymbolProvider] [VerilogSymbol] Symbols Requested: file:///home/sgass/Projects/kepler/hdl/rtl/ethernet/ethernet_point_to_multipoint_hub.sv
2025-03-13 16:43:44.018 [info] [VerilogDocumentSymbolProvider] 1 top-level symbols returned
2025-03-13 16:43:45.805 [info] [VerilogHoverProvider] Hover requested
2025-03-13 16:43:46.258 [info] [VerilogHoverProvider] Hover object returned
2025-03-13 16:43:48.552 [info] [VerilogHoverProvider] Hover requested
2025-03-13 16:43:48.978 [info] [VerilogHoverProvider] Hover requested
2025-03-13 16:43:58.586 [info] [VerilogDocumentSymbolProvider] [VerilogSymbol] Symbols Requested: file:///home/sgass/Projects/kepler/hdl/rtl/ethernet/ethernet_point_to_multipoint_hub.sv
2025-03-13 16:43:58.595 [info] [VerilogDocumentSymbolProvider] 1 top-level symbols returned
2025-03-13 16:43:59.908 [info] [VerilogDocumentSymbolProvider] [VerilogSymbol] Symbols Requested: file:///home/sgass/Projects/kepler/hdl/rtl/ethernet/ethernet_point_to_multipoint_hub.sv
2025-03-13 16:43:59.916 [info] [VerilogDocumentSymbolProvider] 1 top-level symbols returned
2025-03-13 16:44:00.361 [info] [VerilogDocumentSymbolProvider] [VerilogSymbol] Symbols Requested: file:///home/sgass/Projects/kepler/hdl/rtl/ethernet/ethernet_point_to_multipoint_hub.sv
2025-03-13 16:44:00.368 [info] [VerilogDocumentSymbolProvider] 1 top-level symbols returned
2025-03-13 16:44:01.033 [info] [VerilogDocumentSymbolProvider] [VerilogSymbol] Symbols Requested: file:///home/sgass/Projects/kepler/hdl/rtl/ethernet/ethernet_point_to_multipoint_hub.sv
2025-03-13 16:44:01.040 [info] [VerilogDocumentSymbolProvider] 1 top-level symbols returned
2025-03-13 16:44:03.234 [info] [VerilogHoverProvider] Hover requested
2025-03-13 16:44:03.647 [warning] [VerilogHoverProvider] Hover object not found
2025-03-13 16:44:03.951 [info] [VerilogHoverProvider] Hover requested
2025-03-13 16:44:04.339 [warning] [VerilogHoverProvider] Hover object not found
2025-03-13 16:44:04.493 [info] [VerilogHoverProvider] Hover requested
2025-03-13 16:44:04.797 [info] [VerilogHoverProvider] Hover requested
2025-03-13 16:44:04.896 [warning] [VerilogHoverProvider] Hover object not found
2025-03-13 16:44:05.192 [warning] [VerilogHoverProvider] Hover object not found
2025-03-13 16:44:05.428 [info] [VerilogHoverProvider] Hover requested
2025-03-13 16:44:05.801 [warning] [VerilogHoverProvider] Hover object not found
2025-03-13 16:44:21.256 [info] [VerilogHoverProvider] Hover requested
2025-03-13 16:44:21.496 [info] [VerilogHoverProvider] Hover requested
2025-03-13 16:44:21.884 [warning] [VerilogHoverProvider] Hover object not found
2025-03-13 16:44:23.880 [info] [VerilogDocumentSymbolProvider] [VerilogSymbol] Symbols Requested: file:///home/sgass/Projects/kepler/hdl/rtl/ethernet/ethernet_point_to_multipoint_hub.sv
2025-03-13 16:44:23.889 [info] [VerilogDocumentSymbolProvider] 1 top-level symbols returned
2025-03-13 16:44:25.502 [info] [VerilogHoverProvider] Hover requested
2025-03-13 16:44:25.781 [info] [VerilogHoverProvider] Hover requested
2025-03-13 16:44:25.896 [warning] [VerilogHoverProvider] Hover object not found
2025-03-13 16:44:26.700 [info] [VerilogHoverProvider] Hover requested
2025-03-13 16:44:27.096 [warning] [VerilogHoverProvider] Hover object not found
2025-03-13 16:44:27.588 [info] [VerilogHoverProvider] Hover requested
2025-03-13 16:44:27.899 [info] [VerilogHoverProvider] Hover requested
2025-03-13 16:44:28.008 [warning] [VerilogHoverProvider] Hover object not found
2025-03-13 16:44:28.272 [warning] [VerilogHoverProvider] Hover object not found
2025-03-13 16:44:28.891 [info] [VerilogHoverProvider] Hover requested
2025-03-13 16:44:29.138 [info] [VerilogHoverProvider] Hover requested
2025-03-13 16:44:29.301 [warning] [VerilogHoverProvider] Hover object not found
2025-03-13 16:44:29.521 [warning] [VerilogHoverProvider] Hover object not found
2025-03-13 16:44:30.056 [info] [VerilogHoverProvider] Hover requested
2025-03-13 16:44:30.281 [info] [VerilogHoverProvider] Hover requested
2025-03-13 16:44:30.452 [warning] [VerilogHoverProvider] Hover object not found
2025-03-13 16:44:30.696 [warning] [VerilogHoverProvider] Hover object not found
2025-03-13 16:44:36.043 [info] [VerilogDocumentSymbolProvider] [VerilogSymbol] Symbols Requested: file:///home/sgass/Projects/kepler/hdl/rtl/ethernet/ethernet_point_to_multipoint_hub.sv
2025-03-13 16:44:36.051 [info] [VerilogDocumentSymbolProvider] 1 top-level symbols returned
2025-03-13 16:44:37.376 [info] [VerilogHoverProvider] Hover requested
2025-03-13 16:44:37.749 [info] [VerilogHoverProvider] Hover requested
2025-03-13 16:44:37.802 [warning] [VerilogHoverProvider] Hover object not found
2025-03-13 16:44:38.145 [warning] [VerilogHoverProvider] Hover object not found
2025-03-13 16:44:38.477 [info] [VerilogHoverProvider] Hover requested
2025-03-13 16:44:38.859 [warning] [VerilogHoverProvider] Hover object not found
2025-03-13 16:44:40.651 [info] [VerilogHoverProvider] Hover requested
2025-03-13 16:44:41.099 [warning] [VerilogHoverProvider] Hover object not found
2025-03-13 16:44:42.330 [info] [VerilogDocumentSymbolProvider] [VerilogSymbol] Symbols Requested: file:///home/sgass/Projects/kepler/hdl/rtl/ethernet/ethernet_point_to_multipoint_hub.sv
2025-03-13 16:44:42.337 [info] [VerilogDocumentSymbolProvider] 1 top-level symbols returned
2025-03-13 16:44:49.801 [info] [VerilogDocumentSymbolProvider] [VerilogSymbol] Symbols Requested: file:///home/sgass/Projects/kepler/hdl/rtl/ethernet/ethernet_point_to_multipoint_hub.sv
2025-03-13 16:44:49.809 [info] [VerilogDocumentSymbolProvider] 1 top-level symbols returned
2025-03-13 16:44:51.946 [info] [VerilogDocumentSymbolProvider] [VerilogSymbol] Symbols Requested: file:///home/sgass/Projects/kepler/hdl/rtl/ethernet/ethernet_point_to_multipoint_hub.sv
2025-03-13 16:44:51.952 [info] [VerilogDocumentSymbolProvider] 1 top-level symbols returned
2025-03-13 16:44:53.330 [info] [VerilogDocumentSymbolProvider] [VerilogSymbol] Symbols Requested: file:///home/sgass/Projects/kepler/hdl/rtl/ethernet/ethernet_point_to_multipoint_hub.sv
2025-03-13 16:44:53.337 [info] [VerilogDocumentSymbolProvider] 1 top-level symbols returned
2025-03-13 16:45:26.451 [info] [VerilogDocumentSymbolProvider] [VerilogSymbol] Symbols Requested: file:///home/sgass/Projects/kepler/hdl/rtl/ethernet/ethernet_point_to_multipoint_hub.sv
2025-03-13 16:45:26.461 [info] [VerilogDocumentSymbolProvider] 1 top-level symbols returned
2025-03-13 16:45:31.307 [info] [VerilogDocumentSymbolProvider] [VerilogSymbol] Symbols Requested: file:///home/sgass/Projects/kepler/hdl/rtl/ethernet/ethernet_point_to_multipoint_hub.sv
2025-03-13 16:45:31.315 [info] [VerilogDocumentSymbolProvider] 1 top-level symbols returned
2025-03-13 16:45:31.740 [info] [VerilogDocumentSymbolProvider] [VerilogSymbol] Symbols Requested: file:///home/sgass/Projects/kepler/hdl/rtl/ethernet/ethernet_point_to_multipoint_hub.sv
2025-03-13 16:45:31.748 [info] [VerilogDocumentSymbolProvider] 1 top-level symbols returned
2025-03-13 16:45:33.227 [info] [VerilogDocumentSymbolProvider] [VerilogSymbol] Symbols Requested: file:///home/sgass/Projects/kepler/hdl/rtl/ethernet/ethernet_point_to_multipoint_hub.sv
2025-03-13 16:45:33.235 [info] [VerilogDocumentSymbolProvider] 1 top-level symbols returned
2025-03-13 16:45:33.754 [info] [VerilogHoverProvider] Hover requested
2025-03-13 16:45:34.085 [info] [VerilogHoverProvider] Hover requested
2025-03-13 16:45:34.225 [warning] [VerilogHoverProvider] Hover object not found
2025-03-13 16:45:34.493 [warning] [VerilogHoverProvider] Hover object not found
2025-03-13 16:45:41.022 [info] [VerilogDocumentSymbolProvider] [VerilogSymbol] Symbols Requested: file:///home/sgass/Projects/kepler/hdl/rtl/ethernet/ethernet_point_to_multipoint_hub.sv
2025-03-13 16:45:41.031 [info] [VerilogDocumentSymbolProvider] 1 top-level symbols returned
2025-03-13 16:45:41.451 [info] [VerilogDocumentSymbolProvider] [VerilogSymbol] Symbols Requested: file:///home/sgass/Projects/kepler/hdl/rtl/ethernet/ethernet_point_to_multipoint_hub.sv
2025-03-13 16:45:41.459 [info] [VerilogDocumentSymbolProvider] 1 top-level symbols returned
2025-03-13 16:45:42.353 [info] [VerilogHoverProvider] Hover requested
2025-03-13 16:45:42.666 [info] [VerilogHoverProvider] Hover requested
2025-03-13 16:45:42.772 [info] [VerilogHoverProvider] Hover object returned
2025-03-13 16:45:43.110 [info] [VerilogDocumentSymbolProvider] [VerilogSymbol] Symbols Requested: file:///home/sgass/Projects/kepler/hdl/rtl/ethernet/ethernet_point_to_multipoint_hub.sv
2025-03-13 16:45:43.118 [info] [VerilogDocumentSymbolProvider] 1 top-level symbols returned
2025-03-13 16:45:43.786 [info] [VerilogHoverProvider] Hover requested
2025-03-13 16:45:44.213 [info] [VerilogHoverProvider] Hover object returned
2025-03-13 16:45:54.426 [info] [VerilogHoverProvider] Hover requested
2025-03-13 16:45:56.331 [info] [VerilogDocumentSymbolProvider] [VerilogSymbol] Symbols Requested: file:///home/sgass/Projects/kepler/hdl/rtl/ethernet/ethernet_point_to_multipoint_hub.sv
2025-03-13 16:45:56.340 [info] [VerilogDocumentSymbolProvider] 1 top-level symbols returned
2025-03-13 16:45:56.705 [info] [VerilogDocumentSymbolProvider] [VerilogSymbol] Symbols Requested: file:///home/sgass/Projects/kepler/hdl/rtl/ethernet/ethernet_point_to_multipoint_hub.sv
2025-03-13 16:45:56.711 [info] [VerilogDocumentSymbolProvider] 1 top-level symbols returned
2025-03-13 16:45:58.076 [info] [VerilogDocumentSymbolProvider] [VerilogSymbol] Symbols Requested: file:///home/sgass/Projects/kepler/hdl/rtl/ethernet/ethernet_point_to_multipoint_hub.sv
2025-03-13 16:45:58.084 [info] [VerilogDocumentSymbolProvider] 1 top-level symbols returned
2025-03-13 16:46:00.685 [info] [VerilogHoverProvider] Hover requested
2025-03-13 16:46:01.100 [info] [VerilogHoverProvider] Hover object returned
2025-03-13 16:46:01.384 [info] [VerilogHoverProvider] Hover requested
2025-03-13 16:46:01.805 [info] [VerilogHoverProvider] Hover object returned
2025-03-13 16:46:01.823 [info] [VerilogHoverProvider] Hover requested
2025-03-13 16:46:04.093 [info] [VerilogDocumentSymbolProvider] [VerilogSymbol] Symbols Requested: file:///home/sgass/Projects/kepler/hdl/rtl/ethernet/ethernet_point_to_multipoint_hub.sv
2025-03-13 16:46:04.100 [info] [VerilogDocumentSymbolProvider] 1 top-level symbols returned
2025-03-13 16:46:05.075 [info] [VerilogDocumentSymbolProvider] [VerilogSymbol] Symbols Requested: file:///home/sgass/Projects/kepler/hdl/rtl/ethernet/ethernet_point_to_multipoint_hub.sv
2025-03-13 16:46:05.084 [info] [VerilogDocumentSymbolProvider] 1 top-level symbols returned
2025-03-13 16:46:07.389 [info] [VerilogDocumentSymbolProvider] [VerilogSymbol] Symbols Requested: file:///home/sgass/Projects/kepler/hdl/rtl/ethernet/ethernet_point_to_multipoint_hub.sv
2025-03-13 16:46:07.396 [info] [VerilogDocumentSymbolProvider] 1 top-level symbols returned
2025-03-13 16:46:07.746 [info] [VerilogDocumentSymbolProvider] [VerilogSymbol] Symbols Requested: file:///home/sgass/Projects/kepler/hdl/rtl/ethernet/ethernet_point_to_multipoint_hub.sv
2025-03-13 16:46:07.753 [info] [VerilogDocumentSymbolProvider] 1 top-level symbols returned
2025-03-13 16:46:16.362 [info] [VerilogHoverProvider] Hover requested
2025-03-13 16:46:16.805 [warning] [VerilogHoverProvider] Hover object not found
2025-03-13 16:46:17.319 [info] [VerilogHoverProvider] Hover requested
2025-03-13 16:46:17.714 [warning] [VerilogHoverProvider] Hover object not found
2025-03-13 16:46:20.445 [info] [VerilogHoverProvider] Hover requested
2025-03-13 16:46:20.870 [info] [VerilogHoverProvider] Hover object returned
2025-03-13 16:46:21.452 [info] [VerilogDocumentSymbolProvider] [VerilogSymbol] Symbols Requested: file:///home/sgass/Projects/kepler/hdl/rtl/ethernet/ethernet_point_to_multipoint_hub.sv
2025-03-13 16:46:21.460 [info] [VerilogDocumentSymbolProvider] 1 top-level symbols returned
2025-03-13 16:46:21.818 [info] [VerilogDocumentSymbolProvider] [VerilogSymbol] Symbols Requested: file:///home/sgass/Projects/kepler/hdl/rtl/ethernet/ethernet_point_to_multipoint_hub.sv
2025-03-13 16:46:21.825 [info] [VerilogDocumentSymbolProvider] 1 top-level symbols returned
2025-03-13 16:46:24.618 [info] [VerilogHoverProvider] Hover requested
2025-03-13 16:46:25.059 [warning] [VerilogHoverProvider] Hover object not found
2025-03-13 16:46:25.099 [info] [VerilogHoverProvider] Hover requested
2025-03-13 16:46:26.078 [info] [VerilogDocumentSymbolProvider] [VerilogSymbol] Symbols Requested: file:///home/sgass/Projects/kepler/hdl/rtl/ethernet/ethernet_point_to_multipoint_hub.sv
2025-03-13 16:46:26.084 [info] [VerilogDocumentSymbolProvider] 1 top-level symbols returned
2025-03-13 16:46:27.235 [info] [VerilogDocumentSymbolProvider] [VerilogSymbol] Symbols Requested: file:///home/sgass/Projects/kepler/hdl/rtl/ethernet/ethernet_point_to_multipoint_hub.sv
2025-03-13 16:46:27.243 [info] [VerilogDocumentSymbolProvider] 1 top-level symbols returned
2025-03-13 16:46:28.276 [info] [VerilogDocumentSymbolProvider] [VerilogSymbol] Symbols Requested: file:///home/sgass/Projects/kepler/hdl/rtl/ethernet/ethernet_point_to_multipoint_hub.sv
2025-03-13 16:46:28.283 [info] [VerilogDocumentSymbolProvider] 1 top-level symbols returned
2025-03-13 16:46:30.858 [info] [VerilogHoverProvider] Hover requested
2025-03-13 16:46:31.331 [info] [VerilogDocumentSymbolProvider] [VerilogSymbol] Symbols Requested: file:///home/sgass/Projects/kepler/hdl/rtl/ethernet/ethernet_point_to_multipoint_hub.sv
2025-03-13 16:46:31.339 [info] [VerilogDocumentSymbolProvider] 1 top-level symbols returned
2025-03-13 16:46:32.930 [info] [VerilogDocumentSymbolProvider] [VerilogSymbol] Symbols Requested: file:///home/sgass/Projects/kepler/hdl/rtl/ethernet/ethernet_point_to_multipoint_hub.sv
2025-03-13 16:46:32.938 [info] [VerilogDocumentSymbolProvider] 1 top-level symbols returned
2025-03-13 16:46:34.192 [info] [VerilogHoverProvider] Hover requested
2025-03-13 16:46:37.866 [info] [VerilogDocumentSymbolProvider] [VerilogSymbol] Symbols Requested: file:///home/sgass/Projects/kepler/hdl/rtl/ethernet/ethernet_point_to_multipoint_hub.sv
2025-03-13 16:46:37.874 [info] [VerilogDocumentSymbolProvider] 1 top-level symbols returned
2025-03-13 16:46:38.428 [info] [VerilogDocumentSymbolProvider] [VerilogSymbol] Symbols Requested: file:///home/sgass/Projects/kepler/hdl/rtl/ethernet/ethernet_point_to_multipoint_hub.sv
2025-03-13 16:46:38.435 [info] [VerilogDocumentSymbolProvider] 1 top-level symbols returned
2025-03-13 16:46:40.241 [info] [VerilogHoverProvider] Hover requested
2025-03-13 16:46:40.421 [info] [VerilogDocumentSymbolProvider] [VerilogSymbol] Symbols Requested: file:///home/sgass/Projects/kepler/hdl/rtl/ethernet/ethernet_point_to_multipoint_hub.sv
2025-03-13 16:46:40.428 [info] [VerilogDocumentSymbolProvider] 1 top-level symbols returned
2025-03-13 16:46:42.131 [info] [VerilogDocumentSymbolProvider] [VerilogSymbol] Symbols Requested: file:///home/sgass/Projects/kepler/hdl/rtl/ethernet/ethernet_point_to_multipoint_hub.sv
2025-03-13 16:46:42.138 [info] [VerilogDocumentSymbolProvider] 1 top-level symbols returned
2025-03-13 16:46:46.708 [info] [VerilogDocumentSymbolProvider] [VerilogSymbol] Symbols Requested: file:///home/sgass/Projects/kepler/hdl/rtl/ethernet/ethernet_point_to_multipoint_hub.sv
2025-03-13 16:46:46.715 [info] [VerilogDocumentSymbolProvider] 1 top-level symbols returned
2025-03-13 16:46:49.730 [info] [VerilogHoverProvider] Hover requested
2025-03-13 16:46:49.913 [info] [VerilogHoverProvider] Hover requested
2025-03-13 16:46:50.389 [info] [VerilogHoverProvider] Hover requested
2025-03-13 16:46:53.238 [info] [VerilogDocumentSymbolProvider] [VerilogSymbol] Symbols Requested: file:///home/sgass/Projects/kepler/hdl/rtl/ethernet/ethernet_point_to_multipoint_hub.sv
2025-03-13 16:46:53.245 [info] [VerilogDocumentSymbolProvider] 1 top-level symbols returned
2025-03-13 16:46:53.954 [info] [VerilogCompletionItemProvider] Completion items requested
2025-03-13 16:46:53.954 [info] [VerilogCompletionItemProvider] 162 items requested
2025-03-13 16:46:54.783 [info] [VerilogDocumentSymbolProvider] [VerilogSymbol] Symbols Requested: file:///home/sgass/Projects/kepler/hdl/rtl/ethernet/ethernet_point_to_multipoint_hub.sv
2025-03-13 16:46:54.791 [info] [VerilogDocumentSymbolProvider] 1 top-level symbols returned
2025-03-13 16:46:55.868 [info] [VerilogDocumentSymbolProvider] [VerilogSymbol] Symbols Requested: file:///home/sgass/Projects/kepler/hdl/rtl/ethernet/ethernet_point_to_multipoint_hub.sv
2025-03-13 16:46:55.875 [info] [VerilogDocumentSymbolProvider] 1 top-level symbols returned
2025-03-13 16:46:56.156 [info] [VerilogCompletionItemProvider] Completion items requested
2025-03-13 16:46:56.156 [info] [VerilogCompletionItemProvider] 162 items requested
2025-03-13 16:46:56.497 [info] [VerilogDocumentSymbolProvider] [VerilogSymbol] Symbols Requested: file:///home/sgass/Projects/kepler/hdl/rtl/ethernet/ethernet_point_to_multipoint_hub.sv
2025-03-13 16:46:56.504 [info] [VerilogDocumentSymbolProvider] 1 top-level symbols returned
2025-03-13 16:46:56.662 [info] [VerilogCompletionItemProvider] Completion items requested
2025-03-13 16:46:56.663 [info] [VerilogCompletionItemProvider] 162 items requested
2025-03-13 16:46:57.398 [info] [VerilogDocumentSymbolProvider] [VerilogSymbol] Symbols Requested: file:///home/sgass/Projects/kepler/hdl/rtl/ethernet/ethernet_point_to_multipoint_hub.sv
2025-03-13 16:46:57.404 [info] [VerilogDocumentSymbolProvider] 1 top-level symbols returned
2025-03-13 16:47:00.603 [info] [VerilogDocumentSymbolProvider] [VerilogSymbol] Symbols Requested: file:///home/sgass/Projects/kepler/hdl/rtl/ethernet/ethernet_point_to_multipoint_hub.sv
2025-03-13 16:47:00.610 [info] [VerilogDocumentSymbolProvider] 1 top-level symbols returned
2025-03-13 16:47:01.204 [info] [VerilogDocumentSymbolProvider] [VerilogSymbol] Symbols Requested: file:///home/sgass/Projects/kepler/hdl/rtl/ethernet/ethernet_point_to_multipoint_hub.sv
2025-03-13 16:47:01.213 [info] [VerilogDocumentSymbolProvider] 1 top-level symbols returned
2025-03-13 16:47:02.545 [info] [VerilogCompletionItemProvider] Completion items requested
2025-03-13 16:47:02.545 [info] [VerilogCompletionItemProvider] 162 items requested
2025-03-13 16:47:03.783 [info] [VerilogDocumentSymbolProvider] [VerilogSymbol] Symbols Requested: file:///home/sgass/Projects/kepler/hdl/rtl/ethernet/ethernet_point_to_multipoint_hub.sv
2025-03-13 16:47:03.790 [info] [VerilogDocumentSymbolProvider] 1 top-level symbols returned
2025-03-13 16:47:04.759 [info] [VerilogDocumentSymbolProvider] [VerilogSymbol] Symbols Requested: file:///home/sgass/Projects/kepler/hdl/rtl/ethernet/ethernet_point_to_multipoint_hub.sv
2025-03-13 16:47:04.769 [info] [VerilogDocumentSymbolProvider] 1 top-level symbols returned
2025-03-13 16:47:05.454 [info] [VerilogDocumentSymbolProvider] [VerilogSymbol] Symbols Requested: file:///home/sgass/Projects/kepler/hdl/rtl/ethernet/ethernet_point_to_multipoint_hub.sv
2025-03-13 16:47:05.464 [info] [VerilogDocumentSymbolProvider] 1 top-level symbols returned
2025-03-13 16:47:05.803 [info] [VerilogCompletionItemProvider] Completion items requested
2025-03-13 16:47:05.803 [info] [VerilogCompletionItemProvider] 162 items requested
2025-03-13 16:47:05.985 [info] [VerilogCompletionItemProvider] Completion items requested
2025-03-13 16:47:05.985 [info] [VerilogCompletionItemProvider] 162 items requested
2025-03-13 16:47:06.079 [info] [VerilogCompletionItemProvider] Completion items requested
2025-03-13 16:47:06.080 [info] [VerilogCompletionItemProvider] 162 items requested
2025-03-13 16:47:06.420 [info] [VerilogDocumentSymbolProvider] [VerilogSymbol] Symbols Requested: file:///home/sgass/Projects/kepler/hdl/rtl/ethernet/ethernet_point_to_multipoint_hub.sv
2025-03-13 16:47:06.427 [info] [VerilogDocumentSymbolProvider] 1 top-level symbols returned
2025-03-13 16:47:07.235 [info] [VerilogDocumentSymbolProvider] [VerilogSymbol] Symbols Requested: file:///home/sgass/Projects/kepler/hdl/rtl/ethernet/ethernet_point_to_multipoint_hub.sv
2025-03-13 16:47:07.243 [info] [VerilogDocumentSymbolProvider] 1 top-level symbols returned
2025-03-13 16:47:07.713 [info] [VerilogCompletionItemProvider] Completion items requested
2025-03-13 16:47:07.713 [info] [VerilogCompletionItemProvider] 162 items requested
2025-03-13 16:47:08.062 [info] [VerilogDocumentSymbolProvider] [VerilogSymbol] Symbols Requested: file:///home/sgass/Projects/kepler/hdl/rtl/ethernet/ethernet_point_to_multipoint_hub.sv
2025-03-13 16:47:08.071 [info] [VerilogDocumentSymbolProvider] 1 top-level symbols returned
2025-03-13 16:47:09.296 [info] [VerilogCompletionItemProvider] Completion items requested
2025-03-13 16:47:09.296 [info] [VerilogCompletionItemProvider] 162 items requested
2025-03-13 16:47:09.636 [info] [VerilogDocumentSymbolProvider] [VerilogSymbol] Symbols Requested: file:///home/sgass/Projects/kepler/hdl/rtl/ethernet/ethernet_point_to_multipoint_hub.sv
2025-03-13 16:47:09.643 [info] [VerilogDocumentSymbolProvider] 1 top-level symbols returned
2025-03-13 16:47:10.110 [info] [VerilogDocumentSymbolProvider] [VerilogSymbol] Symbols Requested: file:///home/sgass/Projects/kepler/hdl/rtl/ethernet/ethernet_point_to_multipoint_hub.sv
2025-03-13 16:47:10.116 [info] [VerilogDocumentSymbolProvider] 1 top-level symbols returned
2025-03-13 16:47:10.925 [info] [VerilogDocumentSymbolProvider] [VerilogSymbol] Symbols Requested: file:///home/sgass/Projects/kepler/hdl/rtl/ethernet/ethernet_point_to_multipoint_hub.sv
2025-03-13 16:47:10.932 [info] [VerilogDocumentSymbolProvider] 1 top-level symbols returned
2025-03-13 16:47:11.650 [info] [VerilogHoverProvider] Hover requested
2025-03-13 16:47:12.070 [info] [VerilogHoverProvider] Hover object returned
2025-03-13 16:47:12.273 [info] [VerilogHoverProvider] Hover requested
2025-03-13 16:47:12.788 [info] [VerilogHoverProvider] Hover requested
2025-03-13 16:47:14.462 [info] [VerilogHoverProvider] Hover requested
2025-03-13 16:47:14.853 [info] [VerilogHoverProvider] Hover object returned
2025-03-13 16:47:15.394 [info] [VerilogHoverProvider] Hover requested
2025-03-13 16:47:25.548 [info] [VerilogHoverProvider] Hover requested
2025-03-13 16:47:37.279 [info] [VerilogHoverProvider] Hover requested
2025-03-13 16:47:37.710 [info] [VerilogHoverProvider] Hover object returned
2025-03-13 16:47:38.733 [info] [VerilogHoverProvider] Hover requested
2025-03-13 16:47:39.039 [info] [VerilogHoverProvider] Hover requested
2025-03-13 16:47:39.128 [warning] [VerilogHoverProvider] Hover object not found
2025-03-13 16:47:39.414 [warning] [VerilogHoverProvider] Hover object not found
2025-03-13 16:47:40.757 [info] [VerilogHoverProvider] Hover requested
2025-03-13 16:47:41.174 [warning] [VerilogHoverProvider] Hover object not found
2025-03-13 16:47:41.505 [info] [VerilogHoverProvider] Hover requested
2025-03-13 16:47:41.923 [warning] [VerilogHoverProvider] Hover object not found
2025-03-13 16:47:42.807 [info] [VerilogHoverProvider] Hover requested
2025-03-13 16:47:44.572 [info] [VerilogHoverProvider] Hover requested
2025-03-13 16:47:44.957 [warning] [VerilogHoverProvider] Hover object not found
2025-03-13 16:47:45.956 [info] [VerilogHoverProvider] Hover requested
2025-03-13 16:47:47.713 [info] [VerilogHoverProvider] Hover requested
2025-03-13 16:47:48.105 [warning] [VerilogHoverProvider] Hover object not found
2025-03-13 16:47:51.089 [info] [VerilogHoverProvider] Hover requested
2025-03-13 16:47:51.590 [info] [VerilogHoverProvider] Hover requested
2025-03-13 16:47:52.217 [info] [VerilogHoverProvider] Hover requested
2025-03-13 16:47:54.012 [info] [VerilogDocumentSymbolProvider] [VerilogSymbol] Symbols Requested: file:///home/sgass/Projects/kepler/hdl/rtl/ethernet/ethernet_point_to_multipoint_hub.sv
2025-03-13 16:47:54.021 [info] [VerilogDocumentSymbolProvider] 1 top-level symbols returned
2025-03-13 16:47:55.676 [info] [VerilogDocumentSymbolProvider] [VerilogSymbol] Symbols Requested: file:///home/sgass/Projects/kepler/hdl/rtl/ethernet/ethernet_point_to_multipoint_hub.sv
2025-03-13 16:47:55.682 [info] [VerilogDocumentSymbolProvider] 1 top-level symbols returned
2025-03-13 16:47:58.718 [info] [VerilogDocumentSymbolProvider] [VerilogSymbol] Symbols Requested: file:///home/sgass/Projects/kepler/hdl/rtl/ethernet/ethernet_point_to_multipoint_hub.sv
2025-03-13 16:47:58.726 [info] [VerilogDocumentSymbolProvider] 1 top-level symbols returned
2025-03-13 16:48:03.662 [info] [VerilogDocumentSymbolProvider] [VerilogSymbol] Symbols Requested: file:///home/sgass/Projects/kepler/hdl/rtl/ethernet/ethernet_point_to_multipoint_hub.sv
2025-03-13 16:48:03.669 [info] [VerilogDocumentSymbolProvider] 1 top-level symbols returned
2025-03-13 16:48:07.837 [info] [VerilogDocumentSymbolProvider] [VerilogSymbol] Symbols Requested: file:///home/sgass/Projects/kepler/hdl/rtl/ethernet/ethernet_point_to_multipoint_hub.sv
2025-03-13 16:48:07.844 [info] [VerilogDocumentSymbolProvider] 1 top-level symbols returned
2025-03-13 16:48:10.956 [info] [VerilogDocumentSymbolProvider] [VerilogSymbol] Symbols Requested: file:///home/sgass/Projects/kepler/hdl/rtl/ethernet/ethernet_point_to_multipoint_hub.sv
2025-03-13 16:48:10.963 [info] [VerilogDocumentSymbolProvider] 1 top-level symbols returned
2025-03-13 16:48:13.090 [info] [VerilogHoverProvider] Hover requested
2025-03-13 16:48:13.554 [warning] [VerilogHoverProvider] Hover object not found
2025-03-13 16:48:13.570 [info] [VerilogHoverProvider] Hover requested
2025-03-13 16:48:13.958 [warning] [VerilogHoverProvider] Hover object not found
2025-03-13 16:48:19.658 [info] [VerilogHoverProvider] Hover requested
2025-03-13 16:48:20.549 [info] [VerilogHoverProvider] Hover requested
2025-03-13 16:48:23.606 [info] [VerilogDocumentSymbolProvider] [VerilogSymbol] Symbols Requested: file:///home/sgass/Projects/kepler/hdl/rtl/ethernet/ethernet_point_to_multipoint_hub.sv
2025-03-13 16:48:23.613 [info] [VerilogDocumentSymbolProvider] 1 top-level symbols returned
2025-03-13 16:48:24.875 [info] [VerilogDocumentSymbolProvider] [VerilogSymbol] Symbols Requested: file:///home/sgass/Projects/kepler/hdl/rtl/ethernet/ethernet_point_to_multipoint_hub.sv
2025-03-13 16:48:24.882 [info] [VerilogDocumentSymbolProvider] 1 top-level symbols returned
2025-03-13 16:48:25.766 [info] [VerilogDocumentSymbolProvider] [VerilogSymbol] Symbols Requested: file:///home/sgass/Projects/kepler/hdl/rtl/ethernet/ethernet_point_to_multipoint_hub.sv
2025-03-13 16:48:25.773 [info] [VerilogDocumentSymbolProvider] 1 top-level symbols returned
2025-03-13 16:48:26.025 [info] [VerilogHoverProvider] Hover requested
2025-03-13 16:48:26.411 [info] [VerilogHoverProvider] Hover object returned
2025-03-13 16:48:27.871 [info] [VerilogHoverProvider] Hover requested
2025-03-13 16:48:29.190 [info] [VerilogHoverProvider] Hover requested
2025-03-13 16:48:29.583 [info] [VerilogHoverProvider] Hover object returned
2025-03-13 16:48:29.583 [info] [VerilogHoverProvider] Hover requested
2025-03-13 16:48:29.996 [info] [VerilogHoverProvider] Hover object returned
2025-03-13 16:48:30.033 [info] [VerilogDefinitionProvider] Definitions Requested: file:///home/sgass/Projects/kepler/hdl/rtl/ethernet/ethernet_point_to_multipoint_hub.sv
2025-03-13 16:48:30.454 [info] [VerilogDefinitionProvider] 1 definitions returned
2025-03-13 16:48:32.280 [info] [VerilogCompletionItemProvider] Completion items requested
2025-03-13 16:48:32.281 [info] [VerilogCompletionItemProvider] 162 items requested
2025-03-13 16:48:33.440 [info] [VerilogDocumentSymbolProvider] [VerilogSymbol] Symbols Requested: file:///home/sgass/Projects/kepler/hdl/rtl/ethernet/ethernet_point_to_multipoint_hub.sv
2025-03-13 16:48:33.448 [info] [VerilogDocumentSymbolProvider] 1 top-level symbols returned
2025-03-13 16:48:34.154 [info] [VerilogDocumentSymbolProvider] [VerilogSymbol] Symbols Requested: file:///home/sgass/Projects/kepler/hdl/rtl/ethernet/ethernet_point_to_multipoint_hub.sv
2025-03-13 16:48:34.162 [info] [VerilogDocumentSymbolProvider] 1 top-level symbols returned
2025-03-13 16:48:42.252 [info] [VerilogHoverProvider] Hover requested
2025-03-13 16:48:42.652 [info] [VerilogHoverProvider] Hover requested
2025-03-13 16:48:42.666 [info] [VerilogHoverProvider] Hover object returned
2025-03-13 16:48:43.064 [info] [VerilogHoverProvider] Hover object returned
2025-03-13 16:48:51.231 [info] [VerilogDocumentSymbolProvider] [VerilogSymbol] Symbols Requested: file:///home/sgass/Projects/kepler/hdl/rtl/ethernet/ethernet_point_to_multipoint_hub.sv
2025-03-13 16:48:51.238 [info] [VerilogDocumentSymbolProvider] 1 top-level symbols returned
2025-03-13 16:48:52.279 [info] [VerilogDocumentSymbolProvider] [VerilogSymbol] Symbols Requested: file:///home/sgass/Projects/kepler/hdl/rtl/ethernet/ethernet_point_to_multipoint_hub.sv
2025-03-13 16:48:52.285 [info] [VerilogDocumentSymbolProvider] 1 top-level symbols returned
2025-03-13 16:48:53.526 [info] [VerilogHoverProvider] Hover requested
2025-03-13 16:48:53.931 [info] [VerilogHoverProvider] Hover requested
2025-03-13 16:48:58.223 [info] [VerilogDocumentSymbolProvider] [VerilogSymbol] Symbols Requested: file:///home/sgass/Projects/kepler/hdl/rtl/ethernet/ethernet_point_to_multipoint_hub.sv
2025-03-13 16:48:58.230 [info] [VerilogDocumentSymbolProvider] 1 top-level symbols returned
2025-03-13 16:48:59.748 [info] [VerilogDocumentSymbolProvider] [VerilogSymbol] Symbols Requested: file:///home/sgass/Projects/kepler/hdl/rtl/ethernet/ethernet_point_to_multipoint_hub.sv
2025-03-13 16:48:59.751 [info] [VerilogDocumentSymbolProvider] 1 top-level symbols returned
2025-03-13 16:49:00.211 [info] [VerilogCompletionItemProvider] Completion items requested
2025-03-13 16:49:00.212 [info] [VerilogCompletionItemProvider] 162 items requested
2025-03-13 16:49:01.473 [info] [VerilogDocumentSymbolProvider] [VerilogSymbol] Symbols Requested: file:///home/sgass/Projects/kepler/hdl/rtl/ethernet/ethernet_point_to_multipoint_hub.sv
2025-03-13 16:49:01.479 [info] [VerilogDocumentSymbolProvider] 1 top-level symbols returned
2025-03-13 16:49:06.666 [info] [VerilogHoverProvider] Hover requested
2025-03-13 16:49:07.098 [warning] [VerilogHoverProvider] Hover object not found
2025-03-13 16:49:07.507 [info] [VerilogHoverProvider] Hover requested
2025-03-13 16:49:07.933 [warning] [VerilogHoverProvider] Hover object not found
2025-03-13 16:49:10.458 [info] [VerilogHoverProvider] Hover requested
2025-03-13 16:49:10.823 [info] [VerilogHoverProvider] Hover requested
2025-03-13 16:49:10.915 [info] [VerilogHoverProvider] Hover object returned
2025-03-13 16:49:11.221 [info] [VerilogHoverProvider] Hover requested
2025-03-13 16:49:11.234 [info] [VerilogHoverProvider] Hover object returned
2025-03-13 16:49:11.592 [warning] [VerilogHoverProvider] Hover object not found
2025-03-13 16:49:11.756 [info] [VerilogHoverProvider] Hover requested
2025-03-13 16:49:12.179 [info] [VerilogHoverProvider] Hover object returned
2025-03-13 16:49:14.629 [info] [VerilogCompletionItemProvider] Completion items requested
2025-03-13 16:49:14.629 [info] [VerilogCompletionItemProvider] 162 items requested
2025-03-13 16:49:15.768 [info] [VerilogDocumentSymbolProvider] [VerilogSymbol] Symbols Requested: file:///home/sgass/Projects/kepler/hdl/rtl/ethernet/ethernet_point_to_multipoint_hub.sv
2025-03-13 16:49:15.774 [info] [VerilogDocumentSymbolProvider] 1 top-level symbols returned
2025-03-13 16:49:17.882 [info] [VerilogDocumentSymbolProvider] [VerilogSymbol] Symbols Requested: file:///home/sgass/Projects/kepler/hdl/rtl/ethernet/ethernet_point_to_multipoint_hub.sv
2025-03-13 16:49:17.889 [info] [VerilogDocumentSymbolProvider] 1 top-level symbols returned
2025-03-13 16:49:18.641 [info] [VerilogDocumentSymbolProvider] [VerilogSymbol] Symbols Requested: file:///home/sgass/Projects/kepler/hdl/rtl/ethernet/ethernet_point_to_multipoint_hub.sv
2025-03-13 16:49:18.649 [info] [VerilogDocumentSymbolProvider] 1 top-level symbols returned
2025-03-13 16:49:19.450 [info] [VerilogDocumentSymbolProvider] [VerilogSymbol] Symbols Requested: file:///home/sgass/Projects/kepler/hdl/rtl/ethernet/ethernet_point_to_multipoint_hub.sv
2025-03-13 16:49:19.457 [info] [VerilogDocumentSymbolProvider] 1 top-level symbols returned
2025-03-13 16:49:19.855 [info] [VerilogDocumentSymbolProvider] [VerilogSymbol] Symbols Requested: file:///home/sgass/Projects/kepler/hdl/rtl/ethernet/ethernet_point_to_multipoint_hub.sv
2025-03-13 16:49:19.864 [info] [VerilogDocumentSymbolProvider] 1 top-level symbols returned
2025-03-13 16:49:21.623 [info] [VerilogDocumentSymbolProvider] [VerilogSymbol] Symbols Requested: file:///home/sgass/Projects/kepler/hdl/rtl/ethernet/ethernet_point_to_multipoint_hub.sv
2025-03-13 16:49:21.630 [info] [VerilogDocumentSymbolProvider] 1 top-level symbols returned
2025-03-13 16:49:23.028 [info] [VerilogCompletionItemProvider] Completion items requested
2025-03-13 16:49:23.028 [info] [VerilogCompletionItemProvider] 162 items requested
2025-03-13 16:49:23.285 [info] [VerilogCompletionItemProvider] Completion items requested
2025-03-13 16:49:23.285 [info] [VerilogCompletionItemProvider] 162 items requested
2025-03-13 16:49:23.484 [info] [VerilogCompletionItemProvider] Completion items requested
2025-03-13 16:49:23.484 [info] [VerilogCompletionItemProvider] 162 items requested
2025-03-13 16:49:23.824 [info] [VerilogDocumentSymbolProvider] [VerilogSymbol] Symbols Requested: file:///home/sgass/Projects/kepler/hdl/rtl/ethernet/ethernet_point_to_multipoint_hub.sv
2025-03-13 16:49:23.833 [info] [VerilogDocumentSymbolProvider] 1 top-level symbols returned
2025-03-13 16:49:24.383 [info] on save
2025-03-13 16:49:30.326 [info] [VerilogDocumentSymbolProvider] [VerilogSymbol] Symbols Requested: file:///home/sgass/Projects/kepler/hdl/rtl/ethernet/ethernet_point_to_multipoint_hub.sv
2025-03-13 16:49:30.326 [info] indexing "/home/sgass/Projects/kepler/hdl/rtl/ethernet/ethernet_point_to_multipoint_hub.sv"
2025-03-13 16:49:30.326 [info] executing ctags
2025-03-13 16:49:30.326 [info] Executing Command: ctags -f - --fields=+K --sort=no --excmd=n --fields-SystemVerilog=+{parameter} "/home/sgass/Projects/kepler/hdl/rtl/ethernet/ethernet_point_to_multipoint_hub.sv"
2025-03-13 16:49:30.334 [info] building symbols
2025-03-13 16:49:30.341 [info] [VerilogDocumentSymbolProvider] 1 top-level symbols returned
2025-03-13 16:49:31.935 [info] [VerilogDocumentSymbolProvider] [VerilogSymbol] Symbols Requested: file:///home/sgass/Projects/kepler/hdl/rtl/ethernet/ethernet_point_to_multipoint_hub.sv
2025-03-13 16:49:31.941 [info] [VerilogDocumentSymbolProvider] 1 top-level symbols returned
2025-03-13 16:49:33.551 [info] [VerilogDocumentSymbolProvider] [VerilogSymbol] Symbols Requested: file:///home/sgass/Projects/kepler/hdl/rtl/ethernet/ethernet_point_to_multipoint_hub.sv
2025-03-13 16:49:33.557 [info] [VerilogDocumentSymbolProvider] 1 top-level symbols returned
2025-03-13 16:49:34.938 [info] [VerilogHoverProvider] Hover requested
2025-03-13 16:49:35.326 [info] [VerilogHoverProvider] Hover object returned
2025-03-13 16:49:35.352 [info] [VerilogHoverProvider] Hover requested
2025-03-13 16:49:35.750 [info] [VerilogHoverProvider] Hover object returned
2025-03-13 16:49:35.793 [info] [VerilogHoverProvider] Hover requested
2025-03-13 16:49:36.182 [info] [VerilogHoverProvider] Hover object returned
2025-03-13 16:49:36.588 [info] [VerilogHoverProvider] Hover requested
2025-03-13 16:49:36.767 [info] [VerilogHoverProvider] Hover requested
2025-03-13 16:49:37.006 [info] [VerilogHoverProvider] Hover object returned
2025-03-13 16:49:37.179 [info] [VerilogHoverProvider] Hover object returned
2025-03-13 16:49:37.637 [info] [VerilogHoverProvider] Hover requested
2025-03-13 16:49:38.044 [info] [VerilogHoverProvider] Hover object returned
2025-03-13 16:49:39.043 [info] [VerilogHoverProvider] Hover requested
2025-03-13 16:49:39.502 [info] [VerilogHoverProvider] Hover object returned
2025-03-13 16:49:39.608 [info] [VerilogHoverProvider] Hover requested
2025-03-13 16:49:40.030 [info] [VerilogHoverProvider] Hover object returned
2025-03-13 16:49:40.826 [info] [VerilogDefinitionProvider] Definitions Requested: file:///home/sgass/Projects/kepler/hdl/rtl/ethernet/ethernet_point_to_multipoint_hub.sv
2025-03-13 16:49:41.239 [info] [VerilogDefinitionProvider] 1 definitions returned
2025-03-13 16:49:52.792 [info] [VerilogDocumentSymbolProvider] [VerilogSymbol] Symbols Requested: file:///home/sgass/Projects/kepler/hdl/rtl/ethernet/ethernet_point_to_multipoint_hub.sv
2025-03-13 16:49:52.800 [info] [VerilogDocumentSymbolProvider] 1 top-level symbols returned
2025-03-13 16:49:53.623 [info] [VerilogDocumentSymbolProvider] [VerilogSymbol] Symbols Requested: file:///home/sgass/Projects/kepler/hdl/rtl/ethernet/ethernet_point_to_multipoint_hub.sv
2025-03-13 16:49:53.630 [info] [VerilogDocumentSymbolProvider] 1 top-level symbols returned
2025-03-13 16:49:54.252 [info] [VerilogDocumentSymbolProvider] [VerilogSymbol] Symbols Requested: file:///home/sgass/Projects/kepler/hdl/rtl/ethernet/ethernet_point_to_multipoint_hub.sv
2025-03-13 16:49:54.258 [info] [VerilogDocumentSymbolProvider] 1 top-level symbols returned
2025-03-13 16:49:55.624 [info] [VerilogDocumentSymbolProvider] [VerilogSymbol] Symbols Requested: file:///home/sgass/Projects/kepler/hdl/rtl/ethernet/ethernet_point_to_multipoint_hub.sv
2025-03-13 16:49:55.636 [info] [VerilogDocumentSymbolProvider] 1 top-level symbols returned
2025-03-13 16:49:58.199 [info] [VerilogDocumentSymbolProvider] [VerilogSymbol] Symbols Requested: file:///home/sgass/Projects/kepler/hdl/rtl/ethernet/ethernet_point_to_multipoint_hub.sv
2025-03-13 16:49:58.205 [info] [VerilogDocumentSymbolProvider] 1 top-level symbols returned
2025-03-13 16:50:02.492 [info] [VerilogHoverProvider] Hover requested
2025-03-13 16:50:02.723 [info] [VerilogHoverProvider] Hover requested
2025-03-13 16:50:02.899 [info] [VerilogHoverProvider] Hover object returned
2025-03-13 16:50:03.107 [info] [VerilogHoverProvider] Hover object returned
2025-03-13 16:50:04.015 [info] [VerilogDefinitionProvider] Definitions Requested: file:///home/sgass/Projects/kepler/hdl/rtl/ethernet/ethernet_point_to_multipoint_hub.sv
2025-03-13 16:50:04.449 [info] [VerilogDefinitionProvider] 1 definitions returned
2025-03-13 16:50:12.115 [info] [VerilogDocumentSymbolProvider] [VerilogSymbol] Symbols Requested: file:///home/sgass/Projects/kepler/hdl/rtl/ethernet/ethernet_point_to_multipoint_hub.sv
2025-03-13 16:50:12.123 [info] [VerilogDocumentSymbolProvider] 1 top-level symbols returned
2025-03-13 16:50:12.819 [info] [VerilogDocumentSymbolProvider] [VerilogSymbol] Symbols Requested: file:///home/sgass/Projects/kepler/hdl/rtl/ethernet/ethernet_point_to_multipoint_hub.sv
2025-03-13 16:50:12.827 [info] [VerilogDocumentSymbolProvider] 1 top-level symbols returned
2025-03-13 16:50:14.707 [info] [VerilogDocumentSymbolProvider] [VerilogSymbol] Symbols Requested: file:///home/sgass/Projects/kepler/hdl/rtl/ethernet/ethernet_point_to_multipoint_hub.sv
2025-03-13 16:50:14.714 [info] [VerilogDocumentSymbolProvider] 1 top-level symbols returned
2025-03-13 16:50:18.256 [info] [VerilogHoverProvider] Hover requested
2025-03-13 16:50:18.678 [info] [VerilogHoverProvider] Hover object returned
2025-03-13 16:50:18.798 [info] [VerilogHoverProvider] Hover requested
2025-03-13 16:50:19.074 [info] [VerilogDefinitionProvider] Definitions Requested: file:///home/sgass/Projects/kepler/hdl/rtl/ethernet/ethernet_point_to_multipoint_hub.sv
2025-03-13 16:50:19.227 [warning] [VerilogHoverProvider] Hover object not found
2025-03-13 16:50:19.476 [info] [VerilogDefinitionProvider] 0 definitions returned
2025-03-13 16:50:21.686 [info] [VerilogDocumentSymbolProvider] [VerilogSymbol] Symbols Requested: file:///home/sgass/Projects/kepler/hdl/rtl/ethernet/ethernet_point_to_multipoint_hub.sv
2025-03-13 16:50:21.693 [info] [VerilogDocumentSymbolProvider] 1 top-level symbols returned
2025-03-13 16:50:26.799 [info] [VerilogDocumentSymbolProvider] [VerilogSymbol] Symbols Requested: file:///home/sgass/Projects/kepler/hdl/rtl/ethernet/ethernet_point_to_multipoint_hub.sv
2025-03-13 16:50:26.806 [info] [VerilogDocumentSymbolProvider] 1 top-level symbols returned
2025-03-13 16:50:30.871 [info] [VerilogDocumentSymbolProvider] [VerilogSymbol] Symbols Requested: file:///home/sgass/Projects/kepler/hdl/rtl/ethernet/ethernet_point_to_multipoint_hub.sv
2025-03-13 16:50:30.878 [info] [VerilogDocumentSymbolProvider] 1 top-level symbols returned
2025-03-13 16:50:33.734 [info] [VerilogDocumentSymbolProvider] [VerilogSymbol] Symbols Requested: file:///home/sgass/Projects/kepler/hdl/rtl/ethernet/ethernet_point_to_multipoint_hub.sv
2025-03-13 16:50:33.739 [info] [VerilogDocumentSymbolProvider] 1 top-level symbols returned
2025-03-13 16:50:38.101 [info] [VerilogHoverProvider] Hover requested
2025-03-13 16:50:38.706 [info] [VerilogHoverProvider] Hover requested
2025-03-13 16:50:38.995 [info] [VerilogDefinitionProvider] Definitions Requested: file:///home/sgass/Projects/kepler/hdl/rtl/ethernet/ethernet_point_to_multipoint_hub.sv
2025-03-13 16:50:39.096 [info] [VerilogHoverProvider] Hover object returned
2025-03-13 16:50:39.406 [info] [VerilogDefinitionProvider] 1 definitions returned
2025-03-13 16:50:41.065 [info] [VerilogDocumentSymbolProvider] [VerilogSymbol] Symbols Requested: file:///home/sgass/Projects/kepler/hdl/rtl/ethernet/ethernet_point_to_multipoint_hub.sv
2025-03-13 16:50:41.073 [info] [VerilogDocumentSymbolProvider] 1 top-level symbols returned
2025-03-13 16:50:43.151 [info] [VerilogDocumentSymbolProvider] [VerilogSymbol] Symbols Requested: file:///home/sgass/Projects/kepler/hdl/rtl/ethernet/ethernet_point_to_multipoint_hub.sv
2025-03-13 16:50:43.157 [info] [VerilogDocumentSymbolProvider] 1 top-level symbols returned
2025-03-13 16:50:44.636 [info] [VerilogHoverProvider] Hover requested
2025-03-13 16:50:44.817 [info] [VerilogHoverProvider] Hover requested
2025-03-13 16:50:45.048 [info] [VerilogHoverProvider] Hover object returned
2025-03-13 16:50:45.229 [info] [VerilogHoverProvider] Hover object returned
2025-03-13 16:50:45.493 [info] [VerilogHoverProvider] Hover requested
2025-03-13 16:50:46.229 [info] [VerilogHoverProvider] Hover requested
2025-03-13 16:50:49.604 [info] [VerilogDocumentSymbolProvider] [VerilogSymbol] Symbols Requested: file:///home/sgass/Projects/kepler/hdl/rtl/ethernet/ethernet_point_to_multipoint_hub.sv
2025-03-13 16:50:49.612 [info] [VerilogDocumentSymbolProvider] 1 top-level symbols returned
2025-03-13 16:50:51.848 [info] [VerilogHoverProvider] Hover requested
2025-03-13 16:50:52.746 [info] [VerilogHoverProvider] Hover requested
2025-03-13 16:50:52.942 [info] [VerilogHoverProvider] Hover requested
2025-03-13 16:50:53.178 [warning] [VerilogHoverProvider] Hover object not found
2025-03-13 16:50:53.650 [info] [VerilogHoverProvider] Hover requested
2025-03-13 16:50:53.778 [info] [VerilogDocumentSymbolProvider] [VerilogSymbol] Symbols Requested: file:///home/sgass/Projects/kepler/hdl/rtl/ethernet/ethernet_point_to_multipoint_hub.sv
2025-03-13 16:50:53.782 [info] [VerilogDocumentSymbolProvider] 1 top-level symbols returned
2025-03-13 16:50:54.041 [info] [VerilogHoverProvider] Hover object returned
2025-03-13 16:50:55.169 [info] [VerilogDocumentSymbolProvider] [VerilogSymbol] Symbols Requested: file:///home/sgass/Projects/kepler/hdl/rtl/ethernet/ethernet_point_to_multipoint_hub.sv
2025-03-13 16:50:55.175 [info] [VerilogDocumentSymbolProvider] 1 top-level symbols returned
2025-03-13 16:50:55.832 [info] [VerilogDocumentSymbolProvider] [VerilogSymbol] Symbols Requested: file:///home/sgass/Projects/kepler/hdl/rtl/ethernet/ethernet_point_to_multipoint_hub.sv
2025-03-13 16:50:55.838 [info] [VerilogDocumentSymbolProvider] 1 top-level symbols returned
2025-03-13 16:50:58.038 [info] [VerilogDocumentSymbolProvider] [VerilogSymbol] Symbols Requested: file:///home/sgass/Projects/kepler/hdl/rtl/ethernet/ethernet_point_to_multipoint_hub.sv
2025-03-13 16:50:58.045 [info] [VerilogDocumentSymbolProvider] 1 top-level symbols returned
2025-03-13 16:51:00.675 [info] [VerilogDocumentSymbolProvider] [VerilogSymbol] Symbols Requested: file:///home/sgass/Projects/kepler/hdl/rtl/ethernet/ethernet_point_to_multipoint_hub.sv
2025-03-13 16:51:00.680 [info] [VerilogDocumentSymbolProvider] 1 top-level symbols returned
2025-03-13 16:51:01.776 [info] [VerilogDocumentSymbolProvider] [VerilogSymbol] Symbols Requested: file:///home/sgass/Projects/kepler/hdl/rtl/ethernet/ethernet_point_to_multipoint_hub.sv
2025-03-13 16:51:01.783 [info] [VerilogDocumentSymbolProvider] 1 top-level symbols returned
2025-03-13 16:51:06.404 [info] [VerilogDocumentSymbolProvider] [VerilogSymbol] Symbols Requested: file:///home/sgass/Projects/kepler/hdl/rtl/ethernet/ethernet_point_to_multipoint_hub.sv
2025-03-13 16:51:06.411 [info] [VerilogDocumentSymbolProvider] 1 top-level symbols returned
2025-03-13 16:51:07.151 [info] [VerilogDocumentSymbolProvider] [VerilogSymbol] Symbols Requested: file:///home/sgass/Projects/kepler/hdl/rtl/ethernet/ethernet_point_to_multipoint_hub.sv
2025-03-13 16:51:07.157 [info] [VerilogDocumentSymbolProvider] 1 top-level symbols returned
2025-03-13 16:51:07.649 [info] [VerilogDocumentSymbolProvider] [VerilogSymbol] Symbols Requested: file:///home/sgass/Projects/kepler/hdl/rtl/ethernet/ethernet_point_to_multipoint_hub.sv
2025-03-13 16:51:07.657 [info] [VerilogDocumentSymbolProvider] 1 top-level symbols returned
2025-03-13 16:51:08.224 [info] [VerilogDocumentSymbolProvider] [VerilogSymbol] Symbols Requested: file:///home/sgass/Projects/kepler/hdl/rtl/ethernet/ethernet_point_to_multipoint_hub.sv
2025-03-13 16:51:08.230 [info] [VerilogDocumentSymbolProvider] 1 top-level symbols returned
2025-03-13 16:51:10.193 [info] [VerilogDocumentSymbolProvider] [VerilogSymbol] Symbols Requested: file:///home/sgass/Projects/kepler/hdl/rtl/ethernet/ethernet_point_to_multipoint_hub.sv
2025-03-13 16:51:10.200 [info] [VerilogDocumentSymbolProvider] 1 top-level symbols returned
2025-03-13 16:51:12.826 [info] [VerilogDocumentSymbolProvider] [VerilogSymbol] Symbols Requested: file:///home/sgass/Projects/kepler/hdl/rtl/ethernet/ethernet_point_to_multipoint_hub.sv
2025-03-13 16:51:12.833 [info] [VerilogDocumentSymbolProvider] 1 top-level symbols returned
2025-03-13 16:51:13.633 [info] [VerilogDocumentSymbolProvider] [VerilogSymbol] Symbols Requested: file:///home/sgass/Projects/kepler/hdl/rtl/ethernet/ethernet_point_to_multipoint_hub.sv
2025-03-13 16:51:13.640 [info] [VerilogDocumentSymbolProvider] 1 top-level symbols returned
2025-03-13 16:54:31.998 [info] [VerilogHoverProvider] Hover requested
2025-03-13 16:54:33.181 [info] [VerilogDefinitionProvider] Definitions Requested: file:///home/sgass/Projects/kepler/hdl/rtl/ethernet/ethernet_point_to_multipoint_hub.sv
2025-03-13 16:54:33.615 [info] [VerilogDefinitionProvider] 0 definitions returned
2025-03-13 16:54:34.722 [info] [VerilogCompletionItemProvider] Completion items requested
2025-03-13 16:54:34.722 [info] [VerilogCompletionItemProvider] 145 items requested
2025-03-13 16:54:36.142 [info] [VerilogDocumentSymbolProvider] [VerilogSymbol] Symbols Requested: file:///home/sgass/Projects/kepler/hdl/rtl/ethernet/ethernet_point_to_multipoint_hub.sv
2025-03-13 16:54:36.149 [info] [VerilogDocumentSymbolProvider] 1 top-level symbols returned
2025-03-13 16:54:38.474 [info] [VerilogDocumentSymbolProvider] [VerilogSymbol] Symbols Requested: file:///home/sgass/Projects/kepler/hdl/rtl/ethernet/ethernet_point_to_multipoint_hub.sv
2025-03-13 16:54:38.481 [info] [VerilogDocumentSymbolProvider] 1 top-level symbols returned
2025-03-13 16:54:41.012 [info] [VerilogDocumentSymbolProvider] [VerilogSymbol] Symbols Requested: file:///home/sgass/Projects/kepler/hdl/rtl/ethernet/ethernet_point_to_multipoint_hub.sv
2025-03-13 16:54:41.018 [info] [VerilogDocumentSymbolProvider] 1 top-level symbols returned
2025-03-13 16:54:44.627 [info] [VerilogCompletionItemProvider] Completion items requested
2025-03-13 16:54:44.627 [info] [VerilogCompletionItemProvider] 145 items requested
2025-03-13 16:54:45.847 [info] [VerilogDocumentSymbolProvider] [VerilogSymbol] Symbols Requested: file:///home/sgass/Projects/kepler/hdl/rtl/ethernet/ethernet_point_to_multipoint_hub.sv
2025-03-13 16:54:45.853 [info] [VerilogDocumentSymbolProvider] 1 top-level symbols returned
2025-03-13 16:54:48.156 [info] [VerilogDocumentSymbolProvider] [VerilogSymbol] Symbols Requested: file:///home/sgass/Projects/kepler/hdl/rtl/ethernet/ethernet_point_to_multipoint_hub.sv
2025-03-13 16:54:48.163 [info] [VerilogDocumentSymbolProvider] 1 top-level symbols returned
2025-03-13 16:54:50.970 [info] [VerilogDocumentSymbolProvider] [VerilogSymbol] Symbols Requested: file:///home/sgass/Projects/kepler/hdl/rtl/ethernet/ethernet_point_to_multipoint_hub.sv
2025-03-13 16:54:50.977 [info] [VerilogDocumentSymbolProvider] 1 top-level symbols returned
2025-03-13 16:54:52.334 [info] on save
2025-03-13 16:54:52.681 [info] [VerilogDocumentSymbolProvider] [VerilogSymbol] Symbols Requested: file:///home/sgass/Projects/kepler/hdl/rtl/ethernet/ethernet_point_to_multipoint_hub.sv
2025-03-13 16:54:52.681 [info] indexing "/home/sgass/Projects/kepler/hdl/rtl/ethernet/ethernet_point_to_multipoint_hub.sv"
2025-03-13 16:54:52.681 [info] executing ctags
2025-03-13 16:54:52.681 [info] Executing Command: ctags -f - --fields=+K --sort=no --excmd=n --fields-SystemVerilog=+{parameter} "/home/sgass/Projects/kepler/hdl/rtl/ethernet/ethernet_point_to_multipoint_hub.sv"
2025-03-13 16:54:52.689 [info] building symbols
2025-03-13 16:54:52.695 [info] [VerilogDocumentSymbolProvider] 1 top-level symbols returned
2025-03-13 16:54:53.888 [info] [VerilogHoverProvider] Hover requested
2025-03-13 16:54:54.127 [info] [VerilogHoverProvider] Hover requested
2025-03-13 16:54:55.003 [info] [VerilogHoverProvider] Hover requested
2025-03-13 16:54:55.400 [info] [VerilogHoverProvider] Hover object returned
2025-03-13 16:54:58.336 [info] [VerilogHoverProvider] Hover requested
2025-03-13 16:54:58.729 [info] [VerilogHoverProvider] Hover object returned
2025-03-13 16:54:59.732 [info] [VerilogHoverProvider] Hover requested
2025-03-13 16:55:00.120 [info] [VerilogHoverProvider] Hover object returned
2025-03-13 16:55:01.641 [info] [VerilogHoverProvider] Hover requested
2025-03-13 16:55:02.071 [info] [VerilogHoverProvider] Hover object returned
2025-03-13 16:55:02.262 [info] [VerilogHoverProvider] Hover requested
2025-03-13 16:55:02.559 [info] [VerilogDefinitionProvider] Definitions Requested: file:///home/sgass/Projects/kepler/hdl/rtl/ethernet/ethernet_point_to_multipoint_hub.sv
2025-03-13 16:55:02.663 [info] [VerilogHoverProvider] Hover object returned
2025-03-13 16:55:02.967 [info] [VerilogDefinitionProvider] 1 definitions returned
2025-03-13 16:55:04.897 [info] [VerilogCompletionItemProvider] Completion items requested
2025-03-13 16:55:04.897 [info] [VerilogCompletionItemProvider] 145 items requested
2025-03-13 16:55:05.232 [info] [VerilogDocumentSymbolProvider] [VerilogSymbol] Symbols Requested: file:///home/sgass/Projects/kepler/hdl/rtl/ethernet/ethernet_point_to_multipoint_hub.sv
2025-03-13 16:55:05.240 [info] [VerilogDocumentSymbolProvider] 1 top-level symbols returned
2025-03-13 16:55:06.416 [info] [VerilogDocumentSymbolProvider] [VerilogSymbol] Symbols Requested: file:///home/sgass/Projects/kepler/hdl/rtl/ethernet/ethernet_point_to_multipoint_hub.sv
2025-03-13 16:55:06.422 [info] [VerilogDocumentSymbolProvider] 1 top-level symbols returned
2025-03-13 16:55:09.036 [info] [VerilogDocumentSymbolProvider] [VerilogSymbol] Symbols Requested: file:///home/sgass/Projects/kepler/hdl/rtl/ethernet/ethernet_point_to_multipoint_hub.sv
2025-03-13 16:55:09.044 [info] [VerilogDocumentSymbolProvider] 1 top-level symbols returned
2025-03-13 16:55:11.362 [info] [VerilogHoverProvider] Hover requested
2025-03-13 16:55:11.778 [info] [VerilogHoverProvider] Hover object returned
2025-03-13 16:55:14.792 [info] [VerilogHoverProvider] Hover requested
2025-03-13 16:55:15.204 [info] [VerilogHoverProvider] Hover object returned
2025-03-13 16:55:15.672 [info] [VerilogHoverProvider] Hover requested
2025-03-13 16:55:15.982 [info] [VerilogHoverProvider] Hover requested
2025-03-13 16:55:16.079 [info] [VerilogHoverProvider] Hover object returned
2025-03-13 16:55:16.388 [info] [VerilogHoverProvider] Hover object returned
2025-03-13 16:55:17.181 [info] [VerilogHoverProvider] Hover requested
2025-03-13 16:55:18.008 [info] [VerilogHoverProvider] Hover requested
2025-03-13 16:55:18.872 [info] [VerilogHoverProvider] Hover requested
2025-03-13 16:55:22.837 [info] [VerilogDocumentSymbolProvider] [VerilogSymbol] Symbols Requested: file:///home/sgass/Projects/kepler/hdl/rtl/ethernet/ethernet_point_to_multipoint_hub.sv
2025-03-13 16:55:22.845 [info] [VerilogDocumentSymbolProvider] 1 top-level symbols returned
2025-03-13 16:55:24.731 [info] [VerilogDocumentSymbolProvider] [VerilogSymbol] Symbols Requested: file:///home/sgass/Projects/kepler/hdl/rtl/ethernet/ethernet_point_to_multipoint_hub.sv
2025-03-13 16:55:24.737 [info] [VerilogDocumentSymbolProvider] 1 top-level symbols returned
2025-03-13 16:55:27.492 [info] [VerilogDocumentSymbolProvider] [VerilogSymbol] Symbols Requested: file:///home/sgass/Projects/kepler/hdl/rtl/ethernet/ethernet_point_to_multipoint_hub.sv
2025-03-13 16:55:27.498 [info] [VerilogDocumentSymbolProvider] 1 top-level symbols returned
2025-03-13 16:55:32.331 [info] [VerilogDocumentSymbolProvider] [VerilogSymbol] Symbols Requested: file:///home/sgass/Projects/kepler/hdl/rtl/ethernet/ethernet_point_to_multipoint_hub.sv
2025-03-13 16:55:32.338 [info] [VerilogDocumentSymbolProvider] 1 top-level symbols returned
2025-03-13 16:55:33.277 [info] [VerilogDocumentSymbolProvider] [VerilogSymbol] Symbols Requested: file:///home/sgass/Projects/kepler/hdl/rtl/ethernet/ethernet_point_to_multipoint_hub.sv
2025-03-13 16:55:33.285 [info] [VerilogDocumentSymbolProvider] 1 top-level symbols returned
2025-03-13 16:55:34.845 [info] [VerilogDocumentSymbolProvider] [VerilogSymbol] Symbols Requested: file:///home/sgass/Projects/kepler/hdl/rtl/ethernet/ethernet_point_to_multipoint_hub.sv
2025-03-13 16:55:34.853 [info] [VerilogDocumentSymbolProvider] 1 top-level symbols returned
2025-03-13 16:55:36.237 [info] [VerilogDocumentSymbolProvider] [VerilogSymbol] Symbols Requested: file:///home/sgass/Projects/kepler/hdl/rtl/ethernet/ethernet_point_to_multipoint_hub.sv
2025-03-13 16:55:36.244 [info] [VerilogDocumentSymbolProvider] 1 top-level symbols returned
2025-03-13 16:55:38.420 [info] [VerilogDocumentSymbolProvider] [VerilogSymbol] Symbols Requested: file:///home/sgass/Projects/kepler/hdl/rtl/ethernet/ethernet_point_to_multipoint_hub.sv
2025-03-13 16:55:38.428 [info] [VerilogDocumentSymbolProvider] 1 top-level symbols returned
2025-03-13 16:55:40.653 [info] [VerilogDocumentSymbolProvider] [VerilogSymbol] Symbols Requested: file:///home/sgass/Projects/kepler/hdl/rtl/ethernet/ethernet_point_to_multipoint_hub.sv
2025-03-13 16:55:40.659 [info] [VerilogDocumentSymbolProvider] 1 top-level symbols returned
2025-03-13 16:55:41.157 [info] [VerilogDocumentSymbolProvider] [VerilogSymbol] Symbols Requested: file:///home/sgass/Projects/kepler/hdl/rtl/ethernet/ethernet_point_to_multipoint_hub.sv
2025-03-13 16:55:41.164 [info] [VerilogDocumentSymbolProvider] 1 top-level symbols returned
2025-03-13 16:55:41.671 [info] on save
2025-03-13 16:55:44.414 [info] [VerilogHoverProvider] Hover requested
2025-03-13 16:55:44.414 [info] indexing "/home/sgass/Projects/kepler/hdl/rtl/ethernet/ethernet_point_to_multipoint_hub.sv"
2025-03-13 16:55:44.414 [info] executing ctags
2025-03-13 16:55:44.414 [info] Executing Command: ctags -f - --fields=+K --sort=no --excmd=n --fields-SystemVerilog=+{parameter} "/home/sgass/Projects/kepler/hdl/rtl/ethernet/ethernet_point_to_multipoint_hub.sv"
2025-03-13 16:55:44.432 [info] building symbols
2025-03-13 16:55:44.842 [info] [VerilogHoverProvider] Hover object returned
2025-03-13 16:55:46.846 [info] [VerilogDefinitionProvider] Definitions Requested: file:///home/sgass/Projects/kepler/hdl/rtl/ethernet/ethernet_point_to_multipoint_hub.sv
2025-03-13 16:55:47.246 [info] [VerilogDefinitionProvider] 8 definitions returned
2025-03-13 16:55:48.104 [info] [VerilogCompletionItemProvider] Completion items requested
2025-03-13 16:55:48.104 [info] [VerilogCompletionItemProvider] 145 items requested
2025-03-13 16:55:49.064 [info] [VerilogDocumentSymbolProvider] [VerilogSymbol] Symbols Requested: file:///home/sgass/Projects/kepler/hdl/rtl/ethernet/ethernet_point_to_multipoint_hub.sv
2025-03-13 16:55:49.070 [info] [VerilogDocumentSymbolProvider] 1 top-level symbols returned
2025-03-13 16:55:49.598 [info] [VerilogDocumentSymbolProvider] [VerilogSymbol] Symbols Requested: file:///home/sgass/Projects/kepler/hdl/rtl/ethernet/ethernet_point_to_multipoint_hub.sv
2025-03-13 16:55:49.600 [info] [VerilogDocumentSymbolProvider] 1 top-level symbols returned
2025-03-13 16:55:52.661 [info] [VerilogDocumentSymbolProvider] [VerilogSymbol] Symbols Requested: file:///home/sgass/Projects/kepler/hdl/rtl/ethernet/ethernet_point_to_multipoint_hub.sv
2025-03-13 16:55:52.667 [info] [VerilogDocumentSymbolProvider] 1 top-level symbols returned
2025-03-13 16:55:56.877 [info] [VerilogDocumentSymbolProvider] [VerilogSymbol] Symbols Requested: file:///home/sgass/Projects/kepler/hdl/rtl/ethernet/ethernet_point_to_multipoint_hub.sv
2025-03-13 16:55:56.883 [info] [VerilogDocumentSymbolProvider] 1 top-level symbols returned
2025-03-13 16:55:59.401 [info] [VerilogCompletionItemProvider] Completion items requested
2025-03-13 16:55:59.401 [info] [VerilogCompletionItemProvider] 145 items requested
2025-03-13 16:56:00.287 [info] [VerilogDocumentSymbolProvider] [VerilogSymbol] Symbols Requested: file:///home/sgass/Projects/kepler/hdl/rtl/ethernet/ethernet_point_to_multipoint_hub.sv
2025-03-13 16:56:00.293 [info] [VerilogDocumentSymbolProvider] 1 top-level symbols returned
2025-03-13 16:56:01.003 [info] [VerilogDocumentSymbolProvider] [VerilogSymbol] Symbols Requested: file:///home/sgass/Projects/kepler/hdl/rtl/ethernet/ethernet_point_to_multipoint_hub.sv
2025-03-13 16:56:01.011 [info] [VerilogDocumentSymbolProvider] 1 top-level symbols returned
2025-03-13 16:56:05.949 [info] [VerilogDocumentSymbolProvider] [VerilogSymbol] Symbols Requested: file:///home/sgass/Projects/kepler/hdl/rtl/ethernet/ethernet_point_to_multipoint_hub.sv
2025-03-13 16:56:05.956 [info] [VerilogDocumentSymbolProvider] 1 top-level symbols returned
2025-03-13 16:56:14.329 [info] [VerilogDocumentSymbolProvider] [VerilogSymbol] Symbols Requested: file:///home/sgass/Projects/kepler/hdl/rtl/ethernet/ethernet_point_to_multipoint_hub.sv
2025-03-13 16:56:14.336 [info] [VerilogDocumentSymbolProvider] 1 top-level symbols returned
2025-03-13 16:56:16.862 [info] [VerilogDocumentSymbolProvider] [VerilogSymbol] Symbols Requested: file:///home/sgass/Projects/kepler/hdl/rtl/ethernet/ethernet_point_to_multipoint_hub.sv
2025-03-13 16:56:16.869 [info] [VerilogDocumentSymbolProvider] 1 top-level symbols returned
2025-03-13 16:56:18.917 [info] [VerilogDocumentSymbolProvider] [VerilogSymbol] Symbols Requested: file:///home/sgass/Projects/kepler/hdl/rtl/ethernet/ethernet_point_to_multipoint_hub.sv
2025-03-13 16:56:18.925 [info] [VerilogDocumentSymbolProvider] 1 top-level symbols returned
2025-03-13 16:56:19.634 [info] [VerilogDocumentSymbolProvider] [VerilogSymbol] Symbols Requested: file:///home/sgass/Projects/kepler/hdl/rtl/ethernet/ethernet_point_to_multipoint_hub.sv
2025-03-13 16:56:19.640 [info] [VerilogDocumentSymbolProvider] 1 top-level symbols returned
2025-03-13 16:56:22.385 [info] [VerilogDocumentSymbolProvider] [VerilogSymbol] Symbols Requested: file:///home/sgass/Projects/kepler/hdl/rtl/ethernet/ethernet_point_to_multipoint_hub.sv
2025-03-13 16:56:22.392 [info] [VerilogDocumentSymbolProvider] 1 top-level symbols returned
2025-03-13 16:56:28.102 [info] [VerilogDocumentSymbolProvider] [VerilogSymbol] Symbols Requested: file:///home/sgass/Projects/kepler/hdl/rtl/ethernet/ethernet_point_to_multipoint_hub.sv
2025-03-13 16:56:28.108 [info] [VerilogDocumentSymbolProvider] 1 top-level symbols returned
2025-03-13 16:56:28.941 [info] [VerilogDocumentSymbolProvider] [VerilogSymbol] Symbols Requested: file:///home/sgass/Projects/kepler/hdl/rtl/ethernet/ethernet_point_to_multipoint_hub.sv
2025-03-13 16:56:28.948 [info] [VerilogDocumentSymbolProvider] 1 top-level symbols returned
2025-03-13 16:56:35.895 [info] [VerilogDocumentSymbolProvider] [VerilogSymbol] Symbols Requested: file:///home/sgass/Projects/kepler/hdl/rtl/ethernet/ethernet_point_to_multipoint_hub.sv
2025-03-13 16:56:35.902 [info] [VerilogDocumentSymbolProvider] 1 top-level symbols returned
2025-03-13 16:56:38.616 [info] [VerilogDocumentSymbolProvider] [VerilogSymbol] Symbols Requested: file:///home/sgass/Projects/kepler/hdl/rtl/ethernet/ethernet_point_to_multipoint_hub.sv
2025-03-13 16:56:38.621 [info] [VerilogDocumentSymbolProvider] 1 top-level symbols returned
2025-03-13 16:56:42.079 [info] [VerilogDocumentSymbolProvider] [VerilogSymbol] Symbols Requested: file:///home/sgass/Projects/kepler/hdl/rtl/ethernet/ethernet_point_to_multipoint_hub.sv
2025-03-13 16:56:42.085 [info] [VerilogDocumentSymbolProvider] 1 top-level symbols returned
2025-03-13 16:56:53.030 [info] [VerilogDocumentSymbolProvider] [VerilogSymbol] Symbols Requested: file:///home/sgass/Projects/kepler/hdl/rtl/ethernet/ethernet_point_to_multipoint_hub.sv
2025-03-13 16:56:53.037 [info] [VerilogDocumentSymbolProvider] 1 top-level symbols returned
2025-03-13 16:56:58.143 [info] [VerilogDocumentSymbolProvider] [VerilogSymbol] Symbols Requested: file:///home/sgass/Projects/kepler/hdl/rtl/ethernet/ethernet_point_to_multipoint_hub.sv
2025-03-13 16:56:58.150 [info] [VerilogDocumentSymbolProvider] 1 top-level symbols returned
2025-03-13 16:57:05.752 [info] [VerilogDocumentSymbolProvider] [VerilogSymbol] Symbols Requested: file:///home/sgass/Projects/kepler/hdl/rtl/ethernet/ethernet_point_to_multipoint_hub.sv
2025-03-13 16:57:05.759 [info] [VerilogDocumentSymbolProvider] 1 top-level symbols returned
2025-03-13 16:57:08.670 [info] [VerilogDocumentSymbolProvider] [VerilogSymbol] Symbols Requested: file:///home/sgass/Projects/kepler/hdl/rtl/ethernet/ethernet_point_to_multipoint_hub.sv
2025-03-13 16:57:08.677 [info] [VerilogDocumentSymbolProvider] 1 top-level symbols returned
2025-03-13 16:57:10.792 [info] [VerilogDocumentSymbolProvider] [VerilogSymbol] Symbols Requested: file:///home/sgass/Projects/kepler/hdl/rtl/ethernet/ethernet_point_to_multipoint_hub.sv
2025-03-13 16:57:10.799 [info] [VerilogDocumentSymbolProvider] 1 top-level symbols returned
2025-03-13 16:57:11.575 [info] [VerilogDocumentSymbolProvider] [VerilogSymbol] Symbols Requested: file:///home/sgass/Projects/kepler/hdl/rtl/ethernet/ethernet_point_to_multipoint_hub.sv
2025-03-13 16:57:11.582 [info] [VerilogDocumentSymbolProvider] 1 top-level symbols returned
2025-03-13 16:57:12.647 [info] [VerilogDocumentSymbolProvider] [VerilogSymbol] Symbols Requested: file:///home/sgass/Projects/kepler/hdl/rtl/ethernet/ethernet_point_to_multipoint_hub.sv
2025-03-13 16:57:12.653 [info] [VerilogDocumentSymbolProvider] 1 top-level symbols returned
2025-03-13 16:57:15.351 [info] [VerilogDocumentSymbolProvider] [VerilogSymbol] Symbols Requested: file:///home/sgass/Projects/kepler/hdl/rtl/ethernet/ethernet_point_to_multipoint_hub.sv
2025-03-13 16:57:15.359 [info] [VerilogDocumentSymbolProvider] 1 top-level symbols returned
2025-03-13 16:57:17.511 [info] on save
2025-03-13 16:57:27.878 [info] [VerilogDocumentSymbolProvider] [VerilogSymbol] Symbols Requested: file:///home/sgass/Projects/kepler/hdl/rtl/ethernet/ethernet_point_to_multipoint_hub.sv
2025-03-13 16:57:27.878 [info] indexing "/home/sgass/Projects/kepler/hdl/rtl/ethernet/ethernet_point_to_multipoint_hub.sv"
2025-03-13 16:57:27.878 [info] executing ctags
2025-03-13 16:57:27.878 [info] Executing Command: ctags -f - --fields=+K --sort=no --excmd=n --fields-SystemVerilog=+{parameter} "/home/sgass/Projects/kepler/hdl/rtl/ethernet/ethernet_point_to_multipoint_hub.sv"
2025-03-13 16:57:27.885 [info] building symbols
2025-03-13 16:57:27.891 [info] [VerilogDocumentSymbolProvider] 1 top-level symbols returned
2025-03-13 16:57:29.605 [info] [VerilogHoverProvider] Hover requested
2025-03-13 16:57:29.985 [info] [VerilogHoverProvider] Hover requested
2025-03-13 16:57:30.438 [info] [VerilogHoverProvider] Hover object returned
2025-03-13 16:57:40.150 [info] [VerilogHoverProvider] Hover requested
2025-03-13 16:57:40.535 [warning] [VerilogHoverProvider] Hover object not found
2025-03-13 16:57:43.775 [info] [VerilogHoverProvider] Hover requested
2025-03-13 16:57:44.178 [info] [VerilogHoverProvider] Hover object returned
2025-03-13 16:57:46.985 [info] [VerilogDocumentSymbolProvider] [VerilogSymbol] Symbols Requested: file:///home/sgass/Projects/kepler/hdl/rtl/ethernet/ethernet_point_to_multipoint_hub.sv
2025-03-13 16:57:46.991 [info] [VerilogDocumentSymbolProvider] 1 top-level symbols returned
2025-03-13 16:57:47.824 [info] [VerilogDocumentSymbolProvider] [VerilogSymbol] Symbols Requested: file:///home/sgass/Projects/kepler/hdl/rtl/ethernet/ethernet_point_to_multipoint_hub.sv
2025-03-13 16:57:47.831 [info] [VerilogDocumentSymbolProvider] 1 top-level symbols returned
2025-03-13 16:57:50.359 [info] [VerilogDocumentSymbolProvider] [VerilogSymbol] Symbols Requested: file:///home/sgass/Projects/kepler/hdl/rtl/ethernet/ethernet_point_to_multipoint_hub.sv
2025-03-13 16:57:50.366 [info] [VerilogDocumentSymbolProvider] 1 top-level symbols returned
2025-03-13 16:57:51.384 [info] [VerilogDocumentSymbolProvider] [VerilogSymbol] Symbols Requested: file:///home/sgass/Projects/kepler/hdl/rtl/ethernet/ethernet_point_to_multipoint_hub.sv
2025-03-13 16:57:51.390 [info] [VerilogDocumentSymbolProvider] 1 top-level symbols returned
2025-03-13 16:57:52.311 [info] [VerilogDocumentSymbolProvider] [VerilogSymbol] Symbols Requested: file:///home/sgass/Projects/kepler/hdl/rtl/ethernet/ethernet_point_to_multipoint_hub.sv
2025-03-13 16:57:52.319 [info] [VerilogDocumentSymbolProvider] 1 top-level symbols returned
2025-03-13 16:57:52.928 [info] [VerilogCompletionItemProvider] Completion items requested
2025-03-13 16:57:52.928 [info] [VerilogCompletionItemProvider] 145 items requested
2025-03-13 16:57:54.161 [info] [VerilogDocumentSymbolProvider] [VerilogSymbol] Symbols Requested: file:///home/sgass/Projects/kepler/hdl/rtl/ethernet/ethernet_point_to_multipoint_hub.sv
2025-03-13 16:57:54.167 [info] [VerilogDocumentSymbolProvider] 1 top-level symbols returned
2025-03-13 16:57:54.670 [info] [VerilogDocumentSymbolProvider] [VerilogSymbol] Symbols Requested: file:///home/sgass/Projects/kepler/hdl/rtl/ethernet/ethernet_point_to_multipoint_hub.sv
2025-03-13 16:57:54.678 [info] [VerilogDocumentSymbolProvider] 1 top-level symbols returned
2025-03-13 16:57:57.391 [info] [VerilogDocumentSymbolProvider] [VerilogSymbol] Symbols Requested: file:///home/sgass/Projects/kepler/hdl/rtl/ethernet/ethernet_point_to_multipoint_hub.sv
2025-03-13 16:57:57.399 [info] [VerilogDocumentSymbolProvider] 1 top-level symbols returned
2025-03-13 16:57:59.904 [info] [VerilogDocumentSymbolProvider] [VerilogSymbol] Symbols Requested: file:///home/sgass/Projects/kepler/hdl/rtl/ethernet/ethernet_point_to_multipoint_hub.sv
2025-03-13 16:57:59.910 [info] [VerilogDocumentSymbolProvider] 1 top-level symbols returned
2025-03-13 16:58:00.664 [info] [VerilogDocumentSymbolProvider] [VerilogSymbol] Symbols Requested: file:///home/sgass/Projects/kepler/hdl/rtl/ethernet/ethernet_point_to_multipoint_hub.sv
2025-03-13 16:58:00.670 [info] [VerilogDocumentSymbolProvider] 1 top-level symbols returned
2025-03-13 16:58:02.983 [info] [VerilogDocumentSymbolProvider] [VerilogSymbol] Symbols Requested: file:///home/sgass/Projects/kepler/hdl/rtl/ethernet/ethernet_point_to_multipoint_hub.sv
2025-03-13 16:58:02.989 [info] [VerilogDocumentSymbolProvider] 1 top-level symbols returned
2025-03-13 16:58:03.526 [info] [VerilogDocumentSymbolProvider] [VerilogSymbol] Symbols Requested: file:///home/sgass/Projects/kepler/hdl/rtl/ethernet/ethernet_point_to_multipoint_hub.sv
2025-03-13 16:58:03.534 [info] [VerilogDocumentSymbolProvider] 1 top-level symbols returned
2025-03-13 16:58:04.287 [info] [VerilogDocumentSymbolProvider] [VerilogSymbol] Symbols Requested: file:///home/sgass/Projects/kepler/hdl/rtl/ethernet/ethernet_point_to_multipoint_hub.sv
2025-03-13 16:58:04.295 [info] [VerilogDocumentSymbolProvider] 1 top-level symbols returned
2025-03-13 16:58:04.856 [info] [VerilogDocumentSymbolProvider] [VerilogSymbol] Symbols Requested: file:///home/sgass/Projects/kepler/hdl/rtl/ethernet/ethernet_point_to_multipoint_hub.sv
2025-03-13 16:58:04.863 [info] [VerilogDocumentSymbolProvider] 1 top-level symbols returned
2025-03-13 16:58:05.597 [info] [VerilogDocumentSymbolProvider] [VerilogSymbol] Symbols Requested: file:///home/sgass/Projects/kepler/hdl/rtl/ethernet/ethernet_point_to_multipoint_hub.sv
2025-03-13 16:58:05.603 [info] [VerilogDocumentSymbolProvider] 1 top-level symbols returned
2025-03-13 16:58:10.016 [info] [VerilogDocumentSymbolProvider] [VerilogSymbol] Symbols Requested: file:///home/sgass/Projects/kepler/hdl/rtl/ethernet/ethernet_point_to_multipoint_hub.sv
2025-03-13 16:58:10.023 [info] [VerilogDocumentSymbolProvider] 1 top-level symbols returned
2025-03-13 16:58:10.645 [info] [VerilogDocumentSymbolProvider] [VerilogSymbol] Symbols Requested: file:///home/sgass/Projects/kepler/hdl/rtl/ethernet/ethernet_point_to_multipoint_hub.sv
2025-03-13 16:58:10.651 [info] [VerilogDocumentSymbolProvider] 1 top-level symbols returned
2025-03-13 16:58:12.328 [info] [VerilogDocumentSymbolProvider] [VerilogSymbol] Symbols Requested: file:///home/sgass/Projects/kepler/hdl/rtl/ethernet/ethernet_point_to_multipoint_hub.sv
2025-03-13 16:58:12.335 [info] [VerilogDocumentSymbolProvider] 1 top-level symbols returned
2025-03-13 16:58:13.965 [info] [VerilogDocumentSymbolProvider] [VerilogSymbol] Symbols Requested: file:///home/sgass/Projects/kepler/hdl/rtl/ethernet/ethernet_point_to_multipoint_hub.sv
2025-03-13 16:58:13.973 [info] [VerilogDocumentSymbolProvider] 1 top-level symbols returned
2025-03-13 16:58:18.138 [info] [VerilogCompletionItemProvider] Completion items requested
2025-03-13 16:58:18.138 [info] [VerilogCompletionItemProvider] 145 items requested
2025-03-13 16:58:18.594 [info] [VerilogDocumentSymbolProvider] [VerilogSymbol] Symbols Requested: file:///home/sgass/Projects/kepler/hdl/rtl/ethernet/ethernet_point_to_multipoint_hub.sv
2025-03-13 16:58:18.600 [info] [VerilogDocumentSymbolProvider] 1 top-level symbols returned
2025-03-13 16:58:21.419 [info] [VerilogHoverProvider] Hover requested
2025-03-13 16:58:21.859 [warning] [VerilogHoverProvider] Hover object not found
2025-03-13 16:58:22.764 [info] [VerilogDocumentSymbolProvider] [VerilogSymbol] Symbols Requested: file:///home/sgass/Projects/kepler/hdl/rtl/ethernet/ethernet_point_to_multipoint_hub.sv
2025-03-13 16:58:22.770 [info] [VerilogDocumentSymbolProvider] 1 top-level symbols returned
2025-03-13 16:58:23.930 [info] [VerilogDocumentSymbolProvider] [VerilogSymbol] Symbols Requested: file:///home/sgass/Projects/kepler/hdl/rtl/ethernet/ethernet_point_to_multipoint_hub.sv
2025-03-13 16:58:23.937 [info] [VerilogDocumentSymbolProvider] 1 top-level symbols returned
2025-03-13 16:58:25.233 [info] [VerilogDocumentSymbolProvider] [VerilogSymbol] Symbols Requested: file:///home/sgass/Projects/kepler/hdl/rtl/ethernet/ethernet_point_to_multipoint_hub.sv
2025-03-13 16:58:25.240 [info] [VerilogDocumentSymbolProvider] 1 top-level symbols returned
2025-03-13 16:58:27.208 [info] [VerilogDocumentSymbolProvider] [VerilogSymbol] Symbols Requested: file:///home/sgass/Projects/kepler/hdl/rtl/ethernet/ethernet_point_to_multipoint_hub.sv
2025-03-13 16:58:27.214 [info] [VerilogDocumentSymbolProvider] 1 top-level symbols returned
2025-03-13 16:58:28.168 [info] [VerilogDocumentSymbolProvider] [VerilogSymbol] Symbols Requested: file:///home/sgass/Projects/kepler/hdl/rtl/ethernet/ethernet_point_to_multipoint_hub.sv
2025-03-13 16:58:28.174 [info] [VerilogDocumentSymbolProvider] 1 top-level symbols returned
2025-03-13 16:58:29.178 [info] [VerilogDocumentSymbolProvider] [VerilogSymbol] Symbols Requested: file:///home/sgass/Projects/kepler/hdl/rtl/ethernet/ethernet_point_to_multipoint_hub.sv
2025-03-13 16:58:29.185 [info] [VerilogDocumentSymbolProvider] 1 top-level symbols returned
2025-03-13 16:58:33.540 [info] on save
2025-03-13 16:58:33.882 [info] [VerilogDocumentSymbolProvider] [VerilogSymbol] Symbols Requested: file:///home/sgass/Projects/kepler/hdl/rtl/ethernet/ethernet_point_to_multipoint_hub.sv
2025-03-13 16:58:33.882 [info] indexing "/home/sgass/Projects/kepler/hdl/rtl/ethernet/ethernet_point_to_multipoint_hub.sv"
2025-03-13 16:58:33.882 [info] executing ctags
2025-03-13 16:58:33.882 [info] Executing Command: ctags -f - --fields=+K --sort=no --excmd=n --fields-SystemVerilog=+{parameter} "/home/sgass/Projects/kepler/hdl/rtl/ethernet/ethernet_point_to_multipoint_hub.sv"
2025-03-13 16:58:33.889 [info] building symbols
2025-03-13 16:58:33.894 [info] [VerilogDocumentSymbolProvider] 1 top-level symbols returned
2025-03-13 17:11:18.838 [info] [VerilogHoverProvider] Hover requested
2025-03-13 17:11:19.262 [info] [VerilogHoverProvider] Hover object returned
2025-03-13 17:11:19.805 [info] [VerilogHoverProvider] Hover requested
2025-03-13 17:11:20.039 [info] [VerilogHoverProvider] Hover requested
2025-03-13 17:11:25.385 [info] [VerilogDocumentSymbolProvider] [VerilogSymbol] Symbols Requested: file:///home/sgass/Projects/kepler/hdl/rtl/ethernet/ethernet_point_to_multipoint_hub.sv
2025-03-13 17:11:25.392 [info] [VerilogDocumentSymbolProvider] 1 top-level symbols returned
2025-03-13 17:11:26.791 [info] [VerilogDocumentSymbolProvider] [VerilogSymbol] Symbols Requested: file:///home/sgass/Projects/kepler/hdl/rtl/ethernet/ethernet_point_to_multipoint_hub.sv
2025-03-13 17:11:26.797 [info] [VerilogDocumentSymbolProvider] 1 top-level symbols returned
2025-03-13 17:11:27.330 [info] on save
2025-03-13 17:11:30.002 [info] [VerilogHoverProvider] Hover requested
2025-03-13 17:11:30.002 [info] indexing "/home/sgass/Projects/kepler/hdl/rtl/ethernet/ethernet_point_to_multipoint_hub.sv"
2025-03-13 17:11:30.002 [info] executing ctags
2025-03-13 17:11:30.002 [info] Executing Command: ctags -f - --fields=+K --sort=no --excmd=n --fields-SystemVerilog=+{parameter} "/home/sgass/Projects/kepler/hdl/rtl/ethernet/ethernet_point_to_multipoint_hub.sv"
2025-03-13 17:11:30.015 [info] building symbols
2025-03-13 17:11:30.432 [warning] [VerilogHoverProvider] Hover object not found
