2025-03-14 09:05:36.388 [info] mshr-h.veriloghdl is now active.
2025-03-14 09:05:36.388 [info] [ExtensionManager] previousVersion: "1.16.0", currentVersion: "1.16.0"
2025-03-14 09:05:36.388 [info] ctags manager configure
2025-03-14 09:05:36.388 [warning] [LintManager] Invalid linter name: none
2025-03-14 09:05:36.388 [info] mshr-h.veriloghdl activation finished.
2025-03-14 09:05:36.478 [warning] [LintManager] Invalid linter name: none
2025-03-14 09:05:36.520 [warning] [LintManager] Invalid linter name: none
2025-03-14 09:05:36.554 [warning] [LintManager] Invalid linter name: none
2025-03-14 09:05:36.704 [warning] [LintManager] Invalid linter name: none
2025-03-14 09:05:38.341 [info] [VerilogDocumentSymbolProvider] [VerilogSymbol] Symbols Requested: file:///home/sgass/Projects/kepler/hdl/rtl/ethernet/ethernet_point_to_multipoint_hub.sv
2025-03-14 09:05:38.341 [info] indexing "/home/sgass/Projects/kepler/hdl/rtl/ethernet/ethernet_point_to_multipoint_hub.sv"
2025-03-14 09:05:38.341 [info] executing ctags
2025-03-14 09:05:38.341 [info] Executing Command: ctags -f - --fields=+K --sort=no --excmd=n --fields-SystemVerilog=+{parameter} "/home/sgass/Projects/kepler/hdl/rtl/ethernet/ethernet_point_to_multipoint_hub.sv"
2025-03-14 09:05:38.346 [info] building symbols
2025-03-14 09:05:38.352 [info] [VerilogDocumentSymbolProvider] 1 top-level symbols returned
2025-03-14 09:05:38.357 [warning] [LintManager] Invalid linter name: none
2025-03-14 09:06:04.955 [info] [VerilogHoverProvider] Hover requested
2025-03-14 09:06:05.895 [info] [VerilogHoverProvider] Hover requested
2025-03-14 09:06:05.908 [info] indexing "/home/sgass/Projects/kepler/hdl/vivado/workspace/p4_2021/p4_2021.ip_user_files/ipstatic/src/hw/include/interfaces.sv"
2025-03-14 09:06:05.908 [info] executing ctags
2025-03-14 09:06:05.908 [info] Executing Command: ctags -f - --fields=+K --sort=no --excmd=n --fields-SystemVerilog=+{parameter} "/home/sgass/Projects/kepler/hdl/vivado/workspace/p4_2021/p4_2021.ip_user_files/ipstatic/src/hw/include/interfaces.sv"
2025-03-14 09:06:05.913 [info] building symbols
2025-03-14 09:06:05.913 [error] No output from ctags
2025-03-14 09:06:05.913 [warning] [VerilogHoverProvider] Hover object not found
2025-03-14 09:06:06.724 [warning] [VerilogHoverProvider] Hover object not found
2025-03-14 09:06:07.889 [info] [VerilogDocumentSymbolProvider] [VerilogSymbol] Symbols Requested: file:///home/sgass/Projects/kepler/hdl/rtl/ethernet/ethernet_point_to_multipoint_hub.sv
2025-03-14 09:06:07.892 [info] [VerilogDocumentSymbolProvider] 1 top-level symbols returned
2025-03-14 09:06:20.729 [info] [VerilogHoverProvider] Hover requested
2025-03-14 09:06:37.813 [info] [VerilogHoverProvider] Hover requested
2025-03-14 09:06:38.534 [info] [VerilogHoverProvider] Hover object returned
2025-03-14 09:06:38.550 [info] [VerilogHoverProvider] Hover requested
2025-03-14 09:06:39.011 [info] [VerilogDocumentSymbolProvider] [VerilogSymbol] Symbols Requested: file:///home/sgass/Projects/kepler/hdl/rtl/ethernet/ethernet_point_to_multipoint_hub.sv
2025-03-14 09:06:39.020 [info] [VerilogDocumentSymbolProvider] 1 top-level symbols returned
2025-03-14 09:06:39.385 [warning] [VerilogHoverProvider] Hover object not found
2025-03-14 09:06:39.562 [info] [VerilogHoverProvider] Hover requested
2025-03-14 09:06:40.402 [warning] [VerilogHoverProvider] Hover object not found
2025-03-14 09:06:40.434 [info] [VerilogHoverProvider] Hover requested
2025-03-14 09:06:43.236 [info] [VerilogDocumentSymbolProvider] [VerilogSymbol] Symbols Requested: file:///home/sgass/Projects/kepler/hdl/rtl/ethernet/ethernet_point_to_multipoint_hub.sv
2025-03-14 09:06:43.240 [info] [VerilogDocumentSymbolProvider] 1 top-level symbols returned
2025-03-14 09:06:43.903 [info] [VerilogDocumentSymbolProvider] [VerilogSymbol] Symbols Requested: file:///home/sgass/Projects/kepler/hdl/rtl/ethernet/ethernet_point_to_multipoint_hub.sv
2025-03-14 09:06:43.907 [info] [VerilogDocumentSymbolProvider] 1 top-level symbols returned
2025-03-14 09:06:45.748 [info] [VerilogHoverProvider] Hover requested
2025-03-14 09:06:46.066 [info] [VerilogHoverProvider] Hover requested
2025-03-14 09:06:46.509 [info] [VerilogHoverProvider] Hover object returned
2025-03-14 09:06:50.135 [info] [VerilogDocumentSymbolProvider] [VerilogSymbol] Symbols Requested: file:///home/sgass/Projects/kepler/hdl/rtl/ethernet/ethernet_point_to_multipoint_hub.sv
2025-03-14 09:06:50.138 [info] [VerilogDocumentSymbolProvider] 1 top-level symbols returned
2025-03-14 09:06:52.068 [info] [VerilogHoverProvider] Hover requested
2025-03-14 09:06:52.832 [warning] [VerilogHoverProvider] Hover object not found
2025-03-14 09:07:04.812 [info] [VerilogHoverProvider] Hover requested
2025-03-14 09:07:05.616 [warning] [VerilogHoverProvider] Hover object not found
2025-03-14 09:07:06.060 [info] [VerilogCompletionItemProvider] Completion items requested
2025-03-14 09:07:06.061 [info] [VerilogCompletionItemProvider] 145 items requested
2025-03-14 09:07:06.408 [info] [VerilogDocumentSymbolProvider] [VerilogSymbol] Symbols Requested: file:///home/sgass/Projects/kepler/hdl/rtl/ethernet/ethernet_point_to_multipoint_hub.sv
2025-03-14 09:07:06.411 [info] [VerilogDocumentSymbolProvider] 1 top-level symbols returned
2025-03-14 09:07:13.420 [info] [VerilogHoverProvider] Hover requested
2025-03-14 09:07:15.766 [info] [VerilogDocumentSymbolProvider] [VerilogSymbol] Symbols Requested: file:///home/sgass/Projects/kepler/hdl/rtl/ethernet/ethernet_point_to_multipoint_hub.sv
2025-03-14 09:07:15.774 [info] [VerilogDocumentSymbolProvider] 1 top-level symbols returned
2025-03-14 09:07:17.385 [info] [VerilogDocumentSymbolProvider] [VerilogSymbol] Symbols Requested: file:///home/sgass/Projects/kepler/hdl/rtl/ethernet/ethernet_point_to_multipoint_hub.sv
2025-03-14 09:07:17.393 [info] [VerilogDocumentSymbolProvider] 1 top-level symbols returned
2025-03-14 09:07:21.119 [info] [VerilogHoverProvider] Hover requested
2025-03-14 09:07:21.532 [info] [VerilogHoverProvider] Hover object returned
2025-03-14 09:07:26.370 [info] [VerilogHoverProvider] Hover requested
2025-03-14 09:07:26.805 [info] [VerilogHoverProvider] Hover object returned
2025-03-14 09:07:27.936 [info] [VerilogHoverProvider] Hover requested
2025-03-14 09:07:30.425 [info] [VerilogHoverProvider] Hover requested
2025-03-14 09:07:34.062 [info] [VerilogHoverProvider] Hover requested
2025-03-14 09:07:34.477 [info] [VerilogHoverProvider] Hover object returned
2025-03-14 09:07:34.850 [info] [VerilogHoverProvider] Hover requested
2025-03-14 09:07:35.302 [info] [VerilogHoverProvider] Hover requested
2025-03-14 09:07:35.324 [info] [VerilogHoverProvider] Hover object returned
2025-03-14 09:07:35.705 [info] [VerilogHoverProvider] Hover object returned
2025-03-14 09:07:36.366 [info] [VerilogHoverProvider] Hover requested
2025-03-14 09:07:36.719 [info] [VerilogHoverProvider] Hover requested
2025-03-14 09:07:36.852 [info] [VerilogHoverProvider] Hover object returned
2025-03-14 09:07:43.232 [info] [VerilogHoverProvider] Hover requested
2025-03-14 09:07:44.568 [info] [VerilogHoverProvider] Hover requested
2025-03-14 09:07:44.999 [info] [VerilogHoverProvider] Hover object returned
2025-03-14 09:07:46.122 [info] [VerilogHoverProvider] Hover requested
2025-03-14 09:07:46.512 [info] [VerilogHoverProvider] Hover requested
2025-03-14 09:07:46.546 [info] [VerilogHoverProvider] Hover object returned
2025-03-14 09:07:46.894 [info] [VerilogHoverProvider] Hover requested
2025-03-14 09:07:46.925 [info] [VerilogHoverProvider] Hover object returned
2025-03-14 09:08:10.980 [info] [VerilogHoverProvider] Hover requested
2025-03-14 09:08:11.188 [info] [VerilogHoverProvider] Hover requested
2025-03-14 09:08:11.457 [info] [VerilogHoverProvider] Hover object returned
2025-03-14 09:08:11.602 [info] [VerilogHoverProvider] Hover object returned
2025-03-14 09:08:12.714 [info] [VerilogHoverProvider] Hover requested
2025-03-14 09:08:13.117 [info] [VerilogHoverProvider] Hover object returned
2025-03-14 09:08:13.270 [info] [VerilogHoverProvider] Hover requested
2025-03-14 09:08:13.687 [info] [VerilogHoverProvider] Hover object returned
2025-03-14 09:08:25.851 [info] [VerilogDocumentSymbolProvider] [VerilogSymbol] Symbols Requested: file:///home/sgass/Projects/kepler/hdl/rtl/board/mpcut1/board_mpcut1_top.sv
2025-03-14 09:08:25.851 [info] indexing "/home/sgass/Projects/kepler/hdl/rtl/board/mpcut1/board_mpcut1_top.sv"
2025-03-14 09:08:25.851 [info] executing ctags
2025-03-14 09:08:25.851 [info] Executing Command: ctags -f - --fields=+K --sort=no --excmd=n --fields-SystemVerilog=+{parameter} "/home/sgass/Projects/kepler/hdl/rtl/board/mpcut1/board_mpcut1_top.sv"
2025-03-14 09:08:25.855 [info] building symbols
2025-03-14 09:08:25.858 [info] [VerilogDocumentSymbolProvider] 2 top-level symbols returned
2025-03-14 09:08:27.404 [info] [VerilogHoverProvider] Hover requested
2025-03-14 09:08:29.297 [info] [VerilogDocumentSymbolProvider] [VerilogSymbol] Symbols Requested: file:///home/sgass/Projects/kepler/hdl/rtl/board/mpcut1/board_mpcut1_system.sv
2025-03-14 09:08:29.297 [info] indexing "/home/sgass/Projects/kepler/hdl/rtl/board/mpcut1/board_mpcut1_system.sv"
2025-03-14 09:08:29.297 [info] executing ctags
2025-03-14 09:08:29.297 [info] Executing Command: ctags -f - --fields=+K --sort=no --excmd=n --fields-SystemVerilog=+{parameter} "/home/sgass/Projects/kepler/hdl/rtl/board/mpcut1/board_mpcut1_system.sv"
2025-03-14 09:08:29.302 [info] building symbols
2025-03-14 09:08:29.312 [info] [VerilogDocumentSymbolProvider] 1 top-level symbols returned
2025-03-14 09:08:30.022 [info] [VerilogHoverProvider] Hover requested
2025-03-14 09:08:44.203 [info] [VerilogHoverProvider] Hover requested
2025-03-14 09:08:44.620 [info] [VerilogHoverProvider] Hover object returned
2025-03-14 09:08:45.349 [info] [VerilogHoverProvider] Hover requested
2025-03-14 09:08:45.858 [info] [VerilogHoverProvider] Hover object returned
2025-03-14 09:08:47.665 [info] [VerilogHoverProvider] Hover requested
2025-03-14 09:08:52.077 [info] [VerilogHoverProvider] Hover requested
2025-03-14 09:08:52.281 [info] [VerilogHoverProvider] Hover requested
2025-03-14 09:08:54.119 [info] [VerilogHoverProvider] Hover requested
2025-03-14 09:08:54.581 [info] [VerilogHoverProvider] Hover object returned
2025-03-14 09:08:54.651 [info] [VerilogHoverProvider] Hover requested
2025-03-14 09:08:55.074 [info] [VerilogHoverProvider] Hover object returned
2025-03-14 09:08:56.143 [info] [VerilogHoverProvider] Hover requested
2025-03-14 09:08:56.584 [info] [VerilogHoverProvider] Hover object returned
2025-03-14 09:08:56.696 [info] [VerilogHoverProvider] Hover requested
2025-03-14 09:08:58.233 [info] [VerilogHoverProvider] Hover requested
2025-03-14 09:08:59.596 [info] [VerilogHoverProvider] Hover requested
2025-03-14 09:08:59.749 [info] [VerilogHoverProvider] Hover requested
2025-03-14 09:09:00.007 [info] [VerilogHoverProvider] Hover object returned
2025-03-14 09:09:00.139 [info] [VerilogHoverProvider] Hover object returned
2025-03-14 09:09:02.585 [info] [VerilogHoverProvider] Hover requested
2025-03-14 09:09:02.985 [info] [VerilogHoverProvider] Hover object returned
2025-03-14 09:09:04.739 [info] [VerilogHoverProvider] Hover requested
2025-03-14 09:09:12.721 [info] [VerilogHoverProvider] Hover requested
2025-03-14 09:09:14.335 [info] [VerilogHoverProvider] Hover requested
2025-03-14 09:09:14.814 [info] [VerilogHoverProvider] Hover object returned
2025-03-14 09:09:15.799 [info] [VerilogHoverProvider] Hover requested
2025-03-14 09:09:16.244 [info] [VerilogHoverProvider] Hover object returned
2025-03-14 09:09:16.453 [info] [VerilogHoverProvider] Hover requested
2025-03-14 09:09:16.897 [info] [VerilogHoverProvider] Hover object returned
2025-03-14 09:09:17.670 [info] [VerilogHoverProvider] Hover requested
2025-03-14 09:09:18.104 [info] [VerilogHoverProvider] Hover object returned
2025-03-14 09:09:20.021 [info] [VerilogHoverProvider] Hover requested
2025-03-14 09:09:21.378 [info] [VerilogHoverProvider] Hover requested
2025-03-14 09:09:21.821 [warning] [VerilogHoverProvider] Hover object not found
2025-03-14 09:09:22.069 [info] [VerilogHoverProvider] Hover requested
2025-03-14 09:09:26.859 [info] [VerilogDocumentSymbolProvider] [VerilogSymbol] Symbols Requested: file:///home/sgass/Projects/kepler/hdl/rtl/ethernet/ethernet_point_to_multipoint_hub.sv
2025-03-14 09:09:26.867 [info] [VerilogDocumentSymbolProvider] 1 top-level symbols returned
2025-03-14 09:09:32.286 [info] [VerilogDocumentSymbolProvider] [VerilogSymbol] Symbols Requested: file:///home/sgass/Projects/kepler/hdl/rtl/ethernet/ethernet_point_to_multipoint_hub.sv
2025-03-14 09:09:32.292 [info] [VerilogDocumentSymbolProvider] 1 top-level symbols returned
2025-03-14 09:09:36.267 [info] [VerilogDocumentSymbolProvider] [VerilogSymbol] Symbols Requested: file:///home/sgass/Projects/kepler/hdl/rtl/ethernet/ethernet_point_to_multipoint_hub.sv
2025-03-14 09:09:36.275 [info] [VerilogDocumentSymbolProvider] 1 top-level symbols returned
2025-03-14 09:09:37.107 [info] [VerilogDocumentSymbolProvider] [VerilogSymbol] Symbols Requested: file:///home/sgass/Projects/kepler/hdl/rtl/ethernet/ethernet_point_to_multipoint_hub.sv
2025-03-14 09:09:37.115 [info] [VerilogDocumentSymbolProvider] 1 top-level symbols returned
2025-03-14 09:09:41.348 [info] [VerilogDocumentSymbolProvider] [VerilogSymbol] Symbols Requested: file:///home/sgass/Projects/kepler/hdl/rtl/ethernet/ethernet_point_to_multipoint_hub.sv
2025-03-14 09:09:41.357 [info] [VerilogDocumentSymbolProvider] 1 top-level symbols returned
2025-03-14 09:09:43.173 [info] [VerilogHoverProvider] Hover requested
2025-03-14 09:09:43.638 [info] [VerilogHoverProvider] Hover object returned
2025-03-14 09:09:43.853 [info] [VerilogHoverProvider] Hover requested
2025-03-14 09:09:44.903 [info] [VerilogDocumentSymbolProvider] [VerilogSymbol] Symbols Requested: file:///home/sgass/Projects/kepler/hdl/rtl/ethernet/ethernet_point_to_multipoint_hub.sv
2025-03-14 09:09:44.910 [info] [VerilogDocumentSymbolProvider] 1 top-level symbols returned
2025-03-14 09:09:45.317 [info] [VerilogDocumentSymbolProvider] [VerilogSymbol] Symbols Requested: file:///home/sgass/Projects/kepler/hdl/rtl/ethernet/ethernet_point_to_multipoint_hub.sv
2025-03-14 09:09:45.322 [info] [VerilogDocumentSymbolProvider] 1 top-level symbols returned
2025-03-14 09:09:47.078 [info] [VerilogDocumentSymbolProvider] [VerilogSymbol] Symbols Requested: file:///home/sgass/Projects/kepler/hdl/rtl/ethernet/ethernet_point_to_multipoint_hub.sv
2025-03-14 09:09:47.085 [info] [VerilogDocumentSymbolProvider] 1 top-level symbols returned
2025-03-14 09:09:48.719 [info] [VerilogDocumentSymbolProvider] [VerilogSymbol] Symbols Requested: file:///home/sgass/Projects/kepler/hdl/rtl/ethernet/ethernet_point_to_multipoint_hub.sv
2025-03-14 09:09:48.725 [info] [VerilogDocumentSymbolProvider] 1 top-level symbols returned
2025-03-14 09:09:53.905 [info] [VerilogDocumentSymbolProvider] [VerilogSymbol] Symbols Requested: file:///home/sgass/Projects/kepler/hdl/rtl/ethernet/ethernet_point_to_multipoint_hub.sv
2025-03-14 09:09:53.912 [info] [VerilogDocumentSymbolProvider] 1 top-level symbols returned
2025-03-14 09:09:55.044 [info] on save
2025-03-14 09:09:56.204 [info] [VerilogHoverProvider] Hover requested
2025-03-14 09:09:58.655 [info] [VerilogHoverProvider] Hover requested
2025-03-14 09:10:02.337 [info] [VerilogHoverProvider] Hover requested
2025-03-14 09:10:07.878 [info] [VerilogHoverProvider] Hover requested
2025-03-14 09:10:07.878 [info] indexing "/home/sgass/Projects/kepler/hdl/rtl/ethernet/ethernet_point_to_multipoint_hub.sv"
2025-03-14 09:10:07.878 [info] executing ctags
2025-03-14 09:10:07.879 [info] Executing Command: ctags -f - --fields=+K --sort=no --excmd=n --fields-SystemVerilog=+{parameter} "/home/sgass/Projects/kepler/hdl/rtl/ethernet/ethernet_point_to_multipoint_hub.sv"
2025-03-14 09:10:07.888 [info] building symbols
2025-03-14 09:10:08.327 [info] [VerilogHoverProvider] Hover object returned
2025-03-14 09:10:09.389 [info] [VerilogHoverProvider] Hover requested
2025-03-14 09:10:09.705 [info] [VerilogHoverProvider] Hover requested
2025-03-14 09:10:09.866 [info] [VerilogHoverProvider] Hover object returned
2025-03-14 09:10:10.102 [info] [VerilogHoverProvider] Hover object returned
2025-03-14 09:10:10.317 [info] [VerilogHoverProvider] Hover requested
2025-03-14 09:10:10.747 [info] [VerilogHoverProvider] Hover object returned
2025-03-14 09:10:10.870 [info] [VerilogHoverProvider] Hover requested
2025-03-14 09:10:11.302 [info] [VerilogHoverProvider] Hover requested
2025-03-14 09:10:11.319 [info] [VerilogHoverProvider] Hover object returned
2025-03-14 09:10:11.716 [info] [VerilogHoverProvider] Hover object returned
2025-03-14 09:10:13.230 [info] [VerilogHoverProvider] Hover requested
2025-03-14 09:10:13.669 [info] [VerilogHoverProvider] Hover object returned
2025-03-14 09:10:13.684 [info] [VerilogHoverProvider] Hover requested
2025-03-14 09:10:14.088 [info] [VerilogHoverProvider] Hover object returned
2025-03-14 09:10:15.787 [info] [VerilogHoverProvider] Hover requested
2025-03-14 09:10:54.971 [info] [VerilogHoverProvider] Hover requested
2025-03-14 09:10:55.380 [warning] [VerilogHoverProvider] Hover object not found
2025-03-14 09:10:55.636 [info] [VerilogHoverProvider] Hover requested
2025-03-14 09:10:56.111 [warning] [VerilogHoverProvider] Hover object not found
2025-03-14 09:10:56.168 [info] [VerilogHoverProvider] Hover requested
2025-03-14 09:10:56.612 [warning] [VerilogHoverProvider] Hover object not found
2025-03-14 09:10:56.652 [info] [VerilogHoverProvider] Hover requested
2025-03-14 09:10:56.818 [info] [VerilogHoverProvider] Hover requested
2025-03-14 09:10:57.129 [warning] [VerilogHoverProvider] Hover object not found
2025-03-14 09:10:57.152 [info] [VerilogHoverProvider] Hover requested
2025-03-14 09:10:57.236 [warning] [VerilogHoverProvider] Hover object not found
2025-03-14 09:10:57.435 [info] [VerilogHoverProvider] Hover requested
2025-03-14 09:10:57.556 [warning] [VerilogHoverProvider] Hover object not found
2025-03-14 09:10:57.834 [warning] [VerilogHoverProvider] Hover object not found
2025-03-14 09:11:02.054 [info] [VerilogHoverProvider] Hover requested
2025-03-14 09:11:02.254 [info] [VerilogHoverProvider] Hover requested
2025-03-14 09:11:02.470 [info] [VerilogHoverProvider] Hover requested
2025-03-14 09:11:02.573 [warning] [VerilogHoverProvider] Hover object not found
2025-03-14 09:11:02.674 [warning] [VerilogHoverProvider] Hover object not found
2025-03-14 09:11:02.935 [info] indexing "/home/sgass/Projects/kepler/hdl/vivado/workspace/vitis_net_p4_2_ex/vitis_net_p4_2_ex.gen/sources_1/ip/vitis_net_p4_2/src/hw/include/interfaces.sv"
2025-03-14 09:11:02.935 [info] executing ctags
2025-03-14 09:11:02.935 [info] Executing Command: ctags -f - --fields=+K --sort=no --excmd=n --fields-SystemVerilog=+{parameter} "/home/sgass/Projects/kepler/hdl/vivado/workspace/vitis_net_p4_2_ex/vitis_net_p4_2_ex.gen/sources_1/ip/vitis_net_p4_2/src/hw/include/interfaces.sv"
2025-03-14 09:11:02.938 [info] building symbols
2025-03-14 09:11:02.938 [error] No output from ctags
2025-03-14 09:11:02.938 [warning] [VerilogHoverProvider] Hover object not found
2025-03-14 09:11:03.453 [info] [VerilogHoverProvider] Hover requested
2025-03-14 09:11:03.931 [warning] [VerilogHoverProvider] Hover object not found
2025-03-14 09:11:04.357 [info] [VerilogHoverProvider] Hover requested
2025-03-14 09:11:04.769 [info] indexing "/home/sgass/Projects/kepler/hdl/vivado/workspace/15eglv_pcuecp/pcuecp.ip_user_files/ipstatic/src/hw/include/interfaces.sv"
2025-03-14 09:11:04.769 [info] executing ctags
2025-03-14 09:11:04.769 [info] Executing Command: ctags -f - --fields=+K --sort=no --excmd=n --fields-SystemVerilog=+{parameter} "/home/sgass/Projects/kepler/hdl/vivado/workspace/15eglv_pcuecp/pcuecp.ip_user_files/ipstatic/src/hw/include/interfaces.sv"
2025-03-14 09:11:04.772 [info] building symbols
2025-03-14 09:11:04.772 [error] No output from ctags
2025-03-14 09:11:04.772 [warning] [VerilogHoverProvider] Hover object not found
2025-03-14 09:11:38.688 [info] [VerilogHoverProvider] Hover requested
2025-03-14 09:11:39.691 [info] [VerilogHoverProvider] Hover requested
2025-03-14 09:11:40.141 [warning] [VerilogHoverProvider] Hover object not found
2025-03-14 09:11:41.294 [info] [VerilogHoverProvider] Hover requested
2025-03-14 09:11:42.680 [info] [VerilogHoverProvider] Hover requested
2025-03-14 09:11:43.112 [info] [VerilogHoverProvider] Hover object returned
2025-03-14 09:11:43.313 [info] [VerilogHoverProvider] Hover requested
2025-03-14 09:11:43.729 [info] [VerilogHoverProvider] Hover object returned
2025-03-14 09:11:46.906 [info] [VerilogHoverProvider] Hover requested
2025-03-14 09:11:47.346 [info] [VerilogHoverProvider] Hover object returned
2025-03-14 09:11:47.667 [info] [VerilogHoverProvider] Hover requested
2025-03-14 09:11:48.066 [warning] [VerilogHoverProvider] Hover object not found
2025-03-14 09:11:53.783 [info] [VerilogHoverProvider] Hover requested
2025-03-14 09:11:54.239 [info] [VerilogHoverProvider] Hover object returned
2025-03-14 09:12:00.745 [info] [VerilogDocumentSymbolProvider] [VerilogSymbol] Symbols Requested: file:///home/sgass/Projects/kepler/hdl/rtl/ethernet/ethernet_point_to_multipoint_hub.sv
2025-03-14 09:12:00.748 [info] [VerilogDocumentSymbolProvider] 1 top-level symbols returned
2025-03-14 09:12:03.270 [info] [VerilogHoverProvider] Hover requested
2025-03-14 09:12:03.706 [info] [VerilogHoverProvider] Hover object returned
2025-03-14 09:12:04.286 [info] [VerilogHoverProvider] Hover requested
2025-03-14 09:12:04.633 [info] [VerilogHoverProvider] Hover requested
2025-03-14 09:12:04.752 [info] [VerilogHoverProvider] Hover object returned
2025-03-14 09:12:04.999 [info] [VerilogHoverProvider] Hover requested
2025-03-14 09:12:05.046 [info] [VerilogHoverProvider] Hover object returned
2025-03-14 09:12:05.251 [info] [VerilogHoverProvider] Hover requested
2025-03-14 09:12:05.485 [info] [VerilogHoverProvider] Hover requested
2025-03-14 09:12:05.818 [info] [VerilogHoverProvider] Hover requested
2025-03-14 09:12:06.270 [warning] [VerilogHoverProvider] Hover object not found
2025-03-14 09:12:08.102 [info] [VerilogHoverProvider] Hover requested
2025-03-14 09:12:08.591 [info] [VerilogHoverProvider] Hover object returned
2025-03-14 09:12:10.688 [info] [VerilogHoverProvider] Hover requested
2025-03-14 09:12:11.187 [info] [VerilogHoverProvider] Hover object returned
2025-03-14 09:12:11.851 [info] [VerilogHoverProvider] Hover requested
2025-03-14 09:12:12.275 [info] [VerilogHoverProvider] Hover object returned
2025-03-14 09:12:17.901 [info] [VerilogHoverProvider] Hover requested
2025-03-14 09:12:18.619 [info] [VerilogHoverProvider] Hover requested
2025-03-14 09:12:19.044 [info] [VerilogHoverProvider] Hover object returned
2025-03-14 09:12:19.534 [info] [VerilogHoverProvider] Hover requested
2025-03-14 09:12:19.749 [info] [VerilogHoverProvider] Hover requested
2025-03-14 09:12:19.954 [warning] [VerilogHoverProvider] Hover object not found
2025-03-14 09:12:21.334 [info] [VerilogHoverProvider] Hover requested
2025-03-14 09:12:21.778 [info] [VerilogHoverProvider] Hover object returned
2025-03-14 09:12:42.718 [info] [VerilogHoverProvider] Hover requested
2025-03-14 09:12:43.145 [warning] [VerilogHoverProvider] Hover object not found
2025-03-14 09:12:46.454 [info] [VerilogHoverProvider] Hover requested
2025-03-14 09:12:55.308 [info] [VerilogHoverProvider] Hover requested
2025-03-14 09:12:56.811 [info] [VerilogHoverProvider] Hover requested
2025-03-14 09:12:57.296 [info] [VerilogHoverProvider] Hover object returned
2025-03-14 09:12:59.618 [info] [VerilogHoverProvider] Hover requested
2025-03-14 09:13:00.029 [info] [VerilogHoverProvider] Hover object returned
2025-03-14 09:13:48.777 [info] [VerilogHoverProvider] Hover requested
2025-03-14 09:13:49.191 [info] [VerilogHoverProvider] Hover object returned
2025-03-14 09:13:51.783 [info] [VerilogHoverProvider] Hover requested
2025-03-14 09:13:52.265 [info] [VerilogHoverProvider] Hover object returned
2025-03-14 09:13:53.747 [info] [VerilogHoverProvider] Hover requested
2025-03-14 09:13:54.225 [info] [VerilogHoverProvider] Hover object returned
2025-03-14 09:14:27.156 [info] [VerilogDocumentSymbolProvider] [VerilogSymbol] Symbols Requested: file:///home/sgass/Projects/kepler/hdl/rtl/ethernet/ethernet_point_to_multipoint_hub.sv
2025-03-14 09:14:27.164 [info] [VerilogDocumentSymbolProvider] 1 top-level symbols returned
2025-03-14 09:14:27.587 [info] [VerilogDocumentSymbolProvider] [VerilogSymbol] Symbols Requested: file:///home/sgass/Projects/kepler/hdl/rtl/ethernet/ethernet_point_to_multipoint_hub.sv
2025-03-14 09:14:27.593 [info] [VerilogDocumentSymbolProvider] 1 top-level symbols returned
2025-03-14 09:14:47.120 [info] [VerilogDocumentSymbolProvider] [VerilogSymbol] Symbols Requested: file:///home/sgass/Projects/kepler/hdl/rtl/ethernet/ethernet_crossbar.sv
2025-03-14 09:14:47.120 [info] indexing "/home/sgass/Projects/kepler/hdl/rtl/ethernet/ethernet_crossbar.sv"
2025-03-14 09:14:47.120 [info] executing ctags
2025-03-14 09:14:47.120 [info] Executing Command: ctags -f - --fields=+K --sort=no --excmd=n --fields-SystemVerilog=+{parameter} "/home/sgass/Projects/kepler/hdl/rtl/ethernet/ethernet_crossbar.sv"
2025-03-14 09:14:47.123 [info] building symbols
2025-03-14 09:14:47.125 [info] [VerilogDocumentSymbolProvider] 1 top-level symbols returned
2025-03-14 09:14:53.029 [info] [VerilogHoverProvider] Hover requested
2025-03-14 09:15:33.989 [info] [VerilogHoverProvider] Hover requested
2025-03-14 09:15:34.336 [info] [VerilogHoverProvider] Hover requested
2025-03-14 09:15:34.478 [info] [VerilogHoverProvider] Hover object returned
2025-03-14 09:15:34.754 [info] [VerilogHoverProvider] Hover object returned
2025-03-14 09:16:03.009 [info] on save
2025-03-14 09:17:33.544 [info] [VerilogDocumentSymbolProvider] [VerilogSymbol] Symbols Requested: file:///home/sgass/Projects/kepler/hdl/rtl/ethernet/ethernet_to_axis.sv
2025-03-14 09:17:33.544 [info] indexing "/home/sgass/Projects/kepler/hdl/rtl/ethernet/ethernet_to_axis.sv"
2025-03-14 09:17:33.544 [info] executing ctags
2025-03-14 09:17:33.544 [info] Executing Command: ctags -f - --fields=+K --sort=no --excmd=n --fields-SystemVerilog=+{parameter} "/home/sgass/Projects/kepler/hdl/rtl/ethernet/ethernet_to_axis.sv"
2025-03-14 09:17:33.547 [info] building symbols
2025-03-14 09:17:33.550 [info] [VerilogDocumentSymbolProvider] 1 top-level symbols returned
2025-03-14 09:17:36.954 [info] [VerilogHoverProvider] Hover requested
2025-03-14 09:17:37.721 [info] [VerilogHoverProvider] Hover requested
2025-03-14 09:17:38.020 [info] [VerilogHoverProvider] Hover requested
2025-03-14 09:17:38.201 [info] [VerilogHoverProvider] Hover requested
2025-03-14 09:17:38.220 [info] [VerilogHoverProvider] Hover object returned
2025-03-14 09:17:38.427 [info] [VerilogHoverProvider] Hover object returned
2025-03-14 09:17:38.626 [info] [VerilogHoverProvider] Hover object returned
2025-03-14 09:17:39.091 [info] [VerilogHoverProvider] Hover requested
2025-03-14 09:17:39.434 [info] [VerilogHoverProvider] Hover requested
2025-03-14 09:17:39.542 [info] [VerilogHoverProvider] Hover object returned
2025-03-14 09:17:39.847 [info] [VerilogHoverProvider] Hover object returned
2025-03-14 09:17:39.851 [info] [VerilogHoverProvider] Hover requested
2025-03-14 09:17:40.266 [info] [VerilogHoverProvider] Hover object returned
2025-03-14 09:17:40.731 [info] [VerilogHoverProvider] Hover requested
2025-03-14 09:17:41.219 [info] [VerilogHoverProvider] Hover object returned
2025-03-14 09:17:41.980 [info] [VerilogHoverProvider] Hover requested
2025-03-14 09:17:42.288 [info] [VerilogHoverProvider] Hover requested
2025-03-14 09:17:42.465 [info] [VerilogHoverProvider] Hover object returned
2025-03-14 09:17:42.703 [info] [VerilogHoverProvider] Hover object returned
2025-03-14 09:17:43.332 [info] [VerilogHoverProvider] Hover requested
2025-03-14 09:17:43.632 [info] [VerilogHoverProvider] Hover requested
2025-03-14 09:17:43.779 [info] [VerilogHoverProvider] Hover object returned
2025-03-14 09:17:43.898 [info] [VerilogHoverProvider] Hover requested
2025-03-14 09:17:44.037 [info] [VerilogHoverProvider] Hover object returned
2025-03-14 09:17:44.349 [info] [VerilogHoverProvider] Hover requested
2025-03-14 09:17:44.367 [info] [VerilogHoverProvider] Hover object returned
2025-03-14 09:17:45.106 [info] [VerilogHoverProvider] Hover object returned
2025-03-14 09:17:45.168 [info] [VerilogHoverProvider] Hover requested
2025-03-14 09:17:45.952 [info] [VerilogHoverProvider] Hover requested
2025-03-14 09:17:45.992 [info] [VerilogHoverProvider] Hover object returned
2025-03-14 09:17:47.353 [info] [VerilogHoverProvider] Hover requested
2025-03-14 09:17:47.808 [info] [VerilogHoverProvider] Hover object returned
2025-03-14 09:17:48.088 [info] [VerilogHoverProvider] Hover requested
2025-03-14 09:17:48.670 [info] [VerilogHoverProvider] Hover object returned
2025-03-14 09:17:49.951 [info] [VerilogHoverProvider] Hover requested
2025-03-14 09:17:50.350 [info] [VerilogHoverProvider] Hover requested
2025-03-14 09:17:50.480 [info] [VerilogHoverProvider] Hover object returned
2025-03-14 09:17:53.439 [info] [VerilogHoverProvider] Hover requested
2025-03-14 09:17:53.890 [info] [VerilogHoverProvider] Hover object returned
2025-03-14 09:17:54.036 [info] [VerilogHoverProvider] Hover requested
2025-03-14 09:17:57.454 [info] [VerilogHoverProvider] Hover requested
2025-03-14 09:17:57.850 [info] [VerilogHoverProvider] Hover object returned
2025-03-14 09:17:58.135 [info] [VerilogHoverProvider] Hover requested
2025-03-14 09:17:58.601 [info] [VerilogHoverProvider] Hover object returned
2025-03-14 09:18:00.206 [info] [VerilogDocumentSymbolProvider] [VerilogSymbol] Symbols Requested: file:///home/sgass/Projects/kepler/hdl/rtl/ethernet/ethernet_to_axis.sv
2025-03-14 09:18:00.212 [info] [VerilogDocumentSymbolProvider] 1 top-level symbols returned
2025-03-14 09:18:00.295 [info] [VerilogCompletionItemProvider] Completion items requested
2025-03-14 09:18:00.295 [info] [VerilogCompletionItemProvider] 126 items requested
2025-03-14 09:18:00.359 [info] [VerilogCompletionItemProvider] Completion items requested
2025-03-14 09:18:00.360 [info] [VerilogCompletionItemProvider] 126 items requested
2025-03-14 09:18:00.705 [info] [VerilogCompletionItemProvider] Completion items requested
2025-03-14 09:18:00.705 [info] [VerilogCompletionItemProvider] 126 items requested
2025-03-14 09:18:00.876 [info] [VerilogCompletionItemProvider] Completion items requested
2025-03-14 09:18:00.877 [info] [VerilogCompletionItemProvider] 126 items requested
2025-03-14 09:18:01.060 [info] [VerilogCompletionItemProvider] Completion items requested
2025-03-14 09:18:01.061 [info] [VerilogCompletionItemProvider] 126 items requested
2025-03-14 09:18:01.171 [info] [VerilogCompletionItemProvider] Completion items requested
2025-03-14 09:18:01.171 [info] [VerilogCompletionItemProvider] 126 items requested
2025-03-14 09:18:01.293 [info] [VerilogCompletionItemProvider] Completion items requested
2025-03-14 09:18:01.294 [info] [VerilogCompletionItemProvider] 126 items requested
2025-03-14 09:18:01.633 [info] [VerilogDocumentSymbolProvider] [VerilogSymbol] Symbols Requested: file:///home/sgass/Projects/kepler/hdl/rtl/ethernet/ethernet_to_axis.sv
2025-03-14 09:18:01.640 [info] [VerilogDocumentSymbolProvider] 1 top-level symbols returned
2025-03-14 09:18:03.105 [info] [VerilogHoverProvider] Hover requested
2025-03-14 09:18:03.261 [info] [VerilogHoverProvider] Hover requested
2025-03-14 09:18:03.564 [warning] [VerilogHoverProvider] Hover object not found
2025-03-14 09:18:03.674 [warning] [VerilogHoverProvider] Hover object not found
2025-03-14 09:18:04.470 [info] [VerilogHoverProvider] Hover requested
2025-03-14 09:18:04.626 [info] [VerilogHoverProvider] Hover requested
2025-03-14 09:18:04.897 [warning] [VerilogHoverProvider] Hover object not found
2025-03-14 09:18:05.034 [warning] [VerilogHoverProvider] Hover object not found
2025-03-14 09:18:06.329 [info] [VerilogDocumentSymbolProvider] [VerilogSymbol] Symbols Requested: file:///home/sgass/Projects/kepler/hdl/rtl/ethernet/ethernet_to_axis.sv
2025-03-14 09:18:06.334 [info] [VerilogDocumentSymbolProvider] 1 top-level symbols returned
2025-03-14 09:18:07.902 [info] [VerilogHoverProvider] Hover requested
2025-03-14 09:18:08.389 [warning] [VerilogHoverProvider] Hover object not found
2025-03-14 09:18:13.971 [info] [VerilogHoverProvider] Hover requested
2025-03-14 09:18:16.425 [info] [VerilogDocumentSymbolProvider] [VerilogSymbol] Symbols Requested: file:///home/sgass/Projects/kepler/hdl/rtl/ethernet/ethernet_to_axis.sv
2025-03-14 09:18:16.431 [info] [VerilogDocumentSymbolProvider] 1 top-level symbols returned
2025-03-14 09:18:19.190 [info] [VerilogHoverProvider] Hover requested
2025-03-14 09:18:19.635 [warning] [VerilogHoverProvider] Hover object not found
2025-03-14 09:18:20.354 [info] [VerilogHoverProvider] Hover requested
2025-03-14 09:18:20.668 [info] [VerilogHoverProvider] Hover requested
2025-03-14 09:18:20.753 [warning] [VerilogHoverProvider] Hover object not found
2025-03-14 09:18:21.171 [info] [VerilogHoverProvider] Hover requested
2025-03-14 09:18:21.618 [warning] [VerilogHoverProvider] Hover object not found
2025-03-14 09:18:22.208 [info] [VerilogDocumentSymbolProvider] [VerilogSymbol] Symbols Requested: file:///home/sgass/Projects/kepler/hdl/rtl/ethernet/ethernet_to_axis.sv
2025-03-14 09:18:22.214 [info] [VerilogDocumentSymbolProvider] 1 top-level symbols returned
2025-03-14 09:18:23.903 [info] [VerilogHoverProvider] Hover requested
2025-03-14 09:18:24.405 [warning] [VerilogHoverProvider] Hover object not found
2025-03-14 09:18:24.515 [info] [VerilogDefinitionProvider] Definitions Requested: file:///home/sgass/Projects/kepler/hdl/rtl/ethernet/ethernet_to_axis.sv
2025-03-14 09:18:24.908 [info] [VerilogDefinitionProvider] 0 definitions returned
2025-03-14 09:18:25.062 [info] [VerilogDocumentSymbolProvider] [VerilogSymbol] Symbols Requested: file:///home/sgass/Projects/kepler/hdl/rtl/ethernet/ethernet_to_axis.sv
2025-03-14 09:18:25.068 [info] [VerilogDocumentSymbolProvider] 1 top-level symbols returned
2025-03-14 09:18:26.176 [info] [VerilogDocumentSymbolProvider] [VerilogSymbol] Symbols Requested: file:///home/sgass/Projects/kepler/hdl/rtl/ethernet/ethernet_to_axis.sv
2025-03-14 09:18:26.183 [info] [VerilogDocumentSymbolProvider] 1 top-level symbols returned
2025-03-14 09:18:28.923 [info] [VerilogHoverProvider] Hover requested
2025-03-14 09:18:29.820 [info] [VerilogHoverProvider] Hover requested
2025-03-14 09:18:30.277 [info] [VerilogHoverProvider] Hover object returned
2025-03-14 09:18:30.670 [info] [VerilogHoverProvider] Hover requested
2025-03-14 09:18:31.647 [info] [VerilogDocumentSymbolProvider] [VerilogSymbol] Symbols Requested: file:///home/sgass/Projects/kepler/hdl/rtl/ethernet/ethernet_to_axis.sv
2025-03-14 09:18:31.653 [info] [VerilogDocumentSymbolProvider] 1 top-level symbols returned
2025-03-14 09:18:32.398 [info] [VerilogDocumentSymbolProvider] [VerilogSymbol] Symbols Requested: file:///home/sgass/Projects/kepler/hdl/rtl/ethernet/ethernet_to_axis.sv
2025-03-14 09:18:32.404 [info] [VerilogDocumentSymbolProvider] 1 top-level symbols returned
2025-03-14 09:18:33.971 [info] [VerilogHoverProvider] Hover requested
2025-03-14 09:18:34.439 [info] [VerilogHoverProvider] Hover object returned
2025-03-14 09:18:35.316 [info] [VerilogHoverProvider] Hover requested
2025-03-14 09:18:35.818 [info] [VerilogHoverProvider] Hover object returned
2025-03-14 09:18:40.555 [info] [VerilogHoverProvider] Hover requested
2025-03-14 09:18:40.974 [info] [VerilogHoverProvider] Hover object returned
2025-03-14 09:18:40.986 [info] [VerilogHoverProvider] Hover requested
2025-03-14 09:18:41.424 [info] [VerilogHoverProvider] Hover object returned
2025-03-14 09:18:41.588 [info] [VerilogHoverProvider] Hover requested
2025-03-14 09:18:41.934 [info] [VerilogHoverProvider] Hover requested
2025-03-14 09:18:42.094 [warning] [VerilogHoverProvider] Hover object not found
2025-03-14 09:18:43.337 [info] [VerilogHoverProvider] Hover requested
2025-03-14 09:18:46.930 [info] [VerilogDocumentSymbolProvider] [VerilogSymbol] Symbols Requested: file:///home/sgass/Projects/kepler/hdl/rtl/ethernet/ethernet_to_axis.sv
2025-03-14 09:18:46.937 [info] [VerilogDocumentSymbolProvider] 1 top-level symbols returned
2025-03-14 09:18:55.497 [info] [VerilogDocumentSymbolProvider] [VerilogSymbol] Symbols Requested: file:///home/sgass/Projects/kepler/hdl/rtl/ethernet/ethernet_to_axis.sv
2025-03-14 09:18:55.503 [info] [VerilogDocumentSymbolProvider] 1 top-level symbols returned
2025-03-14 09:18:56.370 [info] [VerilogDocumentSymbolProvider] [VerilogSymbol] Symbols Requested: file:///home/sgass/Projects/kepler/hdl/rtl/ethernet/ethernet_to_axis.sv
2025-03-14 09:18:56.375 [info] [VerilogDocumentSymbolProvider] 1 top-level symbols returned
2025-03-14 09:18:57.899 [info] [VerilogDocumentSymbolProvider] [VerilogSymbol] Symbols Requested: file:///home/sgass/Projects/kepler/hdl/rtl/ethernet/ethernet_to_axis.sv
2025-03-14 09:18:57.905 [info] [VerilogDocumentSymbolProvider] 1 top-level symbols returned
2025-03-14 09:18:58.345 [info] [VerilogDocumentSymbolProvider] [VerilogSymbol] Symbols Requested: file:///home/sgass/Projects/kepler/hdl/rtl/ethernet/ethernet_to_axis.sv
2025-03-14 09:18:58.351 [info] [VerilogDocumentSymbolProvider] 1 top-level symbols returned
2025-03-14 09:19:00.367 [info] [VerilogDocumentSymbolProvider] [VerilogSymbol] Symbols Requested: file:///home/sgass/Projects/kepler/hdl/rtl/ethernet/ethernet_to_axis.sv
2025-03-14 09:19:00.372 [info] [VerilogDocumentSymbolProvider] 1 top-level symbols returned
2025-03-14 09:19:03.236 [info] [VerilogHoverProvider] Hover requested
2025-03-14 09:19:03.652 [info] [VerilogHoverProvider] Hover object returned
2025-03-14 09:19:04.683 [info] [VerilogDocumentSymbolProvider] [VerilogSymbol] Symbols Requested: file:///home/sgass/Projects/kepler/hdl/rtl/ethernet/ethernet_to_axis.sv
2025-03-14 09:19:04.690 [info] [VerilogDocumentSymbolProvider] 1 top-level symbols returned
2025-03-14 09:19:06.695 [info] [VerilogDocumentSymbolProvider] [VerilogSymbol] Symbols Requested: file:///home/sgass/Projects/kepler/hdl/rtl/ethernet/ethernet_to_axis.sv
2025-03-14 09:19:06.702 [info] [VerilogDocumentSymbolProvider] 1 top-level symbols returned
2025-03-14 09:19:07.922 [info] [VerilogHoverProvider] Hover requested
2025-03-14 09:19:08.459 [info] [VerilogDefinitionProvider] Definitions Requested: file:///home/sgass/Projects/kepler/hdl/rtl/ethernet/ethernet_to_axis.sv
2025-03-14 09:19:08.907 [info] [VerilogDefinitionProvider] 1 definitions returned
2025-03-14 09:19:09.396 [info] [VerilogDocumentSymbolProvider] [VerilogSymbol] Symbols Requested: file:///home/sgass/Projects/kepler/hdl/rtl/ethernet/ethernet_to_axis.sv
2025-03-14 09:19:09.401 [info] [VerilogDocumentSymbolProvider] 1 top-level symbols returned
2025-03-14 09:19:10.446 [info] [VerilogDocumentSymbolProvider] [VerilogSymbol] Symbols Requested: file:///home/sgass/Projects/kepler/hdl/rtl/ethernet/ethernet_to_axis.sv
2025-03-14 09:19:10.453 [info] [VerilogDocumentSymbolProvider] 1 top-level symbols returned
2025-03-14 09:19:12.378 [info] [VerilogDocumentSymbolProvider] [VerilogSymbol] Symbols Requested: file:///home/sgass/Projects/kepler/hdl/rtl/ethernet/ethernet_to_axis.sv
2025-03-14 09:19:12.384 [info] [VerilogDocumentSymbolProvider] 1 top-level symbols returned
2025-03-14 09:19:16.676 [info] [VerilogDocumentSymbolProvider] [VerilogSymbol] Symbols Requested: file:///home/sgass/Projects/kepler/hdl/rtl/ethernet/ethernet_to_axis.sv
2025-03-14 09:19:16.683 [info] [VerilogDocumentSymbolProvider] 1 top-level symbols returned
2025-03-14 09:19:19.123 [info] [VerilogDocumentSymbolProvider] [VerilogSymbol] Symbols Requested: file:///home/sgass/Projects/kepler/hdl/rtl/ethernet/ethernet_to_axis.sv
2025-03-14 09:19:19.129 [info] [VerilogDocumentSymbolProvider] 1 top-level symbols returned
2025-03-14 09:19:22.668 [info] [VerilogDocumentSymbolProvider] [VerilogSymbol] Symbols Requested: file:///home/sgass/Projects/kepler/hdl/rtl/ethernet/ethernet_to_axis.sv
2025-03-14 09:19:22.674 [info] [VerilogDocumentSymbolProvider] 1 top-level symbols returned
2025-03-14 09:19:25.831 [info] [VerilogDocumentSymbolProvider] [VerilogSymbol] Symbols Requested: file:///home/sgass/Projects/kepler/hdl/rtl/ethernet/ethernet_to_axis.sv
2025-03-14 09:19:25.837 [info] [VerilogDocumentSymbolProvider] 1 top-level symbols returned
2025-03-14 09:19:27.371 [info] [VerilogHoverProvider] Hover requested
2025-03-14 09:19:27.851 [info] [VerilogHoverProvider] Hover object returned
2025-03-14 09:19:28.438 [info] [VerilogDocumentSymbolProvider] [VerilogSymbol] Symbols Requested: file:///home/sgass/Projects/kepler/hdl/rtl/ethernet/ethernet_to_axis.sv
2025-03-14 09:19:28.444 [info] [VerilogDocumentSymbolProvider] 1 top-level symbols returned
2025-03-14 09:19:28.841 [info] [VerilogDocumentSymbolProvider] [VerilogSymbol] Symbols Requested: file:///home/sgass/Projects/kepler/hdl/rtl/ethernet/ethernet_to_axis.sv
2025-03-14 09:19:28.847 [info] [VerilogDocumentSymbolProvider] 1 top-level symbols returned
2025-03-14 09:19:30.097 [info] [VerilogDocumentSymbolProvider] [VerilogSymbol] Symbols Requested: file:///home/sgass/Projects/kepler/hdl/rtl/ethernet/ethernet_to_axis.sv
2025-03-14 09:19:30.103 [info] [VerilogDocumentSymbolProvider] 1 top-level symbols returned
2025-03-14 09:19:31.010 [info] [VerilogDocumentSymbolProvider] [VerilogSymbol] Symbols Requested: file:///home/sgass/Projects/kepler/hdl/rtl/ethernet/ethernet_to_axis.sv
2025-03-14 09:19:31.017 [info] [VerilogDocumentSymbolProvider] 1 top-level symbols returned
2025-03-14 09:19:32.607 [info] [VerilogDocumentSymbolProvider] [VerilogSymbol] Symbols Requested: file:///home/sgass/Projects/kepler/hdl/rtl/ethernet/ethernet_to_axis.sv
2025-03-14 09:19:32.614 [info] [VerilogDocumentSymbolProvider] 1 top-level symbols returned
2025-03-14 09:19:34.622 [info] [VerilogDocumentSymbolProvider] [VerilogSymbol] Symbols Requested: file:///home/sgass/Projects/kepler/hdl/rtl/ethernet/ethernet_to_axis.sv
2025-03-14 09:19:34.628 [info] [VerilogDocumentSymbolProvider] 1 top-level symbols returned
2025-03-14 09:19:35.755 [info] [VerilogDocumentSymbolProvider] [VerilogSymbol] Symbols Requested: file:///home/sgass/Projects/kepler/hdl/rtl/ethernet/ethernet_to_axis.sv
2025-03-14 09:19:35.761 [info] [VerilogDocumentSymbolProvider] 1 top-level symbols returned
2025-03-14 09:19:36.641 [info] [VerilogDocumentSymbolProvider] [VerilogSymbol] Symbols Requested: file:///home/sgass/Projects/kepler/hdl/rtl/ethernet/ethernet_to_axis.sv
2025-03-14 09:19:36.647 [info] [VerilogDocumentSymbolProvider] 1 top-level symbols returned
2025-03-14 09:19:37.982 [info] [VerilogDocumentSymbolProvider] [VerilogSymbol] Symbols Requested: file:///home/sgass/Projects/kepler/hdl/rtl/ethernet/ethernet_to_axis.sv
2025-03-14 09:19:37.990 [info] [VerilogDocumentSymbolProvider] 1 top-level symbols returned
2025-03-14 09:19:42.635 [info] [VerilogDocumentSymbolProvider] [VerilogSymbol] Symbols Requested: file:///home/sgass/Projects/kepler/hdl/rtl/ethernet/ethernet_to_axis.sv
2025-03-14 09:19:42.642 [info] [VerilogDocumentSymbolProvider] 1 top-level symbols returned
2025-03-14 09:19:43.605 [info] [VerilogHoverProvider] Hover requested
2025-03-14 09:19:44.041 [info] [VerilogHoverProvider] Hover object returned
2025-03-14 09:19:50.624 [info] [VerilogDocumentSymbolProvider] [VerilogSymbol] Symbols Requested: file:///home/sgass/Projects/kepler/hdl/rtl/ethernet/ethernet_to_axis.sv
2025-03-14 09:19:50.631 [info] [VerilogDocumentSymbolProvider] 1 top-level symbols returned
2025-03-14 09:19:52.398 [info] [VerilogDocumentSymbolProvider] [VerilogSymbol] Symbols Requested: file:///home/sgass/Projects/kepler/hdl/rtl/ethernet/ethernet_to_axis.sv
2025-03-14 09:19:52.405 [info] [VerilogDocumentSymbolProvider] 1 top-level symbols returned
2025-03-14 09:19:53.123 [info] [VerilogDocumentSymbolProvider] [VerilogSymbol] Symbols Requested: file:///home/sgass/Projects/kepler/hdl/rtl/ethernet/ethernet_to_axis.sv
2025-03-14 09:19:53.129 [info] [VerilogDocumentSymbolProvider] 1 top-level symbols returned
2025-03-14 09:19:53.687 [info] [VerilogDocumentSymbolProvider] [VerilogSymbol] Symbols Requested: file:///home/sgass/Projects/kepler/hdl/rtl/ethernet/ethernet_to_axis.sv
2025-03-14 09:19:53.695 [info] [VerilogDocumentSymbolProvider] 1 top-level symbols returned
2025-03-14 09:19:55.265 [info] [VerilogDocumentSymbolProvider] [VerilogSymbol] Symbols Requested: file:///home/sgass/Projects/kepler/hdl/rtl/ethernet/ethernet_to_axis.sv
2025-03-14 09:19:55.272 [info] [VerilogDocumentSymbolProvider] 1 top-level symbols returned
2025-03-14 09:19:56.037 [info] [VerilogHoverProvider] Hover requested
2025-03-14 09:19:57.630 [info] [VerilogDocumentSymbolProvider] [VerilogSymbol] Symbols Requested: file:///home/sgass/Projects/kepler/hdl/rtl/ethernet/ethernet_to_axis.sv
2025-03-14 09:19:57.636 [info] [VerilogDocumentSymbolProvider] 1 top-level symbols returned
2025-03-14 09:19:59.342 [info] [VerilogDocumentSymbolProvider] [VerilogSymbol] Symbols Requested: file:///home/sgass/Projects/kepler/hdl/rtl/ethernet/ethernet_to_axis.sv
2025-03-14 09:19:59.349 [info] [VerilogDocumentSymbolProvider] 1 top-level symbols returned
2025-03-14 09:20:00.438 [info] [VerilogDocumentSymbolProvider] [VerilogSymbol] Symbols Requested: file:///home/sgass/Projects/kepler/hdl/rtl/ethernet/ethernet_to_axis.sv
2025-03-14 09:20:00.444 [info] [VerilogDocumentSymbolProvider] 1 top-level symbols returned
2025-03-14 09:20:01.170 [info] [VerilogHoverProvider] Hover requested
2025-03-14 09:20:01.577 [warning] [VerilogHoverProvider] Hover object not found
2025-03-14 09:20:02.635 [info] [VerilogHoverProvider] Hover requested
2025-03-14 09:20:03.078 [warning] [VerilogHoverProvider] Hover object not found
2025-03-14 09:20:04.004 [info] [VerilogHoverProvider] Hover requested
2025-03-14 09:20:04.384 [info] [VerilogHoverProvider] Hover requested
2025-03-14 09:20:04.493 [warning] [VerilogHoverProvider] Hover object not found
2025-03-14 09:20:04.785 [warning] [VerilogHoverProvider] Hover object not found
2025-03-14 09:20:04.818 [info] [VerilogHoverProvider] Hover requested
2025-03-14 09:20:06.940 [info] [VerilogDocumentSymbolProvider] [VerilogSymbol] Symbols Requested: file:///home/sgass/Projects/kepler/hdl/rtl/ethernet/ethernet_to_axis.sv
2025-03-14 09:20:06.946 [info] [VerilogDocumentSymbolProvider] 1 top-level symbols returned
2025-03-14 09:20:07.644 [info] [VerilogDocumentSymbolProvider] [VerilogSymbol] Symbols Requested: file:///home/sgass/Projects/kepler/hdl/rtl/ethernet/ethernet_to_axis.sv
2025-03-14 09:20:07.651 [info] [VerilogDocumentSymbolProvider] 1 top-level symbols returned
2025-03-14 09:20:11.378 [info] [VerilogDocumentSymbolProvider] [VerilogSymbol] Symbols Requested: file:///home/sgass/Projects/kepler/hdl/rtl/ethernet/ethernet_to_axis.sv
2025-03-14 09:20:11.384 [info] [VerilogDocumentSymbolProvider] 1 top-level symbols returned
2025-03-14 09:20:12.863 [info] [VerilogDocumentSymbolProvider] [VerilogSymbol] Symbols Requested: file:///home/sgass/Projects/kepler/hdl/rtl/ethernet/ethernet_to_axis.sv
2025-03-14 09:20:12.867 [info] [VerilogDocumentSymbolProvider] 1 top-level symbols returned
2025-03-14 09:20:14.979 [info] [VerilogDocumentSymbolProvider] [VerilogSymbol] Symbols Requested: file:///home/sgass/Projects/kepler/hdl/rtl/ethernet/ethernet_to_axis.sv
2025-03-14 09:20:14.986 [info] [VerilogDocumentSymbolProvider] 1 top-level symbols returned
2025-03-14 09:20:19.184 [info] [VerilogDocumentSymbolProvider] [VerilogSymbol] Symbols Requested: file:///home/sgass/Projects/kepler/hdl/rtl/ethernet/ethernet_to_axis.sv
2025-03-14 09:20:19.186 [info] [VerilogDocumentSymbolProvider] 1 top-level symbols returned
2025-03-14 09:20:24.186 [info] [VerilogDocumentSymbolProvider] [VerilogSymbol] Symbols Requested: file:///home/sgass/Projects/kepler/hdl/rtl/ethernet/ethernet_to_axis.sv
2025-03-14 09:20:24.192 [info] [VerilogDocumentSymbolProvider] 1 top-level symbols returned
2025-03-14 09:20:27.098 [info] [VerilogDocumentSymbolProvider] [VerilogSymbol] Symbols Requested: file:///home/sgass/Projects/kepler/hdl/rtl/ethernet/ethernet_to_axis.sv
2025-03-14 09:20:27.104 [info] [VerilogDocumentSymbolProvider] 1 top-level symbols returned
2025-03-14 09:20:28.770 [info] [VerilogHoverProvider] Hover requested
2025-03-14 09:20:29.721 [info] [VerilogHoverProvider] Hover requested
2025-03-14 09:20:29.734 [info] [VerilogDefinitionProvider] Definitions Requested: file:///home/sgass/Projects/kepler/hdl/rtl/ethernet/ethernet_to_axis.sv
2025-03-14 09:20:30.161 [info] [VerilogHoverProvider] Hover object returned
2025-03-14 09:20:30.174 [info] [VerilogDefinitionProvider] 1 definitions returned
2025-03-14 09:20:31.498 [info] [VerilogDefinitionProvider] Definitions Requested: file:///home/sgass/Projects/kepler/hdl/rtl/ethernet/ethernet_to_axis.sv
2025-03-14 09:20:31.912 [info] [VerilogDefinitionProvider] 1 definitions returned
2025-03-14 09:20:32.815 [info] [VerilogDefinitionProvider] Definitions Requested: file:///home/sgass/Projects/kepler/hdl/rtl/ethernet/ethernet_to_axis.sv
2025-03-14 09:20:33.315 [info] [VerilogDefinitionProvider] 1 definitions returned
2025-03-14 09:20:35.881 [info] [VerilogDocumentSymbolProvider] [VerilogSymbol] Symbols Requested: file:///home/sgass/Projects/kepler/hdl/rtl/ethernet/ethernet_to_axis.sv
2025-03-14 09:20:35.887 [info] [VerilogDocumentSymbolProvider] 1 top-level symbols returned
2025-03-14 09:20:36.247 [info] [VerilogDocumentSymbolProvider] [VerilogSymbol] Symbols Requested: file:///home/sgass/Projects/kepler/hdl/rtl/ethernet/ethernet_to_axis.sv
2025-03-14 09:20:36.254 [info] [VerilogDocumentSymbolProvider] 1 top-level symbols returned
2025-03-14 09:20:36.787 [info] [VerilogDocumentSymbolProvider] [VerilogSymbol] Symbols Requested: file:///home/sgass/Projects/kepler/hdl/rtl/ethernet/ethernet_to_axis.sv
2025-03-14 09:20:36.794 [info] [VerilogDocumentSymbolProvider] 1 top-level symbols returned
2025-03-14 09:20:42.209 [info] [VerilogDocumentSymbolProvider] [VerilogSymbol] Symbols Requested: file:///home/sgass/Projects/kepler/hdl/rtl/ethernet/ethernet_to_axis.sv
2025-03-14 09:20:42.217 [info] [VerilogDocumentSymbolProvider] 1 top-level symbols returned
2025-03-14 09:20:44.246 [info] [VerilogDocumentSymbolProvider] [VerilogSymbol] Symbols Requested: file:///home/sgass/Projects/kepler/hdl/rtl/ethernet/ethernet_to_axis.sv
2025-03-14 09:20:44.252 [info] [VerilogDocumentSymbolProvider] 1 top-level symbols returned
2025-03-14 09:20:51.228 [info] [VerilogDocumentSymbolProvider] [VerilogSymbol] Symbols Requested: file:///home/sgass/Projects/kepler/hdl/rtl/ethernet/ethernet_to_axis.sv
2025-03-14 09:20:51.235 [info] [VerilogDocumentSymbolProvider] 1 top-level symbols returned
2025-03-14 09:20:52.384 [info] [VerilogDocumentSymbolProvider] [VerilogSymbol] Symbols Requested: file:///home/sgass/Projects/kepler/hdl/rtl/ethernet/ethernet_to_axis.sv
2025-03-14 09:20:52.390 [info] [VerilogDocumentSymbolProvider] 1 top-level symbols returned
2025-03-14 09:20:54.314 [info] [VerilogDocumentSymbolProvider] [VerilogSymbol] Symbols Requested: file:///home/sgass/Projects/kepler/hdl/rtl/ethernet/ethernet_to_axis.sv
2025-03-14 09:20:54.321 [info] [VerilogDocumentSymbolProvider] 1 top-level symbols returned
2025-03-14 09:21:03.693 [info] [VerilogDocumentSymbolProvider] [VerilogSymbol] Symbols Requested: file:///home/sgass/Projects/kepler/hdl/rtl/ethernet/ethernet_to_axis.sv
2025-03-14 09:21:03.700 [info] [VerilogDocumentSymbolProvider] 1 top-level symbols returned
2025-03-14 09:21:12.249 [info] [VerilogDocumentSymbolProvider] [VerilogSymbol] Symbols Requested: file:///home/sgass/Projects/kepler/hdl/rtl/ethernet/ethernet_to_axis.sv
2025-03-14 09:21:12.256 [info] [VerilogDocumentSymbolProvider] 1 top-level symbols returned
2025-03-14 09:21:26.097 [info] [VerilogCompletionItemProvider] Completion items requested
2025-03-14 09:21:26.097 [info] [VerilogCompletionItemProvider] 126 items requested
2025-03-14 09:21:27.372 [info] [VerilogDocumentSymbolProvider] [VerilogSymbol] Symbols Requested: file:///home/sgass/Projects/kepler/hdl/rtl/ethernet/ethernet_to_axis.sv
2025-03-14 09:21:27.379 [info] [VerilogDocumentSymbolProvider] 1 top-level symbols returned
2025-03-14 09:21:28.116 [info] [VerilogCompletionItemProvider] Completion items requested
2025-03-14 09:21:28.116 [info] [VerilogCompletionItemProvider] 126 items requested
2025-03-14 09:21:28.466 [info] [VerilogDocumentSymbolProvider] [VerilogSymbol] Symbols Requested: file:///home/sgass/Projects/kepler/hdl/rtl/ethernet/ethernet_to_axis.sv
2025-03-14 09:21:28.472 [info] [VerilogDocumentSymbolProvider] 1 top-level symbols returned
2025-03-14 09:21:31.407 [info] [VerilogDocumentSymbolProvider] [VerilogSymbol] Symbols Requested: file:///home/sgass/Projects/kepler/hdl/rtl/ethernet/ethernet_to_axis.sv
2025-03-14 09:21:31.412 [info] [VerilogDocumentSymbolProvider] 1 top-level symbols returned
2025-03-14 09:21:31.507 [info] [VerilogCompletionItemProvider] Completion items requested
2025-03-14 09:21:31.507 [info] [VerilogCompletionItemProvider] 126 items requested
2025-03-14 09:21:32.193 [info] [VerilogDocumentSymbolProvider] [VerilogSymbol] Symbols Requested: file:///home/sgass/Projects/kepler/hdl/rtl/ethernet/ethernet_to_axis.sv
2025-03-14 09:21:32.199 [info] [VerilogDocumentSymbolProvider] 1 top-level symbols returned
2025-03-14 09:21:32.389 [info] [VerilogCompletionItemProvider] Completion items requested
2025-03-14 09:21:32.390 [info] [VerilogCompletionItemProvider] 126 items requested
2025-03-14 09:21:32.722 [info] [VerilogCompletionItemProvider] Completion items requested
2025-03-14 09:21:32.723 [info] [VerilogCompletionItemProvider] 126 items requested
2025-03-14 09:21:33.062 [info] [VerilogDocumentSymbolProvider] [VerilogSymbol] Symbols Requested: file:///home/sgass/Projects/kepler/hdl/rtl/ethernet/ethernet_to_axis.sv
2025-03-14 09:21:33.069 [info] [VerilogDocumentSymbolProvider] 1 top-level symbols returned
2025-03-14 09:21:33.961 [info] [VerilogDocumentSymbolProvider] [VerilogSymbol] Symbols Requested: file:///home/sgass/Projects/kepler/hdl/rtl/ethernet/ethernet_to_axis.sv
2025-03-14 09:21:33.966 [info] [VerilogDocumentSymbolProvider] 1 top-level symbols returned
2025-03-14 09:21:36.108 [info] [VerilogCompletionItemProvider] Completion items requested
2025-03-14 09:21:36.108 [info] [VerilogCompletionItemProvider] 126 items requested
2025-03-14 09:21:36.963 [info] [VerilogDocumentSymbolProvider] [VerilogSymbol] Symbols Requested: file:///home/sgass/Projects/kepler/hdl/rtl/ethernet/ethernet_to_axis.sv
2025-03-14 09:21:36.970 [info] [VerilogDocumentSymbolProvider] 1 top-level symbols returned
2025-03-14 09:21:37.450 [info] [VerilogDocumentSymbolProvider] [VerilogSymbol] Symbols Requested: file:///home/sgass/Projects/kepler/hdl/rtl/ethernet/ethernet_to_axis.sv
2025-03-14 09:21:37.458 [info] [VerilogDocumentSymbolProvider] 1 top-level symbols returned
2025-03-14 09:21:42.984 [info] [VerilogDocumentSymbolProvider] [VerilogSymbol] Symbols Requested: file:///home/sgass/Projects/kepler/hdl/rtl/ethernet/ethernet_to_axis.sv
2025-03-14 09:21:42.990 [info] [VerilogDocumentSymbolProvider] 1 top-level symbols returned
2025-03-14 09:21:45.370 [info] [VerilogDocumentSymbolProvider] [VerilogSymbol] Symbols Requested: file:///home/sgass/Projects/kepler/hdl/rtl/ethernet/ethernet_to_axis.sv
2025-03-14 09:21:45.376 [info] [VerilogDocumentSymbolProvider] 1 top-level symbols returned
2025-03-14 09:21:46.900 [info] [VerilogDocumentSymbolProvider] [VerilogSymbol] Symbols Requested: file:///home/sgass/Projects/kepler/hdl/rtl/ethernet/ethernet_to_axis.sv
2025-03-14 09:21:46.907 [info] [VerilogDocumentSymbolProvider] 1 top-level symbols returned
2025-03-14 09:21:47.522 [info] [VerilogCompletionItemProvider] Completion items requested
2025-03-14 09:21:47.522 [info] [VerilogCompletionItemProvider] 126 items requested
2025-03-14 09:21:48.478 [info] [VerilogDocumentSymbolProvider] [VerilogSymbol] Symbols Requested: file:///home/sgass/Projects/kepler/hdl/rtl/ethernet/ethernet_to_axis.sv
2025-03-14 09:21:48.484 [info] [VerilogDocumentSymbolProvider] 1 top-level symbols returned
2025-03-14 09:21:49.125 [info] [VerilogDocumentSymbolProvider] [VerilogSymbol] Symbols Requested: file:///home/sgass/Projects/kepler/hdl/rtl/ethernet/ethernet_to_axis.sv
2025-03-14 09:21:49.132 [info] [VerilogDocumentSymbolProvider] 1 top-level symbols returned
2025-03-14 09:21:49.494 [info] [VerilogDocumentSymbolProvider] [VerilogSymbol] Symbols Requested: file:///home/sgass/Projects/kepler/hdl/rtl/ethernet/ethernet_to_axis.sv
2025-03-14 09:21:49.501 [info] [VerilogDocumentSymbolProvider] 1 top-level symbols returned
2025-03-14 09:21:50.065 [info] [VerilogDocumentSymbolProvider] [VerilogSymbol] Symbols Requested: file:///home/sgass/Projects/kepler/hdl/rtl/ethernet/ethernet_to_axis.sv
2025-03-14 09:21:50.072 [info] [VerilogDocumentSymbolProvider] 1 top-level symbols returned
2025-03-14 09:21:50.902 [info] [VerilogDocumentSymbolProvider] [VerilogSymbol] Symbols Requested: file:///home/sgass/Projects/kepler/hdl/rtl/ethernet/ethernet_to_axis.sv
2025-03-14 09:21:50.907 [info] [VerilogDocumentSymbolProvider] 1 top-level symbols returned
2025-03-14 09:21:53.046 [info] [VerilogDocumentSymbolProvider] [VerilogSymbol] Symbols Requested: file:///home/sgass/Projects/kepler/hdl/rtl/ethernet/ethernet_to_axis.sv
2025-03-14 09:21:53.052 [info] [VerilogDocumentSymbolProvider] 1 top-level symbols returned
2025-03-14 09:21:56.212 [info] [VerilogDocumentSymbolProvider] [VerilogSymbol] Symbols Requested: file:///home/sgass/Projects/kepler/hdl/rtl/ethernet/ethernet_to_axis.sv
2025-03-14 09:21:56.219 [info] [VerilogDocumentSymbolProvider] 1 top-level symbols returned
2025-03-14 09:21:57.792 [info] [VerilogDocumentSymbolProvider] [VerilogSymbol] Symbols Requested: file:///home/sgass/Projects/kepler/hdl/rtl/ethernet/ethernet_to_axis.sv
2025-03-14 09:21:57.799 [info] [VerilogDocumentSymbolProvider] 1 top-level symbols returned
2025-03-14 09:22:00.553 [info] [VerilogHoverProvider] Hover requested
2025-03-14 09:22:00.867 [info] [VerilogHoverProvider] Hover requested
2025-03-14 09:22:00.993 [warning] [VerilogHoverProvider] Hover object not found
2025-03-14 09:22:01.292 [warning] [VerilogHoverProvider] Hover object not found
2025-03-14 09:22:03.269 [info] [VerilogDocumentSymbolProvider] [VerilogSymbol] Symbols Requested: file:///home/sgass/Projects/kepler/hdl/rtl/ethernet/ethernet_to_axis.sv
2025-03-14 09:22:03.276 [info] [VerilogDocumentSymbolProvider] 1 top-level symbols returned
2025-03-14 09:22:05.756 [info] [VerilogDocumentSymbolProvider] [VerilogSymbol] Symbols Requested: file:///home/sgass/Projects/kepler/hdl/rtl/ethernet/ethernet_to_axis.sv
2025-03-14 09:22:05.762 [info] [VerilogDocumentSymbolProvider] 1 top-level symbols returned
2025-03-14 09:22:07.102 [info] [VerilogHoverProvider] Hover requested
2025-03-14 09:22:07.518 [info] [VerilogCompletionItemProvider] Completion items requested
2025-03-14 09:22:07.518 [info] [VerilogCompletionItemProvider] 126 items requested
2025-03-14 09:22:07.858 [info] [VerilogDocumentSymbolProvider] [VerilogSymbol] Symbols Requested: file:///home/sgass/Projects/kepler/hdl/rtl/ethernet/ethernet_to_axis.sv
2025-03-14 09:22:07.863 [info] [VerilogDocumentSymbolProvider] 1 top-level symbols returned
2025-03-14 09:22:08.014 [info] [VerilogCompletionItemProvider] Completion items requested
2025-03-14 09:22:08.014 [info] [VerilogCompletionItemProvider] 126 items requested
2025-03-14 09:22:08.354 [info] [VerilogDocumentSymbolProvider] [VerilogSymbol] Symbols Requested: file:///home/sgass/Projects/kepler/hdl/rtl/ethernet/ethernet_to_axis.sv
2025-03-14 09:22:08.361 [info] [VerilogDocumentSymbolProvider] 1 top-level symbols returned
2025-03-14 09:22:09.054 [info] [VerilogHoverProvider] Hover requested
2025-03-14 09:22:09.622 [info] [VerilogHoverProvider] Hover requested
2025-03-14 09:22:10.128 [warning] [VerilogHoverProvider] Hover object not found
2025-03-14 09:22:10.536 [info] [VerilogHoverProvider] Hover requested
2025-03-14 09:22:10.976 [warning] [VerilogHoverProvider] Hover object not found
2025-03-14 09:22:11.103 [info] [VerilogHoverProvider] Hover requested
2025-03-14 09:22:11.502 [info] [VerilogHoverProvider] Hover object returned
2025-03-14 09:22:12.399 [info] [VerilogCompletionItemProvider] Completion items requested
2025-03-14 09:22:12.399 [info] [VerilogCompletionItemProvider] 126 items requested
2025-03-14 09:22:13.083 [info] [VerilogDocumentSymbolProvider] [VerilogSymbol] Symbols Requested: file:///home/sgass/Projects/kepler/hdl/rtl/ethernet/ethernet_to_axis.sv
2025-03-14 09:22:13.090 [info] [VerilogDocumentSymbolProvider] 1 top-level symbols returned
2025-03-14 09:22:13.120 [info] [VerilogCompletionItemProvider] Completion items requested
2025-03-14 09:22:13.121 [info] [VerilogCompletionItemProvider] 126 items requested
2025-03-14 09:22:13.458 [info] [VerilogDocumentSymbolProvider] [VerilogSymbol] Symbols Requested: file:///home/sgass/Projects/kepler/hdl/rtl/ethernet/ethernet_to_axis.sv
2025-03-14 09:22:13.465 [info] [VerilogDocumentSymbolProvider] 1 top-level symbols returned
2025-03-14 09:22:13.992 [info] [VerilogDocumentSymbolProvider] [VerilogSymbol] Symbols Requested: file:///home/sgass/Projects/kepler/hdl/rtl/ethernet/ethernet_to_axis.sv
2025-03-14 09:22:13.998 [info] [VerilogDocumentSymbolProvider] 1 top-level symbols returned
2025-03-14 09:22:14.361 [info] [VerilogCompletionItemProvider] Completion items requested
2025-03-14 09:22:14.361 [info] [VerilogCompletionItemProvider] 126 items requested
2025-03-14 09:22:14.574 [info] [VerilogCompletionItemProvider] Completion items requested
2025-03-14 09:22:14.574 [info] [VerilogCompletionItemProvider] 126 items requested
2025-03-14 09:22:14.914 [info] [VerilogDocumentSymbolProvider] [VerilogSymbol] Symbols Requested: file:///home/sgass/Projects/kepler/hdl/rtl/ethernet/ethernet_to_axis.sv
2025-03-14 09:22:14.921 [info] [VerilogDocumentSymbolProvider] 1 top-level symbols returned
2025-03-14 09:22:15.942 [info] [VerilogDocumentSymbolProvider] [VerilogSymbol] Symbols Requested: file:///home/sgass/Projects/kepler/hdl/rtl/ethernet/ethernet_to_axis.sv
2025-03-14 09:22:15.948 [info] [VerilogDocumentSymbolProvider] 1 top-level symbols returned
2025-03-14 09:22:18.120 [info] [VerilogHoverProvider] Hover requested
2025-03-14 09:22:26.160 [info] [VerilogDocumentSymbolProvider] [VerilogSymbol] Symbols Requested: file:///home/sgass/Projects/kepler/hdl/rtl/ethernet/ethernet_to_axis.sv
2025-03-14 09:22:26.166 [info] [VerilogDocumentSymbolProvider] 1 top-level symbols returned
2025-03-14 09:22:29.153 [info] [VerilogHoverProvider] Hover requested
2025-03-14 09:22:29.629 [info] [VerilogHoverProvider] Hover object returned
2025-03-14 09:22:30.287 [info] [VerilogHoverProvider] Hover requested
2025-03-14 09:22:30.718 [info] [VerilogHoverProvider] Hover object returned
2025-03-14 09:22:35.760 [info] [VerilogDocumentSymbolProvider] [VerilogSymbol] Symbols Requested: file:///home/sgass/Projects/kepler/hdl/rtl/ethernet/ethernet_to_axis.sv
2025-03-14 09:22:35.767 [info] [VerilogDocumentSymbolProvider] 1 top-level symbols returned
2025-03-14 09:22:36.603 [info] [VerilogHoverProvider] Hover requested
2025-03-14 09:22:37.002 [info] [VerilogHoverProvider] Hover object returned
2025-03-14 09:22:37.150 [info] [VerilogHoverProvider] Hover requested
2025-03-14 09:22:37.587 [info] [VerilogHoverProvider] Hover object returned
2025-03-14 09:22:47.026 [info] [VerilogDocumentSymbolProvider] [VerilogSymbol] Symbols Requested: file:///home/sgass/Projects/kepler/hdl/rtl/ethernet/ethernet_to_axis.sv
2025-03-14 09:22:47.032 [info] [VerilogDocumentSymbolProvider] 1 top-level symbols returned
2025-03-14 09:22:47.704 [info] [VerilogDocumentSymbolProvider] [VerilogSymbol] Symbols Requested: file:///home/sgass/Projects/kepler/hdl/rtl/ethernet/ethernet_to_axis.sv
2025-03-14 09:22:47.711 [info] [VerilogDocumentSymbolProvider] 1 top-level symbols returned
2025-03-14 09:22:49.036 [info] [VerilogHoverProvider] Hover requested
2025-03-14 09:22:49.456 [info] [VerilogHoverProvider] Hover object returned
2025-03-14 09:22:50.603 [info] [VerilogHoverProvider] Hover requested
2025-03-14 09:22:50.871 [info] [VerilogHoverProvider] Hover requested
2025-03-14 09:22:51.049 [info] [VerilogHoverProvider] Hover object returned
2025-03-14 09:22:51.276 [info] [VerilogHoverProvider] Hover object returned
2025-03-14 09:22:52.919 [info] [VerilogHoverProvider] Hover requested
2025-03-14 09:22:53.376 [info] [VerilogHoverProvider] Hover object returned
2025-03-14 09:22:54.176 [info] [VerilogDocumentSymbolProvider] [VerilogSymbol] Symbols Requested: file:///home/sgass/Projects/kepler/hdl/rtl/ethernet/ethernet_to_axis.sv
2025-03-14 09:22:54.182 [info] [VerilogDocumentSymbolProvider] 1 top-level symbols returned
2025-03-14 09:22:55.193 [info] [VerilogDocumentSymbolProvider] [VerilogSymbol] Symbols Requested: file:///home/sgass/Projects/kepler/hdl/rtl/ethernet/ethernet_to_axis.sv
2025-03-14 09:22:55.199 [info] [VerilogDocumentSymbolProvider] 1 top-level symbols returned
2025-03-14 09:22:56.269 [info] [VerilogHoverProvider] Hover requested
2025-03-14 09:23:01.084 [info] [VerilogDocumentSymbolProvider] [VerilogSymbol] Symbols Requested: file:///home/sgass/Projects/kepler/hdl/rtl/ethernet/ethernet_to_axis.sv
2025-03-14 09:23:01.090 [info] [VerilogDocumentSymbolProvider] 1 top-level symbols returned
2025-03-14 09:23:04.097 [info] [VerilogDocumentSymbolProvider] [VerilogSymbol] Symbols Requested: file:///home/sgass/Projects/kepler/hdl/rtl/ethernet/ethernet_to_axis.sv
2025-03-14 09:23:04.104 [info] [VerilogDocumentSymbolProvider] 1 top-level symbols returned
2025-03-14 09:23:22.554 [info] [VerilogHoverProvider] Hover requested
2025-03-14 09:23:23.003 [warning] [VerilogHoverProvider] Hover object not found
2025-03-14 09:23:27.237 [info] [VerilogHoverProvider] Hover requested
2025-03-14 09:23:27.746 [warning] [VerilogHoverProvider] Hover object not found
2025-03-14 09:23:28.886 [info] [VerilogDocumentSymbolProvider] [VerilogSymbol] Symbols Requested: file:///home/sgass/Projects/kepler/hdl/rtl/ethernet/ethernet_to_axis.sv
2025-03-14 09:23:28.892 [info] [VerilogDocumentSymbolProvider] 1 top-level symbols returned
2025-03-14 09:23:30.081 [info] [VerilogDocumentSymbolProvider] [VerilogSymbol] Symbols Requested: file:///home/sgass/Projects/kepler/hdl/rtl/ethernet/ethernet_to_axis.sv
2025-03-14 09:23:30.087 [info] [VerilogDocumentSymbolProvider] 1 top-level symbols returned
2025-03-14 09:23:31.147 [info] [VerilogDocumentSymbolProvider] [VerilogSymbol] Symbols Requested: file:///home/sgass/Projects/kepler/hdl/rtl/ethernet/ethernet_to_axis.sv
2025-03-14 09:23:31.153 [info] [VerilogDocumentSymbolProvider] 1 top-level symbols returned
2025-03-14 09:23:32.529 [info] [VerilogDocumentSymbolProvider] [VerilogSymbol] Symbols Requested: file:///home/sgass/Projects/kepler/hdl/rtl/ethernet/ethernet_to_axis.sv
2025-03-14 09:23:32.535 [info] [VerilogDocumentSymbolProvider] 1 top-level symbols returned
2025-03-14 09:23:35.156 [info] [VerilogDocumentSymbolProvider] [VerilogSymbol] Symbols Requested: file:///home/sgass/Projects/kepler/hdl/rtl/ethernet/ethernet_to_axis.sv
2025-03-14 09:23:35.162 [info] [VerilogDocumentSymbolProvider] 1 top-level symbols returned
2025-03-14 09:23:40.633 [info] [VerilogDocumentSymbolProvider] [VerilogSymbol] Symbols Requested: file:///home/sgass/Projects/kepler/hdl/rtl/ethernet/ethernet_to_axis.sv
2025-03-14 09:23:40.640 [info] [VerilogDocumentSymbolProvider] 1 top-level symbols returned
2025-03-14 09:23:42.909 [info] [VerilogDocumentSymbolProvider] [VerilogSymbol] Symbols Requested: file:///home/sgass/Projects/kepler/hdl/rtl/ethernet/ethernet_to_axis.sv
2025-03-14 09:23:42.911 [info] [VerilogDocumentSymbolProvider] 1 top-level symbols returned
2025-03-14 09:23:44.042 [info] [VerilogDocumentSymbolProvider] [VerilogSymbol] Symbols Requested: file:///home/sgass/Projects/kepler/hdl/rtl/ethernet/ethernet_to_axis.sv
2025-03-14 09:23:44.048 [info] [VerilogDocumentSymbolProvider] 1 top-level symbols returned
2025-03-14 09:23:48.075 [info] [VerilogDocumentSymbolProvider] [VerilogSymbol] Symbols Requested: file:///home/sgass/Projects/kepler/hdl/rtl/ethernet/ethernet_to_axis.sv
2025-03-14 09:23:48.081 [info] [VerilogDocumentSymbolProvider] 1 top-level symbols returned
2025-03-14 09:23:48.803 [info] [VerilogDocumentSymbolProvider] [VerilogSymbol] Symbols Requested: file:///home/sgass/Projects/kepler/hdl/rtl/ethernet/ethernet_to_axis.sv
2025-03-14 09:23:48.809 [info] [VerilogDocumentSymbolProvider] 1 top-level symbols returned
2025-03-14 09:23:49.247 [info] [VerilogDocumentSymbolProvider] [VerilogSymbol] Symbols Requested: file:///home/sgass/Projects/kepler/hdl/rtl/ethernet/ethernet_to_axis.sv
2025-03-14 09:23:49.254 [info] [VerilogDocumentSymbolProvider] 1 top-level symbols returned
2025-03-14 09:23:49.718 [info] [VerilogHoverProvider] Hover requested
2025-03-14 09:23:50.159 [info] [VerilogHoverProvider] Hover object returned
2025-03-14 09:23:50.468 [info] [VerilogHoverProvider] Hover requested
2025-03-14 09:23:53.011 [info] [VerilogDocumentSymbolProvider] [VerilogSymbol] Symbols Requested: file:///home/sgass/Projects/kepler/hdl/rtl/ethernet/ethernet_to_axis.sv
2025-03-14 09:23:53.018 [info] [VerilogDocumentSymbolProvider] 1 top-level symbols returned
2025-03-14 09:23:54.055 [info] [VerilogDocumentSymbolProvider] [VerilogSymbol] Symbols Requested: file:///home/sgass/Projects/kepler/hdl/rtl/ethernet/ethernet_to_axis.sv
2025-03-14 09:23:54.061 [info] [VerilogDocumentSymbolProvider] 1 top-level symbols returned
2025-03-14 09:23:55.803 [info] [VerilogHoverProvider] Hover requested
2025-03-14 09:23:56.270 [info] indexing "/home/sgass/Projects/kepler/hdl/vivado/workspace/temp/vitis_net_p4_frr_t1_ecp/src/hw/include/interfaces.sv"
2025-03-14 09:23:56.270 [info] executing ctags
2025-03-14 09:23:56.270 [info] Executing Command: ctags -f - --fields=+K --sort=no --excmd=n --fields-SystemVerilog=+{parameter} "/home/sgass/Projects/kepler/hdl/vivado/workspace/temp/vitis_net_p4_frr_t1_ecp/src/hw/include/interfaces.sv"
2025-03-14 09:23:56.273 [info] building symbols
2025-03-14 09:23:56.273 [error] No output from ctags
2025-03-14 09:23:56.273 [warning] [VerilogHoverProvider] Hover object not found
2025-03-14 09:23:57.661 [info] [VerilogDocumentSymbolProvider] [VerilogSymbol] Symbols Requested: file:///home/sgass/Projects/kepler/hdl/rtl/ethernet/ethernet_to_axis.sv
2025-03-14 09:23:57.667 [info] [VerilogDocumentSymbolProvider] 1 top-level symbols returned
2025-03-14 09:23:59.395 [info] [VerilogDocumentSymbolProvider] [VerilogSymbol] Symbols Requested: file:///home/sgass/Projects/kepler/hdl/rtl/ethernet/ethernet_to_axis.sv
2025-03-14 09:23:59.401 [info] [VerilogDocumentSymbolProvider] 1 top-level symbols returned
2025-03-14 09:24:00.568 [info] [VerilogHoverProvider] Hover requested
2025-03-14 09:24:01.034 [warning] [VerilogHoverProvider] Hover object not found
2025-03-14 09:24:01.935 [info] [VerilogHoverProvider] Hover requested
2025-03-14 09:24:03.252 [info] [VerilogHoverProvider] Hover requested
2025-03-14 09:24:03.658 [warning] [VerilogHoverProvider] Hover object not found
2025-03-14 09:24:04.886 [info] [VerilogDocumentSymbolProvider] [VerilogSymbol] Symbols Requested: file:///home/sgass/Projects/kepler/hdl/rtl/ethernet/ethernet_to_axis.sv
2025-03-14 09:24:04.892 [info] [VerilogDocumentSymbolProvider] 1 top-level symbols returned
2025-03-14 09:24:05.936 [info] [VerilogHoverProvider] Hover requested
2025-03-14 09:24:06.342 [warning] [VerilogHoverProvider] Hover object not found
2025-03-14 09:24:07.897 [info] [VerilogDocumentSymbolProvider] [VerilogSymbol] Symbols Requested: file:///home/sgass/Projects/kepler/hdl/rtl/ethernet/ethernet_to_axis.sv
2025-03-14 09:24:07.904 [info] [VerilogDocumentSymbolProvider] 1 top-level symbols returned
2025-03-14 09:24:12.169 [info] [VerilogHoverProvider] Hover requested
2025-03-14 09:24:12.618 [info] [VerilogHoverProvider] Hover object returned
2025-03-14 09:24:13.435 [info] [VerilogHoverProvider] Hover requested
2025-03-14 09:24:13.668 [info] [VerilogHoverProvider] Hover requested
2025-03-14 09:24:13.885 [info] [VerilogHoverProvider] Hover object returned
2025-03-14 09:24:14.086 [info] [VerilogHoverProvider] Hover object returned
2025-03-14 09:24:15.929 [info] [VerilogDocumentSymbolProvider] [VerilogSymbol] Symbols Requested: file:///home/sgass/Projects/kepler/hdl/rtl/ethernet/ethernet_to_axis.sv
2025-03-14 09:24:15.937 [info] [VerilogDocumentSymbolProvider] 1 top-level symbols returned
2025-03-14 09:24:16.981 [info] [VerilogCompletionItemProvider] Completion items requested
2025-03-14 09:24:16.982 [info] [VerilogCompletionItemProvider] 126 items requested
2025-03-14 09:24:17.212 [info] [VerilogCompletionItemProvider] Completion items requested
2025-03-14 09:24:17.212 [info] [VerilogCompletionItemProvider] 126 items requested
2025-03-14 09:24:17.317 [info] [VerilogCompletionItemProvider] Completion items requested
2025-03-14 09:24:17.318 [info] [VerilogCompletionItemProvider] 126 items requested
2025-03-14 09:24:17.457 [info] [VerilogCompletionItemProvider] Completion items requested
2025-03-14 09:24:17.457 [info] [VerilogCompletionItemProvider] 126 items requested
2025-03-14 09:24:17.797 [info] [VerilogDocumentSymbolProvider] [VerilogSymbol] Symbols Requested: file:///home/sgass/Projects/kepler/hdl/rtl/ethernet/ethernet_to_axis.sv
2025-03-14 09:24:17.804 [info] [VerilogDocumentSymbolProvider] 1 top-level symbols returned
2025-03-14 09:24:19.773 [info] [VerilogCompletionItemProvider] Completion items requested
2025-03-14 09:24:19.773 [info] [VerilogCompletionItemProvider] 126 items requested
2025-03-14 09:24:20.123 [info] [VerilogDocumentSymbolProvider] [VerilogSymbol] Symbols Requested: file:///home/sgass/Projects/kepler/hdl/rtl/ethernet/ethernet_to_axis.sv
2025-03-14 09:24:20.129 [info] [VerilogDocumentSymbolProvider] 1 top-level symbols returned
2025-03-14 09:24:20.398 [info] [VerilogCompletionItemProvider] Completion items requested
2025-03-14 09:24:20.398 [info] [VerilogCompletionItemProvider] 126 items requested
2025-03-14 09:24:20.748 [info] [VerilogDocumentSymbolProvider] [VerilogSymbol] Symbols Requested: file:///home/sgass/Projects/kepler/hdl/rtl/ethernet/ethernet_to_axis.sv
2025-03-14 09:24:20.755 [info] [VerilogDocumentSymbolProvider] 1 top-level symbols returned
2025-03-14 09:24:20.897 [info] [VerilogCompletionItemProvider] Completion items requested
2025-03-14 09:24:20.897 [info] [VerilogCompletionItemProvider] 126 items requested
2025-03-14 09:24:20.925 [info] [VerilogCompletionItemProvider] Completion items requested
2025-03-14 09:24:20.925 [info] [VerilogCompletionItemProvider] 126 items requested
2025-03-14 09:24:20.954 [info] [VerilogCompletionItemProvider] Completion items requested
2025-03-14 09:24:20.954 [info] [VerilogCompletionItemProvider] 126 items requested
2025-03-14 09:24:20.984 [info] [VerilogCompletionItemProvider] Completion items requested
2025-03-14 09:24:20.984 [info] [VerilogCompletionItemProvider] 126 items requested
2025-03-14 09:24:21.013 [info] [VerilogCompletionItemProvider] Completion items requested
2025-03-14 09:24:21.013 [info] [VerilogCompletionItemProvider] 126 items requested
2025-03-14 09:24:21.043 [info] [VerilogCompletionItemProvider] Completion items requested
2025-03-14 09:24:21.044 [info] [VerilogCompletionItemProvider] 126 items requested
2025-03-14 09:24:21.076 [info] [VerilogCompletionItemProvider] Completion items requested
2025-03-14 09:24:21.077 [info] [VerilogCompletionItemProvider] 126 items requested
2025-03-14 09:24:21.110 [info] [VerilogCompletionItemProvider] Completion items requested
2025-03-14 09:24:21.110 [info] [VerilogCompletionItemProvider] 126 items requested
2025-03-14 09:24:21.132 [info] [VerilogCompletionItemProvider] Completion items requested
2025-03-14 09:24:21.132 [info] [VerilogCompletionItemProvider] 126 items requested
2025-03-14 09:24:21.333 [info] [VerilogCompletionItemProvider] Completion items requested
2025-03-14 09:24:21.333 [info] [VerilogCompletionItemProvider] 126 items requested
2025-03-14 09:24:21.682 [info] [VerilogDocumentSymbolProvider] [VerilogSymbol] Symbols Requested: file:///home/sgass/Projects/kepler/hdl/rtl/ethernet/ethernet_to_axis.sv
2025-03-14 09:24:21.689 [info] [VerilogDocumentSymbolProvider] 1 top-level symbols returned
2025-03-14 09:24:23.129 [info] [VerilogDocumentSymbolProvider] [VerilogSymbol] Symbols Requested: file:///home/sgass/Projects/kepler/hdl/rtl/ethernet/ethernet_to_axis.sv
2025-03-14 09:24:23.135 [info] [VerilogDocumentSymbolProvider] 1 top-level symbols returned
2025-03-14 09:24:24.344 [info] [VerilogDocumentSymbolProvider] [VerilogSymbol] Symbols Requested: file:///home/sgass/Projects/kepler/hdl/rtl/ethernet/ethernet_to_axis.sv
2025-03-14 09:24:24.353 [info] [VerilogDocumentSymbolProvider] 1 top-level symbols returned
2025-03-14 09:24:25.371 [info] [VerilogDocumentSymbolProvider] [VerilogSymbol] Symbols Requested: file:///home/sgass/Projects/kepler/hdl/rtl/ethernet/ethernet_to_axis.sv
2025-03-14 09:24:25.377 [info] [VerilogDocumentSymbolProvider] 1 top-level symbols returned
2025-03-14 09:24:26.564 [info] [VerilogDocumentSymbolProvider] [VerilogSymbol] Symbols Requested: file:///home/sgass/Projects/kepler/hdl/rtl/ethernet/ethernet_to_axis.sv
2025-03-14 09:24:26.570 [info] [VerilogDocumentSymbolProvider] 1 top-level symbols returned
2025-03-14 09:24:27.118 [info] [VerilogDocumentSymbolProvider] [VerilogSymbol] Symbols Requested: file:///home/sgass/Projects/kepler/hdl/rtl/ethernet/ethernet_to_axis.sv
2025-03-14 09:24:27.124 [info] [VerilogDocumentSymbolProvider] 1 top-level symbols returned
2025-03-14 09:24:27.958 [info] on save
2025-03-14 09:24:49.009 [info] [VerilogDocumentSymbolProvider] [VerilogSymbol] Symbols Requested: file:///home/sgass/Projects/kepler/hdl/rtl/ethernet/ethernet_to_axis.sv
2025-03-14 09:24:49.010 [info] indexing "/home/sgass/Projects/kepler/hdl/rtl/ethernet/ethernet_to_axis.sv"
2025-03-14 09:24:49.010 [info] executing ctags
2025-03-14 09:24:49.010 [info] Executing Command: ctags -f - --fields=+K --sort=no --excmd=n --fields-SystemVerilog=+{parameter} "/home/sgass/Projects/kepler/hdl/rtl/ethernet/ethernet_to_axis.sv"
2025-03-14 09:24:49.017 [info] building symbols
2025-03-14 09:24:49.022 [info] [VerilogDocumentSymbolProvider] 1 top-level symbols returned
2025-03-14 09:24:49.310 [info] [VerilogCompletionItemProvider] Completion items requested
2025-03-14 09:24:49.310 [info] [VerilogCompletionItemProvider] 128 items requested
2025-03-14 09:24:50.278 [info] [VerilogDocumentSymbolProvider] [VerilogSymbol] Symbols Requested: file:///home/sgass/Projects/kepler/hdl/rtl/ethernet/ethernet_to_axis.sv
2025-03-14 09:24:50.285 [info] [VerilogDocumentSymbolProvider] 1 top-level symbols returned
2025-03-14 09:24:50.748 [info] [VerilogDocumentSymbolProvider] [VerilogSymbol] Symbols Requested: file:///home/sgass/Projects/kepler/hdl/rtl/ethernet/ethernet_to_axis.sv
2025-03-14 09:24:50.754 [info] [VerilogDocumentSymbolProvider] 1 top-level symbols returned
2025-03-14 09:24:51.556 [info] [VerilogCompletionItemProvider] Completion items requested
2025-03-14 09:24:51.556 [info] [VerilogCompletionItemProvider] 128 items requested
2025-03-14 09:24:52.206 [info] [VerilogDocumentSymbolProvider] [VerilogSymbol] Symbols Requested: file:///home/sgass/Projects/kepler/hdl/rtl/ethernet/ethernet_to_axis.sv
2025-03-14 09:24:52.212 [info] [VerilogDocumentSymbolProvider] 1 top-level symbols returned
2025-03-14 09:24:53.428 [info] [VerilogDocumentSymbolProvider] [VerilogSymbol] Symbols Requested: file:///home/sgass/Projects/kepler/hdl/rtl/ethernet/ethernet_to_axis.sv
2025-03-14 09:24:53.436 [info] [VerilogDocumentSymbolProvider] 1 top-level symbols returned
2025-03-14 09:24:54.297 [info] [VerilogCompletionItemProvider] Completion items requested
2025-03-14 09:24:54.297 [info] [VerilogCompletionItemProvider] 128 items requested
2025-03-14 09:24:55.562 [info] [VerilogDocumentSymbolProvider] [VerilogSymbol] Symbols Requested: file:///home/sgass/Projects/kepler/hdl/rtl/ethernet/ethernet_to_axis.sv
2025-03-14 09:24:55.569 [info] [VerilogDocumentSymbolProvider] 1 top-level symbols returned
2025-03-14 09:24:58.086 [info] [VerilogHoverProvider] Hover requested
2025-03-14 09:24:58.486 [warning] [VerilogHoverProvider] Hover object not found
2025-03-14 09:24:59.002 [info] [VerilogHoverProvider] Hover requested
2025-03-14 09:24:59.485 [info] [VerilogHoverProvider] Hover object returned
2025-03-14 09:24:59.583 [info] [VerilogHoverProvider] Hover requested
2025-03-14 09:24:59.948 [info] [VerilogHoverProvider] Hover requested
2025-03-14 09:25:00.018 [info] [VerilogHoverProvider] Hover object returned
2025-03-14 09:25:00.376 [warning] [VerilogHoverProvider] Hover object not found
2025-03-14 09:25:03.500 [info] [VerilogHoverProvider] Hover requested
2025-03-14 09:25:03.815 [info] [VerilogHoverProvider] Hover requested
2025-03-14 09:25:03.900 [info] [VerilogHoverProvider] Hover object returned
2025-03-14 09:25:04.221 [info] [VerilogHoverProvider] Hover object returned
2025-03-14 09:25:04.684 [info] [VerilogHoverProvider] Hover requested
2025-03-14 09:25:05.551 [info] [VerilogHoverProvider] Hover requested
2025-03-14 09:25:05.852 [info] [VerilogHoverProvider] Hover requested
2025-03-14 09:25:09.168 [info] [VerilogHoverProvider] Hover requested
2025-03-14 09:25:09.632 [warning] [VerilogHoverProvider] Hover object not found
2025-03-14 09:25:09.731 [info] [VerilogHoverProvider] Hover requested
2025-03-14 09:25:10.140 [warning] [VerilogHoverProvider] Hover object not found
2025-03-14 09:25:13.192 [info] [VerilogDocumentSymbolProvider] [VerilogSymbol] Symbols Requested: file:///home/sgass/Projects/kepler/hdl/rtl/ethernet/ethernet_to_axis.sv
2025-03-14 09:25:13.194 [info] [VerilogDocumentSymbolProvider] 1 top-level symbols returned
2025-03-14 09:25:14.734 [info] [VerilogHoverProvider] Hover requested
2025-03-14 09:25:16.300 [info] [VerilogHoverProvider] Hover requested
2025-03-14 09:25:16.790 [info] [VerilogDocumentSymbolProvider] [VerilogSymbol] Symbols Requested: file:///home/sgass/Projects/kepler/hdl/rtl/ethernet/ethernet_to_axis.sv
2025-03-14 09:25:16.796 [info] [VerilogDocumentSymbolProvider] 1 top-level symbols returned
2025-03-14 09:25:17.239 [info] [VerilogDocumentSymbolProvider] [VerilogSymbol] Symbols Requested: file:///home/sgass/Projects/kepler/hdl/rtl/ethernet/ethernet_to_axis.sv
2025-03-14 09:25:17.246 [info] [VerilogDocumentSymbolProvider] 1 top-level symbols returned
2025-03-14 09:25:18.171 [info] [VerilogDocumentSymbolProvider] [VerilogSymbol] Symbols Requested: file:///home/sgass/Projects/kepler/hdl/rtl/ethernet/ethernet_to_axis.sv
2025-03-14 09:25:18.176 [info] [VerilogDocumentSymbolProvider] 1 top-level symbols returned
2025-03-14 09:25:21.039 [info] [VerilogDocumentSymbolProvider] [VerilogSymbol] Symbols Requested: file:///home/sgass/Projects/kepler/hdl/rtl/ethernet/ethernet_to_axis.sv
2025-03-14 09:25:21.046 [info] [VerilogDocumentSymbolProvider] 1 top-level symbols returned
2025-03-14 09:25:23.531 [info] [VerilogDocumentSymbolProvider] [VerilogSymbol] Symbols Requested: file:///home/sgass/Projects/kepler/hdl/rtl/ethernet/ethernet_to_axis.sv
2025-03-14 09:25:23.536 [info] [VerilogDocumentSymbolProvider] 1 top-level symbols returned
2025-03-14 09:25:23.980 [info] [VerilogDocumentSymbolProvider] [VerilogSymbol] Symbols Requested: file:///home/sgass/Projects/kepler/hdl/rtl/ethernet/ethernet_to_axis.sv
2025-03-14 09:25:23.987 [info] [VerilogDocumentSymbolProvider] 1 top-level symbols returned
2025-03-14 09:25:24.571 [info] [VerilogDocumentSymbolProvider] [VerilogSymbol] Symbols Requested: file:///home/sgass/Projects/kepler/hdl/rtl/ethernet/ethernet_to_axis.sv
2025-03-14 09:25:24.578 [info] [VerilogDocumentSymbolProvider] 1 top-level symbols returned
2025-03-14 09:25:27.060 [info] [VerilogDocumentSymbolProvider] [VerilogSymbol] Symbols Requested: file:///home/sgass/Projects/kepler/hdl/rtl/ethernet/ethernet_to_axis.sv
2025-03-14 09:25:27.067 [info] [VerilogDocumentSymbolProvider] 1 top-level symbols returned
2025-03-14 09:25:32.334 [info] [VerilogDocumentSymbolProvider] [VerilogSymbol] Symbols Requested: file:///home/sgass/Projects/kepler/hdl/rtl/ethernet/ethernet_to_axis.sv
2025-03-14 09:25:32.340 [info] [VerilogDocumentSymbolProvider] 1 top-level symbols returned
2025-03-14 09:25:33.205 [info] [VerilogDocumentSymbolProvider] [VerilogSymbol] Symbols Requested: file:///home/sgass/Projects/kepler/hdl/rtl/ethernet/ethernet_to_axis.sv
2025-03-14 09:25:33.211 [info] [VerilogDocumentSymbolProvider] 1 top-level symbols returned
2025-03-14 09:25:34.879 [info] [VerilogDocumentSymbolProvider] [VerilogSymbol] Symbols Requested: file:///home/sgass/Projects/kepler/hdl/rtl/ethernet/ethernet_to_axis.sv
2025-03-14 09:25:34.885 [info] [VerilogDocumentSymbolProvider] 1 top-level symbols returned
2025-03-14 09:25:36.572 [info] [VerilogDocumentSymbolProvider] [VerilogSymbol] Symbols Requested: file:///home/sgass/Projects/kepler/hdl/rtl/ethernet/ethernet_to_axis.sv
2025-03-14 09:25:36.578 [info] [VerilogDocumentSymbolProvider] 1 top-level symbols returned
2025-03-14 09:25:39.083 [info] [VerilogDocumentSymbolProvider] [VerilogSymbol] Symbols Requested: file:///home/sgass/Projects/kepler/hdl/rtl/ethernet/ethernet_to_axis.sv
2025-03-14 09:25:39.090 [info] [VerilogDocumentSymbolProvider] 1 top-level symbols returned
2025-03-14 09:25:49.034 [info] [VerilogHoverProvider] Hover requested
2025-03-14 09:25:49.482 [warning] [VerilogHoverProvider] Hover object not found
2025-03-14 09:25:49.799 [info] [VerilogHoverProvider] Hover requested
2025-03-14 09:25:52.284 [info] [VerilogDocumentSymbolProvider] [VerilogSymbol] Symbols Requested: file:///home/sgass/Projects/kepler/hdl/rtl/ethernet/ethernet_to_axis.sv
2025-03-14 09:25:52.290 [info] [VerilogDocumentSymbolProvider] 1 top-level symbols returned
2025-03-14 09:25:56.336 [info] [VerilogDocumentSymbolProvider] [VerilogSymbol] Symbols Requested: file:///home/sgass/Projects/kepler/hdl/rtl/ethernet/ethernet_to_axis.sv
2025-03-14 09:25:56.340 [info] [VerilogDocumentSymbolProvider] 1 top-level symbols returned
2025-03-14 09:25:57.040 [info] [VerilogDocumentSymbolProvider] [VerilogSymbol] Symbols Requested: file:///home/sgass/Projects/kepler/hdl/rtl/ethernet/ethernet_to_axis.sv
2025-03-14 09:25:57.046 [info] [VerilogDocumentSymbolProvider] 1 top-level symbols returned
2025-03-14 09:25:58.682 [info] [VerilogHoverProvider] Hover requested
2025-03-14 09:25:59.134 [warning] [VerilogHoverProvider] Hover object not found
2025-03-14 09:26:01.122 [info] [VerilogDocumentSymbolProvider] [VerilogSymbol] Symbols Requested: file:///home/sgass/Projects/kepler/hdl/rtl/ethernet/ethernet_to_axis.sv
2025-03-14 09:26:01.128 [info] [VerilogDocumentSymbolProvider] 1 top-level symbols returned
2025-03-14 09:26:02.450 [info] [VerilogHoverProvider] Hover requested
2025-03-14 09:26:02.922 [info] [VerilogHoverProvider] Hover object returned
2025-03-14 09:26:02.980 [info] [VerilogHoverProvider] Hover requested
2025-03-14 09:26:03.147 [info] [VerilogHoverProvider] Hover requested
2025-03-14 09:26:03.387 [info] [VerilogHoverProvider] Hover object returned
2025-03-14 09:26:03.566 [info] [VerilogHoverProvider] Hover object returned
2025-03-14 09:26:05.012 [info] [VerilogDocumentSymbolProvider] [VerilogSymbol] Symbols Requested: file:///home/sgass/Projects/kepler/hdl/rtl/ethernet/ethernet_to_axis.sv
2025-03-14 09:26:05.019 [info] [VerilogDocumentSymbolProvider] 1 top-level symbols returned
2025-03-14 09:26:06.800 [info] [VerilogHoverProvider] Hover requested
2025-03-14 09:26:07.216 [warning] [VerilogHoverProvider] Hover object not found
2025-03-14 09:26:07.900 [info] [VerilogHoverProvider] Hover requested
2025-03-14 09:26:08.386 [warning] [VerilogHoverProvider] Hover object not found
2025-03-14 09:26:08.388 [info] [VerilogHoverProvider] Hover requested
2025-03-14 09:26:08.826 [warning] [VerilogHoverProvider] Hover object not found
2025-03-14 09:26:09.205 [info] [VerilogHoverProvider] Hover requested
2025-03-14 09:26:09.634 [warning] [VerilogHoverProvider] Hover object not found
2025-03-14 09:26:09.648 [info] [VerilogHoverProvider] Hover requested
2025-03-14 09:26:10.045 [warning] [VerilogHoverProvider] Hover object not found
2025-03-14 09:26:12.182 [info] [VerilogHoverProvider] Hover requested
2025-03-14 09:26:12.693 [warning] [VerilogHoverProvider] Hover object not found
2025-03-14 09:26:12.782 [info] [VerilogHoverProvider] Hover requested
2025-03-14 09:26:14.882 [info] [VerilogDocumentSymbolProvider] [VerilogSymbol] Symbols Requested: file:///home/sgass/Projects/kepler/hdl/rtl/ethernet/ethernet_to_axis.sv
2025-03-14 09:26:14.889 [info] [VerilogDocumentSymbolProvider] 1 top-level symbols returned
2025-03-14 09:26:16.576 [info] [VerilogDocumentSymbolProvider] [VerilogSymbol] Symbols Requested: file:///home/sgass/Projects/kepler/hdl/rtl/ethernet/ethernet_to_axis.sv
2025-03-14 09:26:16.583 [info] [VerilogDocumentSymbolProvider] 1 top-level symbols returned
2025-03-14 09:26:17.507 [info] [VerilogDocumentSymbolProvider] [VerilogSymbol] Symbols Requested: file:///home/sgass/Projects/kepler/hdl/rtl/ethernet/ethernet_to_axis.sv
2025-03-14 09:26:17.514 [info] [VerilogDocumentSymbolProvider] 1 top-level symbols returned
2025-03-14 09:26:20.268 [info] [VerilogDocumentSymbolProvider] [VerilogSymbol] Symbols Requested: file:///home/sgass/Projects/kepler/hdl/rtl/ethernet/ethernet_to_axis.sv
2025-03-14 09:26:20.274 [info] [VerilogDocumentSymbolProvider] 1 top-level symbols returned
2025-03-14 09:26:21.317 [info] [VerilogHoverProvider] Hover requested
2025-03-14 09:26:21.598 [info] [VerilogHoverProvider] Hover requested
2025-03-14 09:26:21.798 [info] [VerilogHoverProvider] Hover requested
2025-03-14 09:26:21.807 [info] [VerilogHoverProvider] Hover object returned
2025-03-14 09:26:22.023 [warning] [VerilogHoverProvider] Hover object not found
2025-03-14 09:26:22.197 [warning] [VerilogHoverProvider] Hover object not found
2025-03-14 09:26:23.153 [info] [VerilogHoverProvider] Hover requested
2025-03-14 09:26:23.203 [info] [VerilogDefinitionProvider] Definitions Requested: file:///home/sgass/Projects/kepler/hdl/rtl/ethernet/ethernet_to_axis.sv
2025-03-14 09:26:23.601 [info] [VerilogDefinitionProvider] 0 definitions returned
2025-03-14 09:26:25.566 [info] [VerilogDocumentSymbolProvider] [VerilogSymbol] Symbols Requested: file:///home/sgass/Projects/kepler/hdl/rtl/ethernet/ethernet_to_axis.sv
2025-03-14 09:26:25.572 [info] [VerilogDocumentSymbolProvider] 1 top-level symbols returned
2025-03-14 09:26:26.204 [info] [VerilogDocumentSymbolProvider] [VerilogSymbol] Symbols Requested: file:///home/sgass/Projects/kepler/hdl/rtl/ethernet/ethernet_to_axis.sv
2025-03-14 09:26:26.211 [info] [VerilogDocumentSymbolProvider] 1 top-level symbols returned
2025-03-14 09:26:26.979 [info] [VerilogDocumentSymbolProvider] [VerilogSymbol] Symbols Requested: file:///home/sgass/Projects/kepler/hdl/rtl/ethernet/ethernet_to_axis.sv
2025-03-14 09:26:26.985 [info] [VerilogDocumentSymbolProvider] 1 top-level symbols returned
2025-03-14 09:26:30.183 [info] [VerilogHoverProvider] Hover requested
2025-03-14 09:26:34.914 [info] [VerilogDocumentSymbolProvider] [VerilogSymbol] Symbols Requested: file:///home/sgass/Projects/kepler/hdl/rtl/ethernet/ethernet_to_axis.sv
2025-03-14 09:26:34.920 [info] [VerilogDocumentSymbolProvider] 1 top-level symbols returned
2025-03-14 09:26:35.325 [info] [VerilogDocumentSymbolProvider] [VerilogSymbol] Symbols Requested: file:///home/sgass/Projects/kepler/hdl/rtl/ethernet/ethernet_to_axis.sv
2025-03-14 09:26:35.332 [info] [VerilogDocumentSymbolProvider] 1 top-level symbols returned
2025-03-14 09:26:36.849 [info] [VerilogHoverProvider] Hover requested
2025-03-14 09:26:39.414 [info] [VerilogDocumentSymbolProvider] [VerilogSymbol] Symbols Requested: file:///home/sgass/Projects/kepler/hdl/rtl/ethernet/ethernet_to_axis.sv
2025-03-14 09:26:39.420 [info] [VerilogDocumentSymbolProvider] 1 top-level symbols returned
2025-03-14 09:26:42.848 [info] [VerilogDocumentSymbolProvider] [VerilogSymbol] Symbols Requested: file:///home/sgass/Projects/kepler/hdl/rtl/ethernet/ethernet_to_axis.sv
2025-03-14 09:26:42.855 [info] [VerilogDocumentSymbolProvider] 1 top-level symbols returned
2025-03-14 09:26:43.598 [info] [VerilogHoverProvider] Hover requested
2025-03-14 09:26:44.416 [info] [VerilogHoverProvider] Hover requested
2025-03-14 09:26:45.216 [info] [VerilogHoverProvider] Hover requested
2025-03-14 09:26:45.255 [info] [VerilogDefinitionProvider] Definitions Requested: file:///home/sgass/Projects/kepler/hdl/rtl/ethernet/ethernet_to_axis.sv
2025-03-14 09:26:45.641 [warning] [VerilogHoverProvider] Hover object not found
2025-03-14 09:26:45.660 [info] [VerilogDefinitionProvider] 0 definitions returned
2025-03-14 09:26:47.928 [info] [VerilogDocumentSymbolProvider] [VerilogSymbol] Symbols Requested: file:///home/sgass/Projects/kepler/hdl/rtl/ethernet/ethernet_to_axis.sv
2025-03-14 09:26:47.934 [info] [VerilogDocumentSymbolProvider] 1 top-level symbols returned
2025-03-14 09:26:48.303 [info] [VerilogDocumentSymbolProvider] [VerilogSymbol] Symbols Requested: file:///home/sgass/Projects/kepler/hdl/rtl/ethernet/ethernet_to_axis.sv
2025-03-14 09:26:48.309 [info] [VerilogDocumentSymbolProvider] 1 top-level symbols returned
2025-03-14 09:26:50.432 [info] [VerilogHoverProvider] Hover requested
2025-03-14 09:26:50.712 [info] [VerilogHoverProvider] Hover requested
2025-03-14 09:26:50.881 [warning] [VerilogHoverProvider] Hover object not found
2025-03-14 09:26:54.440 [info] [VerilogDocumentSymbolProvider] [VerilogSymbol] Symbols Requested: file:///home/sgass/Projects/kepler/hdl/rtl/ethernet/ethernet_to_axis.sv
2025-03-14 09:26:54.447 [info] [VerilogDocumentSymbolProvider] 1 top-level symbols returned
2025-03-14 09:26:55.398 [info] [VerilogHoverProvider] Hover requested
2025-03-14 09:26:55.849 [info] [VerilogHoverProvider] Hover requested
2025-03-14 09:26:57.664 [info] [VerilogDocumentSymbolProvider] [VerilogSymbol] Symbols Requested: file:///home/sgass/Projects/kepler/hdl/rtl/ethernet/ethernet_to_axis.sv
2025-03-14 09:26:57.669 [info] [VerilogDocumentSymbolProvider] 1 top-level symbols returned
2025-03-14 09:26:58.331 [info] [VerilogDocumentSymbolProvider] [VerilogSymbol] Symbols Requested: file:///home/sgass/Projects/kepler/hdl/rtl/ethernet/ethernet_to_axis.sv
2025-03-14 09:26:58.337 [info] [VerilogDocumentSymbolProvider] 1 top-level symbols returned
2025-03-14 09:27:02.305 [info] [VerilogDocumentSymbolProvider] [VerilogSymbol] Symbols Requested: file:///home/sgass/Projects/kepler/hdl/rtl/ethernet/ethernet_to_axis.sv
2025-03-14 09:27:02.311 [info] [VerilogDocumentSymbolProvider] 1 top-level symbols returned
2025-03-14 09:27:07.916 [info] [VerilogHoverProvider] Hover requested
2025-03-14 09:27:08.385 [info] [VerilogHoverProvider] Hover object returned
2025-03-14 09:27:09.298 [info] [VerilogHoverProvider] Hover requested
2025-03-14 09:27:09.736 [warning] [VerilogHoverProvider] Hover object not found
2025-03-14 09:27:10.549 [info] [VerilogDefinitionProvider] Definitions Requested: file:///home/sgass/Projects/kepler/hdl/rtl/ethernet/ethernet_to_axis.sv
2025-03-14 09:27:10.942 [info] [VerilogDefinitionProvider] 0 definitions returned
2025-03-14 09:27:12.266 [info] [VerilogDocumentSymbolProvider] [VerilogSymbol] Symbols Requested: file:///home/sgass/Projects/kepler/hdl/rtl/ethernet/ethernet_to_axis.sv
2025-03-14 09:27:12.272 [info] [VerilogDocumentSymbolProvider] 1 top-level symbols returned
2025-03-14 09:27:13.081 [info] [VerilogHoverProvider] Hover requested
2025-03-14 09:27:13.464 [info] [VerilogHoverProvider] Hover requested
2025-03-14 09:27:13.539 [info] [VerilogHoverProvider] Hover object returned
2025-03-14 09:27:13.904 [info] [VerilogHoverProvider] Hover object returned
2025-03-14 09:27:15.100 [info] [VerilogCompletionItemProvider] Completion items requested
2025-03-14 09:27:15.101 [info] [VerilogCompletionItemProvider] 128 items requested
2025-03-14 09:27:15.410 [info] [VerilogDocumentSymbolProvider] [VerilogSymbol] Symbols Requested: file:///home/sgass/Projects/kepler/hdl/rtl/ethernet/ethernet_to_axis.sv
2025-03-14 09:27:15.418 [info] [VerilogDocumentSymbolProvider] 1 top-level symbols returned
2025-03-14 09:27:20.348 [info] [VerilogHoverProvider] Hover requested
2025-03-14 09:27:20.786 [info] [VerilogHoverProvider] Hover object returned
2025-03-14 09:27:21.077 [info] [VerilogHoverProvider] Hover requested
2025-03-14 09:27:21.598 [info] [VerilogHoverProvider] Hover requested
2025-03-14 09:27:21.798 [info] [VerilogDefinitionProvider] Definitions Requested: file:///home/sgass/Projects/kepler/hdl/rtl/ethernet/ethernet_to_axis.sv
2025-03-14 09:27:22.013 [info] [VerilogHoverProvider] Hover object returned
2025-03-14 09:27:22.202 [info] [VerilogDefinitionProvider] 1 definitions returned
2025-03-14 09:27:23.453 [info] [VerilogDocumentSymbolProvider] [VerilogSymbol] Symbols Requested: file:///home/sgass/Projects/kepler/hdl/rtl/ethernet/ethernet_to_axis.sv
2025-03-14 09:27:23.459 [info] [VerilogDocumentSymbolProvider] 1 top-level symbols returned
2025-03-14 09:27:23.851 [info] [VerilogDocumentSymbolProvider] [VerilogSymbol] Symbols Requested: file:///home/sgass/Projects/kepler/hdl/rtl/ethernet/ethernet_to_axis.sv
2025-03-14 09:27:23.857 [info] [VerilogDocumentSymbolProvider] 1 top-level symbols returned
2025-03-14 09:27:35.117 [info] [VerilogHoverProvider] Hover requested
2025-03-14 09:27:39.548 [info] [VerilogDocumentSymbolProvider] [VerilogSymbol] Symbols Requested: file:///home/sgass/Projects/kepler/hdl/rtl/ethernet/ethernet_to_axis.sv
2025-03-14 09:27:39.553 [info] [VerilogDocumentSymbolProvider] 1 top-level symbols returned
2025-03-14 09:27:46.893 [info] [VerilogHoverProvider] Hover requested
2025-03-14 09:27:47.095 [info] [VerilogHoverProvider] Hover requested
2025-03-14 09:27:48.223 [info] [VerilogHoverProvider] Hover requested
2025-03-14 09:27:48.819 [info] [VerilogHoverProvider] Hover requested
2025-03-14 09:27:49.268 [warning] [VerilogHoverProvider] Hover object not found
2025-03-14 09:27:49.466 [info] [VerilogHoverProvider] Hover requested
2025-03-14 09:27:49.908 [warning] [VerilogHoverProvider] Hover object not found
2025-03-14 09:27:52.335 [info] [VerilogDocumentSymbolProvider] [VerilogSymbol] Symbols Requested: file:///home/sgass/Projects/kepler/hdl/rtl/ethernet/ethernet_to_axis.sv
2025-03-14 09:27:52.341 [info] [VerilogDocumentSymbolProvider] 1 top-level symbols returned
2025-03-14 09:27:52.780 [info] [VerilogDocumentSymbolProvider] [VerilogSymbol] Symbols Requested: file:///home/sgass/Projects/kepler/hdl/rtl/ethernet/ethernet_to_axis.sv
2025-03-14 09:27:52.786 [info] [VerilogDocumentSymbolProvider] 1 top-level symbols returned
2025-03-14 09:27:53.134 [info] [VerilogDocumentSymbolProvider] [VerilogSymbol] Symbols Requested: file:///home/sgass/Projects/kepler/hdl/rtl/ethernet/ethernet_to_axis.sv
2025-03-14 09:27:53.141 [info] [VerilogDocumentSymbolProvider] 1 top-level symbols returned
2025-03-14 09:27:53.506 [info] [VerilogDocumentSymbolProvider] [VerilogSymbol] Symbols Requested: file:///home/sgass/Projects/kepler/hdl/rtl/ethernet/ethernet_to_axis.sv
2025-03-14 09:27:53.512 [info] [VerilogDocumentSymbolProvider] 1 top-level symbols returned
2025-03-14 09:27:54.561 [info] [VerilogDocumentSymbolProvider] [VerilogSymbol] Symbols Requested: file:///home/sgass/Projects/kepler/hdl/rtl/ethernet/ethernet_to_axis.sv
2025-03-14 09:27:54.567 [info] [VerilogDocumentSymbolProvider] 1 top-level symbols returned
2025-03-14 09:27:55.601 [info] [VerilogDocumentSymbolProvider] [VerilogSymbol] Symbols Requested: file:///home/sgass/Projects/kepler/hdl/rtl/ethernet/ethernet_to_axis.sv
2025-03-14 09:27:55.607 [info] [VerilogDocumentSymbolProvider] 1 top-level symbols returned
2025-03-14 09:27:57.351 [info] [VerilogDocumentSymbolProvider] [VerilogSymbol] Symbols Requested: file:///home/sgass/Projects/kepler/hdl/rtl/ethernet/ethernet_to_axis.sv
2025-03-14 09:27:57.357 [info] [VerilogDocumentSymbolProvider] 1 top-level symbols returned
2025-03-14 09:27:58.098 [info] [VerilogHoverProvider] Hover requested
2025-03-14 09:27:58.504 [info] [VerilogHoverProvider] Hover object returned
2025-03-14 09:27:58.663 [info] [VerilogHoverProvider] Hover requested
2025-03-14 09:27:59.048 [info] [VerilogHoverProvider] Hover object returned
2025-03-14 09:28:00.461 [info] [VerilogHoverProvider] Hover requested
2025-03-14 09:28:00.764 [info] [VerilogHoverProvider] Hover requested
2025-03-14 09:28:00.924 [info] [VerilogHoverProvider] Hover object returned
2025-03-14 09:28:01.152 [info] [VerilogHoverProvider] Hover object returned
2025-03-14 09:28:10.297 [info] [VerilogDocumentSymbolProvider] [VerilogSymbol] Symbols Requested: file:///home/sgass/Projects/kepler/hdl/rtl/ethernet/ethernet_to_axis.sv
2025-03-14 09:28:10.299 [info] [VerilogDocumentSymbolProvider] 1 top-level symbols returned
2025-03-14 09:28:14.181 [info] [VerilogHoverProvider] Hover requested
2025-03-14 09:28:14.674 [info] [VerilogHoverProvider] Hover object returned
2025-03-14 09:28:15.615 [info] [VerilogHoverProvider] Hover requested
2025-03-14 09:28:15.780 [info] [VerilogHoverProvider] Hover requested
2025-03-14 09:28:16.104 [info] [VerilogHoverProvider] Hover object returned
2025-03-14 09:28:16.192 [info] [VerilogHoverProvider] Hover object returned
2025-03-14 09:28:16.657 [info] [VerilogHoverProvider] Hover requested
2025-03-14 09:28:16.978 [info] [VerilogHoverProvider] Hover requested
2025-03-14 09:28:17.120 [info] [VerilogHoverProvider] Hover object returned
2025-03-14 09:28:17.261 [info] [VerilogHoverProvider] Hover requested
2025-03-14 09:28:17.387 [info] [VerilogHoverProvider] Hover object returned
2025-03-14 09:28:17.595 [info] [VerilogHoverProvider] Hover requested
2025-03-14 09:28:17.684 [info] [VerilogHoverProvider] Hover object returned
2025-03-14 09:28:18.012 [info] [VerilogHoverProvider] Hover object returned
2025-03-14 09:28:18.647 [info] [VerilogHoverProvider] Hover requested
2025-03-14 09:28:19.138 [info] [VerilogHoverProvider] Hover object returned
2025-03-14 09:28:22.068 [info] [VerilogDocumentSymbolProvider] [VerilogSymbol] Symbols Requested: file:///home/sgass/Projects/kepler/hdl/rtl/ethernet/ethernet_to_axis.sv
2025-03-14 09:28:22.075 [info] [VerilogDocumentSymbolProvider] 1 top-level symbols returned
2025-03-14 09:28:22.982 [info] [VerilogHoverProvider] Hover requested
2025-03-14 09:28:23.380 [warning] [VerilogHoverProvider] Hover object not found
2025-03-14 09:28:46.938 [info] [VerilogDocumentSymbolProvider] [VerilogSymbol] Symbols Requested: file:///home/sgass/Projects/kepler/hdl/rtl/ethernet/ethernet_to_axis.sv
2025-03-14 09:28:46.944 [info] [VerilogDocumentSymbolProvider] 1 top-level symbols returned
2025-03-14 09:28:48.318 [info] [VerilogDocumentSymbolProvider] [VerilogSymbol] Symbols Requested: file:///home/sgass/Projects/kepler/hdl/rtl/ethernet/ethernet_to_axis.sv
2025-03-14 09:28:48.324 [info] [VerilogDocumentSymbolProvider] 1 top-level symbols returned
2025-03-14 09:28:48.766 [info] [VerilogDocumentSymbolProvider] [VerilogSymbol] Symbols Requested: file:///home/sgass/Projects/kepler/hdl/rtl/ethernet/ethernet_to_axis.sv
2025-03-14 09:28:48.773 [info] [VerilogDocumentSymbolProvider] 1 top-level symbols returned
2025-03-14 09:28:50.407 [info] [VerilogHoverProvider] Hover requested
2025-03-14 09:28:50.836 [info] [VerilogHoverProvider] Hover object returned
2025-03-14 09:28:51.212 [info] [VerilogHoverProvider] Hover requested
2025-03-14 09:28:51.647 [warning] [VerilogHoverProvider] Hover object not found
2025-03-14 09:28:55.980 [info] [VerilogHoverProvider] Hover requested
2025-03-14 09:28:56.403 [warning] [VerilogHoverProvider] Hover object not found
2025-03-14 09:28:56.829 [info] [VerilogHoverProvider] Hover requested
2025-03-14 09:28:57.237 [info] [VerilogHoverProvider] Hover object returned
2025-03-14 09:29:03.328 [info] [VerilogDefinitionProvider] Definitions Requested: file:///home/sgass/Projects/kepler/hdl/rtl/ethernet/ethernet_to_axis.sv
2025-03-14 09:29:03.634 [info] on save
2025-03-14 09:29:03.721 [info] [VerilogDefinitionProvider] 1 definitions returned
2025-03-14 09:29:06.373 [info] [VerilogHoverProvider] Hover requested
2025-03-14 09:29:06.373 [info] indexing "/home/sgass/Projects/kepler/hdl/rtl/ethernet/ethernet_to_axis.sv"
2025-03-14 09:29:06.373 [info] executing ctags
2025-03-14 09:29:06.373 [info] Executing Command: ctags -f - --fields=+K --sort=no --excmd=n --fields-SystemVerilog=+{parameter} "/home/sgass/Projects/kepler/hdl/rtl/ethernet/ethernet_to_axis.sv"
2025-03-14 09:29:06.385 [info] building symbols
2025-03-14 09:29:06.789 [info] [VerilogHoverProvider] Hover object returned
2025-03-14 09:29:19.878 [info] [VerilogHoverProvider] Hover requested
2025-03-14 09:29:20.337 [warning] [VerilogHoverProvider] Hover object not found
2025-03-14 09:29:21.210 [info] [VerilogHoverProvider] Hover requested
2025-03-14 09:29:21.611 [info] [VerilogHoverProvider] Hover object returned
2025-03-14 09:29:22.079 [info] [VerilogHoverProvider] Hover requested
2025-03-14 09:29:22.527 [info] [VerilogHoverProvider] Hover object returned
2025-03-14 09:29:22.593 [info] [VerilogHoverProvider] Hover requested
2025-03-14 09:29:23.096 [info] [VerilogHoverProvider] Hover object returned
2025-03-14 09:29:25.252 [info] [VerilogHoverProvider] Hover requested
2025-03-14 09:29:25.568 [info] [VerilogHoverProvider] Hover requested
2025-03-14 09:29:26.092 [warning] [VerilogHoverProvider] Hover object not found
2025-03-14 09:29:26.511 [info] [VerilogHoverProvider] Hover requested
2025-03-14 09:29:26.908 [info] [VerilogHoverProvider] Hover object returned
2025-03-14 09:30:26.161 [info] [VerilogHoverProvider] Hover requested
2025-03-14 09:30:26.620 [warning] [VerilogHoverProvider] Hover object not found
2025-03-14 09:31:00.205 [info] [VerilogDocumentSymbolProvider] [VerilogSymbol] Symbols Requested: file:///home/sgass/Projects/kepler/hdl/rtl/ethernet/ethernet_to_axis.sv
2025-03-14 09:31:00.212 [info] [VerilogDocumentSymbolProvider] 1 top-level symbols returned
2025-03-14 09:31:00.596 [info] [VerilogDocumentSymbolProvider] [VerilogSymbol] Symbols Requested: file:///home/sgass/Projects/kepler/hdl/rtl/ethernet/ethernet_to_axis.sv
2025-03-14 09:31:00.603 [info] [VerilogDocumentSymbolProvider] 1 top-level symbols returned
2025-03-14 09:31:00.994 [info] [VerilogDocumentSymbolProvider] [VerilogSymbol] Symbols Requested: file:///home/sgass/Projects/kepler/hdl/rtl/ethernet/ethernet_to_axis.sv
2025-03-14 09:31:01.000 [info] [VerilogDocumentSymbolProvider] 1 top-level symbols returned
2025-03-14 09:31:01.573 [info] [VerilogDocumentSymbolProvider] [VerilogSymbol] Symbols Requested: file:///home/sgass/Projects/kepler/hdl/rtl/ethernet/ethernet_to_axis.sv
2025-03-14 09:31:01.580 [info] [VerilogDocumentSymbolProvider] 1 top-level symbols returned
2025-03-14 09:31:02.175 [info] [VerilogDocumentSymbolProvider] [VerilogSymbol] Symbols Requested: file:///home/sgass/Projects/kepler/hdl/rtl/ethernet/ethernet_to_axis.sv
2025-03-14 09:31:02.181 [info] [VerilogDocumentSymbolProvider] 1 top-level symbols returned
2025-03-14 09:31:03.937 [info] [VerilogDocumentSymbolProvider] [VerilogSymbol] Symbols Requested: file:///home/sgass/Projects/kepler/hdl/rtl/ethernet/ethernet_to_axis.sv
2025-03-14 09:31:03.943 [info] [VerilogDocumentSymbolProvider] 1 top-level symbols returned
2025-03-14 09:31:05.911 [info] [VerilogDocumentSymbolProvider] [VerilogSymbol] Symbols Requested: file:///home/sgass/Projects/kepler/hdl/rtl/ethernet/ethernet_to_axis.sv
2025-03-14 09:31:05.915 [info] [VerilogDocumentSymbolProvider] 1 top-level symbols returned
2025-03-14 09:31:07.039 [info] [VerilogDocumentSymbolProvider] [VerilogSymbol] Symbols Requested: file:///home/sgass/Projects/kepler/hdl/rtl/ethernet/ethernet_to_axis.sv
2025-03-14 09:31:07.046 [info] [VerilogDocumentSymbolProvider] 1 top-level symbols returned
2025-03-14 09:31:07.603 [info] [VerilogDocumentSymbolProvider] [VerilogSymbol] Symbols Requested: file:///home/sgass/Projects/kepler/hdl/rtl/ethernet/ethernet_to_axis.sv
2025-03-14 09:31:07.609 [info] [VerilogDocumentSymbolProvider] 1 top-level symbols returned
2025-03-14 09:31:09.448 [info] [VerilogDocumentSymbolProvider] [VerilogSymbol] Symbols Requested: file:///home/sgass/Projects/kepler/hdl/rtl/ethernet/ethernet_to_axis.sv
2025-03-14 09:31:09.455 [info] [VerilogDocumentSymbolProvider] 1 top-level symbols returned
2025-03-14 09:31:11.261 [info] [VerilogDocumentSymbolProvider] [VerilogSymbol] Symbols Requested: file:///home/sgass/Projects/kepler/hdl/rtl/ethernet/ethernet_to_axis.sv
2025-03-14 09:31:11.267 [info] [VerilogDocumentSymbolProvider] 1 top-level symbols returned
2025-03-14 09:31:11.752 [info] [VerilogDocumentSymbolProvider] [VerilogSymbol] Symbols Requested: file:///home/sgass/Projects/kepler/hdl/rtl/ethernet/ethernet_to_axis.sv
2025-03-14 09:31:11.758 [info] [VerilogDocumentSymbolProvider] 1 top-level symbols returned
2025-03-14 09:31:12.229 [info] [VerilogDocumentSymbolProvider] [VerilogSymbol] Symbols Requested: file:///home/sgass/Projects/kepler/hdl/rtl/ethernet/ethernet_to_axis.sv
2025-03-14 09:31:12.235 [info] [VerilogDocumentSymbolProvider] 1 top-level symbols returned
2025-03-14 09:31:12.660 [info] [VerilogDocumentSymbolProvider] [VerilogSymbol] Symbols Requested: file:///home/sgass/Projects/kepler/hdl/rtl/ethernet/ethernet_to_axis.sv
2025-03-14 09:31:12.665 [info] [VerilogDocumentSymbolProvider] 1 top-level symbols returned
2025-03-14 09:31:13.018 [info] [VerilogDocumentSymbolProvider] [VerilogSymbol] Symbols Requested: file:///home/sgass/Projects/kepler/hdl/rtl/ethernet/ethernet_to_axis.sv
2025-03-14 09:31:13.024 [info] [VerilogDocumentSymbolProvider] 1 top-level symbols returned
2025-03-14 09:31:14.954 [info] [VerilogDocumentSymbolProvider] [VerilogSymbol] Symbols Requested: file:///home/sgass/Projects/kepler/hdl/rtl/ethernet/ethernet_to_axis.sv
2025-03-14 09:31:14.961 [info] [VerilogDocumentSymbolProvider] 1 top-level symbols returned
2025-03-14 09:31:15.698 [info] [VerilogDocumentSymbolProvider] [VerilogSymbol] Symbols Requested: file:///home/sgass/Projects/kepler/hdl/rtl/ethernet/ethernet_to_axis.sv
2025-03-14 09:31:15.704 [info] [VerilogDocumentSymbolProvider] 1 top-level symbols returned
2025-03-14 09:31:17.021 [info] [VerilogDocumentSymbolProvider] [VerilogSymbol] Symbols Requested: file:///home/sgass/Projects/kepler/hdl/rtl/ethernet/ethernet_to_axis.sv
2025-03-14 09:31:17.027 [info] [VerilogDocumentSymbolProvider] 1 top-level symbols returned
2025-03-14 09:31:20.534 [info] [VerilogDocumentSymbolProvider] [VerilogSymbol] Symbols Requested: file:///home/sgass/Projects/kepler/hdl/rtl/ethernet/ethernet_to_axis.sv
2025-03-14 09:31:20.541 [info] [VerilogDocumentSymbolProvider] 1 top-level symbols returned
2025-03-14 09:31:22.986 [info] [VerilogDocumentSymbolProvider] [VerilogSymbol] Symbols Requested: file:///home/sgass/Projects/kepler/hdl/rtl/ethernet/ethernet_to_axis.sv
2025-03-14 09:31:22.992 [info] [VerilogDocumentSymbolProvider] 1 top-level symbols returned
2025-03-14 09:31:24.752 [info] [VerilogDocumentSymbolProvider] [VerilogSymbol] Symbols Requested: file:///home/sgass/Projects/kepler/hdl/rtl/ethernet/ethernet_to_axis.sv
2025-03-14 09:31:24.758 [info] [VerilogDocumentSymbolProvider] 1 top-level symbols returned
2025-03-14 09:31:29.761 [info] [VerilogDocumentSymbolProvider] [VerilogSymbol] Symbols Requested: file:///home/sgass/Projects/kepler/hdl/rtl/ethernet/ethernet_to_axis.sv
2025-03-14 09:31:29.767 [info] [VerilogDocumentSymbolProvider] 1 top-level symbols returned
2025-03-14 09:31:30.383 [info] [VerilogDocumentSymbolProvider] [VerilogSymbol] Symbols Requested: file:///home/sgass/Projects/kepler/hdl/rtl/ethernet/ethernet_to_axis.sv
2025-03-14 09:31:30.390 [info] [VerilogDocumentSymbolProvider] 1 top-level symbols returned
2025-03-14 09:31:32.938 [info] [VerilogDocumentSymbolProvider] [VerilogSymbol] Symbols Requested: file:///home/sgass/Projects/kepler/hdl/rtl/ethernet/ethernet_to_axis.sv
2025-03-14 09:31:32.944 [info] [VerilogDocumentSymbolProvider] 1 top-level symbols returned
2025-03-14 09:31:33.559 [info] [VerilogDocumentSymbolProvider] [VerilogSymbol] Symbols Requested: file:///home/sgass/Projects/kepler/hdl/rtl/ethernet/ethernet_to_axis.sv
2025-03-14 09:31:33.565 [info] [VerilogDocumentSymbolProvider] 1 top-level symbols returned
2025-03-14 09:31:33.915 [info] [VerilogDocumentSymbolProvider] [VerilogSymbol] Symbols Requested: file:///home/sgass/Projects/kepler/hdl/rtl/ethernet/ethernet_to_axis.sv
2025-03-14 09:31:33.921 [info] [VerilogDocumentSymbolProvider] 1 top-level symbols returned
2025-03-14 09:31:34.352 [info] [VerilogDocumentSymbolProvider] [VerilogSymbol] Symbols Requested: file:///home/sgass/Projects/kepler/hdl/rtl/ethernet/ethernet_to_axis.sv
2025-03-14 09:31:34.359 [info] [VerilogDocumentSymbolProvider] 1 top-level symbols returned
2025-03-14 09:31:35.828 [info] [VerilogDocumentSymbolProvider] [VerilogSymbol] Symbols Requested: file:///home/sgass/Projects/kepler/hdl/rtl/ethernet/ethernet_to_axis.sv
2025-03-14 09:31:35.834 [info] [VerilogDocumentSymbolProvider] 1 top-level symbols returned
2025-03-14 09:31:36.243 [info] [VerilogDocumentSymbolProvider] [VerilogSymbol] Symbols Requested: file:///home/sgass/Projects/kepler/hdl/rtl/ethernet/ethernet_to_axis.sv
2025-03-14 09:31:36.249 [info] [VerilogDocumentSymbolProvider] 1 top-level symbols returned
2025-03-14 09:31:37.540 [info] [VerilogDocumentSymbolProvider] [VerilogSymbol] Symbols Requested: file:///home/sgass/Projects/kepler/hdl/rtl/ethernet/ethernet_to_axis.sv
2025-03-14 09:31:37.546 [info] [VerilogDocumentSymbolProvider] 1 top-level symbols returned
2025-03-14 09:31:38.032 [info] [VerilogDocumentSymbolProvider] [VerilogSymbol] Symbols Requested: file:///home/sgass/Projects/kepler/hdl/rtl/ethernet/ethernet_to_axis.sv
2025-03-14 09:31:38.039 [info] [VerilogDocumentSymbolProvider] 1 top-level symbols returned
2025-03-14 09:31:50.949 [info] [VerilogHoverProvider] Hover requested
2025-03-14 09:31:51.353 [info] [VerilogHoverProvider] Hover object returned
2025-03-14 09:31:51.767 [info] [VerilogHoverProvider] Hover requested
2025-03-14 09:31:52.219 [warning] [VerilogHoverProvider] Hover object not found
2025-03-14 09:31:52.553 [info] [VerilogHoverProvider] Hover requested
2025-03-14 09:31:52.905 [info] [VerilogHoverProvider] Hover requested
2025-03-14 09:31:52.994 [info] [VerilogHoverProvider] Hover object returned
2025-03-14 09:31:53.320 [info] [VerilogHoverProvider] Hover object returned
2025-03-14 09:31:53.659 [info] [VerilogHoverProvider] Hover requested
2025-03-14 09:31:54.062 [warning] [VerilogHoverProvider] Hover object not found
2025-03-14 09:31:54.705 [info] [VerilogDocumentSymbolProvider] [VerilogSymbol] Symbols Requested: file:///home/sgass/Projects/kepler/hdl/rtl/ethernet/ethernet_to_axis.sv
2025-03-14 09:31:54.711 [info] [VerilogDocumentSymbolProvider] 1 top-level symbols returned
2025-03-14 09:31:55.129 [info] [VerilogCompletionItemProvider] Completion items requested
2025-03-14 09:31:55.130 [info] [VerilogCompletionItemProvider] 127 items requested
2025-03-14 09:31:55.470 [info] [VerilogDocumentSymbolProvider] [VerilogSymbol] Symbols Requested: file:///home/sgass/Projects/kepler/hdl/rtl/ethernet/ethernet_to_axis.sv
2025-03-14 09:31:55.477 [info] [VerilogDocumentSymbolProvider] 1 top-level symbols returned
2025-03-14 09:31:56.290 [info] [VerilogDocumentSymbolProvider] [VerilogSymbol] Symbols Requested: file:///home/sgass/Projects/kepler/hdl/rtl/ethernet/ethernet_to_axis.sv
2025-03-14 09:31:56.297 [info] [VerilogDocumentSymbolProvider] 1 top-level symbols returned
2025-03-14 09:31:56.974 [info] [VerilogDocumentSymbolProvider] [VerilogSymbol] Symbols Requested: file:///home/sgass/Projects/kepler/hdl/rtl/ethernet/ethernet_to_axis.sv
2025-03-14 09:31:56.982 [info] [VerilogDocumentSymbolProvider] 1 top-level symbols returned
2025-03-14 09:32:02.979 [info] [VerilogHoverProvider] Hover requested
2025-03-14 09:32:03.401 [info] [VerilogHoverProvider] Hover object returned
2025-03-14 09:32:05.420 [info] [VerilogDocumentSymbolProvider] [VerilogSymbol] Symbols Requested: file:///home/sgass/Projects/kepler/hdl/rtl/ethernet/ethernet_to_axis.sv
2025-03-14 09:32:05.426 [info] [VerilogDocumentSymbolProvider] 1 top-level symbols returned
2025-03-14 09:32:07.781 [info] [VerilogCompletionItemProvider] Completion items requested
2025-03-14 09:32:07.781 [info] [VerilogCompletionItemProvider] 127 items requested
2025-03-14 09:32:08.121 [info] [VerilogDocumentSymbolProvider] [VerilogSymbol] Symbols Requested: file:///home/sgass/Projects/kepler/hdl/rtl/ethernet/ethernet_to_axis.sv
2025-03-14 09:32:08.128 [info] [VerilogDocumentSymbolProvider] 1 top-level symbols returned
2025-03-14 09:32:12.623 [info] [VerilogHoverProvider] Hover requested
2025-03-14 09:32:13.083 [warning] [VerilogHoverProvider] Hover object not found
2025-03-14 09:32:17.712 [info] [VerilogHoverProvider] Hover requested
2025-03-14 09:32:18.168 [info] [VerilogHoverProvider] Hover object returned
2025-03-14 09:32:33.312 [info] [VerilogDocumentSymbolProvider] [VerilogSymbol] Symbols Requested: file:///home/sgass/Projects/kepler/hdl/rtl/ethernet/ethernet_to_axis.sv
2025-03-14 09:32:33.318 [info] [VerilogDocumentSymbolProvider] 1 top-level symbols returned
2025-03-14 09:32:34.009 [info] [VerilogDocumentSymbolProvider] [VerilogSymbol] Symbols Requested: file:///home/sgass/Projects/kepler/hdl/rtl/ethernet/ethernet_to_axis.sv
2025-03-14 09:32:34.015 [info] [VerilogDocumentSymbolProvider] 1 top-level symbols returned
2025-03-14 09:32:34.384 [info] [VerilogDocumentSymbolProvider] [VerilogSymbol] Symbols Requested: file:///home/sgass/Projects/kepler/hdl/rtl/ethernet/ethernet_to_axis.sv
2025-03-14 09:32:34.391 [info] [VerilogDocumentSymbolProvider] 1 top-level symbols returned
2025-03-14 09:32:34.815 [info] [VerilogDocumentSymbolProvider] [VerilogSymbol] Symbols Requested: file:///home/sgass/Projects/kepler/hdl/rtl/ethernet/ethernet_to_axis.sv
2025-03-14 09:32:34.822 [info] [VerilogDocumentSymbolProvider] 1 top-level symbols returned
2025-03-14 09:32:35.320 [info] [VerilogDocumentSymbolProvider] [VerilogSymbol] Symbols Requested: file:///home/sgass/Projects/kepler/hdl/rtl/ethernet/ethernet_to_axis.sv
2025-03-14 09:32:35.327 [info] [VerilogDocumentSymbolProvider] 1 top-level symbols returned
2025-03-14 09:32:36.748 [info] [VerilogDocumentSymbolProvider] [VerilogSymbol] Symbols Requested: file:///home/sgass/Projects/kepler/hdl/rtl/ethernet/ethernet_to_axis.sv
2025-03-14 09:32:36.754 [info] [VerilogDocumentSymbolProvider] 1 top-level symbols returned
2025-03-14 09:32:37.443 [info] [VerilogDocumentSymbolProvider] [VerilogSymbol] Symbols Requested: file:///home/sgass/Projects/kepler/hdl/rtl/ethernet/ethernet_to_axis.sv
2025-03-14 09:32:37.450 [info] [VerilogDocumentSymbolProvider] 1 top-level symbols returned
2025-03-14 09:32:38.775 [info] [VerilogDocumentSymbolProvider] [VerilogSymbol] Symbols Requested: file:///home/sgass/Projects/kepler/hdl/rtl/ethernet/ethernet_to_axis.sv
2025-03-14 09:32:38.781 [info] [VerilogDocumentSymbolProvider] 1 top-level symbols returned
2025-03-14 09:32:39.574 [info] [VerilogDocumentSymbolProvider] [VerilogSymbol] Symbols Requested: file:///home/sgass/Projects/kepler/hdl/rtl/ethernet/ethernet_to_axis.sv
2025-03-14 09:32:39.581 [info] [VerilogDocumentSymbolProvider] 1 top-level symbols returned
2025-03-14 09:32:39.934 [info] [VerilogDocumentSymbolProvider] [VerilogSymbol] Symbols Requested: file:///home/sgass/Projects/kepler/hdl/rtl/ethernet/ethernet_to_axis.sv
2025-03-14 09:32:39.939 [info] [VerilogDocumentSymbolProvider] 1 top-level symbols returned
2025-03-14 09:32:40.400 [info] [VerilogDocumentSymbolProvider] [VerilogSymbol] Symbols Requested: file:///home/sgass/Projects/kepler/hdl/rtl/ethernet/ethernet_to_axis.sv
2025-03-14 09:32:40.405 [info] [VerilogDocumentSymbolProvider] 1 top-level symbols returned
2025-03-14 09:32:55.225 [info] [VerilogDocumentSymbolProvider] [VerilogSymbol] Symbols Requested: file:///home/sgass/Projects/kepler/hdl/rtl/ethernet/ethernet_to_axis.sv
2025-03-14 09:32:55.232 [info] [VerilogDocumentSymbolProvider] 1 top-level symbols returned
2025-03-14 09:32:58.467 [info] [VerilogDocumentSymbolProvider] [VerilogSymbol] Symbols Requested: file:///home/sgass/Projects/kepler/hdl/rtl/ethernet/ethernet_to_axis.sv
2025-03-14 09:32:58.474 [info] [VerilogDocumentSymbolProvider] 1 top-level symbols returned
2025-03-14 09:33:01.229 [info] [VerilogDocumentSymbolProvider] [VerilogSymbol] Symbols Requested: file:///home/sgass/Projects/kepler/hdl/rtl/ethernet/ethernet_to_axis.sv
2025-03-14 09:33:01.235 [info] [VerilogDocumentSymbolProvider] 1 top-level symbols returned
2025-03-14 09:33:14.149 [info] [VerilogDocumentSymbolProvider] [VerilogSymbol] Symbols Requested: file:///home/sgass/Projects/kepler/hdl/rtl/ethernet/ethernet_to_axis.sv
2025-03-14 09:33:14.156 [info] [VerilogDocumentSymbolProvider] 1 top-level symbols returned
2025-03-14 09:33:14.548 [info] [VerilogDocumentSymbolProvider] [VerilogSymbol] Symbols Requested: file:///home/sgass/Projects/kepler/hdl/rtl/ethernet/ethernet_to_axis.sv
2025-03-14 09:33:14.554 [info] [VerilogDocumentSymbolProvider] 1 top-level symbols returned
2025-03-14 09:33:15.189 [info] [VerilogDocumentSymbolProvider] [VerilogSymbol] Symbols Requested: file:///home/sgass/Projects/kepler/hdl/rtl/ethernet/ethernet_to_axis.sv
2025-03-14 09:33:15.196 [info] [VerilogDocumentSymbolProvider] 1 top-level symbols returned
2025-03-14 09:33:16.758 [info] [VerilogHoverProvider] Hover requested
2025-03-14 09:33:17.239 [info] [VerilogHoverProvider] Hover object returned
2025-03-14 09:33:19.723 [info] [VerilogHoverProvider] Hover requested
2025-03-14 09:33:20.123 [info] [VerilogHoverProvider] Hover object returned
2025-03-14 09:33:31.319 [info] [VerilogDocumentSymbolProvider] [VerilogSymbol] Symbols Requested: file:///home/sgass/Projects/kepler/hdl/rtl/ethernet/ethernet_to_axis.sv
2025-03-14 09:33:31.326 [info] [VerilogDocumentSymbolProvider] 1 top-level symbols returned
2025-03-14 09:33:31.845 [info] [VerilogDocumentSymbolProvider] [VerilogSymbol] Symbols Requested: file:///home/sgass/Projects/kepler/hdl/rtl/ethernet/ethernet_to_axis.sv
2025-03-14 09:33:31.851 [info] [VerilogDocumentSymbolProvider] 1 top-level symbols returned
2025-03-14 09:33:32.958 [info] [VerilogDocumentSymbolProvider] [VerilogSymbol] Symbols Requested: file:///home/sgass/Projects/kepler/hdl/rtl/ethernet/ethernet_to_axis.sv
2025-03-14 09:33:32.964 [info] [VerilogDocumentSymbolProvider] 1 top-level symbols returned
2025-03-14 09:33:33.817 [info] [VerilogHoverProvider] Hover requested
2025-03-14 09:33:35.770 [info] [VerilogHoverProvider] Hover requested
2025-03-14 09:33:36.202 [info] [VerilogHoverProvider] Hover object returned
2025-03-14 09:33:36.217 [info] [VerilogHoverProvider] Hover requested
2025-03-14 09:33:36.656 [info] [VerilogHoverProvider] Hover object returned
2025-03-14 09:33:37.252 [info] [VerilogHoverProvider] Hover requested
2025-03-14 09:33:37.680 [info] [VerilogHoverProvider] Hover object returned
2025-03-14 09:33:38.253 [info] [VerilogHoverProvider] Hover requested
2025-03-14 09:33:38.732 [info] [VerilogHoverProvider] Hover object returned
2025-03-14 09:33:40.353 [info] [VerilogHoverProvider] Hover requested
2025-03-14 09:33:40.816 [info] [VerilogHoverProvider] Hover requested
2025-03-14 09:33:40.826 [info] indexing "/home/sgass/Projects/kepler/hdl/rtl/axis/axis_mux_kep.sv"
2025-03-14 09:33:40.826 [info] executing ctags
2025-03-14 09:33:40.826 [info] Executing Command: ctags -f - --fields=+K --sort=no --excmd=n --fields-SystemVerilog=+{parameter} "/home/sgass/Projects/kepler/hdl/rtl/axis/axis_mux_kep.sv"
2025-03-14 09:33:40.830 [info] building symbols
2025-03-14 09:33:40.830 [info] [VerilogHoverProvider] Hover object returned
2025-03-14 09:33:41.229 [warning] [VerilogHoverProvider] Hover object not found
2025-03-14 09:33:42.123 [info] [VerilogHoverProvider] Hover requested
2025-03-14 09:33:42.503 [info] [VerilogHoverProvider] Hover requested
2025-03-14 09:33:42.703 [info] [VerilogHoverProvider] Hover requested
2025-03-14 09:33:42.978 [warning] [VerilogHoverProvider] Hover object not found
2025-03-14 09:33:43.101 [warning] [VerilogHoverProvider] Hover object not found
2025-03-14 09:33:43.602 [info] [VerilogHoverProvider] Hover requested
2025-03-14 09:33:44.082 [info] indexing "/home/sgass/Projects/kepler/hdl/rtl/axis/axis_demux_kep.sv"
2025-03-14 09:33:44.082 [info] executing ctags
2025-03-14 09:33:44.082 [info] Executing Command: ctags -f - --fields=+K --sort=no --excmd=n --fields-SystemVerilog=+{parameter} "/home/sgass/Projects/kepler/hdl/rtl/axis/axis_demux_kep.sv"
2025-03-14 09:33:44.085 [info] building symbols
2025-03-14 09:33:44.085 [info] [VerilogHoverProvider] Hover object returned
2025-03-14 09:33:47.630 [info] [VerilogDocumentSymbolProvider] [VerilogSymbol] Symbols Requested: file:///home/sgass/Projects/kepler/hdl/rtl/ethernet/ethernet_to_axis.sv
2025-03-14 09:33:47.636 [info] [VerilogDocumentSymbolProvider] 1 top-level symbols returned
2025-03-14 09:33:48.307 [info] [VerilogDocumentSymbolProvider] [VerilogSymbol] Symbols Requested: file:///home/sgass/Projects/kepler/hdl/rtl/ethernet/ethernet_to_axis.sv
2025-03-14 09:33:48.313 [info] [VerilogDocumentSymbolProvider] 1 top-level symbols returned
2025-03-14 09:33:48.667 [info] [VerilogDocumentSymbolProvider] [VerilogSymbol] Symbols Requested: file:///home/sgass/Projects/kepler/hdl/rtl/ethernet/ethernet_to_axis.sv
2025-03-14 09:33:48.673 [info] [VerilogDocumentSymbolProvider] 1 top-level symbols returned
2025-03-14 09:33:50.349 [info] [VerilogHoverProvider] Hover requested
2025-03-14 09:33:50.768 [warning] [VerilogHoverProvider] Hover object not found
2025-03-14 09:33:51.049 [info] [VerilogHoverProvider] Hover requested
2025-03-14 09:33:51.534 [warning] [VerilogHoverProvider] Hover object not found
2025-03-14 09:33:54.467 [info] [VerilogDocumentSymbolProvider] [VerilogSymbol] Symbols Requested: file:///home/sgass/Projects/kepler/hdl/rtl/ethernet/ethernet_to_axis.sv
2025-03-14 09:33:54.474 [info] [VerilogDocumentSymbolProvider] 1 top-level symbols returned
2025-03-14 09:33:56.311 [info] [VerilogDocumentSymbolProvider] [VerilogSymbol] Symbols Requested: file:///home/sgass/Projects/kepler/hdl/rtl/ethernet/ethernet_to_axis.sv
2025-03-14 09:33:56.317 [info] [VerilogDocumentSymbolProvider] 1 top-level symbols returned
2025-03-14 09:33:56.735 [info] [VerilogDocumentSymbolProvider] [VerilogSymbol] Symbols Requested: file:///home/sgass/Projects/kepler/hdl/rtl/ethernet/ethernet_to_axis.sv
2025-03-14 09:33:56.741 [info] [VerilogDocumentSymbolProvider] 1 top-level symbols returned
2025-03-14 09:33:57.362 [info] [VerilogDocumentSymbolProvider] [VerilogSymbol] Symbols Requested: file:///home/sgass/Projects/kepler/hdl/rtl/ethernet/ethernet_to_axis.sv
2025-03-14 09:33:57.368 [info] [VerilogDocumentSymbolProvider] 1 top-level symbols returned
2025-03-14 09:34:04.302 [info] [VerilogHoverProvider] Hover requested
2025-03-14 09:34:16.570 [info] [VerilogHoverProvider] Hover requested
2025-03-14 09:34:16.993 [warning] [VerilogHoverProvider] Hover object not found
2025-03-14 09:34:31.204 [info] [VerilogDocumentSymbolProvider] [VerilogSymbol] Symbols Requested: file:///home/sgass/Projects/kepler/hdl/rtl/ethernet/ethernet_to_axis.sv
2025-03-14 09:34:31.210 [info] [VerilogDocumentSymbolProvider] 1 top-level symbols returned
2025-03-14 09:34:33.027 [info] [VerilogDocumentSymbolProvider] [VerilogSymbol] Symbols Requested: file:///home/sgass/Projects/kepler/hdl/rtl/ethernet/ethernet_to_axis.sv
2025-03-14 09:34:33.033 [info] [VerilogDocumentSymbolProvider] 1 top-level symbols returned
2025-03-14 09:34:34.059 [info] [VerilogDocumentSymbolProvider] [VerilogSymbol] Symbols Requested: file:///home/sgass/Projects/kepler/hdl/rtl/ethernet/ethernet_to_axis.sv
2025-03-14 09:34:34.065 [info] [VerilogDocumentSymbolProvider] 1 top-level symbols returned
2025-03-14 09:34:34.768 [info] [VerilogDocumentSymbolProvider] [VerilogSymbol] Symbols Requested: file:///home/sgass/Projects/kepler/hdl/rtl/ethernet/ethernet_to_axis.sv
2025-03-14 09:34:34.774 [info] [VerilogDocumentSymbolProvider] 1 top-level symbols returned
2025-03-14 09:34:36.108 [info] [VerilogDocumentSymbolProvider] [VerilogSymbol] Symbols Requested: file:///home/sgass/Projects/kepler/hdl/rtl/ethernet/ethernet_to_axis.sv
2025-03-14 09:34:36.115 [info] [VerilogDocumentSymbolProvider] 1 top-level symbols returned
2025-03-14 09:34:36.832 [info] [VerilogDocumentSymbolProvider] [VerilogSymbol] Symbols Requested: file:///home/sgass/Projects/kepler/hdl/rtl/ethernet/ethernet_to_axis.sv
2025-03-14 09:34:36.838 [info] [VerilogDocumentSymbolProvider] 1 top-level symbols returned
2025-03-14 09:34:37.324 [info] [VerilogDocumentSymbolProvider] [VerilogSymbol] Symbols Requested: file:///home/sgass/Projects/kepler/hdl/rtl/ethernet/ethernet_to_axis.sv
2025-03-14 09:34:37.330 [info] [VerilogDocumentSymbolProvider] 1 top-level symbols returned
2025-03-14 09:34:42.986 [info] [VerilogDocumentSymbolProvider] [VerilogSymbol] Symbols Requested: file:///home/sgass/Projects/kepler/hdl/rtl/ethernet/ethernet_to_axis.sv
2025-03-14 09:34:42.992 [info] [VerilogDocumentSymbolProvider] 1 top-level symbols returned
2025-03-14 09:34:44.460 [info] [VerilogDocumentSymbolProvider] [VerilogSymbol] Symbols Requested: file:///home/sgass/Projects/kepler/hdl/rtl/ethernet/ethernet_to_axis.sv
2025-03-14 09:34:44.467 [info] [VerilogDocumentSymbolProvider] 1 top-level symbols returned
2025-03-14 09:34:45.950 [info] [VerilogDocumentSymbolProvider] [VerilogSymbol] Symbols Requested: file:///home/sgass/Projects/kepler/hdl/rtl/ethernet/ethernet_to_axis.sv
2025-03-14 09:34:45.956 [info] [VerilogDocumentSymbolProvider] 1 top-level symbols returned
2025-03-14 09:34:49.176 [info] [VerilogDocumentSymbolProvider] [VerilogSymbol] Symbols Requested: file:///home/sgass/Projects/kepler/hdl/rtl/ethernet/ethernet_to_axis.sv
2025-03-14 09:34:49.183 [info] [VerilogDocumentSymbolProvider] 1 top-level symbols returned
2025-03-14 09:34:50.615 [info] [VerilogDocumentSymbolProvider] [VerilogSymbol] Symbols Requested: file:///home/sgass/Projects/kepler/hdl/rtl/ethernet/ethernet_to_axis.sv
2025-03-14 09:34:50.622 [info] [VerilogDocumentSymbolProvider] 1 top-level symbols returned
2025-03-14 09:34:51.019 [info] [VerilogDocumentSymbolProvider] [VerilogSymbol] Symbols Requested: file:///home/sgass/Projects/kepler/hdl/rtl/ethernet/ethernet_to_axis.sv
2025-03-14 09:34:51.025 [info] [VerilogDocumentSymbolProvider] 1 top-level symbols returned
2025-03-14 09:34:51.470 [info] [VerilogDocumentSymbolProvider] [VerilogSymbol] Symbols Requested: file:///home/sgass/Projects/kepler/hdl/rtl/ethernet/ethernet_to_axis.sv
2025-03-14 09:34:51.476 [info] [VerilogDocumentSymbolProvider] 1 top-level symbols returned
2025-03-14 09:35:00.241 [info] [VerilogDocumentSymbolProvider] [VerilogSymbol] Symbols Requested: file:///home/sgass/Projects/kepler/hdl/rtl/ethernet/ethernet_to_axis.sv
2025-03-14 09:35:00.247 [info] [VerilogDocumentSymbolProvider] 1 top-level symbols returned
2025-03-14 09:35:01.046 [info] [VerilogDocumentSymbolProvider] [VerilogSymbol] Symbols Requested: file:///home/sgass/Projects/kepler/hdl/rtl/ethernet/ethernet_to_axis.sv
2025-03-14 09:35:01.051 [info] [VerilogDocumentSymbolProvider] 1 top-level symbols returned
2025-03-14 09:35:02.099 [info] [VerilogDocumentSymbolProvider] [VerilogSymbol] Symbols Requested: file:///home/sgass/Projects/kepler/hdl/rtl/ethernet/ethernet_to_axis.sv
2025-03-14 09:35:02.105 [info] [VerilogDocumentSymbolProvider] 1 top-level symbols returned
2025-03-14 09:35:06.000 [info] [VerilogDocumentSymbolProvider] [VerilogSymbol] Symbols Requested: file:///home/sgass/Projects/kepler/hdl/rtl/ethernet/ethernet_to_axis.sv
2025-03-14 09:35:06.005 [info] [VerilogDocumentSymbolProvider] 1 top-level symbols returned
2025-03-14 09:35:06.518 [info] [VerilogDocumentSymbolProvider] [VerilogSymbol] Symbols Requested: file:///home/sgass/Projects/kepler/hdl/rtl/ethernet/ethernet_to_axis.sv
2025-03-14 09:35:06.524 [info] [VerilogDocumentSymbolProvider] 1 top-level symbols returned
2025-03-14 09:35:07.933 [info] [VerilogDocumentSymbolProvider] [VerilogSymbol] Symbols Requested: file:///home/sgass/Projects/kepler/hdl/rtl/ethernet/ethernet_to_axis.sv
2025-03-14 09:35:07.938 [info] [VerilogDocumentSymbolProvider] 1 top-level symbols returned
2025-03-14 09:35:34.811 [info] [VerilogDocumentSymbolProvider] [VerilogSymbol] Symbols Requested: file:///home/sgass/Projects/kepler/hdl/rtl/ethernet/ethernet_to_axis.sv
2025-03-14 09:35:34.818 [info] [VerilogDocumentSymbolProvider] 1 top-level symbols returned
2025-03-14 09:35:39.153 [info] [VerilogDocumentSymbolProvider] [VerilogSymbol] Symbols Requested: file:///home/sgass/Projects/kepler/hdl/rtl/ethernet/ethernet_to_axis.sv
2025-03-14 09:35:39.159 [info] [VerilogDocumentSymbolProvider] 1 top-level symbols returned
2025-03-14 09:35:39.765 [info] [VerilogDocumentSymbolProvider] [VerilogSymbol] Symbols Requested: file:///home/sgass/Projects/kepler/hdl/rtl/ethernet/ethernet_to_axis.sv
2025-03-14 09:35:39.772 [info] [VerilogDocumentSymbolProvider] 1 top-level symbols returned
2025-03-14 09:35:40.125 [info] [VerilogDocumentSymbolProvider] [VerilogSymbol] Symbols Requested: file:///home/sgass/Projects/kepler/hdl/rtl/ethernet/ethernet_to_axis.sv
2025-03-14 09:35:40.132 [info] [VerilogDocumentSymbolProvider] 1 top-level symbols returned
2025-03-14 09:35:43.457 [info] [VerilogDocumentSymbolProvider] [VerilogSymbol] Symbols Requested: file:///home/sgass/Projects/kepler/hdl/rtl/ethernet/ethernet_to_axis.sv
2025-03-14 09:35:43.464 [info] [VerilogDocumentSymbolProvider] 1 top-level symbols returned
2025-03-14 09:35:43.822 [info] [VerilogDocumentSymbolProvider] [VerilogSymbol] Symbols Requested: file:///home/sgass/Projects/kepler/hdl/rtl/ethernet/ethernet_to_axis.sv
2025-03-14 09:35:43.829 [info] [VerilogDocumentSymbolProvider] 1 top-level symbols returned
2025-03-14 09:35:45.296 [info] [VerilogDocumentSymbolProvider] [VerilogSymbol] Symbols Requested: file:///home/sgass/Projects/kepler/hdl/rtl/ethernet/ethernet_to_axis.sv
2025-03-14 09:35:45.303 [info] [VerilogDocumentSymbolProvider] 1 top-level symbols returned
2025-03-14 09:35:46.973 [info] [VerilogDocumentSymbolProvider] [VerilogSymbol] Symbols Requested: file:///home/sgass/Projects/kepler/hdl/rtl/ethernet/ethernet_to_axis.sv
2025-03-14 09:35:46.979 [info] [VerilogDocumentSymbolProvider] 1 top-level symbols returned
2025-03-14 09:35:47.659 [info] [VerilogDocumentSymbolProvider] [VerilogSymbol] Symbols Requested: file:///home/sgass/Projects/kepler/hdl/rtl/ethernet/ethernet_to_axis.sv
2025-03-14 09:35:47.665 [info] [VerilogDocumentSymbolProvider] 1 top-level symbols returned
2025-03-14 09:35:50.230 [info] [VerilogHoverProvider] Hover requested
2025-03-14 09:35:50.610 [info] [VerilogHoverProvider] Hover requested
2025-03-14 09:35:50.707 [warning] [VerilogHoverProvider] Hover object not found
2025-03-14 09:35:51.045 [info] [VerilogHoverProvider] Hover object returned
2025-03-14 09:35:52.586 [info] [VerilogHoverProvider] Hover requested
2025-03-14 09:35:53.056 [warning] [VerilogHoverProvider] Hover object not found
2025-03-14 09:35:54.143 [info] [VerilogHoverProvider] Hover requested
2025-03-14 09:35:54.331 [info] [VerilogHoverProvider] Hover requested
2025-03-14 09:35:54.577 [warning] [VerilogHoverProvider] Hover object not found
2025-03-14 09:35:54.745 [warning] [VerilogHoverProvider] Hover object not found
2025-03-14 09:36:11.261 [info] [VerilogDocumentSymbolProvider] [VerilogSymbol] Symbols Requested: file:///home/sgass/Projects/kepler/hdl/rtl/ethernet/ethernet_to_axis.sv
2025-03-14 09:36:11.268 [info] [VerilogDocumentSymbolProvider] 1 top-level symbols returned
2025-03-14 09:36:11.822 [info] [VerilogDocumentSymbolProvider] [VerilogSymbol] Symbols Requested: file:///home/sgass/Projects/kepler/hdl/rtl/ethernet/ethernet_to_axis.sv
2025-03-14 09:36:11.828 [info] [VerilogDocumentSymbolProvider] 1 top-level symbols returned
2025-03-14 09:36:12.817 [info] [VerilogDocumentSymbolProvider] [VerilogSymbol] Symbols Requested: file:///home/sgass/Projects/kepler/hdl/rtl/ethernet/ethernet_to_axis.sv
2025-03-14 09:36:12.823 [info] [VerilogDocumentSymbolProvider] 1 top-level symbols returned
2025-03-14 09:36:13.256 [info] [VerilogDocumentSymbolProvider] [VerilogSymbol] Symbols Requested: file:///home/sgass/Projects/kepler/hdl/rtl/ethernet/ethernet_to_axis.sv
2025-03-14 09:36:13.263 [info] [VerilogDocumentSymbolProvider] 1 top-level symbols returned
2025-03-14 09:36:16.158 [info] [VerilogDocumentSymbolProvider] [VerilogSymbol] Symbols Requested: file:///home/sgass/Projects/kepler/hdl/rtl/ethernet/ethernet_to_axis.sv
2025-03-14 09:36:16.163 [info] [VerilogDocumentSymbolProvider] 1 top-level symbols returned
2025-03-14 09:36:18.903 [info] [VerilogDocumentSymbolProvider] [VerilogSymbol] Symbols Requested: file:///home/sgass/Projects/kepler/hdl/rtl/ethernet/ethernet_to_axis.sv
2025-03-14 09:36:18.909 [info] [VerilogDocumentSymbolProvider] 1 top-level symbols returned
2025-03-14 09:36:23.267 [info] [VerilogDocumentSymbolProvider] [VerilogSymbol] Symbols Requested: file:///home/sgass/Projects/kepler/hdl/rtl/ethernet/ethernet_to_axis.sv
2025-03-14 09:36:23.273 [info] [VerilogDocumentSymbolProvider] 1 top-level symbols returned
2025-03-14 09:36:30.854 [info] [VerilogDocumentSymbolProvider] [VerilogSymbol] Symbols Requested: file:///home/sgass/Projects/kepler/hdl/rtl/ethernet/ethernet_to_axis.sv
2025-03-14 09:36:30.860 [info] [VerilogDocumentSymbolProvider] 1 top-level symbols returned
2025-03-14 09:36:35.942 [info] [VerilogDocumentSymbolProvider] [VerilogSymbol] Symbols Requested: file:///home/sgass/Projects/kepler/hdl/rtl/ethernet/ethernet_to_axis.sv
2025-03-14 09:36:35.948 [info] [VerilogDocumentSymbolProvider] 1 top-level symbols returned
2025-03-14 09:36:38.072 [info] [VerilogDocumentSymbolProvider] [VerilogSymbol] Symbols Requested: file:///home/sgass/Projects/kepler/hdl/rtl/ethernet/ethernet_to_axis.sv
2025-03-14 09:36:38.079 [info] [VerilogDocumentSymbolProvider] 1 top-level symbols returned
2025-03-14 09:36:40.216 [info] [VerilogDocumentSymbolProvider] [VerilogSymbol] Symbols Requested: file:///home/sgass/Projects/kepler/hdl/rtl/ethernet/ethernet_to_axis.sv
2025-03-14 09:36:40.222 [info] [VerilogDocumentSymbolProvider] 1 top-level symbols returned
2025-03-14 09:36:41.486 [info] [VerilogDocumentSymbolProvider] [VerilogSymbol] Symbols Requested: file:///home/sgass/Projects/kepler/hdl/rtl/ethernet/ethernet_to_axis.sv
2025-03-14 09:36:41.493 [info] [VerilogDocumentSymbolProvider] 1 top-level symbols returned
2025-03-14 09:36:43.221 [info] [VerilogDocumentSymbolProvider] [VerilogSymbol] Symbols Requested: file:///home/sgass/Projects/kepler/hdl/rtl/ethernet/ethernet_to_axis.sv
2025-03-14 09:36:43.227 [info] [VerilogDocumentSymbolProvider] 1 top-level symbols returned
2025-03-14 09:37:11.940 [info] [VerilogDocumentSymbolProvider] [VerilogSymbol] Symbols Requested: file:///home/sgass/Projects/kepler/hdl/rtl/ethernet/ethernet_to_axis.sv
2025-03-14 09:37:11.945 [info] [VerilogDocumentSymbolProvider] 1 top-level symbols returned
2025-03-14 09:37:12.356 [info] [VerilogDocumentSymbolProvider] [VerilogSymbol] Symbols Requested: file:///home/sgass/Projects/kepler/hdl/rtl/ethernet/ethernet_to_axis.sv
2025-03-14 09:37:12.363 [info] [VerilogDocumentSymbolProvider] 1 top-level symbols returned
2025-03-14 09:37:13.627 [info] [VerilogHoverProvider] Hover requested
2025-03-14 09:37:14.074 [info] [VerilogHoverProvider] Hover object returned
2025-03-14 09:37:16.887 [info] [VerilogDocumentSymbolProvider] [VerilogSymbol] Symbols Requested: file:///home/sgass/Projects/kepler/hdl/rtl/ethernet/ethernet_to_axis.sv
2025-03-14 09:37:16.894 [info] [VerilogDocumentSymbolProvider] 1 top-level symbols returned
2025-03-14 09:37:17.546 [info] [VerilogDocumentSymbolProvider] [VerilogSymbol] Symbols Requested: file:///home/sgass/Projects/kepler/hdl/rtl/ethernet/ethernet_to_axis.sv
2025-03-14 09:37:17.553 [info] [VerilogDocumentSymbolProvider] 1 top-level symbols returned
2025-03-14 09:37:19.209 [info] [VerilogHoverProvider] Hover requested
2025-03-14 09:37:19.639 [info] [VerilogHoverProvider] Hover object returned
2025-03-14 09:37:20.849 [info] [VerilogHoverProvider] Hover requested
2025-03-14 09:37:21.160 [info] [VerilogHoverProvider] Hover requested
2025-03-14 09:37:21.282 [info] [VerilogHoverProvider] Hover object returned
2025-03-14 09:37:21.570 [info] [VerilogHoverProvider] Hover object returned
2025-03-14 09:37:36.761 [info] [VerilogHoverProvider] Hover requested
2025-03-14 09:37:37.218 [info] [VerilogHoverProvider] Hover object returned
2025-03-14 09:37:37.244 [info] [VerilogHoverProvider] Hover requested
2025-03-14 09:37:37.656 [info] [VerilogHoverProvider] Hover object returned
2025-03-14 09:37:41.309 [info] [VerilogHoverProvider] Hover requested
2025-03-14 09:37:41.614 [info] [VerilogHoverProvider] Hover requested
2025-03-14 09:37:41.723 [info] [VerilogHoverProvider] Hover object returned
2025-03-14 09:37:41.787 [info] [VerilogHoverProvider] Hover requested
2025-03-14 09:37:42.028 [info] [VerilogHoverProvider] Hover object returned
2025-03-14 09:37:42.202 [info] [VerilogHoverProvider] Hover object returned
2025-03-14 09:37:42.460 [info] [VerilogHoverProvider] Hover requested
2025-03-14 09:37:42.876 [warning] [VerilogHoverProvider] Hover object not found
2025-03-14 09:37:43.383 [info] [VerilogDocumentSymbolProvider] [VerilogSymbol] Symbols Requested: file:///home/sgass/Projects/kepler/hdl/rtl/ethernet/ethernet_to_axis.sv
2025-03-14 09:37:43.390 [info] [VerilogDocumentSymbolProvider] 1 top-level symbols returned
2025-03-14 09:37:43.764 [info] [VerilogDocumentSymbolProvider] [VerilogSymbol] Symbols Requested: file:///home/sgass/Projects/kepler/hdl/rtl/ethernet/ethernet_to_axis.sv
2025-03-14 09:37:43.771 [info] [VerilogDocumentSymbolProvider] 1 top-level symbols returned
2025-03-14 09:37:46.086 [info] [VerilogDocumentSymbolProvider] [VerilogSymbol] Symbols Requested: file:///home/sgass/Projects/kepler/hdl/rtl/ethernet/ethernet_to_axis.sv
2025-03-14 09:37:46.094 [info] [VerilogDocumentSymbolProvider] 1 top-level symbols returned
2025-03-14 09:37:46.973 [info] [VerilogHoverProvider] Hover requested
2025-03-14 09:37:47.434 [warning] [VerilogHoverProvider] Hover object not found
2025-03-14 09:37:50.145 [info] [VerilogHoverProvider] Hover requested
2025-03-14 09:37:50.555 [info] [VerilogHoverProvider] Hover object returned
2025-03-14 09:37:52.092 [info] [VerilogHoverProvider] Hover requested
2025-03-14 09:37:52.513 [info] [VerilogHoverProvider] Hover object returned
2025-03-14 09:38:11.632 [info] [VerilogDocumentSymbolProvider] [VerilogSymbol] Symbols Requested: file:///home/sgass/Projects/kepler/hdl/rtl/ethernet/ethernet_to_axis.sv
2025-03-14 09:38:11.639 [info] [VerilogDocumentSymbolProvider] 1 top-level symbols returned
2025-03-14 09:38:12.703 [info] [VerilogDocumentSymbolProvider] [VerilogSymbol] Symbols Requested: file:///home/sgass/Projects/kepler/hdl/rtl/ethernet/ethernet_to_axis.sv
2025-03-14 09:38:12.709 [info] [VerilogDocumentSymbolProvider] 1 top-level symbols returned
2025-03-14 09:38:13.337 [info] [VerilogDocumentSymbolProvider] [VerilogSymbol] Symbols Requested: file:///home/sgass/Projects/kepler/hdl/rtl/ethernet/ethernet_to_axis.sv
2025-03-14 09:38:13.343 [info] [VerilogDocumentSymbolProvider] 1 top-level symbols returned
2025-03-14 09:38:14.225 [info] [VerilogDocumentSymbolProvider] [VerilogSymbol] Symbols Requested: file:///home/sgass/Projects/kepler/hdl/rtl/ethernet/ethernet_to_axis.sv
2025-03-14 09:38:14.231 [info] [VerilogDocumentSymbolProvider] 1 top-level symbols returned
2025-03-14 09:38:15.004 [info] [VerilogDocumentSymbolProvider] [VerilogSymbol] Symbols Requested: file:///home/sgass/Projects/kepler/hdl/rtl/ethernet/ethernet_to_axis.sv
2025-03-14 09:38:15.010 [info] [VerilogDocumentSymbolProvider] 1 top-level symbols returned
2025-03-14 09:38:15.666 [info] [VerilogDocumentSymbolProvider] [VerilogSymbol] Symbols Requested: file:///home/sgass/Projects/kepler/hdl/rtl/ethernet/ethernet_to_axis.sv
2025-03-14 09:38:15.672 [info] [VerilogDocumentSymbolProvider] 1 top-level symbols returned
2025-03-14 09:38:16.362 [info] [VerilogDocumentSymbolProvider] [VerilogSymbol] Symbols Requested: file:///home/sgass/Projects/kepler/hdl/rtl/ethernet/ethernet_to_axis.sv
2025-03-14 09:38:16.368 [info] [VerilogDocumentSymbolProvider] 1 top-level symbols returned
2025-03-14 09:38:23.728 [info] [VerilogDocumentSymbolProvider] [VerilogSymbol] Symbols Requested: file:///home/sgass/Projects/kepler/hdl/rtl/ethernet/ethernet_to_axis.sv
2025-03-14 09:38:23.729 [info] [VerilogDocumentSymbolProvider] 1 top-level symbols returned
2025-03-14 09:38:28.435 [info] [VerilogDocumentSymbolProvider] [VerilogSymbol] Symbols Requested: file:///home/sgass/Projects/kepler/hdl/rtl/ethernet/ethernet_to_axis.sv
2025-03-14 09:38:28.441 [info] [VerilogDocumentSymbolProvider] 1 top-level symbols returned
2025-03-14 09:39:12.988 [info] [VerilogHoverProvider] Hover requested
2025-03-14 09:39:13.304 [info] [VerilogHoverProvider] Hover requested
2025-03-14 09:39:13.389 [info] [VerilogHoverProvider] Hover object returned
2025-03-14 09:39:13.738 [info] [VerilogHoverProvider] Hover object returned
2025-03-14 09:39:25.228 [info] [VerilogDocumentSymbolProvider] [VerilogSymbol] Symbols Requested: file:///home/sgass/Projects/kepler/hdl/rtl/ethernet/ethernet_to_axis.sv
2025-03-14 09:39:25.235 [info] [VerilogDocumentSymbolProvider] 1 top-level symbols returned
2025-03-14 09:39:25.721 [info] [VerilogDocumentSymbolProvider] [VerilogSymbol] Symbols Requested: file:///home/sgass/Projects/kepler/hdl/rtl/ethernet/ethernet_to_axis.sv
2025-03-14 09:39:25.728 [info] [VerilogDocumentSymbolProvider] 1 top-level symbols returned
2025-03-14 09:39:28.172 [info] [VerilogDocumentSymbolProvider] [VerilogSymbol] Symbols Requested: file:///home/sgass/Projects/kepler/hdl/rtl/ethernet/ethernet_to_axis.sv
2025-03-14 09:39:28.179 [info] [VerilogDocumentSymbolProvider] 1 top-level symbols returned
2025-03-14 09:39:28.609 [info] [VerilogDocumentSymbolProvider] [VerilogSymbol] Symbols Requested: file:///home/sgass/Projects/kepler/hdl/rtl/ethernet/ethernet_to_axis.sv
2025-03-14 09:39:28.615 [info] [VerilogDocumentSymbolProvider] 1 top-level symbols returned
2025-03-14 09:39:32.405 [info] [VerilogHoverProvider] Hover requested
2025-03-14 09:39:32.856 [warning] [VerilogHoverProvider] Hover object not found
2025-03-14 09:39:44.172 [info] [VerilogHoverProvider] Hover requested
2025-03-14 09:39:44.555 [info] [VerilogHoverProvider] Hover requested
2025-03-14 09:39:44.581 [warning] [VerilogHoverProvider] Hover object not found
2025-03-14 09:39:44.952 [warning] [VerilogHoverProvider] Hover object not found
2025-03-14 09:39:52.288 [info] [VerilogDocumentSymbolProvider] [VerilogSymbol] Symbols Requested: file:///home/sgass/Projects/kepler/hdl/rtl/ethernet/ethernet_to_axis.sv
2025-03-14 09:39:52.295 [info] [VerilogDocumentSymbolProvider] 1 top-level symbols returned
2025-03-14 09:39:52.553 [info] [VerilogHoverProvider] Hover requested
2025-03-14 09:39:52.966 [info] [VerilogHoverProvider] Hover object returned
2025-03-14 09:39:53.673 [info] [VerilogDefinitionProvider] Definitions Requested: file:///home/sgass/Projects/kepler/hdl/rtl/ethernet/ethernet_to_axis.sv
2025-03-14 09:39:54.094 [info] [VerilogDefinitionProvider] 1 definitions returned
2025-03-14 09:40:02.419 [info] [VerilogHoverProvider] Hover requested
2025-03-14 09:40:02.872 [info] [VerilogHoverProvider] Hover object returned
2025-03-14 09:40:04.256 [info] [VerilogDefinitionProvider] Definitions Requested: file:///home/sgass/Projects/kepler/hdl/rtl/ethernet/ethernet_to_axis.sv
2025-03-14 09:40:04.666 [info] [VerilogDefinitionProvider] 1 definitions returned
2025-03-14 09:40:06.611 [info] [VerilogDefinitionProvider] Definitions Requested: file:///home/sgass/Projects/kepler/hdl/rtl/ethernet/ethernet_to_axis.sv
2025-03-14 09:40:07.054 [info] [VerilogDefinitionProvider] 1 definitions returned
2025-03-14 09:40:07.165 [info] [VerilogDocumentSymbolProvider] [VerilogSymbol] Symbols Requested: file:///home/sgass/Projects/kepler/hdl/rtl/ethernet/ethernet_to_axis.sv
2025-03-14 09:40:07.170 [info] [VerilogDocumentSymbolProvider] 1 top-level symbols returned
2025-03-14 09:40:07.536 [info] [VerilogDocumentSymbolProvider] [VerilogSymbol] Symbols Requested: file:///home/sgass/Projects/kepler/hdl/rtl/ethernet/ethernet_to_axis.sv
2025-03-14 09:40:07.542 [info] [VerilogDocumentSymbolProvider] 1 top-level symbols returned
2025-03-14 09:40:18.745 [info] [VerilogDocumentSymbolProvider] [VerilogSymbol] Symbols Requested: file:///home/sgass/Projects/kepler/hdl/rtl/ethernet/ethernet_to_axis.sv
2025-03-14 09:40:18.751 [info] [VerilogDocumentSymbolProvider] 1 top-level symbols returned
2025-03-14 09:40:19.719 [info] [VerilogHoverProvider] Hover requested
2025-03-14 09:40:27.649 [info] [VerilogDocumentSymbolProvider] [VerilogSymbol] Symbols Requested: file:///home/sgass/Projects/kepler/hdl/rtl/ethernet/ethernet_to_axis.sv
2025-03-14 09:40:27.656 [info] [VerilogDocumentSymbolProvider] 1 top-level symbols returned
2025-03-14 09:40:28.032 [info] [VerilogDocumentSymbolProvider] [VerilogSymbol] Symbols Requested: file:///home/sgass/Projects/kepler/hdl/rtl/ethernet/ethernet_to_axis.sv
2025-03-14 09:40:28.039 [info] [VerilogDocumentSymbolProvider] 1 top-level symbols returned
2025-03-14 09:40:32.743 [info] [VerilogDocumentSymbolProvider] [VerilogSymbol] Symbols Requested: file:///home/sgass/Projects/kepler/hdl/rtl/ethernet/ethernet_to_axis.sv
2025-03-14 09:40:32.749 [info] [VerilogDocumentSymbolProvider] 1 top-level symbols returned
2025-03-14 09:40:33.859 [info] [VerilogDocumentSymbolProvider] [VerilogSymbol] Symbols Requested: file:///home/sgass/Projects/kepler/hdl/rtl/ethernet/ethernet_to_axis.sv
2025-03-14 09:40:33.866 [info] [VerilogDocumentSymbolProvider] 1 top-level symbols returned
2025-03-14 09:40:38.527 [info] [VerilogDocumentSymbolProvider] [VerilogSymbol] Symbols Requested: file:///home/sgass/Projects/kepler/hdl/rtl/ethernet/ethernet_to_axis.sv
2025-03-14 09:40:38.534 [info] [VerilogDocumentSymbolProvider] 1 top-level symbols returned
2025-03-14 09:40:40.864 [info] [VerilogDocumentSymbolProvider] [VerilogSymbol] Symbols Requested: file:///home/sgass/Projects/kepler/hdl/rtl/ethernet/ethernet_to_axis.sv
2025-03-14 09:40:40.870 [info] [VerilogDocumentSymbolProvider] 1 top-level symbols returned
2025-03-14 09:40:41.928 [info] [VerilogHoverProvider] Hover requested
2025-03-14 09:40:42.357 [warning] [VerilogHoverProvider] Hover object not found
2025-03-14 09:40:42.834 [info] [VerilogHoverProvider] Hover requested
2025-03-14 09:40:43.200 [info] [VerilogHoverProvider] Hover requested
2025-03-14 09:40:43.312 [warning] [VerilogHoverProvider] Hover object not found
2025-03-14 09:40:43.600 [warning] [VerilogHoverProvider] Hover object not found
2025-03-14 09:40:43.867 [info] [VerilogHoverProvider] Hover requested
2025-03-14 09:40:44.151 [info] [VerilogHoverProvider] Hover requested
2025-03-14 09:40:44.377 [warning] [VerilogHoverProvider] Hover object not found
2025-03-14 09:40:44.570 [warning] [VerilogHoverProvider] Hover object not found
2025-03-14 09:41:00.686 [info] [VerilogHoverProvider] Hover requested
2025-03-14 09:41:00.867 [info] [VerilogHoverProvider] Hover requested
2025-03-14 09:41:01.111 [info] [VerilogHoverProvider] Hover object returned
2025-03-14 09:41:01.257 [info] [VerilogHoverProvider] Hover object returned
2025-03-14 09:41:04.795 [info] [VerilogDocumentSymbolProvider] [VerilogSymbol] Symbols Requested: file:///home/sgass/Projects/kepler/hdl/rtl/ethernet/ethernet_to_axis.sv
2025-03-14 09:41:04.803 [info] [VerilogDocumentSymbolProvider] 1 top-level symbols returned
2025-03-14 09:41:05.213 [info] [VerilogDocumentSymbolProvider] [VerilogSymbol] Symbols Requested: file:///home/sgass/Projects/kepler/hdl/rtl/ethernet/ethernet_to_axis.sv
2025-03-14 09:41:05.220 [info] [VerilogDocumentSymbolProvider] 1 top-level symbols returned
2025-03-14 09:41:05.663 [info] [VerilogDocumentSymbolProvider] [VerilogSymbol] Symbols Requested: file:///home/sgass/Projects/kepler/hdl/rtl/ethernet/ethernet_to_axis.sv
2025-03-14 09:41:05.669 [info] [VerilogDocumentSymbolProvider] 1 top-level symbols returned
2025-03-14 09:41:06.484 [info] [VerilogHoverProvider] Hover requested
2025-03-14 09:41:07.985 [info] [VerilogHoverProvider] Hover requested
2025-03-14 09:41:10.282 [info] [VerilogHoverProvider] Hover requested
2025-03-14 09:41:10.760 [info] [VerilogHoverProvider] Hover object returned
2025-03-14 09:41:16.267 [info] [VerilogHoverProvider] Hover requested
2025-03-14 09:41:16.583 [info] [VerilogHoverProvider] Hover requested
2025-03-14 09:41:17.087 [info] [VerilogHoverProvider] Hover requested
2025-03-14 09:41:17.477 [warning] [VerilogHoverProvider] Hover object not found
2025-03-14 09:41:18.633 [info] [VerilogHoverProvider] Hover requested
2025-03-14 09:41:19.601 [info] [VerilogHoverProvider] Hover requested
2025-03-14 09:41:22.677 [info] [VerilogHoverProvider] Hover requested
2025-03-14 09:41:29.303 [info] [VerilogHoverProvider] Hover requested
2025-03-14 09:41:30.541 [info] [VerilogHoverProvider] Hover requested
2025-03-14 09:41:31.325 [info] [VerilogHoverProvider] Hover requested
2025-03-14 09:41:31.747 [info] [VerilogHoverProvider] Hover object returned
2025-03-14 09:41:34.574 [info] [VerilogHoverProvider] Hover requested
2025-03-14 09:41:35.013 [info] [VerilogHoverProvider] Hover object returned
2025-03-14 09:41:35.097 [info] [VerilogHoverProvider] Hover requested
2025-03-14 09:41:35.486 [warning] [VerilogHoverProvider] Hover object not found
2025-03-14 09:41:35.805 [info] [VerilogDefinitionProvider] Definitions Requested: file:///home/sgass/Projects/kepler/hdl/rtl/ethernet/ethernet_to_axis.sv
2025-03-14 09:41:36.239 [info] [VerilogDefinitionProvider] 0 definitions returned
2025-03-14 09:41:52.350 [info] [VerilogHoverProvider] Hover requested
2025-03-14 09:41:52.798 [info] [VerilogHoverProvider] Hover object returned
2025-03-14 09:42:10.964 [info] [VerilogHoverProvider] Hover requested
2025-03-14 09:42:11.440 [info] [VerilogHoverProvider] Hover object returned
2025-03-14 09:42:44.606 [info] [VerilogDocumentSymbolProvider] [VerilogSymbol] Symbols Requested: file:///home/sgass/Projects/kepler/hdl/rtl/ethernet/ethernet_to_axis.sv
2025-03-14 09:42:44.612 [info] [VerilogDocumentSymbolProvider] 1 top-level symbols returned
2025-03-14 09:42:46.198 [info] [VerilogDocumentSymbolProvider] [VerilogSymbol] Symbols Requested: file:///home/sgass/Projects/kepler/hdl/rtl/ethernet/ethernet_to_axis.sv
2025-03-14 09:42:46.204 [info] [VerilogDocumentSymbolProvider] 1 top-level symbols returned
2025-03-14 09:42:46.709 [info] [VerilogDocumentSymbolProvider] [VerilogSymbol] Symbols Requested: file:///home/sgass/Projects/kepler/hdl/rtl/ethernet/ethernet_to_axis.sv
2025-03-14 09:42:46.716 [info] [VerilogDocumentSymbolProvider] 1 top-level symbols returned
2025-03-14 09:42:47.726 [info] [VerilogDocumentSymbolProvider] [VerilogSymbol] Symbols Requested: file:///home/sgass/Projects/kepler/hdl/rtl/ethernet/ethernet_to_axis.sv
2025-03-14 09:42:47.732 [info] [VerilogDocumentSymbolProvider] 1 top-level symbols returned
2025-03-14 09:42:48.335 [info] [VerilogDocumentSymbolProvider] [VerilogSymbol] Symbols Requested: file:///home/sgass/Projects/kepler/hdl/rtl/ethernet/ethernet_to_axis.sv
2025-03-14 09:42:48.341 [info] [VerilogDocumentSymbolProvider] 1 top-level symbols returned
2025-03-14 09:42:49.754 [info] [VerilogDocumentSymbolProvider] [VerilogSymbol] Symbols Requested: file:///home/sgass/Projects/kepler/hdl/rtl/ethernet/ethernet_to_axis.sv
2025-03-14 09:42:49.761 [info] [VerilogDocumentSymbolProvider] 1 top-level symbols returned
2025-03-14 09:42:57.413 [info] [VerilogHoverProvider] Hover requested
2025-03-14 09:42:57.919 [info] [VerilogHoverProvider] Hover object returned
2025-03-14 09:42:59.396 [info] [VerilogHoverProvider] Hover requested
2025-03-14 09:42:59.849 [info] [VerilogHoverProvider] Hover object returned
2025-03-14 09:43:00.310 [info] [VerilogHoverProvider] Hover requested
2025-03-14 09:43:00.715 [info] [VerilogHoverProvider] Hover object returned
2025-03-14 09:43:00.725 [info] [VerilogHoverProvider] Hover requested
2025-03-14 09:43:01.164 [warning] [VerilogHoverProvider] Hover object not found
2025-03-14 09:43:03.120 [info] [VerilogCompletionItemProvider] Completion items requested
2025-03-14 09:43:03.121 [info] [VerilogCompletionItemProvider] 127 items requested
2025-03-14 09:43:03.668 [info] [VerilogDocumentSymbolProvider] [VerilogSymbol] Symbols Requested: file:///home/sgass/Projects/kepler/hdl/rtl/ethernet/ethernet_to_axis.sv
2025-03-14 09:43:03.674 [info] [VerilogDocumentSymbolProvider] 1 top-level symbols returned
2025-03-14 09:43:05.407 [info] [VerilogDocumentSymbolProvider] [VerilogSymbol] Symbols Requested: file:///home/sgass/Projects/kepler/hdl/rtl/ethernet/ethernet_to_axis.sv
2025-03-14 09:43:05.414 [info] [VerilogDocumentSymbolProvider] 1 top-level symbols returned
2025-03-14 09:43:05.651 [info] [VerilogCompletionItemProvider] Completion items requested
2025-03-14 09:43:05.652 [info] [VerilogCompletionItemProvider] 127 items requested
2025-03-14 09:43:05.991 [info] [VerilogDocumentSymbolProvider] [VerilogSymbol] Symbols Requested: file:///home/sgass/Projects/kepler/hdl/rtl/ethernet/ethernet_to_axis.sv
2025-03-14 09:43:05.997 [info] [VerilogDocumentSymbolProvider] 1 top-level symbols returned
2025-03-14 09:43:07.893 [info] [VerilogDocumentSymbolProvider] [VerilogSymbol] Symbols Requested: file:///home/sgass/Projects/kepler/hdl/rtl/ethernet/ethernet_to_axis.sv
2025-03-14 09:43:07.899 [info] [VerilogDocumentSymbolProvider] 1 top-level symbols returned
2025-03-14 09:43:08.249 [info] [VerilogCompletionItemProvider] Completion items requested
2025-03-14 09:43:08.250 [info] [VerilogCompletionItemProvider] 127 items requested
2025-03-14 09:43:09.206 [info] [VerilogDocumentSymbolProvider] [VerilogSymbol] Symbols Requested: file:///home/sgass/Projects/kepler/hdl/rtl/ethernet/ethernet_to_axis.sv
2025-03-14 09:43:09.212 [info] [VerilogDocumentSymbolProvider] 1 top-level symbols returned
2025-03-14 09:43:09.554 [info] [VerilogCompletionItemProvider] Completion items requested
2025-03-14 09:43:09.554 [info] [VerilogCompletionItemProvider] 127 items requested
2025-03-14 09:43:09.893 [info] [VerilogDocumentSymbolProvider] [VerilogSymbol] Symbols Requested: file:///home/sgass/Projects/kepler/hdl/rtl/ethernet/ethernet_to_axis.sv
2025-03-14 09:43:09.899 [info] [VerilogDocumentSymbolProvider] 1 top-level symbols returned
2025-03-14 09:43:11.688 [info] [VerilogDocumentSymbolProvider] [VerilogSymbol] Symbols Requested: file:///home/sgass/Projects/kepler/hdl/rtl/ethernet/ethernet_to_axis.sv
2025-03-14 09:43:11.694 [info] [VerilogDocumentSymbolProvider] 1 top-level symbols returned
2025-03-14 09:43:12.285 [info] [VerilogDocumentSymbolProvider] [VerilogSymbol] Symbols Requested: file:///home/sgass/Projects/kepler/hdl/rtl/ethernet/ethernet_to_axis.sv
2025-03-14 09:43:12.291 [info] [VerilogDocumentSymbolProvider] 1 top-level symbols returned
2025-03-14 09:43:19.963 [info] [VerilogHoverProvider] Hover requested
2025-03-14 09:43:20.164 [info] [VerilogHoverProvider] Hover requested
2025-03-14 09:43:20.433 [info] [VerilogHoverProvider] Hover object returned
2025-03-14 09:43:20.532 [info] [VerilogHoverProvider] Hover requested
2025-03-14 09:43:20.595 [info] [VerilogHoverProvider] Hover object returned
2025-03-14 09:43:20.967 [info] [VerilogHoverProvider] Hover object returned
2025-03-14 09:43:24.844 [info] [VerilogHoverProvider] Hover requested
2025-03-14 09:43:25.110 [info] [VerilogHoverProvider] Hover requested
2025-03-14 09:43:25.302 [warning] [VerilogHoverProvider] Hover object not found
2025-03-14 09:43:25.501 [info] [VerilogDefinitionProvider] Definitions Requested: file:///home/sgass/Projects/kepler/hdl/rtl/ethernet/ethernet_to_axis.sv
2025-03-14 09:43:25.502 [warning] [VerilogHoverProvider] Hover object not found
2025-03-14 09:43:25.926 [info] [VerilogDefinitionProvider] 0 definitions returned
2025-03-14 09:43:34.231 [info] [VerilogDocumentSymbolProvider] [VerilogSymbol] Symbols Requested: file:///home/sgass/Projects/kepler/hdl/rtl/ethernet/ethernet_to_axis.sv
2025-03-14 09:43:34.236 [info] [VerilogDocumentSymbolProvider] 1 top-level symbols returned
2025-03-14 09:43:35.583 [info] [VerilogDocumentSymbolProvider] [VerilogSymbol] Symbols Requested: file:///home/sgass/Projects/kepler/hdl/rtl/ethernet/ethernet_to_axis.sv
2025-03-14 09:43:35.589 [info] [VerilogDocumentSymbolProvider] 1 top-level symbols returned
2025-03-14 09:43:40.371 [info] [VerilogDocumentSymbolProvider] [VerilogSymbol] Symbols Requested: file:///home/sgass/Projects/kepler/hdl/rtl/ethernet/ethernet_to_axis.sv
2025-03-14 09:43:40.378 [info] [VerilogDocumentSymbolProvider] 1 top-level symbols returned
2025-03-14 09:43:42.931 [info] on save
2025-03-14 09:43:46.793 [info] [VerilogHoverProvider] Hover requested
2025-03-14 09:43:46.793 [info] indexing "/home/sgass/Projects/kepler/hdl/rtl/ethernet/ethernet_to_axis.sv"
2025-03-14 09:43:46.793 [info] executing ctags
2025-03-14 09:43:46.793 [info] Executing Command: ctags -f - --fields=+K --sort=no --excmd=n --fields-SystemVerilog=+{parameter} "/home/sgass/Projects/kepler/hdl/rtl/ethernet/ethernet_to_axis.sv"
2025-03-14 09:43:46.804 [info] building symbols
2025-03-14 09:43:47.215 [warning] [VerilogHoverProvider] Hover object not found
2025-03-14 09:43:47.570 [info] [VerilogHoverProvider] Hover requested
2025-03-14 09:43:48.020 [warning] [VerilogHoverProvider] Hover object not found
2025-03-14 09:43:55.314 [info] [VerilogHoverProvider] Hover requested
2025-03-14 09:43:55.741 [info] [VerilogHoverProvider] Hover object returned
2025-03-14 09:43:59.033 [info] [VerilogHoverProvider] Hover requested
2025-03-14 09:43:59.415 [info] [VerilogHoverProvider] Hover requested
2025-03-14 09:43:59.453 [info] [VerilogHoverProvider] Hover object returned
2025-03-14 09:43:59.819 [info] [VerilogHoverProvider] Hover object returned
2025-03-14 09:43:59.865 [info] [VerilogHoverProvider] Hover requested
2025-03-14 09:44:00.283 [info] [VerilogHoverProvider] Hover requested
2025-03-14 09:44:00.303 [info] [VerilogHoverProvider] Hover object returned
2025-03-14 09:44:00.667 [info] [VerilogHoverProvider] Hover object returned
2025-03-14 09:44:01.657 [info] [VerilogHoverProvider] Hover requested
2025-03-14 09:44:01.962 [info] [VerilogHoverProvider] Hover requested
2025-03-14 09:44:02.084 [info] [VerilogHoverProvider] Hover object returned
2025-03-14 09:44:02.370 [info] [VerilogHoverProvider] Hover object returned
2025-03-14 09:44:18.628 [info] [VerilogHoverProvider] Hover requested
2025-03-14 09:44:19.011 [info] [VerilogHoverProvider] Hover requested
2025-03-14 09:44:19.088 [info] [VerilogHoverProvider] Hover object returned
2025-03-14 09:44:19.437 [info] [VerilogHoverProvider] Hover object returned
2025-03-14 09:44:20.152 [info] [VerilogHoverProvider] Hover requested
2025-03-14 09:44:20.460 [info] [VerilogHoverProvider] Hover requested
2025-03-14 09:44:20.585 [info] [VerilogHoverProvider] Hover object returned
2025-03-14 09:44:20.876 [info] [VerilogHoverProvider] Hover object returned
2025-03-14 09:44:22.050 [info] [VerilogHoverProvider] Hover requested
2025-03-14 09:44:22.383 [info] [VerilogHoverProvider] Hover requested
2025-03-14 09:44:22.471 [info] [VerilogHoverProvider] Hover object returned
2025-03-14 09:44:22.767 [info] [VerilogHoverProvider] Hover object returned
2025-03-14 09:44:24.361 [info] [VerilogHoverProvider] Hover requested
2025-03-14 09:44:24.711 [info] [VerilogHoverProvider] Hover requested
2025-03-14 09:44:31.966 [info] [VerilogDocumentSymbolProvider] [VerilogSymbol] Symbols Requested: file:///home/sgass/Projects/kepler/hdl/rtl/ethernet/ethernet_to_axis.sv
2025-03-14 09:44:31.967 [info] [VerilogDocumentSymbolProvider] 1 top-level symbols returned
2025-03-14 09:44:48.292 [info] [VerilogHoverProvider] Hover requested
2025-03-14 09:44:48.725 [info] [VerilogHoverProvider] Hover requested
2025-03-14 09:44:48.749 [info] [VerilogHoverProvider] Hover object returned
2025-03-14 09:44:49.148 [info] [VerilogHoverProvider] Hover object returned
2025-03-14 09:44:59.655 [info] [VerilogHoverProvider] Hover requested
2025-03-14 09:45:00.106 [info] [VerilogHoverProvider] Hover object returned
2025-03-14 09:45:05.451 [info] [VerilogHoverProvider] Hover requested
2025-03-14 09:45:05.930 [info] [VerilogHoverProvider] Hover object returned
2025-03-14 09:45:06.960 [info] [VerilogHoverProvider] Hover requested
2025-03-14 09:45:07.379 [info] [VerilogHoverProvider] Hover object returned
2025-03-14 09:45:17.559 [info] [VerilogHoverProvider] Hover requested
2025-03-14 09:45:17.908 [info] [VerilogHoverProvider] Hover requested
2025-03-14 09:45:17.990 [info] [VerilogHoverProvider] Hover object returned
2025-03-14 09:45:18.288 [info] [VerilogHoverProvider] Hover requested
2025-03-14 09:45:18.304 [info] [VerilogHoverProvider] Hover object returned
2025-03-14 09:45:18.722 [info] [VerilogHoverProvider] Hover object returned
2025-03-14 09:45:20.892 [info] [VerilogDocumentSymbolProvider] [VerilogSymbol] Symbols Requested: file:///home/sgass/Projects/kepler/hdl/rtl/ethernet/ethernet_to_axis.sv
2025-03-14 09:45:20.896 [info] [VerilogDocumentSymbolProvider] 1 top-level symbols returned
2025-03-14 09:45:27.834 [info] [VerilogHoverProvider] Hover requested
2025-03-14 09:45:28.325 [info] [VerilogHoverProvider] Hover object returned
2025-03-14 09:45:28.383 [info] [VerilogHoverProvider] Hover requested
2025-03-14 09:45:28.780 [info] [VerilogHoverProvider] Hover object returned
2025-03-14 09:45:32.416 [info] [VerilogDocumentSymbolProvider] [VerilogSymbol] Symbols Requested: file:///home/sgass/Projects/kepler/hdl/rtl/ethernet/ethernet_to_axis.sv
2025-03-14 09:45:32.420 [info] [VerilogDocumentSymbolProvider] 1 top-level symbols returned
2025-03-14 09:45:33.431 [info] [VerilogCompletionItemProvider] Completion items requested
2025-03-14 09:45:33.431 [info] [VerilogCompletionItemProvider] 98 items requested
2025-03-14 09:45:33.506 [info] [VerilogCompletionItemProvider] Completion items requested
2025-03-14 09:45:33.507 [info] [VerilogCompletionItemProvider] 98 items requested
2025-03-14 09:45:33.804 [info] [VerilogCompletionItemProvider] Completion items requested
2025-03-14 09:45:33.804 [info] [VerilogCompletionItemProvider] 98 items requested
2025-03-14 09:45:33.934 [info] [VerilogCompletionItemProvider] Completion items requested
2025-03-14 09:45:33.934 [info] [VerilogCompletionItemProvider] 98 items requested
2025-03-14 09:45:34.274 [info] [VerilogDocumentSymbolProvider] [VerilogSymbol] Symbols Requested: file:///home/sgass/Projects/kepler/hdl/rtl/ethernet/ethernet_to_axis.sv
2025-03-14 09:45:34.278 [info] [VerilogDocumentSymbolProvider] 1 top-level symbols returned
2025-03-14 09:45:55.138 [info] [VerilogDocumentSymbolProvider] [VerilogSymbol] Symbols Requested: file:///home/sgass/Projects/kepler/hdl/rtl/ethernet/ethernet_to_axis.sv
2025-03-14 09:45:55.142 [info] [VerilogDocumentSymbolProvider] 1 top-level symbols returned
2025-03-14 09:45:55.676 [info] [VerilogDocumentSymbolProvider] [VerilogSymbol] Symbols Requested: file:///home/sgass/Projects/kepler/hdl/rtl/ethernet/ethernet_to_axis.sv
2025-03-14 09:45:55.680 [info] [VerilogDocumentSymbolProvider] 1 top-level symbols returned
2025-03-14 09:45:58.273 [info] [VerilogHoverProvider] Hover requested
2025-03-14 09:45:58.742 [info] [VerilogHoverProvider] Hover object returned
2025-03-14 09:46:00.118 [info] [VerilogDocumentSymbolProvider] [VerilogSymbol] Symbols Requested: file:///home/sgass/Projects/kepler/hdl/rtl/ethernet/ethernet_to_axis.sv
2025-03-14 09:46:00.122 [info] [VerilogDocumentSymbolProvider] 1 top-level symbols returned
2025-03-14 09:46:00.537 [info] [VerilogDocumentSymbolProvider] [VerilogSymbol] Symbols Requested: file:///home/sgass/Projects/kepler/hdl/rtl/ethernet/ethernet_to_axis.sv
2025-03-14 09:46:00.541 [info] [VerilogDocumentSymbolProvider] 1 top-level symbols returned
2025-03-14 09:46:06.622 [info] [VerilogHoverProvider] Hover requested
2025-03-14 09:46:06.823 [info] [VerilogHoverProvider] Hover requested
2025-03-14 09:46:07.054 [warning] [VerilogHoverProvider] Hover object not found
2025-03-14 09:46:07.238 [warning] [VerilogHoverProvider] Hover object not found
2025-03-14 09:46:07.606 [info] [VerilogHoverProvider] Hover requested
2025-03-14 09:46:07.940 [info] [VerilogCompletionItemProvider] Completion items requested
2025-03-14 09:46:07.940 [info] [VerilogCompletionItemProvider] 98 items requested
2025-03-14 09:46:08.022 [info] [VerilogHoverProvider] Hover object returned
2025-03-14 09:46:08.494 [info] [VerilogCompletionItemProvider] Completion items requested
2025-03-14 09:46:08.494 [info] [VerilogCompletionItemProvider] 98 items requested
2025-03-14 09:46:09.445 [info] [VerilogDocumentSymbolProvider] [VerilogSymbol] Symbols Requested: file:///home/sgass/Projects/kepler/hdl/rtl/ethernet/ethernet_to_axis.sv
2025-03-14 09:46:09.448 [info] [VerilogDocumentSymbolProvider] 1 top-level symbols returned
2025-03-14 09:46:12.830 [info] [VerilogDocumentSymbolProvider] [VerilogSymbol] Symbols Requested: file:///home/sgass/Projects/kepler/hdl/rtl/ethernet/ethernet_to_axis.sv
2025-03-14 09:46:12.834 [info] [VerilogDocumentSymbolProvider] 1 top-level symbols returned
2025-03-14 09:46:15.726 [info] [VerilogHoverProvider] Hover requested
2025-03-14 09:46:16.007 [info] [VerilogHoverProvider] Hover requested
2025-03-14 09:46:16.150 [warning] [VerilogHoverProvider] Hover object not found
2025-03-14 09:46:16.434 [warning] [VerilogHoverProvider] Hover object not found
2025-03-14 09:46:26.479 [info] [VerilogDocumentSymbolProvider] [VerilogSymbol] Symbols Requested: file:///home/sgass/Projects/kepler/hdl/rtl/ethernet/ethernet_to_axis.sv
2025-03-14 09:46:26.482 [info] [VerilogDocumentSymbolProvider] 1 top-level symbols returned
2025-03-14 09:46:28.160 [info] [VerilogHoverProvider] Hover requested
2025-03-14 09:46:28.614 [warning] [VerilogHoverProvider] Hover object not found
2025-03-14 09:46:28.927 [info] [VerilogDefinitionProvider] Definitions Requested: file:///home/sgass/Projects/kepler/hdl/rtl/ethernet/ethernet_to_axis.sv
2025-03-14 09:46:29.387 [info] [VerilogDefinitionProvider] 0 definitions returned
2025-03-14 09:46:34.848 [info] [VerilogDocumentSymbolProvider] [VerilogSymbol] Symbols Requested: file:///home/sgass/Projects/kepler/hdl/rtl/ethernet/ethernet_to_axis.sv
2025-03-14 09:46:34.852 [info] [VerilogDocumentSymbolProvider] 1 top-level symbols returned
2025-03-14 09:46:36.736 [info] [VerilogDocumentSymbolProvider] [VerilogSymbol] Symbols Requested: file:///home/sgass/Projects/kepler/hdl/rtl/ethernet/ethernet_to_axis.sv
2025-03-14 09:46:36.739 [info] [VerilogDocumentSymbolProvider] 1 top-level symbols returned
2025-03-14 09:46:55.230 [info] [VerilogDocumentSymbolProvider] [VerilogSymbol] Symbols Requested: file:///home/sgass/Projects/kepler/hdl/rtl/ethernet/ethernet_to_axis.sv
2025-03-14 09:46:55.234 [info] [VerilogDocumentSymbolProvider] 1 top-level symbols returned
2025-03-14 09:46:56.589 [info] [VerilogHoverProvider] Hover requested
2025-03-14 09:46:57.035 [warning] [VerilogHoverProvider] Hover object not found
2025-03-14 09:46:58.590 [info] [VerilogHoverProvider] Hover requested
2025-03-14 09:46:58.985 [info] [VerilogHoverProvider] Hover object returned
2025-03-14 09:46:59.404 [info] [VerilogHoverProvider] Hover requested
2025-03-14 09:46:59.810 [info] [VerilogHoverProvider] Hover object returned
2025-03-14 09:47:01.992 [info] [VerilogDocumentSymbolProvider] [VerilogSymbol] Symbols Requested: file:///home/sgass/Projects/kepler/hdl/rtl/ethernet/ethernet_to_axis.sv
2025-03-14 09:47:01.996 [info] [VerilogDocumentSymbolProvider] 1 top-level symbols returned
2025-03-14 09:47:02.604 [info] [VerilogHoverProvider] Hover requested
2025-03-14 09:47:18.705 [info] [VerilogHoverProvider] Hover requested
2025-03-14 09:47:19.148 [info] [VerilogHoverProvider] Hover object returned
2025-03-14 09:47:20.342 [info] [VerilogHoverProvider] Hover requested
2025-03-14 09:47:20.654 [info] [VerilogHoverProvider] Hover requested
2025-03-14 09:47:20.844 [info] [VerilogHoverProvider] Hover object returned
2025-03-14 09:47:20.885 [info] [VerilogHoverProvider] Hover requested
2025-03-14 09:47:21.301 [info] [VerilogHoverProvider] Hover object returned
2025-03-14 09:47:22.322 [info] [VerilogHoverProvider] Hover requested
2025-03-14 09:47:22.802 [info] [VerilogHoverProvider] Hover object returned
2025-03-14 09:47:23.320 [info] [VerilogHoverProvider] Hover requested
2025-03-14 09:47:23.725 [info] [VerilogHoverProvider] Hover object returned
2025-03-14 09:47:26.967 [info] [VerilogHoverProvider] Hover requested
2025-03-14 09:47:27.390 [info] [VerilogHoverProvider] Hover object returned
2025-03-14 09:47:27.536 [info] [VerilogHoverProvider] Hover requested
2025-03-14 09:47:28.014 [warning] [VerilogHoverProvider] Hover object not found
2025-03-14 09:47:49.590 [info] [VerilogHoverProvider] Hover requested
2025-03-14 09:47:49.990 [info] [VerilogHoverProvider] Hover requested
2025-03-14 09:47:49.995 [info] [VerilogHoverProvider] Hover object returned
2025-03-14 09:47:50.379 [info] [VerilogHoverProvider] Hover object returned
2025-03-14 09:47:51.601 [info] [VerilogHoverProvider] Hover requested
2025-03-14 09:47:52.036 [info] [VerilogHoverProvider] Hover object returned
2025-03-14 09:47:52.628 [info] [VerilogHoverProvider] Hover requested
2025-03-14 09:47:53.069 [info] [VerilogHoverProvider] Hover object returned
2025-03-14 09:47:53.386 [info] [VerilogHoverProvider] Hover requested
2025-03-14 09:47:53.896 [info] [VerilogDefinitionProvider] Definitions Requested: file:///home/sgass/Projects/kepler/hdl/rtl/ethernet/ethernet_to_axis.sv
2025-03-14 09:47:54.306 [info] [VerilogDefinitionProvider] 1 definitions returned
2025-03-14 09:47:58.573 [info] [VerilogDocumentSymbolProvider] [VerilogSymbol] Symbols Requested: file:///home/sgass/Projects/kepler/hdl/rtl/ethernet/ethernet_to_axis.sv
2025-03-14 09:47:58.576 [info] [VerilogDocumentSymbolProvider] 1 top-level symbols returned
2025-03-14 09:48:01.185 [info] [VerilogHoverProvider] Hover requested
2025-03-14 09:48:01.590 [info] [VerilogHoverProvider] Hover object returned
2025-03-14 09:48:01.883 [info] [VerilogHoverProvider] Hover requested
2025-03-14 09:48:03.901 [info] [VerilogHoverProvider] Hover requested
2025-03-14 09:48:04.636 [info] [VerilogHoverProvider] Hover requested
2025-03-14 09:48:05.063 [warning] [VerilogHoverProvider] Hover object not found
2025-03-14 09:48:07.338 [info] [VerilogHoverProvider] Hover requested
2025-03-14 09:48:07.957 [info] [VerilogHoverProvider] Hover requested
2025-03-14 09:48:08.385 [warning] [VerilogHoverProvider] Hover object not found
2025-03-14 09:48:09.259 [info] [VerilogHoverProvider] Hover requested
2025-03-14 09:48:09.763 [info] [VerilogHoverProvider] Hover object returned
2025-03-14 09:48:10.242 [info] [VerilogHoverProvider] Hover requested
2025-03-14 09:48:10.678 [info] [VerilogHoverProvider] Hover object returned
2025-03-14 09:48:11.153 [info] [VerilogHoverProvider] Hover requested
2025-03-14 09:48:11.472 [info] [VerilogHoverProvider] Hover requested
2025-03-14 09:48:11.608 [info] [VerilogHoverProvider] Hover object returned
2025-03-14 09:48:11.717 [info] [VerilogHoverProvider] Hover requested
2025-03-14 09:48:11.897 [info] [VerilogHoverProvider] Hover object returned
2025-03-14 09:48:12.129 [info] [VerilogHoverProvider] Hover object returned
2025-03-14 09:48:15.092 [info] [VerilogDocumentSymbolProvider] [VerilogSymbol] Symbols Requested: file:///home/sgass/Projects/kepler/hdl/rtl/ethernet/ethernet_to_axis.sv
2025-03-14 09:48:15.096 [info] [VerilogDocumentSymbolProvider] 1 top-level symbols returned
2025-03-14 09:48:22.052 [info] [VerilogHoverProvider] Hover requested
2025-03-14 09:48:28.110 [info] [VerilogHoverProvider] Hover requested
2025-03-14 09:48:28.507 [warning] [VerilogHoverProvider] Hover object not found
2025-03-14 09:48:29.446 [info] [VerilogHoverProvider] Hover requested
2025-03-14 09:48:29.878 [info] [VerilogHoverProvider] Hover object returned
2025-03-14 09:48:30.349 [info] [VerilogHoverProvider] Hover requested
2025-03-14 09:48:30.773 [warning] [VerilogHoverProvider] Hover object not found
2025-03-14 09:48:31.484 [info] [VerilogHoverProvider] Hover requested
2025-03-14 09:48:31.666 [info] [VerilogHoverProvider] Hover requested
2025-03-14 09:48:31.971 [warning] [VerilogHoverProvider] Hover object not found
2025-03-14 09:48:32.078 [warning] [VerilogHoverProvider] Hover object not found
2025-03-14 09:48:33.203 [info] [VerilogHoverProvider] Hover requested
2025-03-14 09:48:33.650 [info] [VerilogHoverProvider] Hover object returned
2025-03-14 09:48:33.719 [info] [VerilogHoverProvider] Hover requested
2025-03-14 09:48:34.186 [info] [VerilogHoverProvider] Hover object returned
2025-03-14 09:48:52.877 [info] [VerilogHoverProvider] Hover requested
2025-03-14 09:48:53.331 [info] [VerilogHoverProvider] Hover requested
2025-03-14 09:48:53.360 [warning] [VerilogHoverProvider] Hover object not found
2025-03-14 09:48:54.032 [info] [VerilogHoverProvider] Hover requested
2025-03-14 09:48:54.365 [info] [VerilogHoverProvider] Hover requested
2025-03-14 09:48:54.630 [info] [VerilogHoverProvider] Hover requested
2025-03-14 09:48:54.816 [warning] [VerilogHoverProvider] Hover object not found
2025-03-14 09:48:54.863 [info] [VerilogHoverProvider] Hover requested
2025-03-14 09:48:55.038 [warning] [VerilogHoverProvider] Hover object not found
2025-03-14 09:48:55.269 [warning] [VerilogHoverProvider] Hover object not found
2025-03-14 09:48:55.899 [info] [VerilogHoverProvider] Hover requested
2025-03-14 09:48:56.326 [warning] [VerilogHoverProvider] Hover object not found
2025-03-14 09:49:08.216 [info] [VerilogHoverProvider] Hover requested
2025-03-14 09:49:08.580 [info] [VerilogHoverProvider] Hover requested
2025-03-14 09:49:08.665 [warning] [VerilogHoverProvider] Hover object not found
2025-03-14 09:49:08.999 [warning] [VerilogHoverProvider] Hover object not found
2025-03-14 09:49:09.732 [info] [VerilogHoverProvider] Hover requested
2025-03-14 09:49:10.179 [info] [VerilogHoverProvider] Hover object returned
2025-03-14 09:49:10.364 [info] [VerilogHoverProvider] Hover requested
2025-03-14 09:49:10.793 [info] [VerilogHoverProvider] Hover object returned
2025-03-14 09:49:10.898 [info] [VerilogHoverProvider] Hover requested
2025-03-14 09:49:11.382 [info] [VerilogHoverProvider] Hover object returned
2025-03-14 09:49:12.014 [info] [VerilogHoverProvider] Hover requested
2025-03-14 09:49:12.465 [info] [VerilogHoverProvider] Hover requested
2025-03-14 09:49:13.782 [info] [VerilogHoverProvider] Hover requested
2025-03-14 09:49:14.222 [warning] [VerilogHoverProvider] Hover object not found
2025-03-14 09:49:20.187 [info] [VerilogHoverProvider] Hover requested
2025-03-14 09:49:20.469 [info] [VerilogHoverProvider] Hover requested
2025-03-14 09:49:20.666 [info] indexing "/home/sgass/Projects/kepler/hdl/rtl/axis/axis_connect.sv"
2025-03-14 09:49:20.666 [info] executing ctags
2025-03-14 09:49:20.666 [info] Executing Command: ctags -f - --fields=+K --sort=no --excmd=n --fields-SystemVerilog=+{parameter} "/home/sgass/Projects/kepler/hdl/rtl/axis/axis_connect.sv"
2025-03-14 09:49:20.669 [info] building symbols
2025-03-14 09:49:20.669 [info] [VerilogHoverProvider] Hover object returned
2025-03-14 09:49:20.901 [info] [VerilogHoverProvider] Hover object returned
2025-03-14 09:49:21.507 [info] [VerilogHoverProvider] Hover requested
2025-03-14 09:49:21.871 [info] [VerilogHoverProvider] Hover requested
2025-03-14 09:49:21.958 [info] [VerilogHoverProvider] Hover object returned
2025-03-14 09:49:22.289 [info] [VerilogHoverProvider] Hover object returned
2025-03-14 09:49:22.791 [info] [VerilogHoverProvider] Hover requested
2025-03-14 09:49:23.221 [warning] [VerilogHoverProvider] Hover object not found
2025-03-14 09:49:25.197 [info] [VerilogHoverProvider] Hover requested
2025-03-14 09:49:25.609 [info] [VerilogHoverProvider] Hover object returned
2025-03-14 09:49:36.150 [info] [VerilogHoverProvider] Hover requested
2025-03-14 09:49:36.385 [info] [VerilogHoverProvider] Hover requested
2025-03-14 09:49:37.236 [info] [VerilogHoverProvider] Hover requested
2025-03-14 09:49:39.651 [info] [VerilogHoverProvider] Hover requested
2025-03-14 09:49:40.101 [info] [VerilogHoverProvider] Hover requested
2025-03-14 09:49:40.152 [info] [VerilogHoverProvider] Hover object returned
2025-03-14 09:49:40.334 [info] [VerilogHoverProvider] Hover requested
2025-03-14 09:49:40.501 [info] [VerilogHoverProvider] Hover object returned
2025-03-14 09:49:40.759 [info] [VerilogHoverProvider] Hover object returned
2025-03-14 09:49:40.836 [info] [VerilogHoverProvider] Hover requested
2025-03-14 09:49:41.069 [info] [VerilogHoverProvider] Hover requested
2025-03-14 09:49:41.304 [info] indexing "/home/sgass/Projects/kepler/hdl/rtl/ethernet/ethernet_ppl_fifo.sv"
2025-03-14 09:49:41.304 [info] executing ctags
2025-03-14 09:49:41.304 [info] Executing Command: ctags -f - --fields=+K --sort=no --excmd=n --fields-SystemVerilog=+{parameter} "/home/sgass/Projects/kepler/hdl/rtl/ethernet/ethernet_ppl_fifo.sv"
2025-03-14 09:49:41.307 [info] building symbols
2025-03-14 09:49:41.307 [info] [VerilogHoverProvider] Hover object returned
2025-03-14 09:49:41.478 [info] [VerilogHoverProvider] Hover object returned
2025-03-14 09:49:41.679 [info] [VerilogHoverProvider] Hover requested
2025-03-14 09:49:42.103 [info] [VerilogHoverProvider] Hover object returned
2025-03-14 09:49:42.571 [info] [VerilogHoverProvider] Hover requested
2025-03-14 09:49:43.080 [info] [VerilogHoverProvider] Hover object returned
2025-03-14 09:49:43.732 [info] [VerilogHoverProvider] Hover requested
2025-03-14 09:49:44.127 [warning] [VerilogHoverProvider] Hover object not found
2025-03-14 09:49:46.788 [info] [VerilogHoverProvider] Hover requested
2025-03-14 09:49:47.234 [info] [VerilogHoverProvider] Hover object returned
2025-03-14 09:49:48.307 [info] [VerilogHoverProvider] Hover requested
2025-03-14 09:49:49.264 [info] [VerilogHoverProvider] Hover requested
2025-03-14 09:49:49.691 [warning] [VerilogHoverProvider] Hover object not found
2025-03-14 09:49:50.898 [info] [VerilogHoverProvider] Hover requested
2025-03-14 09:49:51.313 [warning] [VerilogHoverProvider] Hover object not found
2025-03-14 09:49:51.631 [info] [VerilogHoverProvider] Hover requested
2025-03-14 09:49:52.117 [warning] [VerilogHoverProvider] Hover object not found
2025-03-14 09:49:52.397 [info] [VerilogHoverProvider] Hover requested
2025-03-14 09:49:52.867 [warning] [VerilogHoverProvider] Hover object not found
2025-03-14 09:49:53.432 [info] [VerilogHoverProvider] Hover requested
2025-03-14 09:49:53.896 [info] [VerilogHoverProvider] Hover requested
2025-03-14 09:49:53.918 [warning] [VerilogHoverProvider] Hover object not found
2025-03-14 09:49:54.533 [warning] [VerilogHoverProvider] Hover object not found
2025-03-14 09:49:57.947 [info] [VerilogHoverProvider] Hover requested
2025-03-14 09:49:58.360 [info] [VerilogHoverProvider] Hover object returned
2025-03-14 09:50:08.174 [info] [VerilogHoverProvider] Hover requested
2025-03-14 09:50:08.650 [warning] [VerilogHoverProvider] Hover object not found
2025-03-14 09:50:08.926 [info] [VerilogHoverProvider] Hover requested
2025-03-14 09:50:09.459 [info] [VerilogHoverProvider] Hover requested
2025-03-14 09:50:19.311 [info] [VerilogHoverProvider] Hover requested
2025-03-14 09:50:19.732 [warning] [VerilogHoverProvider] Hover object not found
2025-03-14 09:50:20.013 [info] [VerilogHoverProvider] Hover requested
2025-03-14 09:50:20.450 [warning] [VerilogHoverProvider] Hover object not found
2025-03-14 09:50:22.874 [info] [VerilogDocumentSymbolProvider] [VerilogSymbol] Symbols Requested: file:///home/sgass/Projects/kepler/hdl/rtl/ethernet/ethernet_to_axis.sv
2025-03-14 09:50:22.878 [info] [VerilogDocumentSymbolProvider] 1 top-level symbols returned
2025-03-14 09:50:25.101 [info] on save
2025-03-14 09:50:30.456 [info] [VerilogHoverProvider] Hover requested
2025-03-14 09:50:30.456 [info] indexing "/home/sgass/Projects/kepler/hdl/rtl/ethernet/ethernet_to_axis.sv"
2025-03-14 09:50:30.456 [info] executing ctags
2025-03-14 09:50:30.456 [info] Executing Command: ctags -f - --fields=+K --sort=no --excmd=n --fields-SystemVerilog=+{parameter} "/home/sgass/Projects/kepler/hdl/rtl/ethernet/ethernet_to_axis.sv"
2025-03-14 09:50:30.467 [info] building symbols
2025-03-14 09:50:30.895 [info] [VerilogHoverProvider] Hover object returned
2025-03-14 09:50:36.586 [info] [VerilogHoverProvider] Hover requested
2025-03-14 09:50:37.093 [warning] [VerilogHoverProvider] Hover object not found
2025-03-14 09:50:55.916 [info] [VerilogHoverProvider] Hover requested
2025-03-14 09:50:56.382 [info] [VerilogHoverProvider] Hover object returned
2025-03-14 09:51:04.776 [info] [VerilogDocumentSymbolProvider] [VerilogSymbol] Symbols Requested: file:///home/sgass/Projects/kepler/hdl/rtl/ethernet/ethernet_to_axis.sv
2025-03-14 09:51:04.780 [info] [VerilogDocumentSymbolProvider] 1 top-level symbols returned
2025-03-14 09:51:08.398 [info] [VerilogDocumentSymbolProvider] [VerilogSymbol] Symbols Requested: file:///home/sgass/Projects/kepler/hdl/rtl/ethernet/ethernet_to_axis.sv
2025-03-14 09:51:08.401 [info] [VerilogDocumentSymbolProvider] 1 top-level symbols returned
2025-03-14 09:51:17.961 [info] [VerilogDocumentSymbolProvider] [VerilogSymbol] Symbols Requested: file:///home/sgass/Projects/kepler/hdl/rtl/ethernet/ethernet_to_axis.sv
2025-03-14 09:51:17.964 [info] [VerilogDocumentSymbolProvider] 1 top-level symbols returned
2025-03-14 09:51:18.517 [info] [VerilogDocumentSymbolProvider] [VerilogSymbol] Symbols Requested: file:///home/sgass/Projects/kepler/hdl/rtl/ethernet/ethernet_to_axis.sv
2025-03-14 09:51:18.520 [info] [VerilogDocumentSymbolProvider] 1 top-level symbols returned
2025-03-14 09:51:19.949 [info] [VerilogDocumentSymbolProvider] [VerilogSymbol] Symbols Requested: file:///home/sgass/Projects/kepler/hdl/rtl/ethernet/ethernet_to_axis.sv
2025-03-14 09:51:19.952 [info] [VerilogDocumentSymbolProvider] 1 top-level symbols returned
2025-03-14 09:51:20.640 [info] [VerilogDocumentSymbolProvider] [VerilogSymbol] Symbols Requested: file:///home/sgass/Projects/kepler/hdl/rtl/ethernet/ethernet_to_axis.sv
2025-03-14 09:51:20.644 [info] [VerilogDocumentSymbolProvider] 1 top-level symbols returned
2025-03-14 09:51:22.863 [info] [VerilogHoverProvider] Hover requested
2025-03-14 09:51:23.298 [info] [VerilogDefinitionProvider] Definitions Requested: file:///home/sgass/Projects/kepler/hdl/rtl/ethernet/ethernet_to_axis.sv
2025-03-14 09:51:23.299 [warning] [VerilogHoverProvider] Hover object not found
2025-03-14 09:51:23.729 [info] [VerilogDefinitionProvider] 0 definitions returned
2025-03-14 09:51:25.213 [info] [VerilogHoverProvider] Hover requested
2025-03-14 09:51:25.622 [warning] [VerilogHoverProvider] Hover object not found
2025-03-14 09:51:29.580 [info] [VerilogHoverProvider] Hover requested
2025-03-14 09:51:29.987 [warning] [VerilogHoverProvider] Hover object not found
2025-03-14 09:51:34.422 [info] [VerilogHoverProvider] Hover requested
2025-03-14 09:51:34.936 [info] [VerilogHoverProvider] Hover object returned
2025-03-14 09:51:37.264 [info] [VerilogHoverProvider] Hover requested
2025-03-14 09:51:37.664 [info] [VerilogHoverProvider] Hover object returned
2025-03-14 09:51:38.534 [info] [VerilogHoverProvider] Hover requested
2025-03-14 09:51:38.957 [info] [VerilogHoverProvider] Hover object returned
2025-03-14 09:51:39.134 [info] [VerilogHoverProvider] Hover requested
2025-03-14 09:51:39.611 [info] [VerilogHoverProvider] Hover object returned
2025-03-14 09:51:42.681 [info] [VerilogHoverProvider] Hover requested
2025-03-14 09:51:43.138 [info] [VerilogHoverProvider] Hover object returned
2025-03-14 09:51:43.327 [info] [VerilogHoverProvider] Hover requested
2025-03-14 09:51:43.763 [info] [VerilogHoverProvider] Hover object returned
2025-03-14 09:51:44.094 [info] [VerilogHoverProvider] Hover requested
2025-03-14 09:51:44.376 [info] [VerilogHoverProvider] Hover requested
2025-03-14 09:51:44.525 [info] [VerilogHoverProvider] Hover object returned
2025-03-14 09:51:44.767 [info] [VerilogHoverProvider] Hover object returned
2025-03-14 09:51:48.080 [info] [VerilogHoverProvider] Hover requested
2025-03-14 09:51:48.538 [info] [VerilogHoverProvider] Hover object returned
2025-03-14 09:51:58.155 [info] [VerilogDocumentSymbolProvider] [VerilogSymbol] Symbols Requested: file:///home/sgass/Projects/kepler/hdl/rtl/ethernet/ethernet_to_axis.sv
2025-03-14 09:51:58.158 [info] [VerilogDocumentSymbolProvider] 1 top-level symbols returned
2025-03-14 09:52:01.549 [info] [VerilogDocumentSymbolProvider] [VerilogSymbol] Symbols Requested: file:///home/sgass/Projects/kepler/hdl/rtl/ethernet/ethernet_to_axis.sv
2025-03-14 09:52:01.553 [info] [VerilogDocumentSymbolProvider] 1 top-level symbols returned
2025-03-14 09:52:02.692 [info] [VerilogHoverProvider] Hover requested
2025-03-14 09:52:03.104 [warning] [VerilogHoverProvider] Hover object not found
2025-03-14 09:52:03.609 [info] [VerilogHoverProvider] Hover requested
2025-03-14 09:52:04.092 [info] [VerilogHoverProvider] Hover object returned
2025-03-14 09:52:04.224 [info] [VerilogHoverProvider] Hover requested
2025-03-14 09:52:04.631 [info] [VerilogHoverProvider] Hover object returned
2025-03-14 09:52:05.360 [info] [VerilogHoverProvider] Hover requested
2025-03-14 09:52:05.805 [info] [VerilogHoverProvider] Hover object returned
2025-03-14 09:52:08.317 [info] [VerilogHoverProvider] Hover requested
2025-03-14 09:52:08.736 [info] [VerilogHoverProvider] Hover object returned
2025-03-14 09:52:10.378 [info] [VerilogHoverProvider] Hover requested
2025-03-14 09:52:10.875 [info] [VerilogHoverProvider] Hover object returned
2025-03-14 09:52:12.297 [info] [VerilogHoverProvider] Hover requested
2025-03-14 09:52:12.626 [info] [VerilogHoverProvider] Hover requested
2025-03-14 09:52:12.741 [info] [VerilogHoverProvider] Hover object returned
2025-03-14 09:52:13.023 [info] [VerilogHoverProvider] Hover object returned
2025-03-14 09:52:13.544 [info] [VerilogHoverProvider] Hover requested
2025-03-14 09:52:16.544 [info] [VerilogHoverProvider] Hover requested
2025-03-14 09:52:17.010 [info] [VerilogHoverProvider] Hover object returned
2025-03-14 09:52:19.079 [info] [VerilogHoverProvider] Hover requested
2025-03-14 09:52:19.493 [info] [VerilogHoverProvider] Hover object returned
2025-03-14 09:52:20.811 [info] [VerilogHoverProvider] Hover requested
2025-03-14 09:52:22.562 [info] [VerilogHoverProvider] Hover requested
2025-03-14 09:52:22.979 [warning] [VerilogHoverProvider] Hover object not found
2025-03-14 09:52:26.461 [info] [VerilogHoverProvider] Hover requested
2025-03-14 09:52:26.666 [info] [VerilogHoverProvider] Hover requested
2025-03-14 09:52:26.931 [warning] [VerilogHoverProvider] Hover object not found
2025-03-14 09:52:27.075 [warning] [VerilogHoverProvider] Hover object not found
2025-03-14 09:52:28.495 [info] [VerilogHoverProvider] Hover requested
2025-03-14 09:52:28.975 [info] [VerilogHoverProvider] Hover object returned
2025-03-14 09:52:31.629 [info] [VerilogHoverProvider] Hover requested
2025-03-14 09:52:32.110 [warning] [VerilogHoverProvider] Hover object not found
2025-03-14 09:52:33.261 [info] [VerilogDocumentSymbolProvider] [VerilogSymbol] Symbols Requested: file:///home/sgass/Projects/kepler/hdl/rtl/ethernet/ethernet_to_axis.sv
2025-03-14 09:52:33.264 [info] [VerilogDocumentSymbolProvider] 1 top-level symbols returned
2025-03-14 09:52:33.664 [info] [VerilogDocumentSymbolProvider] [VerilogSymbol] Symbols Requested: file:///home/sgass/Projects/kepler/hdl/rtl/ethernet/ethernet_to_axis.sv
2025-03-14 09:52:33.668 [info] [VerilogDocumentSymbolProvider] 1 top-level symbols returned
2025-03-14 09:52:34.167 [info] [VerilogDocumentSymbolProvider] [VerilogSymbol] Symbols Requested: file:///home/sgass/Projects/kepler/hdl/rtl/ethernet/ethernet_to_axis.sv
2025-03-14 09:52:34.171 [info] [VerilogDocumentSymbolProvider] 1 top-level symbols returned
2025-03-14 09:52:34.312 [info] [VerilogCompletionItemProvider] Completion items requested
2025-03-14 09:52:34.312 [info] [VerilogCompletionItemProvider] 95 items requested
2025-03-14 09:52:35.322 [info] [VerilogDocumentSymbolProvider] [VerilogSymbol] Symbols Requested: file:///home/sgass/Projects/kepler/hdl/rtl/ethernet/ethernet_to_axis.sv
2025-03-14 09:52:35.326 [info] [VerilogDocumentSymbolProvider] 1 top-level symbols returned
2025-03-14 09:52:38.011 [info] [VerilogHoverProvider] Hover requested
2025-03-14 09:52:38.438 [info] [VerilogHoverProvider] Hover object returned
2025-03-14 09:52:40.026 [info] [VerilogDocumentSymbolProvider] [VerilogSymbol] Symbols Requested: file:///home/sgass/Projects/kepler/hdl/rtl/ethernet/ethernet_to_axis.sv
2025-03-14 09:52:40.029 [info] [VerilogDocumentSymbolProvider] 1 top-level symbols returned
2025-03-14 09:52:40.612 [info] [VerilogHoverProvider] Hover requested
2025-03-14 09:52:41.064 [info] [VerilogHoverProvider] Hover object returned
2025-03-14 09:52:41.420 [info] [VerilogDefinitionProvider] Definitions Requested: file:///home/sgass/Projects/kepler/hdl/rtl/ethernet/ethernet_to_axis.sv
2025-03-14 09:52:41.831 [info] [VerilogDefinitionProvider] 1 definitions returned
2025-03-14 09:52:42.114 [info] [VerilogDocumentSymbolProvider] [VerilogSymbol] Symbols Requested: file:///home/sgass/Projects/kepler/hdl/rtl/ethernet/ethernet_to_axis.sv
2025-03-14 09:52:42.118 [info] [VerilogDocumentSymbolProvider] 1 top-level symbols returned
2025-03-14 09:52:42.611 [info] [VerilogHoverProvider] Hover requested
2025-03-14 09:52:42.894 [info] [VerilogHoverProvider] Hover requested
2025-03-14 09:52:43.046 [info] [VerilogHoverProvider] Hover object returned
2025-03-14 09:52:43.135 [info] [VerilogHoverProvider] Hover requested
2025-03-14 09:52:45.195 [info] [VerilogHoverProvider] Hover requested
2025-03-14 09:52:45.498 [info] [VerilogDefinitionProvider] Definitions Requested: file:///home/sgass/Projects/kepler/hdl/rtl/ethernet/ethernet_to_axis.sv
2025-03-14 09:52:45.602 [info] [VerilogHoverProvider] Hover object returned
2025-03-14 09:52:45.924 [info] [VerilogDefinitionProvider] 1 definitions returned
2025-03-14 09:52:46.001 [info] [VerilogDocumentSymbolProvider] [VerilogSymbol] Symbols Requested: file:///home/sgass/Projects/kepler/hdl/rtl/ethernet/ethernet_to_axis.sv
2025-03-14 09:52:46.002 [info] [VerilogDocumentSymbolProvider] 1 top-level symbols returned
2025-03-14 09:52:46.810 [info] [VerilogHoverProvider] Hover requested
2025-03-14 09:52:47.320 [warning] [VerilogHoverProvider] Hover object not found
2025-03-14 09:52:50.648 [info] [VerilogDocumentSymbolProvider] [VerilogSymbol] Symbols Requested: file:///home/sgass/Projects/kepler/hdl/rtl/ethernet/ethernet_to_axis.sv
2025-03-14 09:52:50.652 [info] [VerilogDocumentSymbolProvider] 1 top-level symbols returned
2025-03-14 09:52:52.322 [info] [VerilogDocumentSymbolProvider] [VerilogSymbol] Symbols Requested: file:///home/sgass/Projects/kepler/hdl/rtl/ethernet/ethernet_to_axis.sv
2025-03-14 09:52:52.326 [info] [VerilogDocumentSymbolProvider] 1 top-level symbols returned
2025-03-14 09:52:53.232 [info] [VerilogDocumentSymbolProvider] [VerilogSymbol] Symbols Requested: file:///home/sgass/Projects/kepler/hdl/rtl/ethernet/ethernet_to_axis.sv
2025-03-14 09:52:53.235 [info] [VerilogDocumentSymbolProvider] 1 top-level symbols returned
2025-03-14 09:52:53.339 [info] [VerilogHoverProvider] Hover requested
2025-03-14 09:52:54.312 [info] [VerilogDefinitionProvider] Definitions Requested: file:///home/sgass/Projects/kepler/hdl/rtl/ethernet/ethernet_to_axis.sv
2025-03-14 09:52:54.766 [info] [VerilogDefinitionProvider] 1 definitions returned
2025-03-14 09:52:56.259 [info] [VerilogDocumentSymbolProvider] [VerilogSymbol] Symbols Requested: file:///home/sgass/Projects/kepler/hdl/rtl/ethernet/ethernet_to_axis.sv
2025-03-14 09:52:56.262 [info] [VerilogDocumentSymbolProvider] 1 top-level symbols returned
2025-03-14 09:52:57.193 [info] [VerilogHoverProvider] Hover requested
2025-03-14 09:52:58.384 [info] [VerilogDocumentSymbolProvider] [VerilogSymbol] Symbols Requested: file:///home/sgass/Projects/kepler/hdl/rtl/ethernet/ethernet_to_axis.sv
2025-03-14 09:52:58.388 [info] [VerilogDocumentSymbolProvider] 1 top-level symbols returned
2025-03-14 09:53:01.612 [info] [VerilogHoverProvider] Hover requested
2025-03-14 09:53:02.011 [info] [VerilogHoverProvider] Hover object returned
2025-03-14 09:53:02.244 [info] [VerilogDefinitionProvider] Definitions Requested: file:///home/sgass/Projects/kepler/hdl/rtl/ethernet/ethernet_to_axis.sv
2025-03-14 09:53:02.658 [info] [VerilogDefinitionProvider] 1 definitions returned
2025-03-14 09:53:02.820 [info] [VerilogDocumentSymbolProvider] [VerilogSymbol] Symbols Requested: file:///home/sgass/Projects/kepler/hdl/rtl/ethernet/ethernet_to_axis.sv
2025-03-14 09:53:02.824 [info] [VerilogDocumentSymbolProvider] 1 top-level symbols returned
2025-03-14 09:53:07.995 [info] [VerilogHoverProvider] Hover requested
2025-03-14 09:53:08.461 [info] [VerilogHoverProvider] Hover object returned
2025-03-14 09:53:10.348 [info] [VerilogDocumentSymbolProvider] [VerilogSymbol] Symbols Requested: file:///home/sgass/Projects/kepler/hdl/rtl/ethernet/ethernet_to_axis.sv
2025-03-14 09:53:10.351 [info] [VerilogDocumentSymbolProvider] 1 top-level symbols returned
2025-03-14 09:53:19.460 [info] [VerilogHoverProvider] Hover requested
2025-03-14 09:53:19.893 [info] [VerilogHoverProvider] Hover object returned
2025-03-14 09:53:20.578 [info] [VerilogHoverProvider] Hover requested
2025-03-14 09:53:21.015 [warning] [VerilogHoverProvider] Hover object not found
2025-03-14 09:53:21.865 [info] [VerilogHoverProvider] Hover requested
2025-03-14 09:53:22.312 [warning] [VerilogHoverProvider] Hover object not found
2025-03-14 09:53:23.184 [info] [VerilogHoverProvider] Hover requested
2025-03-14 09:53:23.338 [info] [VerilogHoverProvider] Hover requested
2025-03-14 09:53:23.661 [info] [VerilogHoverProvider] Hover object returned
2025-03-14 09:53:23.765 [info] [VerilogHoverProvider] Hover object returned
2025-03-14 09:53:24.585 [info] [VerilogDocumentSymbolProvider] [VerilogSymbol] Symbols Requested: file:///home/sgass/Projects/kepler/hdl/rtl/ethernet/ethernet_to_axis.sv
2025-03-14 09:53:24.589 [info] [VerilogDocumentSymbolProvider] 1 top-level symbols returned
2025-03-14 09:53:25.537 [info] [VerilogDocumentSymbolProvider] [VerilogSymbol] Symbols Requested: file:///home/sgass/Projects/kepler/hdl/rtl/ethernet/ethernet_to_axis.sv
2025-03-14 09:53:25.541 [info] [VerilogDocumentSymbolProvider] 1 top-level symbols returned
2025-03-14 09:53:25.988 [info] [VerilogDocumentSymbolProvider] [VerilogSymbol] Symbols Requested: file:///home/sgass/Projects/kepler/hdl/rtl/ethernet/ethernet_to_axis.sv
2025-03-14 09:53:25.992 [info] [VerilogDocumentSymbolProvider] 1 top-level symbols returned
2025-03-14 09:53:26.680 [info] [VerilogDocumentSymbolProvider] [VerilogSymbol] Symbols Requested: file:///home/sgass/Projects/kepler/hdl/rtl/ethernet/ethernet_to_axis.sv
2025-03-14 09:53:26.684 [info] [VerilogDocumentSymbolProvider] 1 top-level symbols returned
2025-03-14 09:53:26.883 [info] [VerilogCompletionItemProvider] Completion items requested
2025-03-14 09:53:26.883 [info] [VerilogCompletionItemProvider] 95 items requested
2025-03-14 09:53:27.735 [info] [VerilogDocumentSymbolProvider] [VerilogSymbol] Symbols Requested: file:///home/sgass/Projects/kepler/hdl/rtl/ethernet/ethernet_to_axis.sv
2025-03-14 09:53:27.739 [info] [VerilogDocumentSymbolProvider] 1 top-level symbols returned
2025-03-14 09:53:28.169 [info] [VerilogDocumentSymbolProvider] [VerilogSymbol] Symbols Requested: file:///home/sgass/Projects/kepler/hdl/rtl/ethernet/ethernet_to_axis.sv
2025-03-14 09:53:28.172 [info] [VerilogDocumentSymbolProvider] 1 top-level symbols returned
2025-03-14 09:53:28.416 [info] [VerilogCompletionItemProvider] Completion items requested
2025-03-14 09:53:28.416 [info] [VerilogCompletionItemProvider] 95 items requested
2025-03-14 09:53:29.180 [info] [VerilogDocumentSymbolProvider] [VerilogSymbol] Symbols Requested: file:///home/sgass/Projects/kepler/hdl/rtl/ethernet/ethernet_to_axis.sv
2025-03-14 09:53:29.183 [info] [VerilogDocumentSymbolProvider] 1 top-level symbols returned
2025-03-14 09:53:29.372 [info] [VerilogCompletionItemProvider] Completion items requested
2025-03-14 09:53:29.372 [info] [VerilogCompletionItemProvider] 95 items requested
2025-03-14 09:53:30.168 [info] [VerilogDocumentSymbolProvider] [VerilogSymbol] Symbols Requested: file:///home/sgass/Projects/kepler/hdl/rtl/ethernet/ethernet_to_axis.sv
2025-03-14 09:53:30.171 [info] [VerilogDocumentSymbolProvider] 1 top-level symbols returned
2025-03-14 09:53:31.446 [info] [VerilogDocumentSymbolProvider] [VerilogSymbol] Symbols Requested: file:///home/sgass/Projects/kepler/hdl/rtl/ethernet/ethernet_to_axis.sv
2025-03-14 09:53:31.449 [info] [VerilogDocumentSymbolProvider] 1 top-level symbols returned
2025-03-14 09:53:32.037 [info] [VerilogDocumentSymbolProvider] [VerilogSymbol] Symbols Requested: file:///home/sgass/Projects/kepler/hdl/rtl/ethernet/ethernet_to_axis.sv
2025-03-14 09:53:32.041 [info] [VerilogDocumentSymbolProvider] 1 top-level symbols returned
2025-03-14 09:53:32.629 [info] [VerilogDocumentSymbolProvider] [VerilogSymbol] Symbols Requested: file:///home/sgass/Projects/kepler/hdl/rtl/ethernet/ethernet_to_axis.sv
2025-03-14 09:53:32.632 [info] [VerilogDocumentSymbolProvider] 1 top-level symbols returned
2025-03-14 09:53:33.128 [info] [VerilogDocumentSymbolProvider] [VerilogSymbol] Symbols Requested: file:///home/sgass/Projects/kepler/hdl/rtl/ethernet/ethernet_to_axis.sv
2025-03-14 09:53:33.131 [info] [VerilogDocumentSymbolProvider] 1 top-level symbols returned
2025-03-14 09:53:34.095 [info] [VerilogCompletionItemProvider] Completion items requested
2025-03-14 09:53:34.095 [info] [VerilogCompletionItemProvider] 95 items requested
2025-03-14 09:53:35.206 [info] [VerilogDocumentSymbolProvider] [VerilogSymbol] Symbols Requested: file:///home/sgass/Projects/kepler/hdl/rtl/ethernet/ethernet_to_axis.sv
2025-03-14 09:53:35.210 [info] [VerilogDocumentSymbolProvider] 1 top-level symbols returned
2025-03-14 09:53:35.381 [info] [VerilogCompletionItemProvider] Completion items requested
2025-03-14 09:53:35.381 [info] [VerilogCompletionItemProvider] 95 items requested
2025-03-14 09:53:35.719 [info] [VerilogDocumentSymbolProvider] [VerilogSymbol] Symbols Requested: file:///home/sgass/Projects/kepler/hdl/rtl/ethernet/ethernet_to_axis.sv
2025-03-14 09:53:35.723 [info] [VerilogDocumentSymbolProvider] 1 top-level symbols returned
2025-03-14 09:53:35.914 [info] [VerilogCompletionItemProvider] Completion items requested
2025-03-14 09:53:35.914 [info] [VerilogCompletionItemProvider] 95 items requested
2025-03-14 09:53:36.252 [info] [VerilogDocumentSymbolProvider] [VerilogSymbol] Symbols Requested: file:///home/sgass/Projects/kepler/hdl/rtl/ethernet/ethernet_to_axis.sv
2025-03-14 09:53:36.255 [info] [VerilogDocumentSymbolProvider] 1 top-level symbols returned
2025-03-14 09:53:36.548 [info] [VerilogCompletionItemProvider] Completion items requested
2025-03-14 09:53:36.548 [info] [VerilogCompletionItemProvider] 95 items requested
2025-03-14 09:53:36.866 [info] [VerilogCompletionItemProvider] Completion items requested
2025-03-14 09:53:36.866 [info] [VerilogCompletionItemProvider] 95 items requested
2025-03-14 09:53:37.205 [info] [VerilogDocumentSymbolProvider] [VerilogSymbol] Symbols Requested: file:///home/sgass/Projects/kepler/hdl/rtl/ethernet/ethernet_to_axis.sv
2025-03-14 09:53:37.209 [info] [VerilogDocumentSymbolProvider] 1 top-level symbols returned
2025-03-14 09:53:38.403 [info] [VerilogDocumentSymbolProvider] [VerilogSymbol] Symbols Requested: file:///home/sgass/Projects/kepler/hdl/rtl/ethernet/ethernet_to_axis.sv
2025-03-14 09:53:38.407 [info] [VerilogDocumentSymbolProvider] 1 top-level symbols returned
2025-03-14 09:53:38.500 [info] [VerilogCompletionItemProvider] Completion items requested
2025-03-14 09:53:38.500 [info] [VerilogCompletionItemProvider] 95 items requested
2025-03-14 09:53:39.261 [info] [VerilogDocumentSymbolProvider] [VerilogSymbol] Symbols Requested: file:///home/sgass/Projects/kepler/hdl/rtl/ethernet/ethernet_to_axis.sv
2025-03-14 09:53:39.264 [info] [VerilogDocumentSymbolProvider] 1 top-level symbols returned
2025-03-14 09:53:40.326 [info] [VerilogCompletionItemProvider] Completion items requested
2025-03-14 09:53:40.326 [info] [VerilogCompletionItemProvider] 95 items requested
2025-03-14 09:53:41.649 [info] [VerilogDocumentSymbolProvider] [VerilogSymbol] Symbols Requested: file:///home/sgass/Projects/kepler/hdl/rtl/ethernet/ethernet_to_axis.sv
2025-03-14 09:53:41.653 [info] [VerilogDocumentSymbolProvider] 1 top-level symbols returned
2025-03-14 09:53:43.335 [info] [VerilogDocumentSymbolProvider] [VerilogSymbol] Symbols Requested: file:///home/sgass/Projects/kepler/hdl/rtl/ethernet/ethernet_to_axis.sv
2025-03-14 09:53:43.340 [info] [VerilogDocumentSymbolProvider] 1 top-level symbols returned
2025-03-14 09:53:54.225 [info] [VerilogHoverProvider] Hover requested
2025-03-14 09:53:54.639 [info] [VerilogHoverProvider] Hover object returned
2025-03-14 09:53:55.081 [info] [VerilogDefinitionProvider] Definitions Requested: file:///home/sgass/Projects/kepler/hdl/rtl/ethernet/ethernet_to_axis.sv
2025-03-14 09:53:55.526 [info] [VerilogDefinitionProvider] 1 definitions returned
2025-03-14 09:53:56.325 [info] [VerilogHoverProvider] Hover requested
2025-03-14 09:53:56.610 [info] [VerilogHoverProvider] Hover requested
2025-03-14 09:53:56.787 [warning] [VerilogHoverProvider] Hover object not found
2025-03-14 09:53:57.020 [warning] [VerilogHoverProvider] Hover object not found
2025-03-14 09:54:00.933 [info] [VerilogCompletionItemProvider] Completion items requested
2025-03-14 09:54:00.934 [info] [VerilogCompletionItemProvider] 95 items requested
2025-03-14 09:54:01.482 [info] [VerilogDocumentSymbolProvider] [VerilogSymbol] Symbols Requested: file:///home/sgass/Projects/kepler/hdl/rtl/ethernet/ethernet_to_axis.sv
2025-03-14 09:54:01.486 [info] [VerilogDocumentSymbolProvider] 1 top-level symbols returned
2025-03-14 09:54:03.040 [info] [VerilogHoverProvider] Hover requested
2025-03-14 09:54:03.479 [warning] [VerilogHoverProvider] Hover object not found
2025-03-14 09:54:03.502 [info] [VerilogDefinitionProvider] Definitions Requested: file:///home/sgass/Projects/kepler/hdl/rtl/ethernet/ethernet_to_axis.sv
2025-03-14 09:54:03.948 [info] [VerilogDefinitionProvider] 0 definitions returned
2025-03-14 09:54:05.728 [info] [VerilogHoverProvider] Hover requested
2025-03-14 09:54:06.207 [warning] [VerilogHoverProvider] Hover object not found
2025-03-14 09:54:10.192 [info] [VerilogHoverProvider] Hover requested
2025-03-14 09:54:11.211 [info] [VerilogHoverProvider] Hover requested
2025-03-14 09:54:11.649 [warning] [VerilogHoverProvider] Hover object not found
2025-03-14 09:54:12.379 [info] [VerilogDocumentSymbolProvider] [VerilogSymbol] Symbols Requested: file:///home/sgass/Projects/kepler/hdl/rtl/ethernet/ethernet_to_axis.sv
2025-03-14 09:54:12.382 [info] [VerilogDocumentSymbolProvider] 1 top-level symbols returned
2025-03-14 09:54:13.430 [info] [VerilogDocumentSymbolProvider] [VerilogSymbol] Symbols Requested: file:///home/sgass/Projects/kepler/hdl/rtl/ethernet/ethernet_to_axis.sv
2025-03-14 09:54:13.432 [info] [VerilogDocumentSymbolProvider] 1 top-level symbols returned
2025-03-14 09:54:15.871 [info] [VerilogDocumentSymbolProvider] [VerilogSymbol] Symbols Requested: file:///home/sgass/Projects/kepler/hdl/rtl/ethernet/ethernet_to_axis.sv
2025-03-14 09:54:15.875 [info] [VerilogDocumentSymbolProvider] 1 top-level symbols returned
2025-03-14 09:54:19.229 [info] [VerilogDocumentSymbolProvider] [VerilogSymbol] Symbols Requested: file:///home/sgass/Projects/kepler/hdl/rtl/ethernet/ethernet_to_axis.sv
2025-03-14 09:54:19.233 [info] [VerilogDocumentSymbolProvider] 1 top-level symbols returned
2025-03-14 09:54:21.879 [info] [VerilogDocumentSymbolProvider] [VerilogSymbol] Symbols Requested: file:///home/sgass/Projects/kepler/hdl/rtl/ethernet/ethernet_to_axis.sv
2025-03-14 09:54:21.882 [info] [VerilogDocumentSymbolProvider] 1 top-level symbols returned
2025-03-14 09:54:24.845 [info] [VerilogDocumentSymbolProvider] [VerilogSymbol] Symbols Requested: file:///home/sgass/Projects/kepler/hdl/rtl/ethernet/ethernet_to_axis.sv
2025-03-14 09:54:24.848 [info] [VerilogDocumentSymbolProvider] 1 top-level symbols returned
2025-03-14 09:54:27.213 [info] [VerilogDocumentSymbolProvider] [VerilogSymbol] Symbols Requested: file:///home/sgass/Projects/kepler/hdl/rtl/ethernet/ethernet_to_axis.sv
2025-03-14 09:54:27.216 [info] [VerilogDocumentSymbolProvider] 1 top-level symbols returned
2025-03-14 09:54:28.457 [info] [VerilogHoverProvider] Hover requested
2025-03-14 09:54:28.929 [warning] [VerilogHoverProvider] Hover object not found
2025-03-14 09:54:29.056 [info] [VerilogHoverProvider] Hover requested
2025-03-14 09:54:29.541 [warning] [VerilogHoverProvider] Hover object not found
2025-03-14 09:54:29.671 [info] [VerilogHoverProvider] Hover requested
2025-03-14 09:54:29.979 [info] [VerilogDefinitionProvider] Definitions Requested: file:///home/sgass/Projects/kepler/hdl/rtl/ethernet/ethernet_to_axis.sv
2025-03-14 09:54:30.057 [info] [VerilogHoverProvider] Hover object returned
2025-03-14 09:54:30.401 [info] [VerilogDefinitionProvider] 1 definitions returned
2025-03-14 09:54:40.552 [info] [VerilogDocumentSymbolProvider] [VerilogSymbol] Symbols Requested: file:///home/sgass/Projects/kepler/hdl/rtl/ethernet/ethernet_to_axis.sv
2025-03-14 09:54:40.556 [info] [VerilogDocumentSymbolProvider] 1 top-level symbols returned
2025-03-14 09:54:45.200 [info] [VerilogDocumentSymbolProvider] [VerilogSymbol] Symbols Requested: file:///home/sgass/Projects/kepler/hdl/rtl/ethernet/ethernet_to_axis.sv
2025-03-14 09:54:45.203 [info] [VerilogDocumentSymbolProvider] 1 top-level symbols returned
2025-03-14 09:54:45.972 [info] [VerilogDocumentSymbolProvider] [VerilogSymbol] Symbols Requested: file:///home/sgass/Projects/kepler/hdl/rtl/ethernet/ethernet_to_axis.sv
2025-03-14 09:54:45.974 [info] [VerilogDocumentSymbolProvider] 1 top-level symbols returned
2025-03-14 09:54:46.969 [info] [VerilogDocumentSymbolProvider] [VerilogSymbol] Symbols Requested: file:///home/sgass/Projects/kepler/hdl/rtl/ethernet/ethernet_to_axis.sv
2025-03-14 09:54:46.973 [info] [VerilogDocumentSymbolProvider] 1 top-level symbols returned
2025-03-14 09:54:48.473 [info] [VerilogHoverProvider] Hover requested
2025-03-14 09:54:48.937 [info] [VerilogHoverProvider] Hover requested
2025-03-14 09:54:48.958 [info] [VerilogHoverProvider] Hover object returned
2025-03-14 09:54:49.373 [info] [VerilogHoverProvider] Hover object returned
2025-03-14 09:54:49.622 [info] [VerilogHoverProvider] Hover requested
2025-03-14 09:54:50.022 [info] [VerilogHoverProvider] Hover requested
2025-03-14 09:54:50.673 [info] [VerilogHoverProvider] Hover requested
2025-03-14 09:54:50.794 [info] [VerilogDefinitionProvider] Definitions Requested: file:///home/sgass/Projects/kepler/hdl/rtl/ethernet/ethernet_to_axis.sv
2025-03-14 09:54:51.109 [info] [VerilogHoverProvider] Hover object returned
2025-03-14 09:54:51.199 [info] [VerilogDefinitionProvider] 1 definitions returned
2025-03-14 09:54:54.055 [info] [VerilogDocumentSymbolProvider] [VerilogSymbol] Symbols Requested: file:///home/sgass/Projects/kepler/hdl/rtl/ethernet/ethernet_to_axis.sv
2025-03-14 09:54:54.059 [info] [VerilogDocumentSymbolProvider] 1 top-level symbols returned
2025-03-14 09:54:55.471 [info] [VerilogDocumentSymbolProvider] [VerilogSymbol] Symbols Requested: file:///home/sgass/Projects/kepler/hdl/rtl/ethernet/ethernet_to_axis.sv
2025-03-14 09:54:55.474 [info] [VerilogDocumentSymbolProvider] 1 top-level symbols returned
2025-03-14 09:54:58.456 [info] [VerilogDocumentSymbolProvider] [VerilogSymbol] Symbols Requested: file:///home/sgass/Projects/kepler/hdl/rtl/ethernet/ethernet_to_axis.sv
2025-03-14 09:54:58.460 [info] [VerilogDocumentSymbolProvider] 1 top-level symbols returned
2025-03-14 09:54:58.831 [info] [VerilogDocumentSymbolProvider] [VerilogSymbol] Symbols Requested: file:///home/sgass/Projects/kepler/hdl/rtl/ethernet/ethernet_to_axis.sv
2025-03-14 09:54:58.835 [info] [VerilogDocumentSymbolProvider] 1 top-level symbols returned
2025-03-14 09:55:00.804 [info] [VerilogDocumentSymbolProvider] [VerilogSymbol] Symbols Requested: file:///home/sgass/Projects/kepler/hdl/rtl/ethernet/ethernet_to_axis.sv
2025-03-14 09:55:00.807 [info] [VerilogDocumentSymbolProvider] 1 top-level symbols returned
2025-03-14 09:55:02.522 [info] [VerilogHoverProvider] Hover requested
2025-03-14 09:55:02.927 [info] [VerilogHoverProvider] Hover object returned
2025-03-14 09:55:07.165 [info] [VerilogHoverProvider] Hover requested
2025-03-14 09:55:07.475 [info] [VerilogHoverProvider] Hover requested
2025-03-14 09:55:07.603 [info] [VerilogHoverProvider] Hover object returned
2025-03-14 09:55:07.887 [info] [VerilogHoverProvider] Hover object returned
2025-03-14 09:55:08.004 [info] [VerilogDefinitionProvider] Definitions Requested: file:///home/sgass/Projects/kepler/hdl/rtl/ethernet/ethernet_to_axis.sv
2025-03-14 09:55:08.433 [info] [VerilogDefinitionProvider] 1 definitions returned
2025-03-14 09:55:10.796 [info] [VerilogHoverProvider] Hover requested
2025-03-14 09:55:11.221 [warning] [VerilogHoverProvider] Hover object not found
2025-03-14 09:55:14.957 [info] [VerilogCompletionItemProvider] Completion items requested
2025-03-14 09:55:14.957 [info] [VerilogCompletionItemProvider] 95 items requested
2025-03-14 09:55:15.604 [info] [VerilogDocumentSymbolProvider] [VerilogSymbol] Symbols Requested: file:///home/sgass/Projects/kepler/hdl/rtl/ethernet/ethernet_to_axis.sv
2025-03-14 09:55:15.607 [info] [VerilogDocumentSymbolProvider] 1 top-level symbols returned
2025-03-14 09:55:23.124 [info] [VerilogHoverProvider] Hover requested
2025-03-14 09:55:23.540 [info] [VerilogHoverProvider] Hover requested
2025-03-14 09:55:23.570 [info] [VerilogHoverProvider] Hover object returned
2025-03-14 09:55:23.984 [info] [VerilogHoverProvider] Hover object returned
2025-03-14 09:55:27.075 [info] [VerilogHoverProvider] Hover requested
2025-03-14 09:55:27.499 [warning] [VerilogHoverProvider] Hover object not found
2025-03-14 09:55:30.148 [info] [VerilogDocumentSymbolProvider] [VerilogSymbol] Symbols Requested: file:///home/sgass/Projects/kepler/hdl/rtl/ethernet/ethernet_to_axis.sv
2025-03-14 09:55:30.152 [info] [VerilogDocumentSymbolProvider] 1 top-level symbols returned
2025-03-14 09:55:30.252 [info] [VerilogCompletionItemProvider] Completion items requested
2025-03-14 09:55:30.252 [info] [VerilogCompletionItemProvider] 95 items requested
2025-03-14 09:55:30.957 [info] [VerilogDocumentSymbolProvider] [VerilogSymbol] Symbols Requested: file:///home/sgass/Projects/kepler/hdl/rtl/ethernet/ethernet_to_axis.sv
2025-03-14 09:55:30.960 [info] [VerilogDocumentSymbolProvider] 1 top-level symbols returned
2025-03-14 09:55:34.210 [info] [VerilogHoverProvider] Hover requested
2025-03-14 09:55:34.873 [info] [VerilogHoverProvider] Hover requested
2025-03-14 09:55:35.305 [info] [VerilogHoverProvider] Hover object returned
2025-03-14 09:55:35.407 [info] [VerilogDocumentSymbolProvider] [VerilogSymbol] Symbols Requested: file:///home/sgass/Projects/kepler/hdl/rtl/ethernet/ethernet_to_axis.sv
2025-03-14 09:55:35.409 [info] [VerilogDocumentSymbolProvider] 1 top-level symbols returned
2025-03-14 09:55:36.703 [info] [VerilogDocumentSymbolProvider] [VerilogSymbol] Symbols Requested: file:///home/sgass/Projects/kepler/hdl/rtl/ethernet/ethernet_to_axis.sv
2025-03-14 09:55:36.706 [info] [VerilogDocumentSymbolProvider] 1 top-level symbols returned
2025-03-14 09:55:39.596 [info] [VerilogDocumentSymbolProvider] [VerilogSymbol] Symbols Requested: file:///home/sgass/Projects/kepler/hdl/rtl/ethernet/ethernet_to_axis.sv
2025-03-14 09:55:39.600 [info] [VerilogDocumentSymbolProvider] 1 top-level symbols returned
2025-03-14 09:55:42.571 [info] [VerilogDocumentSymbolProvider] [VerilogSymbol] Symbols Requested: file:///home/sgass/Projects/kepler/hdl/rtl/ethernet/ethernet_to_axis.sv
2025-03-14 09:55:42.575 [info] [VerilogDocumentSymbolProvider] 1 top-level symbols returned
2025-03-14 09:55:45.494 [info] [VerilogDocumentSymbolProvider] [VerilogSymbol] Symbols Requested: file:///home/sgass/Projects/kepler/hdl/rtl/ethernet/ethernet_to_axis.sv
2025-03-14 09:55:45.498 [info] [VerilogDocumentSymbolProvider] 1 top-level symbols returned
2025-03-14 09:55:46.431 [info] [VerilogDocumentSymbolProvider] [VerilogSymbol] Symbols Requested: file:///home/sgass/Projects/kepler/hdl/rtl/ethernet/ethernet_to_axis.sv
2025-03-14 09:55:46.434 [info] [VerilogDocumentSymbolProvider] 1 top-level symbols returned
2025-03-14 09:55:49.125 [info] [VerilogDocumentSymbolProvider] [VerilogSymbol] Symbols Requested: file:///home/sgass/Projects/kepler/hdl/rtl/ethernet/ethernet_to_axis.sv
2025-03-14 09:55:49.129 [info] [VerilogDocumentSymbolProvider] 1 top-level symbols returned
2025-03-14 09:55:51.961 [info] [VerilogDocumentSymbolProvider] [VerilogSymbol] Symbols Requested: file:///home/sgass/Projects/kepler/hdl/rtl/ethernet/ethernet_to_axis.sv
2025-03-14 09:55:51.966 [info] [VerilogDocumentSymbolProvider] 1 top-level symbols returned
2025-03-14 09:55:53.156 [info] [VerilogHoverProvider] Hover requested
2025-03-14 09:55:53.606 [info] [VerilogHoverProvider] Hover object returned
2025-03-14 09:55:53.737 [info] [VerilogHoverProvider] Hover requested
2025-03-14 09:55:54.186 [warning] [VerilogHoverProvider] Hover object not found
2025-03-14 09:55:55.406 [info] [VerilogDefinitionProvider] Definitions Requested: file:///home/sgass/Projects/kepler/hdl/rtl/ethernet/ethernet_to_axis.sv
2025-03-14 09:55:55.803 [info] [VerilogDefinitionProvider] 0 definitions returned
2025-03-14 09:56:15.717 [info] [VerilogDocumentSymbolProvider] [VerilogSymbol] Symbols Requested: file:///home/sgass/Projects/kepler/hdl/rtl/ethernet/ethernet_to_axis.sv
2025-03-14 09:56:15.720 [info] [VerilogDocumentSymbolProvider] 1 top-level symbols returned
2025-03-14 09:56:16.255 [info] [VerilogDocumentSymbolProvider] [VerilogSymbol] Symbols Requested: file:///home/sgass/Projects/kepler/hdl/rtl/ethernet/ethernet_to_axis.sv
2025-03-14 09:56:16.258 [info] [VerilogDocumentSymbolProvider] 1 top-level symbols returned
2025-03-14 09:56:18.287 [info] [VerilogHoverProvider] Hover requested
2025-03-14 09:56:18.759 [info] [VerilogHoverProvider] Hover object returned
2025-03-14 09:56:19.002 [info] [VerilogHoverProvider] Hover requested
2025-03-14 09:56:19.887 [info] [VerilogHoverProvider] Hover requested
2025-03-14 09:56:19.986 [info] [VerilogDefinitionProvider] Definitions Requested: file:///home/sgass/Projects/kepler/hdl/rtl/ethernet/ethernet_to_axis.sv
2025-03-14 09:56:20.306 [info] [VerilogHoverProvider] Hover object returned
2025-03-14 09:56:20.385 [info] [VerilogDefinitionProvider] 1 definitions returned
2025-03-14 09:56:23.965 [info] [VerilogDocumentSymbolProvider] [VerilogSymbol] Symbols Requested: file:///home/sgass/Projects/kepler/hdl/rtl/ethernet/ethernet_to_axis.sv
2025-03-14 09:56:23.969 [info] [VerilogDocumentSymbolProvider] 1 top-level symbols returned
2025-03-14 09:56:25.996 [info] [VerilogDocumentSymbolProvider] [VerilogSymbol] Symbols Requested: file:///home/sgass/Projects/kepler/hdl/rtl/ethernet/ethernet_to_axis.sv
2025-03-14 09:56:26.000 [info] [VerilogDocumentSymbolProvider] 1 top-level symbols returned
2025-03-14 09:56:28.054 [info] [VerilogDocumentSymbolProvider] [VerilogSymbol] Symbols Requested: file:///home/sgass/Projects/kepler/hdl/rtl/ethernet/ethernet_to_axis.sv
2025-03-14 09:56:28.057 [info] [VerilogDocumentSymbolProvider] 1 top-level symbols returned
2025-03-14 09:56:28.690 [info] on save
2025-03-14 09:56:29.027 [info] [VerilogDocumentSymbolProvider] [VerilogSymbol] Symbols Requested: file:///home/sgass/Projects/kepler/hdl/rtl/ethernet/ethernet_to_axis.sv
2025-03-14 09:56:29.027 [info] indexing "/home/sgass/Projects/kepler/hdl/rtl/ethernet/ethernet_to_axis.sv"
2025-03-14 09:56:29.027 [info] executing ctags
2025-03-14 09:56:29.027 [info] Executing Command: ctags -f - --fields=+K --sort=no --excmd=n --fields-SystemVerilog=+{parameter} "/home/sgass/Projects/kepler/hdl/rtl/ethernet/ethernet_to_axis.sv"
2025-03-14 09:56:29.034 [info] building symbols
2025-03-14 09:56:29.036 [info] [VerilogDocumentSymbolProvider] 1 top-level symbols returned
2025-03-14 09:56:31.938 [info] [VerilogHoverProvider] Hover requested
2025-03-14 09:56:32.456 [info] [VerilogHoverProvider] Hover object returned
2025-03-14 09:56:33.156 [info] [VerilogDefinitionProvider] Definitions Requested: file:///home/sgass/Projects/kepler/hdl/rtl/ethernet/ethernet_to_axis.sv
2025-03-14 09:56:33.594 [info] [VerilogDefinitionProvider] 1 definitions returned
2025-03-14 09:56:35.557 [info] [VerilogHoverProvider] Hover requested
2025-03-14 09:56:35.965 [warning] [VerilogHoverProvider] Hover object not found
2025-03-14 09:56:39.182 [info] [VerilogDocumentSymbolProvider] [VerilogSymbol] Symbols Requested: file:///home/sgass/Projects/kepler/hdl/rtl/ethernet/ethernet_to_axis.sv
2025-03-14 09:56:39.186 [info] [VerilogDocumentSymbolProvider] 1 top-level symbols returned
2025-03-14 09:56:39.342 [info] [VerilogCompletionItemProvider] Completion items requested
2025-03-14 09:56:39.343 [info] [VerilogCompletionItemProvider] 95 items requested
2025-03-14 09:56:40.074 [info] [VerilogDocumentSymbolProvider] [VerilogSymbol] Symbols Requested: file:///home/sgass/Projects/kepler/hdl/rtl/ethernet/ethernet_to_axis.sv
2025-03-14 09:56:40.078 [info] [VerilogDocumentSymbolProvider] 1 top-level symbols returned
2025-03-14 09:56:43.221 [info] [VerilogHoverProvider] Hover requested
2025-03-14 09:56:43.646 [info] [VerilogHoverProvider] Hover object returned
2025-03-14 09:56:44.532 [info] [VerilogDocumentSymbolProvider] [VerilogSymbol] Symbols Requested: file:///home/sgass/Projects/kepler/hdl/rtl/ethernet/ethernet_to_axis.sv
2025-03-14 09:56:44.535 [info] [VerilogDocumentSymbolProvider] 1 top-level symbols returned
2025-03-14 09:56:45.677 [info] [VerilogDocumentSymbolProvider] [VerilogSymbol] Symbols Requested: file:///home/sgass/Projects/kepler/hdl/rtl/ethernet/ethernet_to_axis.sv
2025-03-14 09:56:45.681 [info] [VerilogDocumentSymbolProvider] 1 top-level symbols returned
2025-03-14 09:56:45.955 [info] [VerilogHoverProvider] Hover requested
2025-03-14 09:56:47.533 [info] [VerilogDocumentSymbolProvider] [VerilogSymbol] Symbols Requested: file:///home/sgass/Projects/kepler/hdl/rtl/ethernet/ethernet_to_axis.sv
2025-03-14 09:56:47.537 [info] [VerilogDocumentSymbolProvider] 1 top-level symbols returned
2025-03-14 09:56:48.069 [info] [VerilogHoverProvider] Hover requested
2025-03-14 09:56:48.836 [info] [VerilogHoverProvider] Hover requested
2025-03-14 09:56:49.466 [info] [VerilogDocumentSymbolProvider] [VerilogSymbol] Symbols Requested: file:///home/sgass/Projects/kepler/hdl/rtl/ethernet/ethernet_to_axis.sv
2025-03-14 09:56:49.469 [info] [VerilogDocumentSymbolProvider] 1 top-level symbols returned
2025-03-14 09:56:50.359 [info] [VerilogHoverProvider] Hover requested
2025-03-14 09:56:50.785 [info] [VerilogHoverProvider] Hover object returned
2025-03-14 09:56:51.256 [info] [VerilogDocumentSymbolProvider] [VerilogSymbol] Symbols Requested: file:///home/sgass/Projects/kepler/hdl/rtl/ethernet/ethernet_to_axis.sv
2025-03-14 09:56:51.259 [info] [VerilogDocumentSymbolProvider] 1 top-level symbols returned
2025-03-14 09:56:51.834 [info] [VerilogHoverProvider] Hover requested
2025-03-14 09:56:52.298 [info] [VerilogHoverProvider] Hover object returned
2025-03-14 09:56:52.530 [info] [VerilogDocumentSymbolProvider] [VerilogSymbol] Symbols Requested: file:///home/sgass/Projects/kepler/hdl/rtl/ethernet/ethernet_to_axis.sv
2025-03-14 09:56:52.534 [info] [VerilogDocumentSymbolProvider] 1 top-level symbols returned
2025-03-14 09:56:52.935 [info] [VerilogHoverProvider] Hover requested
2025-03-14 09:56:53.336 [info] [VerilogHoverProvider] Hover requested
2025-03-14 09:56:53.416 [info] [VerilogHoverProvider] Hover object returned
2025-03-14 09:56:54.009 [info] [VerilogDocumentSymbolProvider] [VerilogSymbol] Symbols Requested: file:///home/sgass/Projects/kepler/hdl/rtl/ethernet/ethernet_to_axis.sv
2025-03-14 09:56:54.013 [info] [VerilogDocumentSymbolProvider] 1 top-level symbols returned
2025-03-14 09:56:54.586 [info] [VerilogHoverProvider] Hover requested
2025-03-14 09:56:55.017 [info] [VerilogHoverProvider] Hover object returned
2025-03-14 09:56:55.733 [info] [VerilogDocumentSymbolProvider] [VerilogSymbol] Symbols Requested: file:///home/sgass/Projects/kepler/hdl/rtl/ethernet/ethernet_to_axis.sv
2025-03-14 09:56:55.736 [info] [VerilogDocumentSymbolProvider] 1 top-level symbols returned
2025-03-14 09:56:56.419 [info] [VerilogHoverProvider] Hover requested
2025-03-14 09:56:56.912 [warning] [VerilogHoverProvider] Hover object not found
2025-03-14 09:57:01.740 [info] [VerilogDocumentSymbolProvider] [VerilogSymbol] Symbols Requested: file:///home/sgass/Projects/kepler/hdl/rtl/ethernet/ethernet_to_axis.sv
2025-03-14 09:57:01.743 [info] [VerilogDocumentSymbolProvider] 1 top-level symbols returned
2025-03-14 09:57:05.064 [info] [VerilogDocumentSymbolProvider] [VerilogSymbol] Symbols Requested: file:///home/sgass/Projects/kepler/hdl/rtl/ethernet/ethernet_to_axis.sv
2025-03-14 09:57:05.068 [info] [VerilogDocumentSymbolProvider] 1 top-level symbols returned
2025-03-14 09:57:05.485 [info] [VerilogDocumentSymbolProvider] [VerilogSymbol] Symbols Requested: file:///home/sgass/Projects/kepler/hdl/rtl/ethernet/ethernet_to_axis.sv
2025-03-14 09:57:05.486 [info] [VerilogDocumentSymbolProvider] 1 top-level symbols returned
2025-03-14 09:57:08.818 [info] [VerilogHoverProvider] Hover requested
2025-03-14 09:57:09.170 [info] [VerilogHoverProvider] Hover requested
2025-03-14 09:57:09.636 [info] [VerilogHoverProvider] Hover object returned
2025-03-14 09:57:09.648 [info] [VerilogHoverProvider] Hover requested
2025-03-14 09:57:09.818 [info] [VerilogHoverProvider] Hover requested
2025-03-14 09:57:12.687 [info] [VerilogDocumentSymbolProvider] [VerilogSymbol] Symbols Requested: file:///home/sgass/Projects/kepler/hdl/rtl/ethernet/ethernet_to_axis.sv
2025-03-14 09:57:12.690 [info] [VerilogDocumentSymbolProvider] 1 top-level symbols returned
2025-03-14 09:57:13.365 [info] [VerilogDocumentSymbolProvider] [VerilogSymbol] Symbols Requested: file:///home/sgass/Projects/kepler/hdl/rtl/ethernet/ethernet_to_axis.sv
2025-03-14 09:57:13.368 [info] [VerilogDocumentSymbolProvider] 1 top-level symbols returned
2025-03-14 09:57:15.019 [info] [VerilogDocumentSymbolProvider] [VerilogSymbol] Symbols Requested: file:///home/sgass/Projects/kepler/hdl/rtl/ethernet/ethernet_to_axis.sv
2025-03-14 09:57:15.020 [info] [VerilogDocumentSymbolProvider] 1 top-level symbols returned
2025-03-14 09:57:15.915 [info] on save
2025-03-14 09:57:16.255 [info] [VerilogDocumentSymbolProvider] [VerilogSymbol] Symbols Requested: file:///home/sgass/Projects/kepler/hdl/rtl/ethernet/ethernet_to_axis.sv
2025-03-14 09:57:16.255 [info] indexing "/home/sgass/Projects/kepler/hdl/rtl/ethernet/ethernet_to_axis.sv"
2025-03-14 09:57:16.255 [info] executing ctags
2025-03-14 09:57:16.255 [info] Executing Command: ctags -f - --fields=+K --sort=no --excmd=n --fields-SystemVerilog=+{parameter} "/home/sgass/Projects/kepler/hdl/rtl/ethernet/ethernet_to_axis.sv"
2025-03-14 09:57:16.262 [info] building symbols
2025-03-14 09:57:16.264 [info] [VerilogDocumentSymbolProvider] 1 top-level symbols returned
2025-03-14 09:57:17.688 [info] [VerilogHoverProvider] Hover requested
2025-03-14 09:57:18.127 [info] [VerilogHoverProvider] Hover object returned
2025-03-14 09:57:18.484 [info] [VerilogDefinitionProvider] Definitions Requested: file:///home/sgass/Projects/kepler/hdl/rtl/ethernet/ethernet_to_axis.sv
2025-03-14 09:57:18.930 [info] [VerilogDefinitionProvider] 1 definitions returned
2025-03-14 09:57:20.537 [info] [VerilogHoverProvider] Hover requested
2025-03-14 09:57:20.975 [warning] [VerilogHoverProvider] Hover object not found
2025-03-14 09:57:21.205 [info] [VerilogHoverProvider] Hover requested
2025-03-14 09:57:21.504 [info] [VerilogHoverProvider] Hover requested
2025-03-14 09:57:21.655 [warning] [VerilogHoverProvider] Hover object not found
2025-03-14 09:57:21.897 [warning] [VerilogHoverProvider] Hover object not found
2025-03-14 09:57:27.274 [info] [VerilogDocumentSymbolProvider] [VerilogSymbol] Symbols Requested: file:///home/sgass/Projects/kepler/hdl/rtl/ethernet/ethernet_to_axis.sv
2025-03-14 09:57:27.277 [info] [VerilogDocumentSymbolProvider] 1 top-level symbols returned
2025-03-14 09:57:27.838 [info] [VerilogCompletionItemProvider] Completion items requested
2025-03-14 09:57:27.839 [info] [VerilogCompletionItemProvider] 95 items requested
2025-03-14 09:57:28.585 [info] [VerilogDocumentSymbolProvider] [VerilogSymbol] Symbols Requested: file:///home/sgass/Projects/kepler/hdl/rtl/ethernet/ethernet_to_axis.sv
2025-03-14 09:57:28.589 [info] [VerilogDocumentSymbolProvider] 1 top-level symbols returned
2025-03-14 09:57:29.581 [info] on save
2025-03-14 09:57:38.995 [info] [VerilogHoverProvider] Hover requested
2025-03-14 09:57:38.995 [info] indexing "/home/sgass/Projects/kepler/hdl/rtl/ethernet/ethernet_to_axis.sv"
2025-03-14 09:57:38.995 [info] executing ctags
2025-03-14 09:57:38.995 [info] Executing Command: ctags -f - --fields=+K --sort=no --excmd=n --fields-SystemVerilog=+{parameter} "/home/sgass/Projects/kepler/hdl/rtl/ethernet/ethernet_to_axis.sv"
2025-03-14 09:57:39.003 [info] building symbols
2025-03-14 09:57:39.413 [info] [VerilogHoverProvider] Hover object returned
2025-03-14 09:57:39.495 [info] [VerilogHoverProvider] Hover requested
2025-03-14 09:57:41.119 [info] [VerilogDocumentSymbolProvider] [VerilogSymbol] Symbols Requested: file:///home/sgass/Projects/kepler/hdl/rtl/ethernet/ethernet_to_axis.sv
2025-03-14 09:57:41.123 [info] [VerilogDocumentSymbolProvider] 1 top-level symbols returned
2025-03-14 09:57:42.735 [info] [VerilogHoverProvider] Hover requested
2025-03-14 09:57:43.146 [info] [VerilogHoverProvider] Hover object returned
2025-03-14 09:57:44.173 [info] [VerilogHoverProvider] Hover requested
2025-03-14 09:57:44.611 [info] [VerilogHoverProvider] Hover object returned
2025-03-14 09:57:44.698 [info] [VerilogHoverProvider] Hover requested
2025-03-14 09:57:45.141 [info] [VerilogHoverProvider] Hover object returned
2025-03-14 09:57:45.605 [info] [VerilogHoverProvider] Hover requested
2025-03-14 09:57:45.906 [info] [VerilogHoverProvider] Hover requested
2025-03-14 09:57:46.070 [info] [VerilogHoverProvider] Hover object returned
2025-03-14 09:57:52.023 [info] on save
2025-03-14 09:57:58.644 [info] [VerilogHoverProvider] Hover requested
2025-03-14 09:57:58.644 [info] indexing "/home/sgass/Projects/kepler/hdl/rtl/ethernet/ethernet_to_axis.sv"
2025-03-14 09:57:58.644 [info] executing ctags
2025-03-14 09:57:58.644 [info] Executing Command: ctags -f - --fields=+K --sort=no --excmd=n --fields-SystemVerilog=+{parameter} "/home/sgass/Projects/kepler/hdl/rtl/ethernet/ethernet_to_axis.sv"
2025-03-14 09:57:58.654 [info] building symbols
2025-03-14 09:57:59.108 [info] [VerilogHoverProvider] Hover object returned
2025-03-14 09:58:23.768 [info] [VerilogHoverProvider] Hover requested
2025-03-14 09:58:24.180 [info] [VerilogHoverProvider] Hover object returned
2025-03-14 09:58:25.168 [info] [VerilogHoverProvider] Hover requested
2025-03-14 09:58:25.382 [info] [VerilogHoverProvider] Hover requested
2025-03-14 09:58:25.599 [info] [VerilogHoverProvider] Hover object returned
2025-03-14 09:58:25.793 [info] [VerilogHoverProvider] Hover object returned
2025-03-14 09:58:37.604 [info] [VerilogHoverProvider] Hover requested
2025-03-14 09:58:37.936 [info] [VerilogHoverProvider] Hover requested
2025-03-14 09:58:38.094 [info] [VerilogHoverProvider] Hover object returned
2025-03-14 09:58:38.339 [info] [VerilogHoverProvider] Hover object returned
2025-03-14 09:58:46.854 [info] [VerilogHoverProvider] Hover requested
2025-03-14 09:58:47.272 [info] [VerilogHoverProvider] Hover object returned
2025-03-14 09:58:47.336 [info] [VerilogHoverProvider] Hover requested
2025-03-14 09:58:47.733 [warning] [VerilogHoverProvider] Hover object not found
2025-03-14 09:58:47.887 [info] [VerilogHoverProvider] Hover requested
2025-03-14 09:58:48.298 [warning] [VerilogHoverProvider] Hover object not found
2025-03-14 09:58:48.326 [info] [VerilogHoverProvider] Hover requested
2025-03-14 09:58:48.606 [info] [VerilogHoverProvider] Hover requested
2025-03-14 09:58:48.758 [warning] [VerilogHoverProvider] Hover object not found
2025-03-14 09:58:48.993 [warning] [VerilogHoverProvider] Hover object not found
2025-03-14 09:58:58.628 [info] [VerilogDocumentSymbolProvider] [VerilogSymbol] Symbols Requested: file:///home/sgass/Projects/kepler/hdl/rtl/ethernet/ethernet_to_axis.sv
2025-03-14 09:58:58.632 [info] [VerilogDocumentSymbolProvider] 1 top-level symbols returned
2025-03-14 09:59:00.133 [info] [VerilogHoverProvider] Hover requested
2025-03-14 09:59:00.783 [info] [VerilogHoverProvider] Hover requested
2025-03-14 09:59:01.214 [info] [VerilogHoverProvider] Hover object returned
2025-03-14 09:59:01.481 [info] [VerilogHoverProvider] Hover requested
2025-03-14 09:59:03.248 [info] [VerilogDocumentSymbolProvider] [VerilogSymbol] Symbols Requested: file:///home/sgass/Projects/kepler/hdl/rtl/ethernet/ethernet_to_axis.sv
2025-03-14 09:59:03.252 [info] [VerilogDocumentSymbolProvider] 1 top-level symbols returned
2025-03-14 09:59:04.975 [info] [VerilogDocumentSymbolProvider] [VerilogSymbol] Symbols Requested: file:///home/sgass/Projects/kepler/hdl/rtl/ethernet/ethernet_to_axis.sv
2025-03-14 09:59:04.978 [info] [VerilogDocumentSymbolProvider] 1 top-level symbols returned
2025-03-14 09:59:06.047 [info] [VerilogHoverProvider] Hover requested
2025-03-14 09:59:06.513 [info] [VerilogHoverProvider] Hover object returned
2025-03-14 09:59:07.231 [info] [VerilogHoverProvider] Hover requested
2025-03-14 09:59:07.918 [info] [VerilogHoverProvider] Hover requested
2025-03-14 09:59:08.374 [info] [VerilogHoverProvider] Hover object returned
2025-03-14 09:59:15.417 [info] [VerilogHoverProvider] Hover requested
2025-03-14 09:59:15.833 [info] [VerilogHoverProvider] Hover requested
2025-03-14 09:59:15.901 [info] [VerilogHoverProvider] Hover object returned
2025-03-14 09:59:16.263 [info] [VerilogHoverProvider] Hover object returned
2025-03-14 09:59:16.882 [info] [VerilogHoverProvider] Hover requested
2025-03-14 09:59:17.285 [info] [VerilogHoverProvider] Hover object returned
2025-03-14 09:59:19.103 [info] [VerilogHoverProvider] Hover requested
2025-03-14 09:59:19.417 [info] [VerilogHoverProvider] Hover requested
2025-03-14 09:59:19.506 [info] [VerilogHoverProvider] Hover object returned
2025-03-14 09:59:19.832 [info] [VerilogHoverProvider] Hover object returned
2025-03-14 09:59:20.342 [info] [VerilogHoverProvider] Hover requested
2025-03-14 09:59:20.589 [info] [VerilogHoverProvider] Hover requested
2025-03-14 09:59:20.840 [info] [VerilogHoverProvider] Hover object returned
2025-03-14 09:59:20.975 [info] [VerilogHoverProvider] Hover object returned
2025-03-14 09:59:23.506 [info] [VerilogDocumentSymbolProvider] [VerilogSymbol] Symbols Requested: file:///home/sgass/Projects/kepler/hdl/rtl/ethernet/ethernet_to_axis.sv
2025-03-14 09:59:23.510 [info] [VerilogDocumentSymbolProvider] 1 top-level symbols returned
2025-03-14 09:59:24.798 [info] [VerilogDocumentSymbolProvider] [VerilogSymbol] Symbols Requested: file:///home/sgass/Projects/kepler/hdl/rtl/ethernet/ethernet_to_axis.sv
2025-03-14 09:59:24.802 [info] [VerilogDocumentSymbolProvider] 1 top-level symbols returned
2025-03-14 09:59:25.929 [info] [VerilogDocumentSymbolProvider] [VerilogSymbol] Symbols Requested: file:///home/sgass/Projects/kepler/hdl/rtl/ethernet/ethernet_to_axis.sv
2025-03-14 09:59:25.933 [info] [VerilogDocumentSymbolProvider] 1 top-level symbols returned
2025-03-14 09:59:27.649 [info] [VerilogHoverProvider] Hover requested
2025-03-14 09:59:28.091 [warning] [VerilogHoverProvider] Hover object not found
2025-03-14 09:59:28.764 [info] [VerilogHoverProvider] Hover requested
2025-03-14 09:59:29.200 [warning] [VerilogHoverProvider] Hover object not found
2025-03-14 09:59:39.033 [info] [VerilogHoverProvider] Hover requested
2025-03-14 09:59:39.480 [info] [VerilogHoverProvider] Hover object returned
2025-03-14 09:59:40.292 [info] [VerilogDocumentSymbolProvider] [VerilogSymbol] Symbols Requested: file:///home/sgass/Projects/kepler/hdl/rtl/ethernet/ethernet_to_axis.sv
2025-03-14 09:59:40.296 [info] [VerilogDocumentSymbolProvider] 1 top-level symbols returned
2025-03-14 09:59:40.793 [info] on save
2025-03-14 09:59:49.937 [info] [VerilogDocumentSymbolProvider] [VerilogSymbol] Symbols Requested: file:///home/sgass/Projects/kepler/hdl/rtl/ethernet/ethernet_to_axis.sv
2025-03-14 09:59:49.937 [info] indexing "/home/sgass/Projects/kepler/hdl/rtl/ethernet/ethernet_to_axis.sv"
2025-03-14 09:59:49.937 [info] executing ctags
2025-03-14 09:59:49.937 [info] Executing Command: ctags -f - --fields=+K --sort=no --excmd=n --fields-SystemVerilog=+{parameter} "/home/sgass/Projects/kepler/hdl/rtl/ethernet/ethernet_to_axis.sv"
2025-03-14 09:59:49.944 [info] building symbols
2025-03-14 09:59:49.947 [info] [VerilogDocumentSymbolProvider] 1 top-level symbols returned
2025-03-14 09:59:56.521 [info] [VerilogDocumentSymbolProvider] [VerilogSymbol] Symbols Requested: file:///home/sgass/Projects/kepler/hdl/rtl/ethernet/ethernet_to_axis.sv
2025-03-14 09:59:56.525 [info] [VerilogDocumentSymbolProvider] 1 top-level symbols returned
2025-03-14 09:59:58.510 [info] [VerilogDocumentSymbolProvider] [VerilogSymbol] Symbols Requested: file:///home/sgass/Projects/kepler/hdl/rtl/ethernet/ethernet_to_axis.sv
2025-03-14 09:59:58.513 [info] [VerilogDocumentSymbolProvider] 1 top-level symbols returned
2025-03-14 09:59:59.225 [info] [VerilogDocumentSymbolProvider] [VerilogSymbol] Symbols Requested: file:///home/sgass/Projects/kepler/hdl/rtl/ethernet/ethernet_to_axis.sv
2025-03-14 09:59:59.228 [info] [VerilogDocumentSymbolProvider] 1 top-level symbols returned
2025-03-14 09:59:59.839 [info] [VerilogDocumentSymbolProvider] [VerilogSymbol] Symbols Requested: file:///home/sgass/Projects/kepler/hdl/rtl/ethernet/ethernet_to_axis.sv
2025-03-14 09:59:59.843 [info] [VerilogDocumentSymbolProvider] 1 top-level symbols returned
2025-03-14 10:00:00.469 [info] [VerilogDocumentSymbolProvider] [VerilogSymbol] Symbols Requested: file:///home/sgass/Projects/kepler/hdl/rtl/ethernet/ethernet_to_axis.sv
2025-03-14 10:00:00.473 [info] [VerilogDocumentSymbolProvider] 1 top-level symbols returned
2025-03-14 10:00:01.302 [info] [VerilogDocumentSymbolProvider] [VerilogSymbol] Symbols Requested: file:///home/sgass/Projects/kepler/hdl/rtl/ethernet/ethernet_to_axis.sv
2025-03-14 10:00:01.306 [info] [VerilogDocumentSymbolProvider] 1 top-level symbols returned
2025-03-14 10:00:02.144 [info] [VerilogDocumentSymbolProvider] [VerilogSymbol] Symbols Requested: file:///home/sgass/Projects/kepler/hdl/rtl/ethernet/ethernet_to_axis.sv
2025-03-14 10:00:02.146 [info] [VerilogDocumentSymbolProvider] 1 top-level symbols returned
2025-03-14 10:00:05.498 [info] [VerilogDocumentSymbolProvider] [VerilogSymbol] Symbols Requested: file:///home/sgass/Projects/kepler/hdl/rtl/ethernet/ethernet_to_axis.sv
2025-03-14 10:00:05.501 [info] [VerilogDocumentSymbolProvider] 1 top-level symbols returned
2025-03-14 10:00:06.308 [info] [VerilogDocumentSymbolProvider] [VerilogSymbol] Symbols Requested: file:///home/sgass/Projects/kepler/hdl/rtl/ethernet/ethernet_to_axis.sv
2025-03-14 10:00:06.310 [info] [VerilogDocumentSymbolProvider] 1 top-level symbols returned
2025-03-14 10:00:06.878 [info] [VerilogCompletionItemProvider] Completion items requested
2025-03-14 10:00:06.878 [info] [VerilogCompletionItemProvider] 95 items requested
2025-03-14 10:00:08.484 [info] [VerilogDocumentSymbolProvider] [VerilogSymbol] Symbols Requested: file:///home/sgass/Projects/kepler/hdl/rtl/ethernet/ethernet_to_axis.sv
2025-03-14 10:00:08.488 [info] [VerilogDocumentSymbolProvider] 1 top-level symbols returned
2025-03-14 10:00:08.871 [info] [VerilogDocumentSymbolProvider] [VerilogSymbol] Symbols Requested: file:///home/sgass/Projects/kepler/hdl/rtl/ethernet/ethernet_to_axis.sv
2025-03-14 10:00:08.872 [info] [VerilogDocumentSymbolProvider] 1 top-level symbols returned
2025-03-14 10:00:09.918 [info] [VerilogDocumentSymbolProvider] [VerilogSymbol] Symbols Requested: file:///home/sgass/Projects/kepler/hdl/rtl/ethernet/ethernet_to_axis.sv
2025-03-14 10:00:09.923 [info] [VerilogDocumentSymbolProvider] 1 top-level symbols returned
2025-03-14 10:00:15.188 [info] [VerilogDocumentSymbolProvider] [VerilogSymbol] Symbols Requested: file:///home/sgass/Projects/kepler/hdl/rtl/ethernet/ethernet_to_axis.sv
2025-03-14 10:00:15.192 [info] [VerilogDocumentSymbolProvider] 1 top-level symbols returned
2025-03-14 10:00:17.312 [info] [VerilogDocumentSymbolProvider] [VerilogSymbol] Symbols Requested: file:///home/sgass/Projects/kepler/hdl/rtl/ethernet/ethernet_to_axis.sv
2025-03-14 10:00:17.315 [info] [VerilogDocumentSymbolProvider] 1 top-level symbols returned
2025-03-14 10:00:29.362 [info] [VerilogDocumentSymbolProvider] [VerilogSymbol] Symbols Requested: file:///home/sgass/Projects/kepler/hdl/rtl/ethernet/ethernet_to_axis.sv
2025-03-14 10:00:29.366 [info] [VerilogDocumentSymbolProvider] 1 top-level symbols returned
2025-03-14 10:00:30.294 [info] [VerilogDocumentSymbolProvider] [VerilogSymbol] Symbols Requested: file:///home/sgass/Projects/kepler/hdl/rtl/ethernet/ethernet_to_axis.sv
2025-03-14 10:00:30.298 [info] [VerilogDocumentSymbolProvider] 1 top-level symbols returned
2025-03-14 10:00:31.799 [info] [VerilogDocumentSymbolProvider] [VerilogSymbol] Symbols Requested: file:///home/sgass/Projects/kepler/hdl/rtl/ethernet/ethernet_to_axis.sv
2025-03-14 10:00:31.802 [info] [VerilogDocumentSymbolProvider] 1 top-level symbols returned
2025-03-14 10:00:54.262 [info] [VerilogHoverProvider] Hover requested
2025-03-14 10:00:54.688 [info] [VerilogHoverProvider] Hover object returned
2025-03-14 10:00:54.812 [info] [VerilogHoverProvider] Hover requested
2025-03-14 10:00:55.247 [info] [VerilogHoverProvider] Hover object returned
2025-03-14 10:00:55.728 [info] [VerilogHoverProvider] Hover requested
2025-03-14 10:00:56.159 [info] [VerilogHoverProvider] Hover requested
2025-03-14 10:00:56.184 [info] [VerilogHoverProvider] Hover object returned
2025-03-14 10:00:57.345 [info] [VerilogDocumentSymbolProvider] [VerilogSymbol] Symbols Requested: file:///home/sgass/Projects/kepler/hdl/rtl/ethernet/ethernet_to_axis.sv
2025-03-14 10:00:57.349 [info] [VerilogDocumentSymbolProvider] 1 top-level symbols returned
2025-03-14 10:00:58.173 [info] [VerilogDocumentSymbolProvider] [VerilogSymbol] Symbols Requested: file:///home/sgass/Projects/kepler/hdl/rtl/ethernet/ethernet_to_axis.sv
2025-03-14 10:00:58.177 [info] [VerilogDocumentSymbolProvider] 1 top-level symbols returned
2025-03-14 10:01:09.994 [info] [VerilogHoverProvider] Hover requested
2025-03-14 10:01:10.451 [info] [VerilogHoverProvider] Hover object returned
2025-03-14 10:01:21.664 [info] [VerilogHoverProvider] Hover requested
2025-03-14 10:01:22.067 [info] [VerilogHoverProvider] Hover object returned
2025-03-14 10:01:24.875 [info] [VerilogHoverProvider] Hover requested
2025-03-14 10:01:25.381 [info] [VerilogHoverProvider] Hover object returned
2025-03-14 10:01:25.532 [info] [VerilogHoverProvider] Hover requested
2025-03-14 10:01:25.935 [warning] [VerilogHoverProvider] Hover object not found
2025-03-14 10:01:26.052 [info] [VerilogHoverProvider] Hover requested
2025-03-14 10:01:26.458 [warning] [VerilogHoverProvider] Hover object not found
2025-03-14 10:01:26.577 [info] [VerilogHoverProvider] Hover requested
2025-03-14 10:01:26.984 [warning] [VerilogHoverProvider] Hover object not found
2025-03-14 10:01:27.528 [info] [VerilogHoverProvider] Hover requested
2025-03-14 10:01:27.939 [info] [VerilogHoverProvider] Hover object returned
2025-03-14 10:01:29.385 [info] [VerilogCompletionItemProvider] Completion items requested
2025-03-14 10:01:29.385 [info] [VerilogCompletionItemProvider] 95 items requested
2025-03-14 10:01:30.213 [info] [VerilogDocumentSymbolProvider] [VerilogSymbol] Symbols Requested: file:///home/sgass/Projects/kepler/hdl/rtl/ethernet/ethernet_to_axis.sv
2025-03-14 10:01:30.217 [info] [VerilogDocumentSymbolProvider] 1 top-level symbols returned
2025-03-14 10:01:30.887 [info] [VerilogDocumentSymbolProvider] [VerilogSymbol] Symbols Requested: file:///home/sgass/Projects/kepler/hdl/rtl/ethernet/ethernet_to_axis.sv
2025-03-14 10:01:30.891 [info] [VerilogDocumentSymbolProvider] 1 top-level symbols returned
2025-03-14 10:01:32.990 [info] [VerilogCompletionItemProvider] Completion items requested
2025-03-14 10:01:32.991 [info] [VerilogCompletionItemProvider] 95 items requested
2025-03-14 10:01:33.268 [info] [VerilogCompletionItemProvider] Completion items requested
2025-03-14 10:01:33.268 [info] [VerilogCompletionItemProvider] 95 items requested
2025-03-14 10:01:33.366 [info] [VerilogCompletionItemProvider] Completion items requested
2025-03-14 10:01:33.367 [info] [VerilogCompletionItemProvider] 95 items requested
2025-03-14 10:01:33.469 [info] [VerilogCompletionItemProvider] Completion items requested
2025-03-14 10:01:33.469 [info] [VerilogCompletionItemProvider] 95 items requested
2025-03-14 10:01:33.808 [info] [VerilogDocumentSymbolProvider] [VerilogSymbol] Symbols Requested: file:///home/sgass/Projects/kepler/hdl/rtl/ethernet/ethernet_to_axis.sv
2025-03-14 10:01:33.811 [info] [VerilogDocumentSymbolProvider] 1 top-level symbols returned
2025-03-14 10:01:34.478 [info] [VerilogCompletionItemProvider] Completion items requested
2025-03-14 10:01:34.478 [info] [VerilogCompletionItemProvider] 95 items requested
2025-03-14 10:01:34.816 [info] [VerilogDocumentSymbolProvider] [VerilogSymbol] Symbols Requested: file:///home/sgass/Projects/kepler/hdl/rtl/ethernet/ethernet_to_axis.sv
2025-03-14 10:01:34.819 [info] [VerilogDocumentSymbolProvider] 1 top-level symbols returned
2025-03-14 10:01:35.347 [info] [VerilogDocumentSymbolProvider] [VerilogSymbol] Symbols Requested: file:///home/sgass/Projects/kepler/hdl/rtl/ethernet/ethernet_to_axis.sv
2025-03-14 10:01:35.350 [info] [VerilogDocumentSymbolProvider] 1 top-level symbols returned
2025-03-14 10:01:36.289 [info] [VerilogCompletionItemProvider] Completion items requested
2025-03-14 10:01:36.289 [info] [VerilogCompletionItemProvider] 95 items requested
2025-03-14 10:01:37.158 [info] [VerilogDocumentSymbolProvider] [VerilogSymbol] Symbols Requested: file:///home/sgass/Projects/kepler/hdl/rtl/ethernet/ethernet_to_axis.sv
2025-03-14 10:01:37.162 [info] [VerilogDocumentSymbolProvider] 1 top-level symbols returned
2025-03-14 10:01:40.145 [info] [VerilogDocumentSymbolProvider] [VerilogSymbol] Symbols Requested: file:///home/sgass/Projects/kepler/hdl/rtl/ethernet/ethernet_to_axis.sv
2025-03-14 10:01:40.149 [info] [VerilogDocumentSymbolProvider] 1 top-level symbols returned
2025-03-14 10:01:41.737 [info] [VerilogDocumentSymbolProvider] [VerilogSymbol] Symbols Requested: file:///home/sgass/Projects/kepler/hdl/rtl/ethernet/ethernet_to_axis.sv
2025-03-14 10:01:41.741 [info] [VerilogDocumentSymbolProvider] 1 top-level symbols returned
2025-03-14 10:01:41.969 [info] [VerilogCompletionItemProvider] Completion items requested
2025-03-14 10:01:41.969 [info] [VerilogCompletionItemProvider] 95 items requested
2025-03-14 10:01:42.309 [info] [VerilogDocumentSymbolProvider] [VerilogSymbol] Symbols Requested: file:///home/sgass/Projects/kepler/hdl/rtl/ethernet/ethernet_to_axis.sv
2025-03-14 10:01:42.313 [info] [VerilogDocumentSymbolProvider] 1 top-level symbols returned
2025-03-14 10:01:43.344 [info] [VerilogDocumentSymbolProvider] [VerilogSymbol] Symbols Requested: file:///home/sgass/Projects/kepler/hdl/rtl/ethernet/ethernet_to_axis.sv
2025-03-14 10:01:43.348 [info] [VerilogDocumentSymbolProvider] 1 top-level symbols returned
2025-03-14 10:01:44.863 [info] [VerilogDocumentSymbolProvider] [VerilogSymbol] Symbols Requested: file:///home/sgass/Projects/kepler/hdl/rtl/ethernet/ethernet_to_axis.sv
2025-03-14 10:01:44.867 [info] [VerilogDocumentSymbolProvider] 1 top-level symbols returned
2025-03-14 10:01:45.663 [info] [VerilogCompletionItemProvider] Completion items requested
2025-03-14 10:01:45.663 [info] [VerilogCompletionItemProvider] 95 items requested
2025-03-14 10:01:46.012 [info] [VerilogDocumentSymbolProvider] [VerilogSymbol] Symbols Requested: file:///home/sgass/Projects/kepler/hdl/rtl/ethernet/ethernet_to_axis.sv
2025-03-14 10:01:46.016 [info] [VerilogDocumentSymbolProvider] 1 top-level symbols returned
2025-03-14 10:01:46.504 [info] [VerilogCompletionItemProvider] Completion items requested
2025-03-14 10:01:46.504 [info] [VerilogCompletionItemProvider] 95 items requested
2025-03-14 10:01:46.603 [info] [VerilogCompletionItemProvider] Completion items requested
2025-03-14 10:01:46.603 [info] [VerilogCompletionItemProvider] 95 items requested
2025-03-14 10:01:47.199 [info] [VerilogCompletionItemProvider] Completion items requested
2025-03-14 10:01:47.199 [info] [VerilogCompletionItemProvider] 95 items requested
2025-03-14 10:01:47.354 [info] [VerilogCompletionItemProvider] Completion items requested
2025-03-14 10:01:47.355 [info] [VerilogCompletionItemProvider] 95 items requested
2025-03-14 10:01:47.704 [info] [VerilogDocumentSymbolProvider] [VerilogSymbol] Symbols Requested: file:///home/sgass/Projects/kepler/hdl/rtl/ethernet/ethernet_to_axis.sv
2025-03-14 10:01:47.708 [info] [VerilogDocumentSymbolProvider] 1 top-level symbols returned
2025-03-14 10:01:48.986 [info] [VerilogDocumentSymbolProvider] [VerilogSymbol] Symbols Requested: file:///home/sgass/Projects/kepler/hdl/rtl/ethernet/ethernet_to_axis.sv
2025-03-14 10:01:48.989 [info] [VerilogDocumentSymbolProvider] 1 top-level symbols returned
2025-03-14 10:01:50.501 [info] [VerilogCompletionItemProvider] Completion items requested
2025-03-14 10:01:50.501 [info] [VerilogCompletionItemProvider] 95 items requested
2025-03-14 10:01:51.172 [info] [VerilogDocumentSymbolProvider] [VerilogSymbol] Symbols Requested: file:///home/sgass/Projects/kepler/hdl/rtl/ethernet/ethernet_to_axis.sv
2025-03-14 10:01:51.176 [info] [VerilogDocumentSymbolProvider] 1 top-level symbols returned
2025-03-14 10:01:59.362 [info] [VerilogDocumentSymbolProvider] [VerilogSymbol] Symbols Requested: file:///home/sgass/Projects/kepler/hdl/rtl/ethernet/ethernet_to_axis.sv
2025-03-14 10:01:59.366 [info] [VerilogDocumentSymbolProvider] 1 top-level symbols returned
2025-03-14 10:01:59.718 [info] [VerilogCompletionItemProvider] Completion items requested
2025-03-14 10:01:59.718 [info] [VerilogCompletionItemProvider] 95 items requested
2025-03-14 10:02:00.058 [info] [VerilogDocumentSymbolProvider] [VerilogSymbol] Symbols Requested: file:///home/sgass/Projects/kepler/hdl/rtl/ethernet/ethernet_to_axis.sv
2025-03-14 10:02:00.062 [info] [VerilogDocumentSymbolProvider] 1 top-level symbols returned
2025-03-14 10:02:01.076 [info] [VerilogDocumentSymbolProvider] [VerilogSymbol] Symbols Requested: file:///home/sgass/Projects/kepler/hdl/rtl/ethernet/ethernet_to_axis.sv
2025-03-14 10:02:01.080 [info] [VerilogDocumentSymbolProvider] 1 top-level symbols returned
2025-03-14 10:02:02.868 [info] [VerilogDocumentSymbolProvider] [VerilogSymbol] Symbols Requested: file:///home/sgass/Projects/kepler/hdl/rtl/ethernet/ethernet_to_axis.sv
2025-03-14 10:02:02.872 [info] [VerilogDocumentSymbolProvider] 1 top-level symbols returned
2025-03-14 10:02:05.361 [info] [VerilogHoverProvider] Hover requested
2025-03-14 10:02:05.525 [info] [VerilogHoverProvider] Hover requested
2025-03-14 10:02:05.769 [info] [VerilogHoverProvider] Hover object returned
2025-03-14 10:02:05.952 [info] [VerilogHoverProvider] Hover object returned
2025-03-14 10:02:07.680 [info] [VerilogDocumentSymbolProvider] [VerilogSymbol] Symbols Requested: file:///home/sgass/Projects/kepler/hdl/rtl/ethernet/ethernet_to_axis.sv
2025-03-14 10:02:07.684 [info] [VerilogDocumentSymbolProvider] 1 top-level symbols returned
2025-03-14 10:02:12.461 [info] [VerilogDocumentSymbolProvider] [VerilogSymbol] Symbols Requested: file:///home/sgass/Projects/kepler/hdl/rtl/ethernet/ethernet_to_axis.sv
2025-03-14 10:02:12.464 [info] [VerilogDocumentSymbolProvider] 1 top-level symbols returned
2025-03-14 10:02:13.486 [info] [VerilogDocumentSymbolProvider] [VerilogSymbol] Symbols Requested: file:///home/sgass/Projects/kepler/hdl/rtl/ethernet/ethernet_to_axis.sv
2025-03-14 10:02:13.490 [info] [VerilogDocumentSymbolProvider] 1 top-level symbols returned
2025-03-14 10:02:19.483 [info] [VerilogDocumentSymbolProvider] [VerilogSymbol] Symbols Requested: file:///home/sgass/Projects/kepler/hdl/rtl/ethernet/ethernet_to_axis.sv
2025-03-14 10:02:19.486 [info] [VerilogDocumentSymbolProvider] 1 top-level symbols returned
2025-03-14 10:02:19.977 [info] [VerilogDocumentSymbolProvider] [VerilogSymbol] Symbols Requested: file:///home/sgass/Projects/kepler/hdl/rtl/ethernet/ethernet_to_axis.sv
2025-03-14 10:02:19.980 [info] [VerilogDocumentSymbolProvider] 1 top-level symbols returned
2025-03-14 10:02:20.777 [info] [VerilogDocumentSymbolProvider] [VerilogSymbol] Symbols Requested: file:///home/sgass/Projects/kepler/hdl/rtl/ethernet/ethernet_to_axis.sv
2025-03-14 10:02:20.781 [info] [VerilogDocumentSymbolProvider] 1 top-level symbols returned
2025-03-14 10:02:23.027 [info] [VerilogHoverProvider] Hover requested
2025-03-14 10:02:26.781 [info] [VerilogHoverProvider] Hover requested
2025-03-14 10:02:27.193 [info] [VerilogHoverProvider] Hover object returned
2025-03-14 10:02:37.004 [info] [VerilogDocumentSymbolProvider] [VerilogSymbol] Symbols Requested: file:///home/sgass/Projects/kepler/hdl/rtl/ethernet/ethernet_to_axis.sv
2025-03-14 10:02:37.008 [info] [VerilogDocumentSymbolProvider] 1 top-level symbols returned
2025-03-14 10:02:37.429 [info] [VerilogDocumentSymbolProvider] [VerilogSymbol] Symbols Requested: file:///home/sgass/Projects/kepler/hdl/rtl/ethernet/ethernet_to_axis.sv
2025-03-14 10:02:37.433 [info] [VerilogDocumentSymbolProvider] 1 top-level symbols returned
2025-03-14 10:02:40.570 [info] [VerilogDocumentSymbolProvider] [VerilogSymbol] Symbols Requested: file:///home/sgass/Projects/kepler/hdl/rtl/ethernet/ethernet_to_axis.sv
2025-03-14 10:02:40.574 [info] [VerilogDocumentSymbolProvider] 1 top-level symbols returned
2025-03-14 10:02:40.951 [info] [VerilogDocumentSymbolProvider] [VerilogSymbol] Symbols Requested: file:///home/sgass/Projects/kepler/hdl/rtl/ethernet/ethernet_to_axis.sv
2025-03-14 10:02:40.955 [info] [VerilogDocumentSymbolProvider] 1 top-level symbols returned
2025-03-14 10:02:43.443 [info] [VerilogHoverProvider] Hover requested
2025-03-14 10:02:43.893 [info] [VerilogHoverProvider] Hover object returned
2025-03-14 10:02:49.980 [info] [VerilogDocumentSymbolProvider] [VerilogSymbol] Symbols Requested: file:///home/sgass/Projects/kepler/hdl/rtl/ethernet/ethernet_to_axis.sv
2025-03-14 10:02:49.984 [info] [VerilogDocumentSymbolProvider] 1 top-level symbols returned
2025-03-14 10:02:53.297 [info] [VerilogDocumentSymbolProvider] [VerilogSymbol] Symbols Requested: file:///home/sgass/Projects/kepler/hdl/rtl/ethernet/ethernet_to_axis.sv
2025-03-14 10:02:53.300 [info] [VerilogDocumentSymbolProvider] 1 top-level symbols returned
2025-03-14 10:02:54.483 [info] [VerilogDocumentSymbolProvider] [VerilogSymbol] Symbols Requested: file:///home/sgass/Projects/kepler/hdl/rtl/ethernet/ethernet_to_axis.sv
2025-03-14 10:02:54.485 [info] [VerilogDocumentSymbolProvider] 1 top-level symbols returned
2025-03-14 10:02:59.041 [info] [VerilogDocumentSymbolProvider] [VerilogSymbol] Symbols Requested: file:///home/sgass/Projects/kepler/hdl/rtl/ethernet/ethernet_to_axis.sv
2025-03-14 10:02:59.044 [info] [VerilogDocumentSymbolProvider] 1 top-level symbols returned
2025-03-14 10:03:00.496 [info] [VerilogDocumentSymbolProvider] [VerilogSymbol] Symbols Requested: file:///home/sgass/Projects/kepler/hdl/rtl/ethernet/ethernet_to_axis.sv
2025-03-14 10:03:00.499 [info] [VerilogDocumentSymbolProvider] 1 top-level symbols returned
2025-03-14 10:03:01.423 [info] [VerilogDocumentSymbolProvider] [VerilogSymbol] Symbols Requested: file:///home/sgass/Projects/kepler/hdl/rtl/ethernet/ethernet_to_axis.sv
2025-03-14 10:03:01.426 [info] [VerilogDocumentSymbolProvider] 1 top-level symbols returned
2025-03-14 10:03:02.162 [info] [VerilogDocumentSymbolProvider] [VerilogSymbol] Symbols Requested: file:///home/sgass/Projects/kepler/hdl/rtl/ethernet/ethernet_to_axis.sv
2025-03-14 10:03:02.166 [info] [VerilogDocumentSymbolProvider] 1 top-level symbols returned
2025-03-14 10:03:02.778 [info] [VerilogDocumentSymbolProvider] [VerilogSymbol] Symbols Requested: file:///home/sgass/Projects/kepler/hdl/rtl/ethernet/ethernet_to_axis.sv
2025-03-14 10:03:02.781 [info] [VerilogDocumentSymbolProvider] 1 top-level symbols returned
2025-03-14 10:03:03.285 [info] [VerilogDocumentSymbolProvider] [VerilogSymbol] Symbols Requested: file:///home/sgass/Projects/kepler/hdl/rtl/ethernet/ethernet_to_axis.sv
2025-03-14 10:03:03.289 [info] [VerilogDocumentSymbolProvider] 1 top-level symbols returned
2025-03-14 10:03:06.512 [info] [VerilogHoverProvider] Hover requested
2025-03-14 10:03:10.543 [info] [VerilogDocumentSymbolProvider] [VerilogSymbol] Symbols Requested: file:///home/sgass/Projects/kepler/hdl/rtl/ethernet/ethernet_to_axis.sv
2025-03-14 10:03:10.546 [info] [VerilogDocumentSymbolProvider] 1 top-level symbols returned
2025-03-14 10:03:11.754 [info] [VerilogDocumentSymbolProvider] [VerilogSymbol] Symbols Requested: file:///home/sgass/Projects/kepler/hdl/rtl/ethernet/ethernet_to_axis.sv
2025-03-14 10:03:11.758 [info] [VerilogDocumentSymbolProvider] 1 top-level symbols returned
2025-03-14 10:03:13.375 [info] [VerilogHoverProvider] Hover requested
2025-03-14 10:03:13.876 [info] [VerilogHoverProvider] Hover requested
2025-03-14 10:03:14.349 [warning] [VerilogHoverProvider] Hover object not found
2025-03-14 10:03:14.963 [info] [VerilogDocumentSymbolProvider] [VerilogSymbol] Symbols Requested: file:///home/sgass/Projects/kepler/hdl/rtl/ethernet/ethernet_to_axis.sv
2025-03-14 10:03:14.967 [info] [VerilogDocumentSymbolProvider] 1 top-level symbols returned
2025-03-14 10:03:23.781 [info] [VerilogCompletionItemProvider] Completion items requested
2025-03-14 10:03:23.781 [info] [VerilogCompletionItemProvider] 95 items requested
2025-03-14 10:03:24.505 [info] [VerilogDocumentSymbolProvider] [VerilogSymbol] Symbols Requested: file:///home/sgass/Projects/kepler/hdl/rtl/ethernet/ethernet_to_axis.sv
2025-03-14 10:03:24.508 [info] [VerilogDocumentSymbolProvider] 1 top-level symbols returned
2025-03-14 10:03:29.191 [info] [VerilogCompletionItemProvider] Completion items requested
2025-03-14 10:03:29.192 [info] [VerilogCompletionItemProvider] 95 items requested
2025-03-14 10:03:29.998 [info] [VerilogDocumentSymbolProvider] [VerilogSymbol] Symbols Requested: file:///home/sgass/Projects/kepler/hdl/rtl/ethernet/ethernet_to_axis.sv
2025-03-14 10:03:30.002 [info] [VerilogDocumentSymbolProvider] 1 top-level symbols returned
2025-03-14 10:03:30.712 [info] [VerilogDocumentSymbolProvider] [VerilogSymbol] Symbols Requested: file:///home/sgass/Projects/kepler/hdl/rtl/ethernet/ethernet_to_axis.sv
2025-03-14 10:03:30.716 [info] [VerilogDocumentSymbolProvider] 1 top-level symbols returned
2025-03-14 10:03:33.489 [info] [VerilogHoverProvider] Hover requested
2025-03-14 10:03:33.893 [info] [VerilogHoverProvider] Hover object returned
2025-03-14 10:03:39.022 [info] [VerilogHoverProvider] Hover requested
2025-03-14 10:03:39.504 [info] [VerilogHoverProvider] Hover object returned
2025-03-14 10:03:40.024 [info] [VerilogHoverProvider] Hover requested
2025-03-14 10:03:40.233 [info] [VerilogHoverProvider] Hover requested
2025-03-14 10:03:40.457 [info] [VerilogHoverProvider] Hover object returned
2025-03-14 10:03:40.649 [info] [VerilogHoverProvider] Hover object returned
2025-03-14 10:03:40.971 [info] [VerilogDefinitionProvider] Definitions Requested: file:///home/sgass/Projects/kepler/hdl/rtl/ethernet/ethernet_to_axis.sv
2025-03-14 10:03:41.405 [info] [VerilogDefinitionProvider] 1 definitions returned
2025-03-14 10:03:43.036 [info] [VerilogDefinitionProvider] Definitions Requested: file:///home/sgass/Projects/kepler/hdl/rtl/ethernet/ethernet_to_axis.sv
2025-03-14 10:03:43.516 [info] [VerilogDefinitionProvider] 1 definitions returned
2025-03-14 10:03:44.801 [info] [VerilogDocumentSymbolProvider] [VerilogSymbol] Symbols Requested: file:///home/sgass/Projects/kepler/hdl/rtl/ethernet/ethernet_to_axis.sv
2025-03-14 10:03:44.804 [info] [VerilogDocumentSymbolProvider] 1 top-level symbols returned
2025-03-14 10:04:05.031 [info] [VerilogDocumentSymbolProvider] [VerilogSymbol] Symbols Requested: file:///home/sgass/Projects/kepler/hdl/rtl/ethernet/ethernet_to_axis.sv
2025-03-14 10:04:05.035 [info] [VerilogDocumentSymbolProvider] 1 top-level symbols returned
2025-03-14 10:04:06.606 [info] [VerilogDocumentSymbolProvider] [VerilogSymbol] Symbols Requested: file:///home/sgass/Projects/kepler/hdl/rtl/ethernet/ethernet_to_axis.sv
2025-03-14 10:04:06.610 [info] [VerilogDocumentSymbolProvider] 1 top-level symbols returned
2025-03-14 10:04:07.783 [info] [VerilogDocumentSymbolProvider] [VerilogSymbol] Symbols Requested: file:///home/sgass/Projects/kepler/hdl/rtl/ethernet/ethernet_to_axis.sv
2025-03-14 10:04:07.786 [info] [VerilogDocumentSymbolProvider] 1 top-level symbols returned
2025-03-14 10:04:08.774 [info] [VerilogHoverProvider] Hover requested
2025-03-14 10:04:09.266 [info] [VerilogHoverProvider] Hover object returned
2025-03-14 10:04:09.756 [info] [VerilogHoverProvider] Hover requested
2025-03-14 10:04:09.841 [info] [VerilogDefinitionProvider] Definitions Requested: file:///home/sgass/Projects/kepler/hdl/rtl/ethernet/ethernet_to_axis.sv
2025-03-14 10:04:10.198 [info] [VerilogHoverProvider] Hover object returned
2025-03-14 10:04:10.251 [info] [VerilogDefinitionProvider] 0 definitions returned
2025-03-14 10:04:19.822 [info] [VerilogDocumentSymbolProvider] [VerilogSymbol] Symbols Requested: file:///home/sgass/Projects/kepler/hdl/rtl/ethernet/ethernet_to_axis.sv
2025-03-14 10:04:19.825 [info] [VerilogDocumentSymbolProvider] 1 top-level symbols returned
2025-03-14 10:04:24.554 [info] [VerilogCompletionItemProvider] Completion items requested
2025-03-14 10:04:24.555 [info] [VerilogCompletionItemProvider] 95 items requested
2025-03-14 10:04:26.280 [info] [VerilogDocumentSymbolProvider] [VerilogSymbol] Symbols Requested: file:///home/sgass/Projects/kepler/hdl/rtl/ethernet/ethernet_to_axis.sv
2025-03-14 10:04:26.285 [info] [VerilogDocumentSymbolProvider] 1 top-level symbols returned
2025-03-14 10:04:29.438 [info] [VerilogHoverProvider] Hover requested
2025-03-14 10:04:30.474 [info] [VerilogHoverProvider] Hover requested
2025-03-14 10:04:30.961 [warning] [VerilogHoverProvider] Hover object not found
2025-03-14 10:04:34.233 [info] [VerilogHoverProvider] Hover requested
2025-03-14 10:04:34.674 [info] [VerilogHoverProvider] Hover object returned
2025-03-14 10:04:35.171 [info] [VerilogHoverProvider] Hover requested
2025-03-14 10:04:36.530 [info] [VerilogHoverProvider] Hover requested
2025-03-14 10:04:37.028 [info] [VerilogHoverProvider] Hover object returned
2025-03-14 10:04:37.118 [info] [VerilogHoverProvider] Hover requested
2025-03-14 10:04:37.522 [info] [VerilogHoverProvider] Hover object returned
2025-03-14 10:04:38.023 [info] [VerilogHoverProvider] Hover requested
2025-03-14 10:04:38.521 [info] [VerilogHoverProvider] Hover object returned
2025-03-14 10:04:41.967 [info] [VerilogDocumentSymbolProvider] [VerilogSymbol] Symbols Requested: file:///home/sgass/Projects/kepler/hdl/rtl/ethernet/ethernet_to_axis.sv
2025-03-14 10:04:41.972 [info] [VerilogDocumentSymbolProvider] 1 top-level symbols returned
2025-03-14 10:04:45.853 [info] [VerilogCompletionItemProvider] Completion items requested
2025-03-14 10:04:45.853 [info] [VerilogCompletionItemProvider] 95 items requested
2025-03-14 10:04:46.635 [info] [VerilogDocumentSymbolProvider] [VerilogSymbol] Symbols Requested: file:///home/sgass/Projects/kepler/hdl/rtl/ethernet/ethernet_to_axis.sv
2025-03-14 10:04:46.638 [info] [VerilogDocumentSymbolProvider] 1 top-level symbols returned
2025-03-14 10:04:49.022 [info] [VerilogHoverProvider] Hover requested
2025-03-14 10:04:49.501 [warning] [VerilogHoverProvider] Hover object not found
2025-03-14 10:04:50.037 [info] [VerilogHoverProvider] Hover requested
2025-03-14 10:04:50.370 [info] [VerilogHoverProvider] Hover requested
2025-03-14 10:04:50.490 [info] [VerilogHoverProvider] Hover object returned
2025-03-14 10:04:50.773 [info] [VerilogHoverProvider] Hover object returned
2025-03-14 10:05:03.077 [info] [VerilogDocumentSymbolProvider] [VerilogSymbol] Symbols Requested: file:///home/sgass/Projects/kepler/hdl/rtl/ethernet/ethernet_to_axis.sv
2025-03-14 10:05:03.081 [info] [VerilogDocumentSymbolProvider] 1 top-level symbols returned
2025-03-14 10:05:06.786 [info] [VerilogDocumentSymbolProvider] [VerilogSymbol] Symbols Requested: file:///home/sgass/Projects/kepler/hdl/rtl/ethernet/ethernet_to_axis.sv
2025-03-14 10:05:06.789 [info] [VerilogDocumentSymbolProvider] 1 top-level symbols returned
2025-03-14 10:05:07.645 [info] [VerilogCompletionItemProvider] Completion items requested
2025-03-14 10:05:07.645 [info] [VerilogCompletionItemProvider] 95 items requested
2025-03-14 10:05:08.440 [info] [VerilogDocumentSymbolProvider] [VerilogSymbol] Symbols Requested: file:///home/sgass/Projects/kepler/hdl/rtl/ethernet/ethernet_to_axis.sv
2025-03-14 10:05:08.443 [info] [VerilogDocumentSymbolProvider] 1 top-level symbols returned
2025-03-14 10:05:15.722 [info] [VerilogDocumentSymbolProvider] [VerilogSymbol] Symbols Requested: file:///home/sgass/Projects/kepler/hdl/rtl/ethernet/ethernet_to_axis.sv
2025-03-14 10:05:15.725 [info] [VerilogDocumentSymbolProvider] 1 top-level symbols returned
2025-03-14 10:05:19.185 [info] [VerilogDocumentSymbolProvider] [VerilogSymbol] Symbols Requested: file:///home/sgass/Projects/kepler/hdl/rtl/ethernet/ethernet_to_axis.sv
2025-03-14 10:05:19.188 [info] [VerilogDocumentSymbolProvider] 1 top-level symbols returned
2025-03-14 10:05:21.450 [info] [VerilogCompletionItemProvider] Completion items requested
2025-03-14 10:05:21.450 [info] [VerilogCompletionItemProvider] 95 items requested
2025-03-14 10:05:22.226 [info] [VerilogDocumentSymbolProvider] [VerilogSymbol] Symbols Requested: file:///home/sgass/Projects/kepler/hdl/rtl/ethernet/ethernet_to_axis.sv
2025-03-14 10:05:22.229 [info] [VerilogDocumentSymbolProvider] 1 top-level symbols returned
2025-03-14 10:05:40.158 [info] [VerilogDocumentSymbolProvider] [VerilogSymbol] Symbols Requested: file:///home/sgass/Projects/kepler/hdl/rtl/ethernet/ethernet_to_axis.sv
2025-03-14 10:05:40.161 [info] [VerilogDocumentSymbolProvider] 1 top-level symbols returned
2025-03-14 10:05:40.873 [info] [VerilogDocumentSymbolProvider] [VerilogSymbol] Symbols Requested: file:///home/sgass/Projects/kepler/hdl/rtl/ethernet/ethernet_to_axis.sv
2025-03-14 10:05:40.877 [info] [VerilogDocumentSymbolProvider] 1 top-level symbols returned
2025-03-14 10:05:43.807 [info] [VerilogCompletionItemProvider] Completion items requested
2025-03-14 10:05:43.807 [info] [VerilogCompletionItemProvider] 95 items requested
2025-03-14 10:05:44.578 [info] [VerilogDocumentSymbolProvider] [VerilogSymbol] Symbols Requested: file:///home/sgass/Projects/kepler/hdl/rtl/ethernet/ethernet_to_axis.sv
2025-03-14 10:05:44.582 [info] [VerilogDocumentSymbolProvider] 1 top-level symbols returned
2025-03-14 10:05:49.883 [info] [VerilogDocumentSymbolProvider] [VerilogSymbol] Symbols Requested: file:///home/sgass/Projects/kepler/hdl/rtl/ethernet/ethernet_to_axis.sv
2025-03-14 10:05:49.887 [info] [VerilogDocumentSymbolProvider] 1 top-level symbols returned
2025-03-14 10:05:53.210 [info] [VerilogDocumentSymbolProvider] [VerilogSymbol] Symbols Requested: file:///home/sgass/Projects/kepler/hdl/rtl/ethernet/ethernet_to_axis.sv
2025-03-14 10:05:53.214 [info] [VerilogDocumentSymbolProvider] 1 top-level symbols returned
2025-03-14 10:05:54.079 [info] [VerilogCompletionItemProvider] Completion items requested
2025-03-14 10:05:54.080 [info] [VerilogCompletionItemProvider] 95 items requested
2025-03-14 10:05:54.930 [info] [VerilogDocumentSymbolProvider] [VerilogSymbol] Symbols Requested: file:///home/sgass/Projects/kepler/hdl/rtl/ethernet/ethernet_to_axis.sv
2025-03-14 10:05:54.934 [info] [VerilogDocumentSymbolProvider] 1 top-level symbols returned
2025-03-14 10:05:55.670 [info] [VerilogDocumentSymbolProvider] [VerilogSymbol] Symbols Requested: file:///home/sgass/Projects/kepler/hdl/rtl/ethernet/ethernet_to_axis.sv
2025-03-14 10:05:55.674 [info] [VerilogDocumentSymbolProvider] 1 top-level symbols returned
2025-03-14 10:06:03.772 [info] [VerilogDocumentSymbolProvider] [VerilogSymbol] Symbols Requested: file:///home/sgass/Projects/kepler/hdl/rtl/ethernet/ethernet_to_axis.sv
2025-03-14 10:06:03.776 [info] [VerilogDocumentSymbolProvider] 1 top-level symbols returned
2025-03-14 10:06:05.841 [info] [VerilogDocumentSymbolProvider] [VerilogSymbol] Symbols Requested: file:///home/sgass/Projects/kepler/hdl/rtl/ethernet/ethernet_to_axis.sv
2025-03-14 10:06:05.845 [info] [VerilogDocumentSymbolProvider] 1 top-level symbols returned
2025-03-14 10:06:06.068 [info] [VerilogCompletionItemProvider] Completion items requested
2025-03-14 10:06:06.068 [info] [VerilogCompletionItemProvider] 95 items requested
2025-03-14 10:06:06.946 [info] [VerilogDocumentSymbolProvider] [VerilogSymbol] Symbols Requested: file:///home/sgass/Projects/kepler/hdl/rtl/ethernet/ethernet_to_axis.sv
2025-03-14 10:06:06.949 [info] [VerilogDocumentSymbolProvider] 1 top-level symbols returned
2025-03-14 10:06:14.392 [info] [VerilogDocumentSymbolProvider] [VerilogSymbol] Symbols Requested: file:///home/sgass/Projects/kepler/hdl/rtl/ethernet/ethernet_to_axis.sv
2025-03-14 10:06:14.396 [info] [VerilogDocumentSymbolProvider] 1 top-level symbols returned
2025-03-14 10:06:17.592 [info] [VerilogCompletionItemProvider] Completion items requested
2025-03-14 10:06:17.593 [info] [VerilogCompletionItemProvider] 95 items requested
2025-03-14 10:06:18.380 [info] [VerilogDocumentSymbolProvider] [VerilogSymbol] Symbols Requested: file:///home/sgass/Projects/kepler/hdl/rtl/ethernet/ethernet_to_axis.sv
2025-03-14 10:06:18.384 [info] [VerilogDocumentSymbolProvider] 1 top-level symbols returned
2025-03-14 10:06:25.604 [info] [VerilogDocumentSymbolProvider] [VerilogSymbol] Symbols Requested: file:///home/sgass/Projects/kepler/hdl/rtl/ethernet/ethernet_to_axis.sv
2025-03-14 10:06:25.607 [info] [VerilogDocumentSymbolProvider] 1 top-level symbols returned
2025-03-14 10:06:27.689 [info] [VerilogCompletionItemProvider] Completion items requested
2025-03-14 10:06:27.689 [info] [VerilogCompletionItemProvider] 95 items requested
2025-03-14 10:06:28.448 [info] [VerilogDocumentSymbolProvider] [VerilogSymbol] Symbols Requested: file:///home/sgass/Projects/kepler/hdl/rtl/ethernet/ethernet_to_axis.sv
2025-03-14 10:06:28.452 [info] [VerilogDocumentSymbolProvider] 1 top-level symbols returned
2025-03-14 10:06:43.732 [info] [VerilogDocumentSymbolProvider] [VerilogSymbol] Symbols Requested: file:///home/sgass/Projects/kepler/hdl/rtl/ethernet/ethernet_to_axis.sv
2025-03-14 10:06:43.736 [info] [VerilogDocumentSymbolProvider] 1 top-level symbols returned
2025-03-14 10:07:08.363 [info] [VerilogDocumentSymbolProvider] [VerilogSymbol] Symbols Requested: file:///home/sgass/Projects/kepler/hdl/rtl/ethernet/ethernet_to_axis.sv
2025-03-14 10:07:08.366 [info] [VerilogDocumentSymbolProvider] 1 top-level symbols returned
2025-03-14 10:07:08.853 [info] [VerilogDocumentSymbolProvider] [VerilogSymbol] Symbols Requested: file:///home/sgass/Projects/kepler/hdl/rtl/ethernet/ethernet_to_axis.sv
2025-03-14 10:07:08.857 [info] [VerilogDocumentSymbolProvider] 1 top-level symbols returned
2025-03-14 10:07:10.386 [info] [VerilogHoverProvider] Hover requested
2025-03-14 10:07:10.852 [info] [VerilogHoverProvider] Hover object returned
2025-03-14 10:07:12.551 [info] [VerilogDocumentSymbolProvider] [VerilogSymbol] Symbols Requested: file:///home/sgass/Projects/kepler/hdl/rtl/ethernet/ethernet_to_axis.sv
2025-03-14 10:07:12.555 [info] [VerilogDocumentSymbolProvider] 1 top-level symbols returned
2025-03-14 10:07:13.143 [info] [VerilogHoverProvider] Hover requested
2025-03-14 10:07:13.574 [info] [VerilogHoverProvider] Hover object returned
2025-03-14 10:07:14.386 [info] [VerilogHoverProvider] Hover requested
2025-03-14 10:07:18.921 [info] [VerilogDocumentSymbolProvider] [VerilogSymbol] Symbols Requested: file:///home/sgass/Projects/kepler/hdl/rtl/ethernet/ethernet_to_axis.sv
2025-03-14 10:07:18.925 [info] [VerilogDocumentSymbolProvider] 1 top-level symbols returned
2025-03-14 10:07:27.295 [info] [VerilogHoverProvider] Hover requested
2025-03-14 10:07:56.637 [info] [VerilogHoverProvider] Hover requested
2025-03-14 10:07:57.058 [info] [VerilogHoverProvider] Hover object returned
2025-03-14 10:08:02.447 [info] [VerilogHoverProvider] Hover requested
2025-03-14 10:08:02.647 [info] [VerilogHoverProvider] Hover requested
2025-03-14 10:08:03.080 [warning] [VerilogHoverProvider] Hover object not found
2025-03-14 10:08:05.930 [info] [VerilogCompletionItemProvider] Completion items requested
2025-03-14 10:08:05.930 [info] [VerilogCompletionItemProvider] 95 items requested
2025-03-14 10:08:07.525 [info] [VerilogDocumentSymbolProvider] [VerilogSymbol] Symbols Requested: file:///home/sgass/Projects/kepler/hdl/rtl/ethernet/ethernet_to_axis.sv
2025-03-14 10:08:07.529 [info] [VerilogDocumentSymbolProvider] 1 top-level symbols returned
2025-03-14 10:08:09.072 [info] on save
2025-03-14 10:08:09.415 [info] [VerilogDocumentSymbolProvider] [VerilogSymbol] Symbols Requested: file:///home/sgass/Projects/kepler/hdl/rtl/ethernet/ethernet_to_axis.sv
2025-03-14 10:08:09.415 [info] indexing "/home/sgass/Projects/kepler/hdl/rtl/ethernet/ethernet_to_axis.sv"
2025-03-14 10:08:09.415 [info] executing ctags
2025-03-14 10:08:09.415 [info] Executing Command: ctags -f - --fields=+K --sort=no --excmd=n --fields-SystemVerilog=+{parameter} "/home/sgass/Projects/kepler/hdl/rtl/ethernet/ethernet_to_axis.sv"
2025-03-14 10:08:09.422 [info] building symbols
2025-03-14 10:08:09.423 [info] [VerilogDocumentSymbolProvider] 1 top-level symbols returned
2025-03-14 10:08:15.347 [info] [VerilogHoverProvider] Hover requested
2025-03-14 10:08:15.805 [info] [VerilogHoverProvider] Hover object returned
2025-03-14 10:08:16.079 [info] [VerilogHoverProvider] Hover requested
2025-03-14 10:08:16.583 [info] [VerilogHoverProvider] Hover object returned
2025-03-14 10:08:16.913 [info] [VerilogDocumentSymbolProvider] [VerilogSymbol] Symbols Requested: file:///home/sgass/Projects/kepler/hdl/rtl/ethernet/ethernet_to_axis.sv
2025-03-14 10:08:16.915 [info] [VerilogDocumentSymbolProvider] 1 top-level symbols returned
2025-03-14 10:08:17.540 [info] [VerilogHoverProvider] Hover requested
2025-03-14 10:08:17.748 [info] [VerilogHoverProvider] Hover requested
2025-03-14 10:08:17.999 [info] [VerilogHoverProvider] Hover object returned
2025-03-14 10:08:18.145 [info] [VerilogHoverProvider] Hover object returned
2025-03-14 10:08:20.180 [info] [VerilogHoverProvider] Hover requested
2025-03-14 10:08:20.671 [info] [VerilogHoverProvider] Hover object returned
2025-03-14 10:08:23.559 [info] [VerilogHoverProvider] Hover requested
2025-03-14 10:08:24.000 [info] [VerilogHoverProvider] Hover object returned
2025-03-14 10:08:24.720 [info] [VerilogDocumentSymbolProvider] [VerilogSymbol] Symbols Requested: file:///home/sgass/Projects/kepler/hdl/rtl/ethernet/ethernet_to_axis.sv
2025-03-14 10:08:24.722 [info] [VerilogDocumentSymbolProvider] 1 top-level symbols returned
2025-03-14 10:08:26.351 [info] [VerilogHoverProvider] Hover requested
2025-03-14 10:08:26.778 [info] [VerilogHoverProvider] Hover requested
2025-03-14 10:08:26.868 [info] [VerilogHoverProvider] Hover object returned
2025-03-14 10:08:27.111 [info] [VerilogHoverProvider] Hover requested
2025-03-14 10:08:27.214 [info] [VerilogHoverProvider] Hover object returned
2025-03-14 10:08:27.544 [info] [VerilogHoverProvider] Hover object returned
2025-03-14 10:08:27.811 [info] [VerilogDocumentSymbolProvider] [VerilogSymbol] Symbols Requested: file:///home/sgass/Projects/kepler/hdl/rtl/ethernet/ethernet_to_axis.sv
2025-03-14 10:08:27.814 [info] [VerilogDocumentSymbolProvider] 1 top-level symbols returned
2025-03-14 10:08:28.215 [info] [VerilogHoverProvider] Hover requested
2025-03-14 10:08:28.431 [info] [VerilogHoverProvider] Hover requested
2025-03-14 10:08:28.677 [info] [VerilogHoverProvider] Hover object returned
2025-03-14 10:08:28.843 [info] [VerilogHoverProvider] Hover object returned
2025-03-14 10:08:28.848 [info] [VerilogDocumentSymbolProvider] [VerilogSymbol] Symbols Requested: file:///home/sgass/Projects/kepler/hdl/rtl/ethernet/ethernet_to_axis.sv
2025-03-14 10:08:28.848 [info] [VerilogDocumentSymbolProvider] 1 top-level symbols returned
2025-03-14 10:08:29.777 [info] [VerilogHoverProvider] Hover requested
2025-03-14 10:08:30.253 [info] [VerilogHoverProvider] Hover object returned
2025-03-14 10:08:30.453 [info] [VerilogDocumentSymbolProvider] [VerilogSymbol] Symbols Requested: file:///home/sgass/Projects/kepler/hdl/rtl/ethernet/ethernet_to_axis.sv
2025-03-14 10:08:30.456 [info] [VerilogDocumentSymbolProvider] 1 top-level symbols returned
2025-03-14 10:08:31.834 [info] [VerilogDocumentSymbolProvider] [VerilogSymbol] Symbols Requested: file:///home/sgass/Projects/kepler/hdl/rtl/ethernet/ethernet_to_axis.sv
2025-03-14 10:08:31.836 [info] [VerilogDocumentSymbolProvider] 1 top-level symbols returned
2025-03-14 10:08:32.698 [info] [VerilogHoverProvider] Hover requested
2025-03-14 10:08:35.158 [info] [VerilogDocumentSymbolProvider] [VerilogSymbol] Symbols Requested: file:///home/sgass/Projects/kepler/hdl/rtl/ethernet/ethernet_to_axis.sv
2025-03-14 10:08:35.161 [info] [VerilogDocumentSymbolProvider] 1 top-level symbols returned
2025-03-14 10:08:35.591 [info] [VerilogDocumentSymbolProvider] [VerilogSymbol] Symbols Requested: file:///home/sgass/Projects/kepler/hdl/rtl/ethernet/ethernet_to_axis.sv
2025-03-14 10:08:35.593 [info] [VerilogDocumentSymbolProvider] 1 top-level symbols returned
2025-03-14 10:08:37.834 [info] [VerilogHoverProvider] Hover requested
2025-03-14 10:08:38.323 [info] [VerilogHoverProvider] Hover object returned
2025-03-14 10:08:38.535 [info] [VerilogDocumentSymbolProvider] [VerilogSymbol] Symbols Requested: file:///home/sgass/Projects/kepler/hdl/rtl/ethernet/ethernet_to_axis.sv
2025-03-14 10:08:38.537 [info] [VerilogDocumentSymbolProvider] 1 top-level symbols returned
2025-03-14 10:08:39.198 [info] [VerilogHoverProvider] Hover requested
2025-03-14 10:08:39.626 [info] [VerilogHoverProvider] Hover object returned
2025-03-14 10:08:40.682 [info] [VerilogHoverProvider] Hover requested
2025-03-14 10:08:41.113 [info] [VerilogHoverProvider] Hover requested
2025-03-14 10:08:41.402 [info] [VerilogHoverProvider] Hover requested
2025-03-14 10:08:41.557 [info] [VerilogHoverProvider] Hover object returned
2025-03-14 10:08:47.584 [info] [VerilogHoverProvider] Hover requested
2025-03-14 10:08:48.786 [info] [VerilogHoverProvider] Hover requested
2025-03-14 10:08:49.243 [info] [VerilogHoverProvider] Hover requested
2025-03-14 10:08:50.031 [info] [VerilogDocumentSymbolProvider] [VerilogSymbol] Symbols Requested: file:///home/sgass/Projects/kepler/hdl/rtl/ethernet/ethernet_to_axis.sv
2025-03-14 10:08:50.033 [info] [VerilogDocumentSymbolProvider] 1 top-level symbols returned
2025-03-14 10:08:50.600 [info] [VerilogHoverProvider] Hover requested
2025-03-14 10:08:51.012 [warning] [VerilogHoverProvider] Hover object not found
2025-03-14 10:08:53.186 [info] [VerilogHoverProvider] Hover requested
2025-03-14 10:08:53.687 [info] [VerilogHoverProvider] Hover object returned
2025-03-14 10:08:54.118 [info] [VerilogDefinitionProvider] Definitions Requested: file:///home/sgass/Projects/kepler/hdl/rtl/ethernet/ethernet_to_axis.sv
2025-03-14 10:08:54.529 [info] [VerilogDefinitionProvider] 1 definitions returned
2025-03-14 10:08:56.005 [info] [VerilogDocumentSymbolProvider] [VerilogSymbol] Symbols Requested: file:///home/sgass/Projects/kepler/hdl/rtl/ethernet/ethernet_to_axis.sv
2025-03-14 10:08:56.008 [info] [VerilogDocumentSymbolProvider] 1 top-level symbols returned
2025-03-14 10:08:58.372 [info] [VerilogDocumentSymbolProvider] [VerilogSymbol] Symbols Requested: file:///home/sgass/Projects/kepler/hdl/rtl/ethernet/ethernet_to_axis.sv
2025-03-14 10:08:58.375 [info] [VerilogDocumentSymbolProvider] 1 top-level symbols returned
2025-03-14 10:08:58.818 [info] [VerilogDocumentSymbolProvider] [VerilogSymbol] Symbols Requested: file:///home/sgass/Projects/kepler/hdl/rtl/ethernet/ethernet_to_axis.sv
2025-03-14 10:08:58.820 [info] [VerilogDocumentSymbolProvider] 1 top-level symbols returned
2025-03-14 10:08:59.782 [info] [VerilogHoverProvider] Hover requested
2025-03-14 10:09:00.171 [info] [VerilogHoverProvider] Hover object returned
2025-03-14 10:09:03.230 [info] [VerilogHoverProvider] Hover requested
2025-03-14 10:09:03.446 [info] [VerilogHoverProvider] Hover requested
2025-03-14 10:09:03.673 [warning] [VerilogHoverProvider] Hover object not found
2025-03-14 10:09:03.863 [warning] [VerilogHoverProvider] Hover object not found
2025-03-14 10:09:04.737 [info] [VerilogDocumentSymbolProvider] [VerilogSymbol] Symbols Requested: file:///home/sgass/Projects/kepler/hdl/rtl/ethernet/ethernet_to_axis.sv
2025-03-14 10:09:04.740 [info] [VerilogDocumentSymbolProvider] 1 top-level symbols returned
2025-03-14 10:09:05.102 [info] [VerilogDocumentSymbolProvider] [VerilogSymbol] Symbols Requested: file:///home/sgass/Projects/kepler/hdl/rtl/ethernet/ethernet_to_axis.sv
2025-03-14 10:09:05.104 [info] [VerilogDocumentSymbolProvider] 1 top-level symbols returned
2025-03-14 10:09:05.779 [info] [VerilogDocumentSymbolProvider] [VerilogSymbol] Symbols Requested: file:///home/sgass/Projects/kepler/hdl/rtl/ethernet/ethernet_to_axis.sv
2025-03-14 10:09:05.781 [info] [VerilogDocumentSymbolProvider] 1 top-level symbols returned
2025-03-14 10:09:07.312 [info] [VerilogDocumentSymbolProvider] [VerilogSymbol] Symbols Requested: file:///home/sgass/Projects/kepler/hdl/rtl/ethernet/ethernet_to_axis.sv
2025-03-14 10:09:07.314 [info] [VerilogDocumentSymbolProvider] 1 top-level symbols returned
2025-03-14 10:09:08.586 [info] [VerilogDocumentSymbolProvider] [VerilogSymbol] Symbols Requested: file:///home/sgass/Projects/kepler/hdl/rtl/ethernet/ethernet_to_axis.sv
2025-03-14 10:09:08.589 [info] [VerilogDocumentSymbolProvider] 1 top-level symbols returned
2025-03-14 10:09:09.756 [info] [VerilogDocumentSymbolProvider] [VerilogSymbol] Symbols Requested: file:///home/sgass/Projects/kepler/hdl/rtl/ethernet/ethernet_to_axis.sv
2025-03-14 10:09:09.759 [info] [VerilogDocumentSymbolProvider] 1 top-level symbols returned
2025-03-14 10:09:12.552 [info] [VerilogDocumentSymbolProvider] [VerilogSymbol] Symbols Requested: file:///home/sgass/Projects/kepler/hdl/rtl/ethernet/ethernet_to_axis.sv
2025-03-14 10:09:12.554 [info] [VerilogDocumentSymbolProvider] 1 top-level symbols returned
2025-03-14 10:09:16.231 [info] [VerilogDocumentSymbolProvider] [VerilogSymbol] Symbols Requested: file:///home/sgass/Projects/kepler/hdl/rtl/ethernet/ethernet_to_axis.sv
2025-03-14 10:09:16.233 [info] [VerilogDocumentSymbolProvider] 1 top-level symbols returned
2025-03-14 10:09:17.225 [info] on save
2025-03-14 10:09:17.566 [info] [VerilogDocumentSymbolProvider] [VerilogSymbol] Symbols Requested: file:///home/sgass/Projects/kepler/hdl/rtl/ethernet/ethernet_to_axis.sv
2025-03-14 10:09:17.566 [info] indexing "/home/sgass/Projects/kepler/hdl/rtl/ethernet/ethernet_to_axis.sv"
2025-03-14 10:09:17.566 [info] executing ctags
2025-03-14 10:09:17.566 [info] Executing Command: ctags -f - --fields=+K --sort=no --excmd=n --fields-SystemVerilog=+{parameter} "/home/sgass/Projects/kepler/hdl/rtl/ethernet/ethernet_to_axis.sv"
2025-03-14 10:09:17.574 [info] building symbols
2025-03-14 10:09:17.574 [info] [VerilogDocumentSymbolProvider] 1 top-level symbols returned
2025-03-14 10:09:18.360 [info] [VerilogHoverProvider] Hover requested
2025-03-14 10:09:21.450 [info] [VerilogHoverProvider] Hover requested
2025-03-14 10:09:22.223 [info] [VerilogDocumentSymbolProvider] [VerilogSymbol] Symbols Requested: file:///home/sgass/Projects/kepler/hdl/rtl/ethernet/ethernet_to_axis.sv
2025-03-14 10:09:22.226 [info] [VerilogDocumentSymbolProvider] 1 top-level symbols returned
2025-03-14 10:09:23.620 [info] [VerilogDocumentSymbolProvider] [VerilogSymbol] Symbols Requested: file:///home/sgass/Projects/kepler/hdl/rtl/ethernet/ethernet_to_axis.sv
2025-03-14 10:09:23.622 [info] [VerilogDocumentSymbolProvider] 1 top-level symbols returned
2025-03-14 10:09:27.161 [info] [VerilogDocumentSymbolProvider] [VerilogSymbol] Symbols Requested: file:///home/sgass/Projects/kepler/hdl/rtl/ethernet/ethernet_to_axis.sv
2025-03-14 10:09:27.164 [info] [VerilogDocumentSymbolProvider] 1 top-level symbols returned
2025-03-14 10:09:29.909 [info] [VerilogDocumentSymbolProvider] [VerilogSymbol] Symbols Requested: file:///home/sgass/Projects/kepler/hdl/rtl/ethernet/ethernet_to_axis.sv
2025-03-14 10:09:29.911 [info] [VerilogDocumentSymbolProvider] 1 top-level symbols returned
2025-03-14 10:09:33.288 [info] [VerilogDocumentSymbolProvider] [VerilogSymbol] Symbols Requested: file:///home/sgass/Projects/kepler/hdl/rtl/ethernet/ethernet_to_axis.sv
2025-03-14 10:09:33.291 [info] [VerilogDocumentSymbolProvider] 1 top-level symbols returned
2025-03-14 10:09:33.704 [info] [VerilogDocumentSymbolProvider] [VerilogSymbol] Symbols Requested: file:///home/sgass/Projects/kepler/hdl/rtl/ethernet/ethernet_to_axis.sv
2025-03-14 10:09:33.706 [info] [VerilogDocumentSymbolProvider] 1 top-level symbols returned
2025-03-14 10:09:40.226 [info] [VerilogDocumentSymbolProvider] [VerilogSymbol] Symbols Requested: file:///home/sgass/Projects/kepler/hdl/rtl/ethernet/ethernet_to_axis.sv
2025-03-14 10:09:40.229 [info] [VerilogDocumentSymbolProvider] 1 top-level symbols returned
2025-03-14 10:09:46.269 [info] [VerilogHoverProvider] Hover requested
2025-03-14 10:09:46.650 [info] [VerilogHoverProvider] Hover requested
2025-03-14 10:09:46.686 [info] [VerilogHoverProvider] Hover object returned
2025-03-14 10:09:49.379 [info] [VerilogDocumentSymbolProvider] [VerilogSymbol] Symbols Requested: file:///home/sgass/Projects/kepler/hdl/rtl/ethernet/ethernet_to_axis.sv
2025-03-14 10:09:49.382 [info] [VerilogDocumentSymbolProvider] 1 top-level symbols returned
2025-03-14 10:09:54.531 [info] [VerilogDocumentSymbolProvider] [VerilogSymbol] Symbols Requested: file:///home/sgass/Projects/kepler/hdl/rtl/ethernet/ethernet_to_axis.sv
2025-03-14 10:09:54.533 [info] [VerilogDocumentSymbolProvider] 1 top-level symbols returned
2025-03-14 10:09:56.735 [info] [VerilogHoverProvider] Hover requested
2025-03-14 10:09:57.181 [info] [VerilogHoverProvider] Hover object returned
2025-03-14 10:10:00.086 [info] [VerilogHoverProvider] Hover requested
2025-03-14 10:10:00.541 [warning] [VerilogHoverProvider] Hover object not found
2025-03-14 10:10:00.619 [info] [VerilogHoverProvider] Hover requested
2025-03-14 10:10:01.732 [info] [VerilogDocumentSymbolProvider] [VerilogSymbol] Symbols Requested: file:///home/sgass/Projects/kepler/hdl/rtl/ethernet/ethernet_to_axis.sv
2025-03-14 10:10:01.734 [info] [VerilogDocumentSymbolProvider] 1 top-level symbols returned
2025-03-14 10:10:02.486 [info] [VerilogDocumentSymbolProvider] [VerilogSymbol] Symbols Requested: file:///home/sgass/Projects/kepler/hdl/rtl/ethernet/ethernet_to_axis.sv
2025-03-14 10:10:02.488 [info] [VerilogDocumentSymbolProvider] 1 top-level symbols returned
2025-03-14 10:10:03.430 [info] [VerilogDocumentSymbolProvider] [VerilogSymbol] Symbols Requested: file:///home/sgass/Projects/kepler/hdl/rtl/ethernet/ethernet_to_axis.sv
2025-03-14 10:10:03.432 [info] [VerilogDocumentSymbolProvider] 1 top-level symbols returned
2025-03-14 10:10:04.165 [info] [VerilogDocumentSymbolProvider] [VerilogSymbol] Symbols Requested: file:///home/sgass/Projects/kepler/hdl/rtl/ethernet/ethernet_to_axis.sv
2025-03-14 10:10:04.168 [info] [VerilogDocumentSymbolProvider] 1 top-level symbols returned
2025-03-14 10:10:05.341 [info] [VerilogDocumentSymbolProvider] [VerilogSymbol] Symbols Requested: file:///home/sgass/Projects/kepler/hdl/rtl/ethernet/ethernet_to_axis.sv
2025-03-14 10:10:05.343 [info] [VerilogDocumentSymbolProvider] 1 top-level symbols returned
2025-03-14 10:10:06.111 [info] [VerilogCompletionItemProvider] Completion items requested
2025-03-14 10:10:06.111 [info] [VerilogCompletionItemProvider] 78 items requested
2025-03-14 10:10:06.428 [info] [VerilogDocumentSymbolProvider] [VerilogSymbol] Symbols Requested: file:///home/sgass/Projects/kepler/hdl/rtl/ethernet/ethernet_to_axis.sv
2025-03-14 10:10:06.430 [info] [VerilogDocumentSymbolProvider] 1 top-level symbols returned
2025-03-14 10:10:10.225 [info] [VerilogDocumentSymbolProvider] [VerilogSymbol] Symbols Requested: file:///home/sgass/Projects/kepler/hdl/rtl/ethernet/ethernet_to_axis.sv
2025-03-14 10:10:10.228 [info] [VerilogDocumentSymbolProvider] 1 top-level symbols returned
2025-03-14 10:10:11.174 [info] [VerilogDocumentSymbolProvider] [VerilogSymbol] Symbols Requested: file:///home/sgass/Projects/kepler/hdl/rtl/ethernet/ethernet_to_axis.sv
2025-03-14 10:10:11.177 [info] [VerilogDocumentSymbolProvider] 1 top-level symbols returned
2025-03-14 10:10:11.616 [info] [VerilogDocumentSymbolProvider] [VerilogSymbol] Symbols Requested: file:///home/sgass/Projects/kepler/hdl/rtl/ethernet/ethernet_to_axis.sv
2025-03-14 10:10:11.617 [info] [VerilogDocumentSymbolProvider] 1 top-level symbols returned
2025-03-14 10:10:12.331 [info] [VerilogDocumentSymbolProvider] [VerilogSymbol] Symbols Requested: file:///home/sgass/Projects/kepler/hdl/rtl/ethernet/ethernet_to_axis.sv
2025-03-14 10:10:12.333 [info] [VerilogDocumentSymbolProvider] 1 top-level symbols returned
2025-03-14 10:10:12.848 [info] [VerilogDocumentSymbolProvider] [VerilogSymbol] Symbols Requested: file:///home/sgass/Projects/kepler/hdl/rtl/ethernet/ethernet_to_axis.sv
2025-03-14 10:10:12.850 [info] [VerilogDocumentSymbolProvider] 1 top-level symbols returned
2025-03-14 10:10:13.338 [info] [VerilogDocumentSymbolProvider] [VerilogSymbol] Symbols Requested: file:///home/sgass/Projects/kepler/hdl/rtl/ethernet/ethernet_to_axis.sv
2025-03-14 10:10:13.340 [info] [VerilogDocumentSymbolProvider] 1 top-level symbols returned
2025-03-14 10:10:14.106 [info] [VerilogDocumentSymbolProvider] [VerilogSymbol] Symbols Requested: file:///home/sgass/Projects/kepler/hdl/rtl/ethernet/ethernet_to_axis.sv
2025-03-14 10:10:14.108 [info] [VerilogDocumentSymbolProvider] 1 top-level symbols returned
2025-03-14 10:10:14.556 [info] [VerilogDocumentSymbolProvider] [VerilogSymbol] Symbols Requested: file:///home/sgass/Projects/kepler/hdl/rtl/ethernet/ethernet_to_axis.sv
2025-03-14 10:10:14.558 [info] [VerilogDocumentSymbolProvider] 1 top-level symbols returned
2025-03-14 10:10:15.698 [info] [VerilogHoverProvider] Hover requested
2025-03-14 10:10:16.137 [info] [VerilogHoverProvider] Hover requested
2025-03-14 10:10:16.704 [info] [VerilogHoverProvider] Hover requested
2025-03-14 10:10:16.990 [info] [VerilogHoverProvider] Hover requested
2025-03-14 10:10:17.441 [warning] [VerilogHoverProvider] Hover object not found
2025-03-14 10:10:18.052 [info] [VerilogHoverProvider] Hover requested
2025-03-14 10:10:18.515 [info] [VerilogHoverProvider] Hover object returned
2025-03-14 10:10:19.681 [info] [VerilogDocumentSymbolProvider] [VerilogSymbol] Symbols Requested: file:///home/sgass/Projects/kepler/hdl/rtl/ethernet/ethernet_to_axis.sv
2025-03-14 10:10:19.684 [info] [VerilogDocumentSymbolProvider] 1 top-level symbols returned
2025-03-14 10:10:20.324 [info] [VerilogHoverProvider] Hover requested
2025-03-14 10:10:20.818 [info] [VerilogHoverProvider] Hover object returned
2025-03-14 10:10:20.825 [info] [VerilogDocumentSymbolProvider] [VerilogSymbol] Symbols Requested: file:///home/sgass/Projects/kepler/hdl/rtl/ethernet/ethernet_to_axis.sv
2025-03-14 10:10:20.825 [info] [VerilogDocumentSymbolProvider] 1 top-level symbols returned
2025-03-14 10:10:21.308 [info] [VerilogDocumentSymbolProvider] [VerilogSymbol] Symbols Requested: file:///home/sgass/Projects/kepler/hdl/rtl/ethernet/ethernet_to_axis.sv
2025-03-14 10:10:21.310 [info] [VerilogDocumentSymbolProvider] 1 top-level symbols returned
2025-03-14 10:10:21.763 [info] [VerilogDocumentSymbolProvider] [VerilogSymbol] Symbols Requested: file:///home/sgass/Projects/kepler/hdl/rtl/ethernet/ethernet_to_axis.sv
2025-03-14 10:10:21.766 [info] [VerilogDocumentSymbolProvider] 1 top-level symbols returned
2025-03-14 10:10:23.504 [info] [VerilogHoverProvider] Hover requested
2025-03-14 10:10:23.962 [info] [VerilogHoverProvider] Hover object returned
2025-03-14 10:10:24.185 [info] [VerilogHoverProvider] Hover requested
2025-03-14 10:10:24.647 [info] [VerilogHoverProvider] Hover object returned
2025-03-14 10:10:25.470 [info] [VerilogHoverProvider] Hover requested
2025-03-14 10:10:25.612 [info] [VerilogDefinitionProvider] Definitions Requested: file:///home/sgass/Projects/kepler/hdl/rtl/ethernet/ethernet_to_axis.sv
2025-03-14 10:10:25.957 [warning] [VerilogHoverProvider] Hover object not found
2025-03-14 10:10:26.016 [info] [VerilogDefinitionProvider] 0 definitions returned
2025-03-14 10:10:27.950 [info] [VerilogDocumentSymbolProvider] [VerilogSymbol] Symbols Requested: file:///home/sgass/Projects/kepler/hdl/rtl/ethernet/ethernet_to_axis.sv
2025-03-14 10:10:27.952 [info] [VerilogDocumentSymbolProvider] 1 top-level symbols returned
2025-03-14 10:10:36.220 [info] [VerilogHoverProvider] Hover requested
2025-03-14 10:10:36.653 [info] [VerilogHoverProvider] Hover object returned
2025-03-14 10:10:37.945 [info] [VerilogDocumentSymbolProvider] [VerilogSymbol] Symbols Requested: file:///home/sgass/Projects/kepler/hdl/rtl/ethernet/ethernet_to_axis.sv
2025-03-14 10:10:37.947 [info] [VerilogDocumentSymbolProvider] 1 top-level symbols returned
2025-03-14 10:10:38.776 [info] [VerilogDocumentSymbolProvider] [VerilogSymbol] Symbols Requested: file:///home/sgass/Projects/kepler/hdl/rtl/ethernet/ethernet_to_axis.sv
2025-03-14 10:10:38.779 [info] [VerilogDocumentSymbolProvider] 1 top-level symbols returned
2025-03-14 10:10:39.370 [info] [VerilogHoverProvider] Hover requested
2025-03-14 10:10:39.796 [warning] [VerilogHoverProvider] Hover object not found
2025-03-14 10:10:49.827 [info] [VerilogHoverProvider] Hover requested
2025-03-14 10:10:51.508 [info] [VerilogDocumentSymbolProvider] [VerilogSymbol] Symbols Requested: file:///home/sgass/Projects/kepler/hdl/rtl/ethernet/ethernet_to_axis.sv
2025-03-14 10:10:51.511 [info] [VerilogDocumentSymbolProvider] 1 top-level symbols returned
2025-03-14 10:10:55.131 [info] [VerilogDocumentSymbolProvider] [VerilogSymbol] Symbols Requested: file:///home/sgass/Projects/kepler/hdl/rtl/ethernet/ethernet_to_axis.sv
2025-03-14 10:10:55.134 [info] [VerilogDocumentSymbolProvider] 1 top-level symbols returned
2025-03-14 10:10:56.062 [info] [VerilogDocumentSymbolProvider] [VerilogSymbol] Symbols Requested: file:///home/sgass/Projects/kepler/hdl/rtl/ethernet/ethernet_to_axis.sv
2025-03-14 10:10:56.064 [info] [VerilogDocumentSymbolProvider] 1 top-level symbols returned
2025-03-14 10:10:58.043 [info] [VerilogDocumentSymbolProvider] [VerilogSymbol] Symbols Requested: file:///home/sgass/Projects/kepler/hdl/rtl/ethernet/ethernet_to_axis.sv
2025-03-14 10:10:58.045 [info] [VerilogDocumentSymbolProvider] 1 top-level symbols returned
2025-03-14 10:11:00.890 [info] [VerilogDocumentSymbolProvider] [VerilogSymbol] Symbols Requested: file:///home/sgass/Projects/kepler/hdl/rtl/ethernet/ethernet_to_axis.sv
2025-03-14 10:11:00.892 [info] [VerilogDocumentSymbolProvider] 1 top-level symbols returned
2025-03-14 10:11:03.197 [info] [VerilogDocumentSymbolProvider] [VerilogSymbol] Symbols Requested: file:///home/sgass/Projects/kepler/hdl/rtl/ethernet/ethernet_to_axis.sv
2025-03-14 10:11:03.199 [info] [VerilogDocumentSymbolProvider] 1 top-level symbols returned
2025-03-14 10:11:04.767 [info] [VerilogDocumentSymbolProvider] [VerilogSymbol] Symbols Requested: file:///home/sgass/Projects/kepler/hdl/rtl/ethernet/ethernet_to_axis.sv
2025-03-14 10:11:04.769 [info] [VerilogDocumentSymbolProvider] 1 top-level symbols returned
2025-03-14 10:11:06.146 [info] [VerilogDocumentSymbolProvider] [VerilogSymbol] Symbols Requested: file:///home/sgass/Projects/kepler/hdl/rtl/ethernet/ethernet_to_axis.sv
2025-03-14 10:11:06.148 [info] [VerilogDocumentSymbolProvider] 1 top-level symbols returned
2025-03-14 10:11:07.794 [info] [VerilogDocumentSymbolProvider] [VerilogSymbol] Symbols Requested: file:///home/sgass/Projects/kepler/hdl/rtl/ethernet/ethernet_to_axis.sv
2025-03-14 10:11:07.796 [info] [VerilogDocumentSymbolProvider] 1 top-level symbols returned
2025-03-14 10:11:10.089 [info] [VerilogHoverProvider] Hover requested
2025-03-14 10:11:12.212 [info] [VerilogDocumentSymbolProvider] [VerilogSymbol] Symbols Requested: file:///home/sgass/Projects/kepler/hdl/rtl/ethernet/ethernet_to_axis.sv
2025-03-14 10:11:12.215 [info] [VerilogDocumentSymbolProvider] 1 top-level symbols returned
2025-03-14 10:11:13.526 [info] [VerilogDocumentSymbolProvider] [VerilogSymbol] Symbols Requested: file:///home/sgass/Projects/kepler/hdl/rtl/ethernet/ethernet_to_axis.sv
2025-03-14 10:11:13.528 [info] [VerilogDocumentSymbolProvider] 1 top-level symbols returned
2025-03-14 10:11:14.299 [info] [VerilogHoverProvider] Hover requested
2025-03-14 10:11:14.527 [info] [VerilogHoverProvider] Hover requested
2025-03-14 10:11:14.740 [warning] [VerilogHoverProvider] Hover object not found
2025-03-14 10:11:14.922 [warning] [VerilogHoverProvider] Hover object not found
2025-03-14 10:11:17.606 [info] [VerilogDocumentSymbolProvider] [VerilogSymbol] Symbols Requested: file:///home/sgass/Projects/kepler/hdl/rtl/ethernet/ethernet_to_axis.sv
2025-03-14 10:11:17.608 [info] [VerilogDocumentSymbolProvider] 1 top-level symbols returned
2025-03-14 10:11:19.434 [info] [VerilogDocumentSymbolProvider] [VerilogSymbol] Symbols Requested: file:///home/sgass/Projects/kepler/hdl/rtl/ethernet/ethernet_to_axis.sv
2025-03-14 10:11:19.436 [info] [VerilogDocumentSymbolProvider] 1 top-level symbols returned
2025-03-14 10:11:23.201 [info] [VerilogDocumentSymbolProvider] [VerilogSymbol] Symbols Requested: file:///home/sgass/Projects/kepler/hdl/rtl/ethernet/ethernet_to_axis.sv
2025-03-14 10:11:23.203 [info] [VerilogDocumentSymbolProvider] 1 top-level symbols returned
2025-03-14 10:11:23.901 [info] [VerilogDocumentSymbolProvider] [VerilogSymbol] Symbols Requested: file:///home/sgass/Projects/kepler/hdl/rtl/ethernet/ethernet_to_axis.sv
2025-03-14 10:11:23.903 [info] [VerilogDocumentSymbolProvider] 1 top-level symbols returned
2025-03-14 10:11:24.712 [info] [VerilogDocumentSymbolProvider] [VerilogSymbol] Symbols Requested: file:///home/sgass/Projects/kepler/hdl/rtl/ethernet/ethernet_to_axis.sv
2025-03-14 10:11:24.714 [info] [VerilogDocumentSymbolProvider] 1 top-level symbols returned
2025-03-14 10:11:26.218 [info] [VerilogDocumentSymbolProvider] [VerilogSymbol] Symbols Requested: file:///home/sgass/Projects/kepler/hdl/rtl/ethernet/ethernet_to_axis.sv
2025-03-14 10:11:26.221 [info] [VerilogDocumentSymbolProvider] 1 top-level symbols returned
2025-03-14 10:11:26.776 [info] [VerilogDocumentSymbolProvider] [VerilogSymbol] Symbols Requested: file:///home/sgass/Projects/kepler/hdl/rtl/ethernet/ethernet_to_axis.sv
2025-03-14 10:11:26.778 [info] [VerilogDocumentSymbolProvider] 1 top-level symbols returned
2025-03-14 10:11:27.623 [info] [VerilogHoverProvider] Hover requested
2025-03-14 10:11:29.280 [info] [VerilogDocumentSymbolProvider] [VerilogSymbol] Symbols Requested: file:///home/sgass/Projects/kepler/hdl/rtl/ethernet/ethernet_to_axis.sv
2025-03-14 10:11:29.282 [info] [VerilogDocumentSymbolProvider] 1 top-level symbols returned
2025-03-14 10:11:30.988 [info] [VerilogHoverProvider] Hover requested
2025-03-14 10:11:31.711 [info] [VerilogDocumentSymbolProvider] [VerilogSymbol] Symbols Requested: file:///home/sgass/Projects/kepler/hdl/rtl/ethernet/ethernet_to_axis.sv
2025-03-14 10:11:31.714 [info] [VerilogDocumentSymbolProvider] 1 top-level symbols returned
2025-03-14 10:11:33.956 [info] [VerilogHoverProvider] Hover requested
2025-03-14 10:11:34.189 [info] [VerilogHoverProvider] Hover requested
2025-03-14 10:11:35.206 [info] [VerilogHoverProvider] Hover requested
2025-03-14 10:11:35.359 [info] [VerilogDefinitionProvider] Definitions Requested: file:///home/sgass/Projects/kepler/hdl/rtl/ethernet/ethernet_to_axis.sv
2025-03-14 10:11:35.672 [warning] [VerilogHoverProvider] Hover object not found
2025-03-14 10:11:35.758 [info] [VerilogDefinitionProvider] 0 definitions returned
2025-03-14 10:11:36.123 [info] [VerilogDocumentSymbolProvider] [VerilogSymbol] Symbols Requested: file:///home/sgass/Projects/kepler/hdl/rtl/ethernet/ethernet_to_axis.sv
2025-03-14 10:11:36.125 [info] [VerilogDocumentSymbolProvider] 1 top-level symbols returned
2025-03-14 10:11:39.161 [info] [VerilogDocumentSymbolProvider] [VerilogSymbol] Symbols Requested: file:///home/sgass/Projects/kepler/hdl/rtl/ethernet/ethernet_to_axis.sv
2025-03-14 10:11:39.163 [info] [VerilogDocumentSymbolProvider] 1 top-level symbols returned
2025-03-14 10:11:39.707 [info] [VerilogDocumentSymbolProvider] [VerilogSymbol] Symbols Requested: file:///home/sgass/Projects/kepler/hdl/rtl/ethernet/ethernet_to_axis.sv
2025-03-14 10:11:39.709 [info] [VerilogDocumentSymbolProvider] 1 top-level symbols returned
2025-03-14 10:11:40.737 [info] [VerilogDocumentSymbolProvider] [VerilogSymbol] Symbols Requested: file:///home/sgass/Projects/kepler/hdl/rtl/ethernet/ethernet_to_axis.sv
2025-03-14 10:11:40.739 [info] [VerilogDocumentSymbolProvider] 1 top-level symbols returned
2025-03-14 10:11:41.995 [info] [VerilogDocumentSymbolProvider] [VerilogSymbol] Symbols Requested: file:///home/sgass/Projects/kepler/hdl/rtl/ethernet/ethernet_to_axis.sv
2025-03-14 10:11:41.998 [info] [VerilogDocumentSymbolProvider] 1 top-level symbols returned
2025-03-14 10:11:43.273 [info] [VerilogHoverProvider] Hover requested
2025-03-14 10:11:43.661 [info] [VerilogHoverProvider] Hover requested
2025-03-14 10:11:45.440 [info] [VerilogDocumentSymbolProvider] [VerilogSymbol] Symbols Requested: file:///home/sgass/Projects/kepler/hdl/rtl/ethernet/ethernet_to_axis.sv
2025-03-14 10:11:45.442 [info] [VerilogDocumentSymbolProvider] 1 top-level symbols returned
2025-03-14 10:11:45.800 [info] [VerilogDocumentSymbolProvider] [VerilogSymbol] Symbols Requested: file:///home/sgass/Projects/kepler/hdl/rtl/ethernet/ethernet_to_axis.sv
2025-03-14 10:11:45.802 [info] [VerilogDocumentSymbolProvider] 1 top-level symbols returned
2025-03-14 10:11:48.520 [info] [VerilogDocumentSymbolProvider] [VerilogSymbol] Symbols Requested: file:///home/sgass/Projects/kepler/hdl/rtl/ethernet/ethernet_to_axis.sv
2025-03-14 10:11:48.521 [info] [VerilogDocumentSymbolProvider] 1 top-level symbols returned
2025-03-14 10:11:49.711 [info] [VerilogDocumentSymbolProvider] [VerilogSymbol] Symbols Requested: file:///home/sgass/Projects/kepler/hdl/rtl/ethernet/ethernet_to_axis.sv
2025-03-14 10:11:49.714 [info] [VerilogDocumentSymbolProvider] 1 top-level symbols returned
2025-03-14 10:11:50.930 [info] [VerilogDocumentSymbolProvider] [VerilogSymbol] Symbols Requested: file:///home/sgass/Projects/kepler/hdl/rtl/ethernet/ethernet_to_axis.sv
2025-03-14 10:11:50.932 [info] [VerilogDocumentSymbolProvider] 1 top-level symbols returned
2025-03-14 10:11:52.148 [info] [VerilogDocumentSymbolProvider] [VerilogSymbol] Symbols Requested: file:///home/sgass/Projects/kepler/hdl/rtl/ethernet/ethernet_to_axis.sv
2025-03-14 10:11:52.150 [info] [VerilogDocumentSymbolProvider] 1 top-level symbols returned
2025-03-14 10:11:52.581 [info] [VerilogDocumentSymbolProvider] [VerilogSymbol] Symbols Requested: file:///home/sgass/Projects/kepler/hdl/rtl/ethernet/ethernet_to_axis.sv
2025-03-14 10:11:52.584 [info] [VerilogDocumentSymbolProvider] 1 top-level symbols returned
2025-03-14 10:11:54.625 [info] [VerilogDocumentSymbolProvider] [VerilogSymbol] Symbols Requested: file:///home/sgass/Projects/kepler/hdl/rtl/ethernet/ethernet_to_axis.sv
2025-03-14 10:11:54.627 [info] [VerilogDocumentSymbolProvider] 1 top-level symbols returned
2025-03-14 10:11:56.968 [info] [VerilogDocumentSymbolProvider] [VerilogSymbol] Symbols Requested: file:///home/sgass/Projects/kepler/hdl/rtl/ethernet/ethernet_to_axis.sv
2025-03-14 10:11:56.970 [info] [VerilogDocumentSymbolProvider] 1 top-level symbols returned
2025-03-14 10:11:58.959 [info] [VerilogDocumentSymbolProvider] [VerilogSymbol] Symbols Requested: file:///home/sgass/Projects/kepler/hdl/rtl/ethernet/ethernet_to_axis.sv
2025-03-14 10:11:58.962 [info] [VerilogDocumentSymbolProvider] 1 top-level symbols returned
2025-03-14 10:12:01.625 [info] [VerilogDocumentSymbolProvider] [VerilogSymbol] Symbols Requested: file:///home/sgass/Projects/kepler/hdl/rtl/ethernet/ethernet_to_axis.sv
2025-03-14 10:12:01.627 [info] [VerilogDocumentSymbolProvider] 1 top-level symbols returned
2025-03-14 10:12:05.109 [info] [VerilogDocumentSymbolProvider] [VerilogSymbol] Symbols Requested: file:///home/sgass/Projects/kepler/hdl/rtl/ethernet/ethernet_to_axis.sv
2025-03-14 10:12:05.111 [info] [VerilogDocumentSymbolProvider] 1 top-level symbols returned
2025-03-14 10:12:08.640 [info] [VerilogDocumentSymbolProvider] [VerilogSymbol] Symbols Requested: file:///home/sgass/Projects/kepler/hdl/rtl/ethernet/ethernet_to_axis.sv
2025-03-14 10:12:08.642 [info] [VerilogDocumentSymbolProvider] 1 top-level symbols returned
2025-03-14 10:12:15.605 [info] [VerilogDocumentSymbolProvider] [VerilogSymbol] Symbols Requested: file:///home/sgass/Projects/kepler/hdl/rtl/ethernet/ethernet_to_axis.sv
2025-03-14 10:12:15.607 [info] [VerilogDocumentSymbolProvider] 1 top-level symbols returned
2025-03-14 10:12:18.738 [info] [VerilogDocumentSymbolProvider] [VerilogSymbol] Symbols Requested: file:///home/sgass/Projects/kepler/hdl/rtl/ethernet/ethernet_to_axis.sv
2025-03-14 10:12:18.740 [info] [VerilogDocumentSymbolProvider] 1 top-level symbols returned
2025-03-14 10:12:21.695 [info] [VerilogDocumentSymbolProvider] [VerilogSymbol] Symbols Requested: file:///home/sgass/Projects/kepler/hdl/rtl/ethernet/ethernet_to_axis.sv
2025-03-14 10:12:21.697 [info] [VerilogDocumentSymbolProvider] 1 top-level symbols returned
2025-03-14 10:12:24.173 [info] [VerilogHoverProvider] Hover requested
2025-03-14 10:12:26.421 [info] [VerilogDocumentSymbolProvider] [VerilogSymbol] Symbols Requested: file:///home/sgass/Projects/kepler/hdl/rtl/ethernet/ethernet_to_axis.sv
2025-03-14 10:12:26.423 [info] [VerilogDocumentSymbolProvider] 1 top-level symbols returned
2025-03-14 10:12:27.531 [info] [VerilogDocumentSymbolProvider] [VerilogSymbol] Symbols Requested: file:///home/sgass/Projects/kepler/hdl/rtl/ethernet/ethernet_to_axis.sv
2025-03-14 10:12:27.534 [info] [VerilogDocumentSymbolProvider] 1 top-level symbols returned
2025-03-14 10:12:29.074 [info] [VerilogHoverProvider] Hover requested
2025-03-14 10:12:31.873 [info] [VerilogDocumentSymbolProvider] [VerilogSymbol] Symbols Requested: file:///home/sgass/Projects/kepler/hdl/rtl/ethernet/ethernet_to_axis.sv
2025-03-14 10:12:31.875 [info] [VerilogDocumentSymbolProvider] 1 top-level symbols returned
2025-03-14 10:12:37.500 [info] [VerilogDocumentSymbolProvider] [VerilogSymbol] Symbols Requested: file:///home/sgass/Projects/kepler/hdl/rtl/ethernet/ethernet_to_axis.sv
2025-03-14 10:12:37.503 [info] [VerilogDocumentSymbolProvider] 1 top-level symbols returned
2025-03-14 10:12:38.225 [info] [VerilogHoverProvider] Hover requested
2025-03-14 10:12:38.741 [warning] [VerilogHoverProvider] Hover object not found
2025-03-14 10:12:38.873 [info] [VerilogHoverProvider] Hover requested
2025-03-14 10:12:39.508 [info] [VerilogHoverProvider] Hover requested
2025-03-14 10:12:40.046 [info] [VerilogDocumentSymbolProvider] [VerilogSymbol] Symbols Requested: file:///home/sgass/Projects/kepler/hdl/rtl/ethernet/ethernet_to_axis.sv
2025-03-14 10:12:40.048 [info] [VerilogDocumentSymbolProvider] 1 top-level symbols returned
2025-03-14 10:12:41.159 [info] [VerilogDocumentSymbolProvider] [VerilogSymbol] Symbols Requested: file:///home/sgass/Projects/kepler/hdl/rtl/ethernet/ethernet_to_axis.sv
2025-03-14 10:12:41.161 [info] [VerilogDocumentSymbolProvider] 1 top-level symbols returned
2025-03-14 10:12:43.174 [info] [VerilogHoverProvider] Hover requested
2025-03-14 10:12:43.442 [info] [VerilogHoverProvider] Hover requested
2025-03-14 10:12:44.822 [info] [VerilogDocumentSymbolProvider] [VerilogSymbol] Symbols Requested: file:///home/sgass/Projects/kepler/hdl/rtl/ethernet/ethernet_to_axis.sv
2025-03-14 10:12:44.824 [info] [VerilogDocumentSymbolProvider] 1 top-level symbols returned
2025-03-14 10:12:48.326 [info] [VerilogDocumentSymbolProvider] [VerilogSymbol] Symbols Requested: file:///home/sgass/Projects/kepler/hdl/rtl/ethernet/ethernet_to_axis.sv
2025-03-14 10:12:48.328 [info] [VerilogDocumentSymbolProvider] 1 top-level symbols returned
2025-03-14 10:12:48.707 [info] [VerilogDocumentSymbolProvider] [VerilogSymbol] Symbols Requested: file:///home/sgass/Projects/kepler/hdl/rtl/ethernet/ethernet_to_axis.sv
2025-03-14 10:12:48.709 [info] [VerilogDocumentSymbolProvider] 1 top-level symbols returned
2025-03-14 10:12:49.897 [info] [VerilogDocumentSymbolProvider] [VerilogSymbol] Symbols Requested: file:///home/sgass/Projects/kepler/hdl/rtl/ethernet/ethernet_to_axis.sv
2025-03-14 10:12:49.899 [info] [VerilogDocumentSymbolProvider] 1 top-level symbols returned
2025-03-14 10:12:51.459 [info] [VerilogHoverProvider] Hover requested
2025-03-14 10:12:51.872 [info] [VerilogHoverProvider] Hover requested
2025-03-14 10:12:51.940 [info] [VerilogHoverProvider] Hover object returned
2025-03-14 10:12:53.028 [info] [VerilogDocumentSymbolProvider] [VerilogSymbol] Symbols Requested: file:///home/sgass/Projects/kepler/hdl/rtl/ethernet/ethernet_to_axis.sv
2025-03-14 10:12:53.031 [info] [VerilogDocumentSymbolProvider] 1 top-level symbols returned
2025-03-14 10:12:53.692 [info] [VerilogDocumentSymbolProvider] [VerilogSymbol] Symbols Requested: file:///home/sgass/Projects/kepler/hdl/rtl/ethernet/ethernet_to_axis.sv
2025-03-14 10:12:53.694 [info] [VerilogDocumentSymbolProvider] 1 top-level symbols returned
2025-03-14 10:12:55.526 [info] [VerilogHoverProvider] Hover requested
2025-03-14 10:12:56.867 [info] [VerilogDocumentSymbolProvider] [VerilogSymbol] Symbols Requested: file:///home/sgass/Projects/kepler/hdl/rtl/ethernet/ethernet_to_axis.sv
2025-03-14 10:12:56.869 [info] [VerilogDocumentSymbolProvider] 1 top-level symbols returned
2025-03-14 10:12:58.640 [info] [VerilogDocumentSymbolProvider] [VerilogSymbol] Symbols Requested: file:///home/sgass/Projects/kepler/hdl/rtl/ethernet/ethernet_to_axis.sv
2025-03-14 10:12:58.642 [info] [VerilogDocumentSymbolProvider] 1 top-level symbols returned
2025-03-14 10:12:59.576 [info] [VerilogHoverProvider] Hover requested
2025-03-14 10:13:01.743 [info] [VerilogHoverProvider] Hover requested
2025-03-14 10:13:02.197 [warning] [VerilogHoverProvider] Hover object not found
2025-03-14 10:13:03.127 [info] [VerilogHoverProvider] Hover requested
2025-03-14 10:13:03.556 [info] [VerilogHoverProvider] Hover requested
2025-03-14 10:13:03.566 [info] [VerilogHoverProvider] Hover object returned
2025-03-14 10:13:03.987 [info] [VerilogHoverProvider] Hover object returned
2025-03-14 10:13:06.399 [info] [VerilogDocumentSymbolProvider] [VerilogSymbol] Symbols Requested: file:///home/sgass/Projects/kepler/hdl/rtl/ethernet/ethernet_to_axis.sv
2025-03-14 10:13:06.401 [info] [VerilogDocumentSymbolProvider] 1 top-level symbols returned
2025-03-14 10:13:08.209 [info] [VerilogHoverProvider] Hover requested
2025-03-14 10:13:08.542 [info] [VerilogHoverProvider] Hover requested
2025-03-14 10:13:11.107 [info] [VerilogDocumentSymbolProvider] [VerilogSymbol] Symbols Requested: file:///home/sgass/Projects/kepler/hdl/rtl/ethernet/ethernet_to_axis.sv
2025-03-14 10:13:11.109 [info] [VerilogDocumentSymbolProvider] 1 top-level symbols returned
2025-03-14 10:13:11.555 [info] on save
2025-03-14 10:13:16.362 [info] [VerilogHoverProvider] Hover requested
2025-03-14 10:13:21.077 [info] [VerilogHoverProvider] Hover requested
2025-03-14 10:13:22.015 [info] [VerilogDocumentSymbolProvider] [VerilogSymbol] Symbols Requested: file:///home/sgass/Projects/kepler/hdl/rtl/ethernet/ethernet_to_axis.sv
2025-03-14 10:13:22.015 [info] indexing "/home/sgass/Projects/kepler/hdl/rtl/ethernet/ethernet_to_axis.sv"
2025-03-14 10:13:22.015 [info] executing ctags
2025-03-14 10:13:22.015 [info] Executing Command: ctags -f - --fields=+K --sort=no --excmd=n --fields-SystemVerilog=+{parameter} "/home/sgass/Projects/kepler/hdl/rtl/ethernet/ethernet_to_axis.sv"
2025-03-14 10:13:22.022 [info] building symbols
2025-03-14 10:13:22.023 [info] [VerilogDocumentSymbolProvider] 1 top-level symbols returned
2025-03-14 10:13:29.316 [info] [VerilogDocumentSymbolProvider] [VerilogSymbol] Symbols Requested: file:///home/sgass/Projects/kepler/hdl/rtl/ethernet/ethernet_to_axis.sv
2025-03-14 10:13:29.318 [info] [VerilogDocumentSymbolProvider] 1 top-level symbols returned
2025-03-14 10:13:30.017 [info] [VerilogHoverProvider] Hover requested
2025-03-14 10:13:30.526 [info] [VerilogHoverProvider] Hover object returned
2025-03-14 10:13:30.954 [info] [VerilogDocumentSymbolProvider] [VerilogSymbol] Symbols Requested: file:///home/sgass/Projects/kepler/hdl/rtl/ethernet/ethernet_to_axis.sv
2025-03-14 10:13:30.956 [info] [VerilogDocumentSymbolProvider] 1 top-level symbols returned
2025-03-14 10:13:31.909 [info] [VerilogHoverProvider] Hover requested
2025-03-14 10:13:32.321 [warning] [VerilogHoverProvider] Hover object not found
2025-03-14 10:13:33.806 [info] [VerilogDocumentSymbolProvider] [VerilogSymbol] Symbols Requested: file:///home/sgass/Projects/kepler/hdl/rtl/ethernet/ethernet_to_axis.sv
2025-03-14 10:13:33.808 [info] [VerilogDocumentSymbolProvider] 1 top-level symbols returned
2025-03-14 10:13:35.440 [info] [VerilogDocumentSymbolProvider] [VerilogSymbol] Symbols Requested: file:///home/sgass/Projects/kepler/hdl/rtl/ethernet/ethernet_to_axis.sv
2025-03-14 10:13:35.441 [info] [VerilogDocumentSymbolProvider] 1 top-level symbols returned
2025-03-14 10:13:38.437 [info] [VerilogDocumentSymbolProvider] [VerilogSymbol] Symbols Requested: file:///home/sgass/Projects/kepler/hdl/rtl/ethernet/ethernet_to_axis.sv
2025-03-14 10:13:38.440 [info] [VerilogDocumentSymbolProvider] 1 top-level symbols returned
2025-03-14 10:13:39.779 [info] [VerilogHoverProvider] Hover requested
2025-03-14 10:13:40.261 [warning] [VerilogHoverProvider] Hover object not found
2025-03-14 10:13:41.561 [info] [VerilogHoverProvider] Hover requested
2025-03-14 10:13:41.993 [info] [VerilogHoverProvider] Hover requested
2025-03-14 10:13:43.101 [info] [VerilogDocumentSymbolProvider] [VerilogSymbol] Symbols Requested: file:///home/sgass/Projects/kepler/hdl/rtl/ethernet/ethernet_to_axis.sv
2025-03-14 10:13:43.103 [info] [VerilogDocumentSymbolProvider] 1 top-level symbols returned
2025-03-14 10:13:44.933 [info] [VerilogDocumentSymbolProvider] [VerilogSymbol] Symbols Requested: file:///home/sgass/Projects/kepler/hdl/rtl/ethernet/ethernet_to_axis.sv
2025-03-14 10:13:44.935 [info] [VerilogDocumentSymbolProvider] 1 top-level symbols returned
2025-03-14 10:13:46.842 [info] [VerilogDocumentSymbolProvider] [VerilogSymbol] Symbols Requested: file:///home/sgass/Projects/kepler/hdl/rtl/ethernet/ethernet_to_axis.sv
2025-03-14 10:13:46.844 [info] [VerilogDocumentSymbolProvider] 1 top-level symbols returned
2025-03-14 10:13:47.367 [info] [VerilogDocumentSymbolProvider] [VerilogSymbol] Symbols Requested: file:///home/sgass/Projects/kepler/hdl/rtl/ethernet/ethernet_to_axis.sv
2025-03-14 10:13:47.369 [info] [VerilogDocumentSymbolProvider] 1 top-level symbols returned
2025-03-14 10:13:50.126 [info] [VerilogDocumentSymbolProvider] [VerilogSymbol] Symbols Requested: file:///home/sgass/Projects/kepler/hdl/rtl/ethernet/ethernet_to_axis.sv
2025-03-14 10:13:50.128 [info] [VerilogDocumentSymbolProvider] 1 top-level symbols returned
2025-03-14 10:13:53.350 [info] [VerilogDocumentSymbolProvider] [VerilogSymbol] Symbols Requested: file:///home/sgass/Projects/kepler/hdl/rtl/ethernet/ethernet_to_axis.sv
2025-03-14 10:13:53.353 [info] [VerilogDocumentSymbolProvider] 1 top-level symbols returned
2025-03-14 10:13:55.577 [info] [VerilogHoverProvider] Hover requested
2025-03-14 10:13:56.193 [info] [VerilogHoverProvider] Hover requested
2025-03-14 10:13:58.240 [info] [VerilogDocumentSymbolProvider] [VerilogSymbol] Symbols Requested: file:///home/sgass/Projects/kepler/hdl/rtl/ethernet/ethernet_to_axis.sv
2025-03-14 10:13:58.243 [info] [VerilogDocumentSymbolProvider] 1 top-level symbols returned
2025-03-14 10:13:58.831 [info] [VerilogDocumentSymbolProvider] [VerilogSymbol] Symbols Requested: file:///home/sgass/Projects/kepler/hdl/rtl/ethernet/ethernet_to_axis.sv
2025-03-14 10:13:58.833 [info] [VerilogDocumentSymbolProvider] 1 top-level symbols returned
2025-03-14 10:14:00.716 [info] [VerilogDocumentSymbolProvider] [VerilogSymbol] Symbols Requested: file:///home/sgass/Projects/kepler/hdl/rtl/ethernet/ethernet_to_axis.sv
2025-03-14 10:14:00.719 [info] [VerilogDocumentSymbolProvider] 1 top-level symbols returned
2025-03-14 10:14:01.107 [info] [VerilogDocumentSymbolProvider] [VerilogSymbol] Symbols Requested: file:///home/sgass/Projects/kepler/hdl/rtl/ethernet/ethernet_to_axis.sv
2025-03-14 10:14:01.109 [info] [VerilogDocumentSymbolProvider] 1 top-level symbols returned
2025-03-14 10:14:02.202 [info] [VerilogDocumentSymbolProvider] [VerilogSymbol] Symbols Requested: file:///home/sgass/Projects/kepler/hdl/rtl/ethernet/ethernet_to_axis.sv
2025-03-14 10:14:02.203 [info] [VerilogDocumentSymbolProvider] 1 top-level symbols returned
2025-03-14 10:14:13.216 [info] [VerilogHoverProvider] Hover requested
2025-03-14 10:14:13.644 [info] [VerilogHoverProvider] Hover object returned
2025-03-14 10:14:13.727 [info] [VerilogHoverProvider] Hover requested
2025-03-14 10:14:14.150 [info] [VerilogHoverProvider] Hover object returned
2025-03-14 10:14:16.983 [info] [VerilogDocumentSymbolProvider] [VerilogSymbol] Symbols Requested: file:///home/sgass/Projects/kepler/hdl/rtl/ethernet/ethernet_to_axis.sv
2025-03-14 10:14:16.986 [info] [VerilogDocumentSymbolProvider] 1 top-level symbols returned
2025-03-14 10:14:20.935 [info] [VerilogDocumentSymbolProvider] [VerilogSymbol] Symbols Requested: file:///home/sgass/Projects/kepler/hdl/rtl/ethernet/ethernet_to_axis.sv
2025-03-14 10:14:20.938 [info] [VerilogDocumentSymbolProvider] 1 top-level symbols returned
2025-03-14 10:14:24.879 [info] [VerilogHoverProvider] Hover requested
2025-03-14 10:14:25.280 [info] [VerilogHoverProvider] Hover requested
2025-03-14 10:14:26.896 [info] [VerilogHoverProvider] Hover requested
2025-03-14 10:14:27.178 [info] [VerilogHoverProvider] Hover requested
2025-03-14 10:14:27.310 [warning] [VerilogHoverProvider] Hover object not found
2025-03-14 10:14:27.601 [warning] [VerilogHoverProvider] Hover object not found
2025-03-14 10:14:27.976 [info] [VerilogHoverProvider] Hover requested
2025-03-14 10:14:28.038 [info] [VerilogDefinitionProvider] Definitions Requested: file:///home/sgass/Projects/kepler/hdl/rtl/ethernet/ethernet_to_axis.sv
2025-03-14 10:14:28.397 [warning] [VerilogHoverProvider] Hover object not found
2025-03-14 10:14:28.442 [info] [VerilogDefinitionProvider] 0 definitions returned
2025-03-14 10:14:29.725 [info] [VerilogDocumentSymbolProvider] [VerilogSymbol] Symbols Requested: file:///home/sgass/Projects/kepler/hdl/rtl/ethernet/ethernet_to_axis.sv
2025-03-14 10:14:29.727 [info] [VerilogDocumentSymbolProvider] 1 top-level symbols returned
2025-03-14 10:14:30.928 [info] [VerilogHoverProvider] Hover requested
2025-03-14 10:14:31.382 [info] [VerilogHoverProvider] Hover object returned
2025-03-14 10:14:31.528 [info] [VerilogHoverProvider] Hover requested
2025-03-14 10:14:31.961 [info] [VerilogHoverProvider] Hover object returned
2025-03-14 10:14:32.395 [info] [VerilogHoverProvider] Hover requested
2025-03-14 10:14:32.578 [info] [VerilogHoverProvider] Hover requested
2025-03-14 10:14:32.879 [info] [VerilogHoverProvider] Hover object returned
2025-03-14 10:14:32.987 [info] [VerilogHoverProvider] Hover object returned
2025-03-14 10:14:33.295 [info] [VerilogHoverProvider] Hover requested
2025-03-14 10:14:33.545 [info] [VerilogHoverProvider] Hover requested
2025-03-14 10:14:33.771 [info] [VerilogHoverProvider] Hover object returned
2025-03-14 10:14:33.944 [info] [VerilogHoverProvider] Hover object returned
2025-03-14 10:14:34.584 [info] [VerilogDocumentSymbolProvider] [VerilogSymbol] Symbols Requested: file:///home/sgass/Projects/kepler/hdl/rtl/ethernet/ethernet_to_axis.sv
2025-03-14 10:14:34.587 [info] [VerilogDocumentSymbolProvider] 1 top-level symbols returned
2025-03-14 10:14:35.250 [info] [VerilogHoverProvider] Hover requested
2025-03-14 10:14:35.512 [info] [VerilogHoverProvider] Hover requested
2025-03-14 10:14:38.059 [info] [VerilogDocumentSymbolProvider] [VerilogSymbol] Symbols Requested: file:///home/sgass/Projects/kepler/hdl/rtl/ethernet/ethernet_to_axis.sv
2025-03-14 10:14:38.060 [info] [VerilogDocumentSymbolProvider] 1 top-level symbols returned
2025-03-14 10:14:40.429 [info] [VerilogDocumentSymbolProvider] [VerilogSymbol] Symbols Requested: file:///home/sgass/Projects/kepler/hdl/rtl/ethernet/ethernet_to_axis.sv
2025-03-14 10:14:40.431 [info] [VerilogDocumentSymbolProvider] 1 top-level symbols returned
2025-03-14 10:14:42.029 [info] [VerilogDocumentSymbolProvider] [VerilogSymbol] Symbols Requested: file:///home/sgass/Projects/kepler/hdl/rtl/ethernet/ethernet_to_axis.sv
2025-03-14 10:14:42.031 [info] [VerilogDocumentSymbolProvider] 1 top-level symbols returned
2025-03-14 10:14:42.828 [info] [VerilogDocumentSymbolProvider] [VerilogSymbol] Symbols Requested: file:///home/sgass/Projects/kepler/hdl/rtl/ethernet/ethernet_to_axis.sv
2025-03-14 10:14:42.830 [info] [VerilogDocumentSymbolProvider] 1 top-level symbols returned
2025-03-14 10:14:44.050 [info] [VerilogDocumentSymbolProvider] [VerilogSymbol] Symbols Requested: file:///home/sgass/Projects/kepler/hdl/rtl/ethernet/ethernet_to_axis.sv
2025-03-14 10:14:44.052 [info] [VerilogDocumentSymbolProvider] 1 top-level symbols returned
2025-03-14 10:14:44.567 [info] [VerilogDocumentSymbolProvider] [VerilogSymbol] Symbols Requested: file:///home/sgass/Projects/kepler/hdl/rtl/ethernet/ethernet_to_axis.sv
2025-03-14 10:14:44.569 [info] [VerilogDocumentSymbolProvider] 1 top-level symbols returned
2025-03-14 10:14:46.533 [info] [VerilogDocumentSymbolProvider] [VerilogSymbol] Symbols Requested: file:///home/sgass/Projects/kepler/hdl/rtl/ethernet/ethernet_to_axis.sv
2025-03-14 10:14:46.535 [info] [VerilogDocumentSymbolProvider] 1 top-level symbols returned
2025-03-14 10:14:47.964 [info] [VerilogDocumentSymbolProvider] [VerilogSymbol] Symbols Requested: file:///home/sgass/Projects/kepler/hdl/rtl/ethernet/ethernet_to_axis.sv
2025-03-14 10:14:47.966 [info] [VerilogDocumentSymbolProvider] 1 top-level symbols returned
2025-03-14 10:14:49.705 [info] [VerilogDocumentSymbolProvider] [VerilogSymbol] Symbols Requested: file:///home/sgass/Projects/kepler/hdl/rtl/ethernet/ethernet_to_axis.sv
2025-03-14 10:14:49.707 [info] [VerilogDocumentSymbolProvider] 1 top-level symbols returned
2025-03-14 10:14:51.162 [info] [VerilogHoverProvider] Hover requested
2025-03-14 10:14:52.012 [info] [VerilogHoverProvider] Hover requested
2025-03-14 10:14:53.484 [info] [VerilogDocumentSymbolProvider] [VerilogSymbol] Symbols Requested: file:///home/sgass/Projects/kepler/hdl/rtl/ethernet/ethernet_to_axis.sv
2025-03-14 10:14:53.486 [info] [VerilogDocumentSymbolProvider] 1 top-level symbols returned
2025-03-14 10:14:54.394 [info] [VerilogDocumentSymbolProvider] [VerilogSymbol] Symbols Requested: file:///home/sgass/Projects/kepler/hdl/rtl/ethernet/ethernet_to_axis.sv
2025-03-14 10:14:54.396 [info] [VerilogDocumentSymbolProvider] 1 top-level symbols returned
2025-03-14 10:14:55.096 [info] [VerilogHoverProvider] Hover requested
2025-03-14 10:14:55.347 [info] [VerilogHoverProvider] Hover requested
2025-03-14 10:14:55.797 [info] [VerilogHoverProvider] Hover object returned
2025-03-14 10:14:56.736 [info] [VerilogHoverProvider] Hover requested
2025-03-14 10:14:57.151 [warning] [VerilogHoverProvider] Hover object not found
2025-03-14 10:14:57.511 [info] [VerilogHoverProvider] Hover requested
2025-03-14 10:14:57.761 [info] [VerilogHoverProvider] Hover requested
2025-03-14 10:14:57.996 [info] [VerilogHoverProvider] Hover object returned
2025-03-14 10:14:59.196 [info] [VerilogHoverProvider] Hover requested
2025-03-14 10:14:59.637 [info] [VerilogHoverProvider] Hover object returned
2025-03-14 10:15:01.028 [info] [VerilogHoverProvider] Hover requested
2025-03-14 10:15:05.213 [info] [VerilogDocumentSymbolProvider] [VerilogSymbol] Symbols Requested: file:///home/sgass/Projects/kepler/hdl/rtl/ethernet/ethernet_to_axis.sv
2025-03-14 10:15:05.216 [info] [VerilogDocumentSymbolProvider] 1 top-level symbols returned
2025-03-14 10:15:05.901 [info] [VerilogDocumentSymbolProvider] [VerilogSymbol] Symbols Requested: file:///home/sgass/Projects/kepler/hdl/rtl/ethernet/ethernet_to_axis.sv
2025-03-14 10:15:05.903 [info] [VerilogDocumentSymbolProvider] 1 top-level symbols returned
2025-03-14 10:15:07.346 [info] [VerilogHoverProvider] Hover requested
2025-03-14 10:15:07.804 [info] [VerilogHoverProvider] Hover object returned
2025-03-14 10:15:08.607 [info] [VerilogDocumentSymbolProvider] [VerilogSymbol] Symbols Requested: file:///home/sgass/Projects/kepler/hdl/rtl/ethernet/ethernet_to_axis.sv
2025-03-14 10:15:08.609 [info] [VerilogDocumentSymbolProvider] 1 top-level symbols returned
2025-03-14 10:15:09.327 [info] [VerilogDocumentSymbolProvider] [VerilogSymbol] Symbols Requested: file:///home/sgass/Projects/kepler/hdl/rtl/ethernet/ethernet_to_axis.sv
2025-03-14 10:15:09.329 [info] [VerilogDocumentSymbolProvider] 1 top-level symbols returned
2025-03-14 10:15:10.406 [info] [VerilogDocumentSymbolProvider] [VerilogSymbol] Symbols Requested: file:///home/sgass/Projects/kepler/hdl/rtl/ethernet/ethernet_to_axis.sv
2025-03-14 10:15:10.408 [info] [VerilogDocumentSymbolProvider] 1 top-level symbols returned
2025-03-14 10:15:11.378 [info] [VerilogDocumentSymbolProvider] [VerilogSymbol] Symbols Requested: file:///home/sgass/Projects/kepler/hdl/rtl/ethernet/ethernet_to_axis.sv
2025-03-14 10:15:11.380 [info] [VerilogDocumentSymbolProvider] 1 top-level symbols returned
2025-03-14 10:15:14.634 [info] [VerilogDocumentSymbolProvider] [VerilogSymbol] Symbols Requested: file:///home/sgass/Projects/kepler/hdl/rtl/ethernet/ethernet_to_axis.sv
2025-03-14 10:15:14.636 [info] [VerilogDocumentSymbolProvider] 1 top-level symbols returned
2025-03-14 10:15:16.168 [info] [VerilogDocumentSymbolProvider] [VerilogSymbol] Symbols Requested: file:///home/sgass/Projects/kepler/hdl/rtl/ethernet/ethernet_to_axis.sv
2025-03-14 10:15:16.170 [info] [VerilogDocumentSymbolProvider] 1 top-level symbols returned
2025-03-14 10:15:16.878 [info] [VerilogHoverProvider] Hover requested
2025-03-14 10:15:17.366 [warning] [VerilogHoverProvider] Hover object not found
2025-03-14 10:15:18.581 [info] [VerilogHoverProvider] Hover requested
2025-03-14 10:15:19.060 [info] [VerilogHoverProvider] Hover object returned
2025-03-14 10:15:19.124 [info] [VerilogHoverProvider] Hover requested
2025-03-14 10:15:19.610 [info] [VerilogHoverProvider] Hover object returned
2025-03-14 10:15:19.911 [info] [VerilogHoverProvider] Hover requested
2025-03-14 10:15:20.376 [warning] [VerilogHoverProvider] Hover object not found
2025-03-14 10:15:20.474 [info] [VerilogDocumentSymbolProvider] [VerilogSymbol] Symbols Requested: file:///home/sgass/Projects/kepler/hdl/rtl/ethernet/ethernet_to_axis.sv
2025-03-14 10:15:20.474 [info] [VerilogDocumentSymbolProvider] 1 top-level symbols returned
2025-03-14 10:15:21.362 [info] [VerilogDocumentSymbolProvider] [VerilogSymbol] Symbols Requested: file:///home/sgass/Projects/kepler/hdl/rtl/ethernet/ethernet_to_axis.sv
2025-03-14 10:15:21.364 [info] [VerilogDocumentSymbolProvider] 1 top-level symbols returned
2025-03-14 10:15:23.346 [info] [VerilogDocumentSymbolProvider] [VerilogSymbol] Symbols Requested: file:///home/sgass/Projects/kepler/hdl/rtl/ethernet/ethernet_to_axis.sv
2025-03-14 10:15:23.348 [info] [VerilogDocumentSymbolProvider] 1 top-level symbols returned
2025-03-14 10:15:24.150 [info] [VerilogDocumentSymbolProvider] [VerilogSymbol] Symbols Requested: file:///home/sgass/Projects/kepler/hdl/rtl/ethernet/ethernet_to_axis.sv
2025-03-14 10:15:24.152 [info] [VerilogDocumentSymbolProvider] 1 top-level symbols returned
2025-03-14 10:15:26.509 [info] [VerilogDocumentSymbolProvider] [VerilogSymbol] Symbols Requested: file:///home/sgass/Projects/kepler/hdl/rtl/ethernet/ethernet_to_axis.sv
2025-03-14 10:15:26.511 [info] [VerilogDocumentSymbolProvider] 1 top-level symbols returned
2025-03-14 10:15:30.170 [info] [VerilogDocumentSymbolProvider] [VerilogSymbol] Symbols Requested: file:///home/sgass/Projects/kepler/hdl/rtl/ethernet/ethernet_to_axis.sv
2025-03-14 10:15:30.172 [info] [VerilogDocumentSymbolProvider] 1 top-level symbols returned
2025-03-14 10:15:30.552 [info] [VerilogDocumentSymbolProvider] [VerilogSymbol] Symbols Requested: file:///home/sgass/Projects/kepler/hdl/rtl/ethernet/ethernet_to_axis.sv
2025-03-14 10:15:30.554 [info] [VerilogDocumentSymbolProvider] 1 top-level symbols returned
2025-03-14 10:15:31.537 [info] [VerilogDocumentSymbolProvider] [VerilogSymbol] Symbols Requested: file:///home/sgass/Projects/kepler/hdl/rtl/ethernet/ethernet_to_axis.sv
2025-03-14 10:15:31.539 [info] [VerilogDocumentSymbolProvider] 1 top-level symbols returned
2025-03-14 10:15:34.601 [info] [VerilogDocumentSymbolProvider] [VerilogSymbol] Symbols Requested: file:///home/sgass/Projects/kepler/hdl/rtl/ethernet/ethernet_to_axis.sv
2025-03-14 10:15:34.603 [info] [VerilogDocumentSymbolProvider] 1 top-level symbols returned
2025-03-14 10:15:35.904 [info] [VerilogDocumentSymbolProvider] [VerilogSymbol] Symbols Requested: file:///home/sgass/Projects/kepler/hdl/rtl/ethernet/ethernet_to_axis.sv
2025-03-14 10:15:35.907 [info] [VerilogDocumentSymbolProvider] 1 top-level symbols returned
2025-03-14 10:15:36.271 [info] [VerilogDocumentSymbolProvider] [VerilogSymbol] Symbols Requested: file:///home/sgass/Projects/kepler/hdl/rtl/ethernet/ethernet_to_axis.sv
2025-03-14 10:15:36.273 [info] [VerilogDocumentSymbolProvider] 1 top-level symbols returned
2025-03-14 10:15:36.820 [info] [VerilogDocumentSymbolProvider] [VerilogSymbol] Symbols Requested: file:///home/sgass/Projects/kepler/hdl/rtl/ethernet/ethernet_to_axis.sv
2025-03-14 10:15:36.822 [info] [VerilogDocumentSymbolProvider] 1 top-level symbols returned
2025-03-14 10:15:37.588 [info] [VerilogDocumentSymbolProvider] [VerilogSymbol] Symbols Requested: file:///home/sgass/Projects/kepler/hdl/rtl/ethernet/ethernet_to_axis.sv
2025-03-14 10:15:37.590 [info] [VerilogDocumentSymbolProvider] 1 top-level symbols returned
2025-03-14 10:15:39.821 [info] [VerilogDocumentSymbolProvider] [VerilogSymbol] Symbols Requested: file:///home/sgass/Projects/kepler/hdl/rtl/ethernet/ethernet_to_axis.sv
2025-03-14 10:15:39.824 [info] [VerilogDocumentSymbolProvider] 1 top-level symbols returned
2025-03-14 10:15:42.318 [info] [VerilogDocumentSymbolProvider] [VerilogSymbol] Symbols Requested: file:///home/sgass/Projects/kepler/hdl/rtl/ethernet/ethernet_to_axis.sv
2025-03-14 10:15:42.320 [info] [VerilogDocumentSymbolProvider] 1 top-level symbols returned
2025-03-14 10:15:43.158 [info] [VerilogDocumentSymbolProvider] [VerilogSymbol] Symbols Requested: file:///home/sgass/Projects/kepler/hdl/rtl/ethernet/ethernet_to_axis.sv
2025-03-14 10:15:43.160 [info] [VerilogDocumentSymbolProvider] 1 top-level symbols returned
2025-03-14 10:15:44.283 [info] [VerilogDocumentSymbolProvider] [VerilogSymbol] Symbols Requested: file:///home/sgass/Projects/kepler/hdl/rtl/ethernet/ethernet_to_axis.sv
2025-03-14 10:15:44.285 [info] [VerilogDocumentSymbolProvider] 1 top-level symbols returned
2025-03-14 10:15:44.836 [info] on save
2025-03-14 10:15:45.188 [info] [VerilogDocumentSymbolProvider] [VerilogSymbol] Symbols Requested: file:///home/sgass/Projects/kepler/hdl/rtl/ethernet/ethernet_to_axis.sv
2025-03-14 10:15:45.188 [info] indexing "/home/sgass/Projects/kepler/hdl/rtl/ethernet/ethernet_to_axis.sv"
2025-03-14 10:15:45.188 [info] executing ctags
2025-03-14 10:15:45.188 [info] Executing Command: ctags -f - --fields=+K --sort=no --excmd=n --fields-SystemVerilog=+{parameter} "/home/sgass/Projects/kepler/hdl/rtl/ethernet/ethernet_to_axis.sv"
2025-03-14 10:15:45.196 [info] building symbols
2025-03-14 10:15:45.198 [info] [VerilogDocumentSymbolProvider] 1 top-level symbols returned
2025-03-14 10:15:52.615 [info] [VerilogHoverProvider] Hover requested
2025-03-14 10:15:53.580 [info] [VerilogHoverProvider] Hover requested
2025-03-14 10:15:54.020 [warning] [VerilogHoverProvider] Hover object not found
2025-03-14 10:15:54.312 [info] [VerilogDocumentSymbolProvider] [VerilogSymbol] Symbols Requested: file:///home/sgass/Projects/kepler/hdl/rtl/ethernet/ethernet_to_axis.sv
2025-03-14 10:15:54.314 [info] [VerilogDocumentSymbolProvider] 1 top-level symbols returned
2025-03-14 10:15:55.020 [info] [VerilogDocumentSymbolProvider] [VerilogSymbol] Symbols Requested: file:///home/sgass/Projects/kepler/hdl/rtl/ethernet/ethernet_to_axis.sv
2025-03-14 10:15:55.022 [info] [VerilogDocumentSymbolProvider] 1 top-level symbols returned
2025-03-14 10:15:55.596 [info] [VerilogHoverProvider] Hover requested
2025-03-14 10:15:56.054 [info] [VerilogHoverProvider] Hover object returned
2025-03-14 10:16:01.012 [info] [VerilogHoverProvider] Hover requested
2025-03-14 10:16:01.378 [info] [VerilogHoverProvider] Hover requested
2025-03-14 10:16:03.739 [info] [VerilogDocumentSymbolProvider] [VerilogSymbol] Symbols Requested: file:///home/sgass/Projects/kepler/hdl/rtl/ethernet/ethernet_to_axis.sv
2025-03-14 10:16:03.741 [info] [VerilogDocumentSymbolProvider] 1 top-level symbols returned
2025-03-14 10:16:06.963 [info] [VerilogDocumentSymbolProvider] [VerilogSymbol] Symbols Requested: file:///home/sgass/Projects/kepler/hdl/rtl/ethernet/ethernet_to_axis.sv
2025-03-14 10:16:06.965 [info] [VerilogDocumentSymbolProvider] 1 top-level symbols returned
2025-03-14 10:16:07.328 [info] [VerilogDocumentSymbolProvider] [VerilogSymbol] Symbols Requested: file:///home/sgass/Projects/kepler/hdl/rtl/ethernet/ethernet_to_axis.sv
2025-03-14 10:16:07.330 [info] [VerilogDocumentSymbolProvider] 1 top-level symbols returned
2025-03-14 10:16:07.985 [info] [VerilogDocumentSymbolProvider] [VerilogSymbol] Symbols Requested: file:///home/sgass/Projects/kepler/hdl/rtl/ethernet/ethernet_to_axis.sv
2025-03-14 10:16:07.987 [info] [VerilogDocumentSymbolProvider] 1 top-level symbols returned
2025-03-14 10:16:10.155 [info] [VerilogDocumentSymbolProvider] [VerilogSymbol] Symbols Requested: file:///home/sgass/Projects/kepler/hdl/rtl/ethernet/ethernet_to_axis.sv
2025-03-14 10:16:10.157 [info] [VerilogDocumentSymbolProvider] 1 top-level symbols returned
2025-03-14 10:16:10.833 [info] [VerilogDocumentSymbolProvider] [VerilogSymbol] Symbols Requested: file:///home/sgass/Projects/kepler/hdl/rtl/ethernet/ethernet_to_axis.sv
2025-03-14 10:16:10.836 [info] [VerilogDocumentSymbolProvider] 1 top-level symbols returned
2025-03-14 10:16:11.648 [info] [VerilogHoverProvider] Hover requested
2025-03-14 10:16:12.880 [info] [VerilogHoverProvider] Hover requested
2025-03-14 10:16:14.919 [info] [VerilogDocumentSymbolProvider] [VerilogSymbol] Symbols Requested: file:///home/sgass/Projects/kepler/hdl/rtl/ethernet/ethernet_to_axis.sv
2025-03-14 10:16:14.921 [info] [VerilogDocumentSymbolProvider] 1 top-level symbols returned
2025-03-14 10:16:16.992 [info] [VerilogDocumentSymbolProvider] [VerilogSymbol] Symbols Requested: file:///home/sgass/Projects/kepler/hdl/rtl/ethernet/ethernet_to_axis.sv
2025-03-14 10:16:16.995 [info] [VerilogDocumentSymbolProvider] 1 top-level symbols returned
2025-03-14 10:16:18.868 [info] [VerilogDocumentSymbolProvider] [VerilogSymbol] Symbols Requested: file:///home/sgass/Projects/kepler/hdl/rtl/ethernet/ethernet_to_axis.sv
2025-03-14 10:16:18.869 [info] [VerilogDocumentSymbolProvider] 1 top-level symbols returned
2025-03-14 10:16:20.411 [info] [VerilogDocumentSymbolProvider] [VerilogSymbol] Symbols Requested: file:///home/sgass/Projects/kepler/hdl/rtl/ethernet/ethernet_to_axis.sv
2025-03-14 10:16:20.412 [info] [VerilogDocumentSymbolProvider] 1 top-level symbols returned
2025-03-14 10:16:21.972 [info] [VerilogDocumentSymbolProvider] [VerilogSymbol] Symbols Requested: file:///home/sgass/Projects/kepler/hdl/rtl/ethernet/ethernet_to_axis.sv
2025-03-14 10:16:21.974 [info] [VerilogDocumentSymbolProvider] 1 top-level symbols returned
2025-03-14 10:16:22.880 [info] [VerilogHoverProvider] Hover requested
2025-03-14 10:16:23.531 [info] [VerilogHoverProvider] Hover requested
2025-03-14 10:16:23.972 [info] [VerilogHoverProvider] Hover object returned
2025-03-14 10:16:24.784 [info] [VerilogDocumentSymbolProvider] [VerilogSymbol] Symbols Requested: file:///home/sgass/Projects/kepler/hdl/rtl/ethernet/ethernet_to_axis.sv
2025-03-14 10:16:24.787 [info] [VerilogDocumentSymbolProvider] 1 top-level symbols returned
2025-03-14 10:16:25.893 [info] [VerilogDocumentSymbolProvider] [VerilogSymbol] Symbols Requested: file:///home/sgass/Projects/kepler/hdl/rtl/ethernet/ethernet_to_axis.sv
2025-03-14 10:16:25.895 [info] [VerilogDocumentSymbolProvider] 1 top-level symbols returned
2025-03-14 10:16:26.298 [info] [VerilogHoverProvider] Hover requested
2025-03-14 10:16:26.749 [info] [VerilogHoverProvider] Hover object returned
2025-03-14 10:16:28.088 [info] [VerilogDocumentSymbolProvider] [VerilogSymbol] Symbols Requested: file:///home/sgass/Projects/kepler/hdl/rtl/ethernet/ethernet_to_axis.sv
2025-03-14 10:16:28.090 [info] [VerilogDocumentSymbolProvider] 1 top-level symbols returned
2025-03-14 10:16:29.098 [info] [VerilogHoverProvider] Hover requested
2025-03-14 10:16:29.547 [warning] [VerilogHoverProvider] Hover object not found
2025-03-14 10:16:31.083 [info] [VerilogDocumentSymbolProvider] [VerilogSymbol] Symbols Requested: file:///home/sgass/Projects/kepler/hdl/rtl/ethernet/ethernet_to_axis.sv
2025-03-14 10:16:31.084 [info] [VerilogDocumentSymbolProvider] 1 top-level symbols returned
2025-03-14 10:16:31.789 [info] [VerilogDocumentSymbolProvider] [VerilogSymbol] Symbols Requested: file:///home/sgass/Projects/kepler/hdl/rtl/ethernet/ethernet_to_axis.sv
2025-03-14 10:16:31.791 [info] [VerilogDocumentSymbolProvider] 1 top-level symbols returned
2025-03-14 10:16:32.934 [info] [VerilogDocumentSymbolProvider] [VerilogSymbol] Symbols Requested: file:///home/sgass/Projects/kepler/hdl/rtl/ethernet/ethernet_to_axis.sv
2025-03-14 10:16:32.936 [info] [VerilogDocumentSymbolProvider] 1 top-level symbols returned
2025-03-14 10:16:33.555 [info] [VerilogDocumentSymbolProvider] [VerilogSymbol] Symbols Requested: file:///home/sgass/Projects/kepler/hdl/rtl/ethernet/ethernet_to_axis.sv
2025-03-14 10:16:33.556 [info] [VerilogDocumentSymbolProvider] 1 top-level symbols returned
2025-03-14 10:16:35.968 [info] [VerilogDocumentSymbolProvider] [VerilogSymbol] Symbols Requested: file:///home/sgass/Projects/kepler/hdl/rtl/ethernet/ethernet_to_axis.sv
2025-03-14 10:16:35.970 [info] [VerilogDocumentSymbolProvider] 1 top-level symbols returned
2025-03-14 10:16:36.731 [info] [VerilogHoverProvider] Hover requested
2025-03-14 10:16:37.149 [info] [VerilogHoverProvider] Hover requested
2025-03-14 10:16:37.329 [info] [VerilogHoverProvider] Hover requested
2025-03-14 10:16:37.636 [warning] [VerilogHoverProvider] Hover object not found
2025-03-14 10:16:37.731 [warning] [VerilogHoverProvider] Hover object not found
2025-03-14 10:16:38.080 [info] [VerilogHoverProvider] Hover requested
2025-03-14 10:16:38.481 [info] [VerilogDocumentSymbolProvider] [VerilogSymbol] Symbols Requested: file:///home/sgass/Projects/kepler/hdl/rtl/ethernet/ethernet_to_axis.sv
2025-03-14 10:16:38.483 [info] [VerilogDocumentSymbolProvider] 1 top-level symbols returned
2025-03-14 10:16:39.246 [info] [VerilogHoverProvider] Hover requested
2025-03-14 10:16:39.686 [warning] [VerilogHoverProvider] Hover object not found
2025-03-14 10:16:42.231 [info] [VerilogHoverProvider] Hover requested
2025-03-14 10:16:42.531 [info] [VerilogHoverProvider] Hover requested
2025-03-14 10:16:42.701 [info] [VerilogHoverProvider] Hover requested
2025-03-14 10:16:45.204 [info] [VerilogDocumentSymbolProvider] [VerilogSymbol] Symbols Requested: file:///home/sgass/Projects/kepler/hdl/rtl/ethernet/ethernet_to_axis.sv
2025-03-14 10:16:45.207 [info] [VerilogDocumentSymbolProvider] 1 top-level symbols returned
2025-03-14 10:16:49.185 [info] [VerilogDocumentSymbolProvider] [VerilogSymbol] Symbols Requested: file:///home/sgass/Projects/kepler/hdl/rtl/ethernet/ethernet_to_axis.sv
2025-03-14 10:16:49.187 [info] [VerilogDocumentSymbolProvider] 1 top-level symbols returned
2025-03-14 10:16:50.430 [info] [VerilogHoverProvider] Hover requested
2025-03-14 10:16:51.131 [info] [VerilogHoverProvider] Hover requested
2025-03-14 10:16:52.812 [info] [VerilogDocumentSymbolProvider] [VerilogSymbol] Symbols Requested: file:///home/sgass/Projects/kepler/hdl/rtl/ethernet/ethernet_to_axis.sv
2025-03-14 10:16:52.814 [info] [VerilogDocumentSymbolProvider] 1 top-level symbols returned
2025-03-14 10:16:55.979 [info] [VerilogDocumentSymbolProvider] [VerilogSymbol] Symbols Requested: file:///home/sgass/Projects/kepler/hdl/rtl/ethernet/ethernet_to_axis.sv
2025-03-14 10:16:55.981 [info] [VerilogDocumentSymbolProvider] 1 top-level symbols returned
2025-03-14 10:17:00.182 [info] [VerilogDocumentSymbolProvider] [VerilogSymbol] Symbols Requested: file:///home/sgass/Projects/kepler/hdl/rtl/ethernet/ethernet_to_axis.sv
2025-03-14 10:17:00.185 [info] [VerilogDocumentSymbolProvider] 1 top-level symbols returned
2025-03-14 10:17:00.947 [info] [VerilogHoverProvider] Hover requested
2025-03-14 10:17:01.370 [info] [VerilogHoverProvider] Hover object returned
2025-03-14 10:17:01.680 [info] [VerilogHoverProvider] Hover requested
2025-03-14 10:17:01.861 [info] [VerilogHoverProvider] Hover requested
2025-03-14 10:17:02.087 [warning] [VerilogHoverProvider] Hover object not found
2025-03-14 10:17:02.178 [info] [VerilogHoverProvider] Hover requested
2025-03-14 10:17:02.943 [info] [VerilogDocumentSymbolProvider] [VerilogSymbol] Symbols Requested: file:///home/sgass/Projects/kepler/hdl/rtl/ethernet/ethernet_to_axis.sv
2025-03-14 10:17:02.945 [info] [VerilogDocumentSymbolProvider] 1 top-level symbols returned
2025-03-14 10:17:03.825 [info] [VerilogDocumentSymbolProvider] [VerilogSymbol] Symbols Requested: file:///home/sgass/Projects/kepler/hdl/rtl/ethernet/ethernet_to_axis.sv
2025-03-14 10:17:03.827 [info] [VerilogDocumentSymbolProvider] 1 top-level symbols returned
2025-03-14 10:17:04.540 [info] [VerilogDocumentSymbolProvider] [VerilogSymbol] Symbols Requested: file:///home/sgass/Projects/kepler/hdl/rtl/ethernet/ethernet_to_axis.sv
2025-03-14 10:17:04.543 [info] [VerilogDocumentSymbolProvider] 1 top-level symbols returned
2025-03-14 10:17:05.660 [info] [VerilogDocumentSymbolProvider] [VerilogSymbol] Symbols Requested: file:///home/sgass/Projects/kepler/hdl/rtl/ethernet/ethernet_to_axis.sv
2025-03-14 10:17:05.662 [info] [VerilogDocumentSymbolProvider] 1 top-level symbols returned
2025-03-14 10:17:07.245 [info] [VerilogDocumentSymbolProvider] [VerilogSymbol] Symbols Requested: file:///home/sgass/Projects/kepler/hdl/rtl/ethernet/ethernet_to_axis.sv
2025-03-14 10:17:07.247 [info] [VerilogDocumentSymbolProvider] 1 top-level symbols returned
2025-03-14 10:17:08.077 [info] [VerilogDocumentSymbolProvider] [VerilogSymbol] Symbols Requested: file:///home/sgass/Projects/kepler/hdl/rtl/ethernet/ethernet_to_axis.sv
2025-03-14 10:17:08.079 [info] [VerilogDocumentSymbolProvider] 1 top-level symbols returned
2025-03-14 10:17:08.969 [info] [VerilogDocumentSymbolProvider] [VerilogSymbol] Symbols Requested: file:///home/sgass/Projects/kepler/hdl/rtl/ethernet/ethernet_to_axis.sv
2025-03-14 10:17:08.971 [info] [VerilogDocumentSymbolProvider] 1 top-level symbols returned
2025-03-14 10:17:09.478 [info] [VerilogDocumentSymbolProvider] [VerilogSymbol] Symbols Requested: file:///home/sgass/Projects/kepler/hdl/rtl/ethernet/ethernet_to_axis.sv
2025-03-14 10:17:09.481 [info] [VerilogDocumentSymbolProvider] 1 top-level symbols returned
2025-03-14 10:17:13.322 [info] [VerilogDocumentSymbolProvider] [VerilogSymbol] Symbols Requested: file:///home/sgass/Projects/kepler/hdl/rtl/ethernet/ethernet_to_axis.sv
2025-03-14 10:17:13.324 [info] [VerilogDocumentSymbolProvider] 1 top-level symbols returned
2025-03-14 10:17:15.877 [info] [VerilogDocumentSymbolProvider] [VerilogSymbol] Symbols Requested: file:///home/sgass/Projects/kepler/hdl/rtl/ethernet/ethernet_to_axis.sv
2025-03-14 10:17:15.879 [info] [VerilogDocumentSymbolProvider] 1 top-level symbols returned
2025-03-14 10:17:17.659 [info] [VerilogDocumentSymbolProvider] [VerilogSymbol] Symbols Requested: file:///home/sgass/Projects/kepler/hdl/rtl/ethernet/ethernet_to_axis.sv
2025-03-14 10:17:17.662 [info] [VerilogDocumentSymbolProvider] 1 top-level symbols returned
2025-03-14 10:17:18.136 [info] [VerilogDocumentSymbolProvider] [VerilogSymbol] Symbols Requested: file:///home/sgass/Projects/kepler/hdl/rtl/ethernet/ethernet_to_axis.sv
2025-03-14 10:17:18.138 [info] [VerilogDocumentSymbolProvider] 1 top-level symbols returned
2025-03-14 10:17:20.484 [info] [VerilogDocumentSymbolProvider] [VerilogSymbol] Symbols Requested: file:///home/sgass/Projects/kepler/hdl/rtl/ethernet/ethernet_to_axis.sv
2025-03-14 10:17:20.486 [info] [VerilogDocumentSymbolProvider] 1 top-level symbols returned
2025-03-14 10:17:22.575 [info] [VerilogDocumentSymbolProvider] [VerilogSymbol] Symbols Requested: file:///home/sgass/Projects/kepler/hdl/rtl/ethernet/ethernet_to_axis.sv
2025-03-14 10:17:22.577 [info] [VerilogDocumentSymbolProvider] 1 top-level symbols returned
2025-03-14 10:17:26.416 [info] [VerilogHoverProvider] Hover requested
2025-03-14 10:17:26.866 [warning] [VerilogHoverProvider] Hover object not found
2025-03-14 10:17:27.247 [info] [VerilogHoverProvider] Hover requested
2025-03-14 10:17:28.275 [info] [VerilogDocumentSymbolProvider] [VerilogSymbol] Symbols Requested: file:///home/sgass/Projects/kepler/hdl/rtl/ethernet/ethernet_to_axis.sv
2025-03-14 10:17:28.277 [info] [VerilogDocumentSymbolProvider] 1 top-level symbols returned
2025-03-14 10:17:29.194 [info] [VerilogDocumentSymbolProvider] [VerilogSymbol] Symbols Requested: file:///home/sgass/Projects/kepler/hdl/rtl/ethernet/ethernet_to_axis.sv
2025-03-14 10:17:29.196 [info] [VerilogDocumentSymbolProvider] 1 top-level symbols returned
2025-03-14 10:17:30.705 [info] [VerilogDocumentSymbolProvider] [VerilogSymbol] Symbols Requested: file:///home/sgass/Projects/kepler/hdl/rtl/ethernet/ethernet_to_axis.sv
2025-03-14 10:17:30.708 [info] [VerilogDocumentSymbolProvider] 1 top-level symbols returned
2025-03-14 10:17:31.686 [info] [VerilogDocumentSymbolProvider] [VerilogSymbol] Symbols Requested: file:///home/sgass/Projects/kepler/hdl/rtl/ethernet/ethernet_to_axis.sv
2025-03-14 10:17:31.689 [info] [VerilogDocumentSymbolProvider] 1 top-level symbols returned
2025-03-14 10:17:32.698 [info] [VerilogDocumentSymbolProvider] [VerilogSymbol] Symbols Requested: file:///home/sgass/Projects/kepler/hdl/rtl/ethernet/ethernet_to_axis.sv
2025-03-14 10:17:32.698 [info] [VerilogDocumentSymbolProvider] 1 top-level symbols returned
2025-03-14 10:17:37.765 [info] [VerilogDocumentSymbolProvider] [VerilogSymbol] Symbols Requested: file:///home/sgass/Projects/kepler/hdl/rtl/ethernet/ethernet_to_axis.sv
2025-03-14 10:17:37.768 [info] [VerilogDocumentSymbolProvider] 1 top-level symbols returned
2025-03-14 10:17:43.153 [info] [VerilogDocumentSymbolProvider] [VerilogSymbol] Symbols Requested: file:///home/sgass/Projects/kepler/hdl/rtl/ethernet/ethernet_to_axis.sv
2025-03-14 10:17:43.155 [info] [VerilogDocumentSymbolProvider] 1 top-level symbols returned
2025-03-14 10:17:45.719 [info] [VerilogDocumentSymbolProvider] [VerilogSymbol] Symbols Requested: file:///home/sgass/Projects/kepler/hdl/rtl/ethernet/ethernet_to_axis.sv
2025-03-14 10:17:45.721 [info] [VerilogDocumentSymbolProvider] 1 top-level symbols returned
2025-03-14 10:17:49.778 [info] [VerilogDocumentSymbolProvider] [VerilogSymbol] Symbols Requested: file:///home/sgass/Projects/kepler/hdl/rtl/ethernet/ethernet_to_axis.sv
2025-03-14 10:17:49.780 [info] [VerilogDocumentSymbolProvider] 1 top-level symbols returned
2025-03-14 10:17:52.631 [info] [VerilogHoverProvider] Hover requested
2025-03-14 10:17:52.848 [info] [VerilogHoverProvider] Hover requested
2025-03-14 10:17:55.303 [info] [VerilogDocumentSymbolProvider] [VerilogSymbol] Symbols Requested: file:///home/sgass/Projects/kepler/hdl/rtl/ethernet/ethernet_to_axis.sv
2025-03-14 10:17:55.306 [info] [VerilogDocumentSymbolProvider] 1 top-level symbols returned
2025-03-14 10:17:55.667 [info] [VerilogDocumentSymbolProvider] [VerilogSymbol] Symbols Requested: file:///home/sgass/Projects/kepler/hdl/rtl/ethernet/ethernet_to_axis.sv
2025-03-14 10:17:55.667 [info] [VerilogDocumentSymbolProvider] 1 top-level symbols returned
2025-03-14 10:17:57.095 [info] [VerilogDocumentSymbolProvider] [VerilogSymbol] Symbols Requested: file:///home/sgass/Projects/kepler/hdl/rtl/ethernet/ethernet_to_axis.sv
2025-03-14 10:17:57.096 [info] [VerilogDocumentSymbolProvider] 1 top-level symbols returned
2025-03-14 10:18:00.009 [info] [VerilogDocumentSymbolProvider] [VerilogSymbol] Symbols Requested: file:///home/sgass/Projects/kepler/hdl/rtl/ethernet/ethernet_to_axis.sv
2025-03-14 10:18:00.012 [info] [VerilogDocumentSymbolProvider] 1 top-level symbols returned
2025-03-14 10:18:00.899 [info] [VerilogDocumentSymbolProvider] [VerilogSymbol] Symbols Requested: file:///home/sgass/Projects/kepler/hdl/rtl/ethernet/ethernet_to_axis.sv
2025-03-14 10:18:00.901 [info] [VerilogDocumentSymbolProvider] 1 top-level symbols returned
2025-03-14 10:18:01.976 [info] [VerilogDocumentSymbolProvider] [VerilogSymbol] Symbols Requested: file:///home/sgass/Projects/kepler/hdl/rtl/ethernet/ethernet_to_axis.sv
2025-03-14 10:18:01.978 [info] [VerilogDocumentSymbolProvider] 1 top-level symbols returned
2025-03-14 10:18:03.049 [info] [VerilogHoverProvider] Hover requested
2025-03-14 10:18:03.634 [info] [VerilogHoverProvider] Hover requested
2025-03-14 10:18:03.964 [info] [VerilogHoverProvider] Hover requested
2025-03-14 10:18:04.061 [info] [VerilogHoverProvider] Hover object returned
2025-03-14 10:18:04.385 [info] [VerilogHoverProvider] Hover object returned
2025-03-14 10:18:06.468 [info] [VerilogDocumentSymbolProvider] [VerilogSymbol] Symbols Requested: file:///home/sgass/Projects/kepler/hdl/rtl/ethernet/ethernet_to_axis.sv
2025-03-14 10:18:06.470 [info] [VerilogDocumentSymbolProvider] 1 top-level symbols returned
2025-03-14 10:18:10.290 [info] [VerilogDocumentSymbolProvider] [VerilogSymbol] Symbols Requested: file:///home/sgass/Projects/kepler/hdl/rtl/ethernet/ethernet_to_axis.sv
2025-03-14 10:18:10.292 [info] [VerilogDocumentSymbolProvider] 1 top-level symbols returned
2025-03-14 10:18:10.915 [info] [VerilogHoverProvider] Hover requested
2025-03-14 10:18:11.349 [info] [VerilogHoverProvider] Hover object returned
2025-03-14 10:18:13.499 [info] [VerilogDocumentSymbolProvider] [VerilogSymbol] Symbols Requested: file:///home/sgass/Projects/kepler/hdl/rtl/ethernet/ethernet_to_axis.sv
2025-03-14 10:18:13.501 [info] [VerilogDocumentSymbolProvider] 1 top-level symbols returned
2025-03-14 10:18:15.289 [info] [VerilogDocumentSymbolProvider] [VerilogSymbol] Symbols Requested: file:///home/sgass/Projects/kepler/hdl/rtl/ethernet/ethernet_to_axis.sv
2025-03-14 10:18:15.292 [info] [VerilogDocumentSymbolProvider] 1 top-level symbols returned
2025-03-14 10:18:17.085 [info] on save
2025-03-14 10:18:21.514 [info] [VerilogHoverProvider] Hover requested
2025-03-14 10:18:21.823 [info] [VerilogHoverProvider] Hover requested
2025-03-14 10:18:21.824 [info] indexing "/home/sgass/Projects/kepler/hdl/rtl/ethernet/ethernet_to_axis.sv"
2025-03-14 10:18:21.824 [info] executing ctags
2025-03-14 10:18:21.824 [info] Executing Command: ctags -f - --fields=+K --sort=no --excmd=n --fields-SystemVerilog=+{parameter} "/home/sgass/Projects/kepler/hdl/rtl/ethernet/ethernet_to_axis.sv"
2025-03-14 10:18:21.835 [info] building symbols
2025-03-14 10:18:22.268 [warning] [VerilogHoverProvider] Hover object not found
2025-03-14 10:18:22.631 [info] [VerilogHoverProvider] Hover requested
2025-03-14 10:18:23.042 [warning] [VerilogHoverProvider] Hover object not found
2025-03-14 10:18:23.180 [info] [VerilogHoverProvider] Hover requested
2025-03-14 10:18:23.608 [warning] [VerilogHoverProvider] Hover object not found
2025-03-14 10:18:23.780 [info] [VerilogHoverProvider] Hover requested
2025-03-14 10:18:24.097 [info] [VerilogHoverProvider] Hover requested
2025-03-14 10:18:24.189 [warning] [VerilogHoverProvider] Hover object not found
2025-03-14 10:18:24.519 [warning] [VerilogHoverProvider] Hover object not found
2025-03-14 10:18:25.049 [info] [VerilogHoverProvider] Hover requested
2025-03-14 10:18:25.230 [info] [VerilogHoverProvider] Hover requested
2025-03-14 10:18:25.505 [info] [VerilogHoverProvider] Hover object returned
2025-03-14 10:18:26.216 [info] [VerilogHoverProvider] Hover requested
2025-03-14 10:18:26.644 [info] [VerilogHoverProvider] Hover object returned
2025-03-14 10:18:28.099 [info] [VerilogHoverProvider] Hover requested
2025-03-14 10:18:28.536 [warning] [VerilogHoverProvider] Hover object not found
2025-03-14 10:18:28.781 [info] [VerilogHoverProvider] Hover requested
2025-03-14 10:18:29.031 [info] [VerilogHoverProvider] Hover requested
2025-03-14 10:18:29.431 [info] [VerilogHoverProvider] Hover requested
2025-03-14 10:18:33.572 [info] [VerilogDocumentSymbolProvider] [VerilogSymbol] Symbols Requested: file:///home/sgass/Projects/kepler/hdl/rtl/ethernet/ethernet_to_axis.sv
2025-03-14 10:18:33.574 [info] [VerilogDocumentSymbolProvider] 1 top-level symbols returned
2025-03-14 10:18:34.848 [info] [VerilogDocumentSymbolProvider] [VerilogSymbol] Symbols Requested: file:///home/sgass/Projects/kepler/hdl/rtl/ethernet/ethernet_to_axis.sv
2025-03-14 10:18:34.850 [info] [VerilogDocumentSymbolProvider] 1 top-level symbols returned
2025-03-14 10:18:36.565 [info] [VerilogHoverProvider] Hover requested
2025-03-14 10:18:37.082 [info] [VerilogHoverProvider] Hover requested
2025-03-14 10:18:38.239 [info] [VerilogDocumentSymbolProvider] [VerilogSymbol] Symbols Requested: file:///home/sgass/Projects/kepler/hdl/rtl/ethernet/ethernet_to_axis.sv
2025-03-14 10:18:38.241 [info] [VerilogDocumentSymbolProvider] 1 top-level symbols returned
2025-03-14 10:18:38.955 [info] [VerilogDocumentSymbolProvider] [VerilogSymbol] Symbols Requested: file:///home/sgass/Projects/kepler/hdl/rtl/ethernet/ethernet_to_axis.sv
2025-03-14 10:18:38.957 [info] [VerilogDocumentSymbolProvider] 1 top-level symbols returned
2025-03-14 10:18:39.726 [info] [VerilogDocumentSymbolProvider] [VerilogSymbol] Symbols Requested: file:///home/sgass/Projects/kepler/hdl/rtl/ethernet/ethernet_to_axis.sv
2025-03-14 10:18:39.728 [info] [VerilogDocumentSymbolProvider] 1 top-level symbols returned
2025-03-14 10:18:41.676 [info] [VerilogDocumentSymbolProvider] [VerilogSymbol] Symbols Requested: file:///home/sgass/Projects/kepler/hdl/rtl/ethernet/ethernet_to_axis.sv
2025-03-14 10:18:41.678 [info] [VerilogDocumentSymbolProvider] 1 top-level symbols returned
2025-03-14 10:18:44.563 [info] [VerilogDocumentSymbolProvider] [VerilogSymbol] Symbols Requested: file:///home/sgass/Projects/kepler/hdl/rtl/ethernet/ethernet_to_axis.sv
2025-03-14 10:18:44.565 [info] [VerilogDocumentSymbolProvider] 1 top-level symbols returned
2025-03-14 10:18:45.139 [info] [VerilogDocumentSymbolProvider] [VerilogSymbol] Symbols Requested: file:///home/sgass/Projects/kepler/hdl/rtl/ethernet/ethernet_to_axis.sv
2025-03-14 10:18:45.141 [info] [VerilogDocumentSymbolProvider] 1 top-level symbols returned
2025-03-14 10:18:46.065 [info] [VerilogDocumentSymbolProvider] [VerilogSymbol] Symbols Requested: file:///home/sgass/Projects/kepler/hdl/rtl/ethernet/ethernet_to_axis.sv
2025-03-14 10:18:46.067 [info] [VerilogDocumentSymbolProvider] 1 top-level symbols returned
2025-03-14 10:18:54.658 [info] [VerilogDocumentSymbolProvider] [VerilogSymbol] Symbols Requested: file:///home/sgass/Projects/kepler/hdl/rtl/ethernet/ethernet_to_axis.sv
2025-03-14 10:18:54.659 [info] [VerilogDocumentSymbolProvider] 1 top-level symbols returned
2025-03-14 10:18:55.501 [info] [VerilogDocumentSymbolProvider] [VerilogSymbol] Symbols Requested: file:///home/sgass/Projects/kepler/hdl/rtl/ethernet/ethernet_to_axis.sv
2025-03-14 10:18:55.503 [info] [VerilogDocumentSymbolProvider] 1 top-level symbols returned
2025-03-14 10:18:56.838 [info] [VerilogDocumentSymbolProvider] [VerilogSymbol] Symbols Requested: file:///home/sgass/Projects/kepler/hdl/rtl/ethernet/ethernet_to_axis.sv
2025-03-14 10:18:56.840 [info] [VerilogDocumentSymbolProvider] 1 top-level symbols returned
2025-03-14 10:18:58.800 [info] [VerilogDocumentSymbolProvider] [VerilogSymbol] Symbols Requested: file:///home/sgass/Projects/kepler/hdl/rtl/ethernet/ethernet_to_axis.sv
2025-03-14 10:18:58.802 [info] [VerilogDocumentSymbolProvider] 1 top-level symbols returned
2025-03-14 10:19:01.129 [info] [VerilogDocumentSymbolProvider] [VerilogSymbol] Symbols Requested: file:///home/sgass/Projects/kepler/hdl/rtl/ethernet/ethernet_to_axis.sv
2025-03-14 10:19:01.131 [info] [VerilogDocumentSymbolProvider] 1 top-level symbols returned
2025-03-14 10:19:02.483 [info] [VerilogDocumentSymbolProvider] [VerilogSymbol] Symbols Requested: file:///home/sgass/Projects/kepler/hdl/rtl/ethernet/ethernet_to_axis.sv
2025-03-14 10:19:02.485 [info] [VerilogDocumentSymbolProvider] 1 top-level symbols returned
2025-03-14 10:19:03.111 [info] [VerilogDocumentSymbolProvider] [VerilogSymbol] Symbols Requested: file:///home/sgass/Projects/kepler/hdl/rtl/ethernet/ethernet_to_axis.sv
2025-03-14 10:19:03.113 [info] [VerilogDocumentSymbolProvider] 1 top-level symbols returned
2025-03-14 10:19:08.267 [info] [VerilogDocumentSymbolProvider] [VerilogSymbol] Symbols Requested: file:///home/sgass/Projects/kepler/hdl/rtl/ethernet/ethernet_to_axis.sv
2025-03-14 10:19:08.269 [info] [VerilogDocumentSymbolProvider] 1 top-level symbols returned
2025-03-14 10:19:10.330 [info] [VerilogDocumentSymbolProvider] [VerilogSymbol] Symbols Requested: file:///home/sgass/Projects/kepler/hdl/rtl/ethernet/ethernet_to_axis.sv
2025-03-14 10:19:10.332 [info] [VerilogDocumentSymbolProvider] 1 top-level symbols returned
2025-03-14 10:19:13.752 [info] [VerilogDocumentSymbolProvider] [VerilogSymbol] Symbols Requested: file:///home/sgass/Projects/kepler/hdl/rtl/ethernet/ethernet_to_axis.sv
2025-03-14 10:19:13.754 [info] [VerilogDocumentSymbolProvider] 1 top-level symbols returned
2025-03-14 10:19:14.230 [info] [VerilogDocumentSymbolProvider] [VerilogSymbol] Symbols Requested: file:///home/sgass/Projects/kepler/hdl/rtl/ethernet/ethernet_to_axis.sv
2025-03-14 10:19:14.232 [info] [VerilogDocumentSymbolProvider] 1 top-level symbols returned
2025-03-14 10:19:15.650 [info] [VerilogDocumentSymbolProvider] [VerilogSymbol] Symbols Requested: file:///home/sgass/Projects/kepler/hdl/rtl/ethernet/ethernet_to_axis.sv
2025-03-14 10:19:15.652 [info] [VerilogDocumentSymbolProvider] 1 top-level symbols returned
2025-03-14 10:19:25.578 [info] [VerilogDocumentSymbolProvider] [VerilogSymbol] Symbols Requested: file:///home/sgass/Projects/kepler/hdl/rtl/ethernet/ethernet_to_axis.sv
2025-03-14 10:19:25.580 [info] [VerilogDocumentSymbolProvider] 1 top-level symbols returned
2025-03-14 10:19:26.756 [info] [VerilogDocumentSymbolProvider] [VerilogSymbol] Symbols Requested: file:///home/sgass/Projects/kepler/hdl/rtl/ethernet/ethernet_to_axis.sv
2025-03-14 10:19:26.758 [info] [VerilogDocumentSymbolProvider] 1 top-level symbols returned
2025-03-14 10:19:27.836 [info] [VerilogDocumentSymbolProvider] [VerilogSymbol] Symbols Requested: file:///home/sgass/Projects/kepler/hdl/rtl/ethernet/ethernet_to_axis.sv
2025-03-14 10:19:27.838 [info] [VerilogDocumentSymbolProvider] 1 top-level symbols returned
2025-03-14 10:19:28.718 [info] [VerilogDocumentSymbolProvider] [VerilogSymbol] Symbols Requested: file:///home/sgass/Projects/kepler/hdl/rtl/ethernet/ethernet_to_axis.sv
2025-03-14 10:19:28.720 [info] [VerilogDocumentSymbolProvider] 1 top-level symbols returned
2025-03-14 10:19:29.547 [info] [VerilogDocumentSymbolProvider] [VerilogSymbol] Symbols Requested: file:///home/sgass/Projects/kepler/hdl/rtl/ethernet/ethernet_to_axis.sv
2025-03-14 10:19:29.549 [info] [VerilogDocumentSymbolProvider] 1 top-level symbols returned
2025-03-14 10:19:36.212 [info] [VerilogDocumentSymbolProvider] [VerilogSymbol] Symbols Requested: file:///home/sgass/Projects/kepler/hdl/rtl/ethernet/ethernet_to_axis.sv
2025-03-14 10:19:36.214 [info] [VerilogDocumentSymbolProvider] 1 top-level symbols returned
2025-03-14 10:19:46.083 [info] [VerilogHoverProvider] Hover requested
2025-03-14 10:19:46.506 [info] [VerilogHoverProvider] Hover object returned
2025-03-14 10:19:46.664 [info] [VerilogHoverProvider] Hover requested
2025-03-14 10:19:47.130 [info] [VerilogHoverProvider] Hover object returned
2025-03-14 10:19:47.499 [info] [VerilogHoverProvider] Hover requested
2025-03-14 10:19:47.781 [info] [VerilogHoverProvider] Hover requested
2025-03-14 10:19:47.974 [info] [VerilogHoverProvider] Hover object returned
2025-03-14 10:19:48.547 [info] [VerilogHoverProvider] Hover requested
2025-03-14 10:19:48.963 [warning] [VerilogHoverProvider] Hover object not found
2025-03-14 10:19:49.111 [info] [VerilogDocumentSymbolProvider] [VerilogSymbol] Symbols Requested: file:///home/sgass/Projects/kepler/hdl/rtl/ethernet/ethernet_to_axis.sv
2025-03-14 10:19:49.113 [info] [VerilogDocumentSymbolProvider] 1 top-level symbols returned
2025-03-14 10:19:53.043 [info] [VerilogDocumentSymbolProvider] [VerilogSymbol] Symbols Requested: file:///home/sgass/Projects/kepler/hdl/rtl/ethernet/ethernet_to_axis.sv
2025-03-14 10:19:53.045 [info] [VerilogDocumentSymbolProvider] 1 top-level symbols returned
2025-03-14 10:19:55.533 [info] [VerilogDocumentSymbolProvider] [VerilogSymbol] Symbols Requested: file:///home/sgass/Projects/kepler/hdl/rtl/ethernet/ethernet_to_axis.sv
2025-03-14 10:19:55.536 [info] [VerilogDocumentSymbolProvider] 1 top-level symbols returned
2025-03-14 10:19:56.635 [info] [VerilogDocumentSymbolProvider] [VerilogSymbol] Symbols Requested: file:///home/sgass/Projects/kepler/hdl/rtl/ethernet/ethernet_to_axis.sv
2025-03-14 10:19:56.637 [info] [VerilogDocumentSymbolProvider] 1 top-level symbols returned
2025-03-14 10:19:57.142 [info] [VerilogDocumentSymbolProvider] [VerilogSymbol] Symbols Requested: file:///home/sgass/Projects/kepler/hdl/rtl/ethernet/ethernet_to_axis.sv
2025-03-14 10:19:57.144 [info] [VerilogDocumentSymbolProvider] 1 top-level symbols returned
2025-03-14 10:19:57.574 [info] on save
2025-03-14 10:19:57.921 [info] [VerilogDocumentSymbolProvider] [VerilogSymbol] Symbols Requested: file:///home/sgass/Projects/kepler/hdl/rtl/ethernet/ethernet_to_axis.sv
2025-03-14 10:19:57.921 [info] indexing "/home/sgass/Projects/kepler/hdl/rtl/ethernet/ethernet_to_axis.sv"
2025-03-14 10:19:57.921 [info] executing ctags
2025-03-14 10:19:57.921 [info] Executing Command: ctags -f - --fields=+K --sort=no --excmd=n --fields-SystemVerilog=+{parameter} "/home/sgass/Projects/kepler/hdl/rtl/ethernet/ethernet_to_axis.sv"
2025-03-14 10:19:57.928 [info] building symbols
2025-03-14 10:19:57.929 [info] [VerilogDocumentSymbolProvider] 1 top-level symbols returned
2025-03-14 10:20:01.801 [info] [VerilogHoverProvider] Hover requested
2025-03-14 10:20:02.082 [info] [VerilogHoverProvider] Hover requested
2025-03-14 10:20:03.074 [info] [VerilogDocumentSymbolProvider] [VerilogSymbol] Symbols Requested: file:///home/sgass/Projects/kepler/hdl/rtl/ethernet/ethernet_to_axis.sv
2025-03-14 10:20:03.076 [info] [VerilogDocumentSymbolProvider] 1 top-level symbols returned
2025-03-14 10:20:03.577 [info] on save
2025-03-14 10:20:08.019 [info] [VerilogDocumentSymbolProvider] [VerilogSymbol] Symbols Requested: file:///home/sgass/Projects/kepler/hdl/rtl/ethernet/ethernet_to_axis.sv
2025-03-14 10:20:08.019 [info] indexing "/home/sgass/Projects/kepler/hdl/rtl/ethernet/ethernet_to_axis.sv"
2025-03-14 10:20:08.019 [info] executing ctags
2025-03-14 10:20:08.019 [info] Executing Command: ctags -f - --fields=+K --sort=no --excmd=n --fields-SystemVerilog=+{parameter} "/home/sgass/Projects/kepler/hdl/rtl/ethernet/ethernet_to_axis.sv"
2025-03-14 10:20:08.026 [info] building symbols
2025-03-14 10:20:08.028 [info] [VerilogDocumentSymbolProvider] 1 top-level symbols returned
2025-03-14 10:20:12.737 [info] on save
2025-03-14 10:20:20.497 [info] [VerilogHoverProvider] Hover requested
2025-03-14 10:20:20.882 [info] [VerilogHoverProvider] Hover requested
2025-03-14 10:20:21.498 [info] [VerilogHoverProvider] Hover requested
2025-03-14 10:20:22.292 [info] [VerilogHoverProvider] Hover requested
2025-03-14 10:20:24.865 [info] [VerilogHoverProvider] Hover requested
2025-03-14 10:20:24.865 [info] indexing "/home/sgass/Projects/kepler/hdl/rtl/ethernet/ethernet_to_axis.sv"
2025-03-14 10:20:24.865 [info] executing ctags
2025-03-14 10:20:24.865 [info] Executing Command: ctags -f - --fields=+K --sort=no --excmd=n --fields-SystemVerilog=+{parameter} "/home/sgass/Projects/kepler/hdl/rtl/ethernet/ethernet_to_axis.sv"
2025-03-14 10:20:24.876 [info] building symbols
2025-03-14 10:20:25.318 [warning] [VerilogHoverProvider] Hover object not found
2025-03-14 10:20:25.959 [info] [VerilogHoverProvider] Hover requested
2025-03-14 10:20:26.368 [warning] [VerilogHoverProvider] Hover object not found
2025-03-14 10:20:28.566 [info] [VerilogHoverProvider] Hover requested
2025-03-14 10:20:29.015 [warning] [VerilogHoverProvider] Hover object not found
2025-03-14 10:20:30.754 [info] [VerilogDocumentSymbolProvider] [VerilogSymbol] Symbols Requested: file:///home/sgass/Projects/kepler/hdl/rtl/ethernet/ethernet_to_axis.sv
2025-03-14 10:20:30.756 [info] [VerilogDocumentSymbolProvider] 1 top-level symbols returned
2025-03-14 10:20:43.637 [info] [VerilogDocumentSymbolProvider] [VerilogSymbol] Symbols Requested: file:///home/sgass/Projects/kepler/hdl/rtl/ethernet/ethernet_to_axis.sv
2025-03-14 10:20:43.639 [info] [VerilogDocumentSymbolProvider] 1 top-level symbols returned
2025-03-14 10:20:46.225 [info] [VerilogDocumentSymbolProvider] [VerilogSymbol] Symbols Requested: file:///home/sgass/Projects/kepler/hdl/rtl/ethernet/ethernet_to_axis.sv
2025-03-14 10:20:46.228 [info] [VerilogDocumentSymbolProvider] 1 top-level symbols returned
2025-03-14 10:20:47.545 [info] [VerilogDocumentSymbolProvider] [VerilogSymbol] Symbols Requested: file:///home/sgass/Projects/kepler/hdl/rtl/ethernet/ethernet_to_axis.sv
2025-03-14 10:20:47.547 [info] [VerilogDocumentSymbolProvider] 1 top-level symbols returned
2025-03-14 10:20:51.062 [info] [VerilogDocumentSymbolProvider] [VerilogSymbol] Symbols Requested: file:///home/sgass/Projects/kepler/hdl/rtl/ethernet/ethernet_to_axis.sv
2025-03-14 10:20:51.065 [info] [VerilogDocumentSymbolProvider] 1 top-level symbols returned
2025-03-14 10:20:52.108 [info] [VerilogDocumentSymbolProvider] [VerilogSymbol] Symbols Requested: file:///home/sgass/Projects/kepler/hdl/rtl/ethernet/ethernet_to_axis.sv
2025-03-14 10:20:52.110 [info] [VerilogDocumentSymbolProvider] 1 top-level symbols returned
2025-03-14 10:20:53.798 [info] [VerilogDocumentSymbolProvider] [VerilogSymbol] Symbols Requested: file:///home/sgass/Projects/kepler/hdl/rtl/ethernet/ethernet_to_axis.sv
2025-03-14 10:20:53.800 [info] [VerilogDocumentSymbolProvider] 1 top-level symbols returned
2025-03-14 10:21:00.371 [info] [VerilogDocumentSymbolProvider] [VerilogSymbol] Symbols Requested: file:///home/sgass/Projects/kepler/hdl/rtl/ethernet/ethernet_to_axis.sv
2025-03-14 10:21:00.373 [info] [VerilogDocumentSymbolProvider] 1 top-level symbols returned
2025-03-14 10:21:01.454 [info] [VerilogDocumentSymbolProvider] [VerilogSymbol] Symbols Requested: file:///home/sgass/Projects/kepler/hdl/rtl/ethernet/ethernet_to_axis.sv
2025-03-14 10:21:01.456 [info] [VerilogDocumentSymbolProvider] 1 top-level symbols returned
2025-03-14 10:21:02.908 [info] [VerilogDocumentSymbolProvider] [VerilogSymbol] Symbols Requested: file:///home/sgass/Projects/kepler/hdl/rtl/ethernet/ethernet_to_axis.sv
2025-03-14 10:21:02.910 [info] [VerilogDocumentSymbolProvider] 1 top-level symbols returned
2025-03-14 10:21:04.869 [info] [VerilogDocumentSymbolProvider] [VerilogSymbol] Symbols Requested: file:///home/sgass/Projects/kepler/hdl/rtl/ethernet/ethernet_to_axis.sv
2025-03-14 10:21:04.872 [info] [VerilogDocumentSymbolProvider] 1 top-level symbols returned
2025-03-14 10:21:06.517 [info] [VerilogDocumentSymbolProvider] [VerilogSymbol] Symbols Requested: file:///home/sgass/Projects/kepler/hdl/rtl/ethernet/ethernet_to_axis.sv
2025-03-14 10:21:06.519 [info] [VerilogDocumentSymbolProvider] 1 top-level symbols returned
2025-03-14 10:21:07.499 [info] [VerilogDocumentSymbolProvider] [VerilogSymbol] Symbols Requested: file:///home/sgass/Projects/kepler/hdl/rtl/ethernet/ethernet_to_axis.sv
2025-03-14 10:21:07.501 [info] [VerilogDocumentSymbolProvider] 1 top-level symbols returned
2025-03-14 10:21:09.232 [info] [VerilogDocumentSymbolProvider] [VerilogSymbol] Symbols Requested: file:///home/sgass/Projects/kepler/hdl/rtl/ethernet/ethernet_to_axis.sv
2025-03-14 10:21:09.234 [info] [VerilogDocumentSymbolProvider] 1 top-level symbols returned
2025-03-14 10:21:10.267 [info] [VerilogHoverProvider] Hover requested
2025-03-14 10:21:10.707 [warning] [VerilogHoverProvider] Hover object not found
2025-03-14 10:21:23.832 [info] [VerilogHoverProvider] Hover requested
2025-03-14 10:21:24.278 [info] [VerilogHoverProvider] Hover object returned
2025-03-14 10:21:24.741 [info] [VerilogHoverProvider] Hover requested
2025-03-14 10:21:25.050 [info] [VerilogHoverProvider] Hover requested
2025-03-14 10:21:25.224 [info] [VerilogHoverProvider] Hover object returned
2025-03-14 10:21:25.451 [info] [VerilogHoverProvider] Hover object returned
2025-03-14 10:21:35.452 [info] [VerilogDocumentSymbolProvider] [VerilogSymbol] Symbols Requested: file:///home/sgass/Projects/kepler/hdl/rtl/ethernet/ethernet_to_axis.sv
2025-03-14 10:21:35.454 [info] [VerilogDocumentSymbolProvider] 1 top-level symbols returned
2025-03-14 10:21:37.384 [info] [VerilogDocumentSymbolProvider] [VerilogSymbol] Symbols Requested: file:///home/sgass/Projects/kepler/hdl/rtl/ethernet/ethernet_to_axis.sv
2025-03-14 10:21:37.385 [info] [VerilogDocumentSymbolProvider] 1 top-level symbols returned
2025-03-14 10:21:39.209 [info] [VerilogDocumentSymbolProvider] [VerilogSymbol] Symbols Requested: file:///home/sgass/Projects/kepler/hdl/rtl/ethernet/ethernet_to_axis.sv
2025-03-14 10:21:39.211 [info] [VerilogDocumentSymbolProvider] 1 top-level symbols returned
2025-03-14 10:21:39.575 [info] [VerilogDocumentSymbolProvider] [VerilogSymbol] Symbols Requested: file:///home/sgass/Projects/kepler/hdl/rtl/ethernet/ethernet_to_axis.sv
2025-03-14 10:21:39.576 [info] [VerilogDocumentSymbolProvider] 1 top-level symbols returned
2025-03-14 10:21:47.156 [info] [VerilogDocumentSymbolProvider] [VerilogSymbol] Symbols Requested: file:///home/sgass/Projects/kepler/hdl/rtl/ethernet/ethernet_to_axis.sv
2025-03-14 10:21:47.158 [info] [VerilogDocumentSymbolProvider] 1 top-level symbols returned
2025-03-14 10:21:47.592 [info] [VerilogDocumentSymbolProvider] [VerilogSymbol] Symbols Requested: file:///home/sgass/Projects/kepler/hdl/rtl/ethernet/ethernet_to_axis.sv
2025-03-14 10:21:47.594 [info] [VerilogDocumentSymbolProvider] 1 top-level symbols returned
2025-03-14 10:21:49.191 [info] [VerilogDocumentSymbolProvider] [VerilogSymbol] Symbols Requested: file:///home/sgass/Projects/kepler/hdl/rtl/ethernet/ethernet_to_axis.sv
2025-03-14 10:21:49.194 [info] [VerilogDocumentSymbolProvider] 1 top-level symbols returned
2025-03-14 10:21:50.774 [info] [VerilogDocumentSymbolProvider] [VerilogSymbol] Symbols Requested: file:///home/sgass/Projects/kepler/hdl/rtl/ethernet/ethernet_to_axis.sv
2025-03-14 10:21:50.776 [info] [VerilogDocumentSymbolProvider] 1 top-level symbols returned
2025-03-14 10:21:57.483 [info] [VerilogDocumentSymbolProvider] [VerilogSymbol] Symbols Requested: file:///home/sgass/Projects/kepler/hdl/rtl/ethernet/ethernet_to_axis.sv
2025-03-14 10:21:57.485 [info] [VerilogDocumentSymbolProvider] 1 top-level symbols returned
2025-03-14 10:22:01.456 [info] [VerilogDocumentSymbolProvider] [VerilogSymbol] Symbols Requested: file:///home/sgass/Projects/kepler/hdl/rtl/ethernet/ethernet_to_axis.sv
2025-03-14 10:22:01.458 [info] [VerilogDocumentSymbolProvider] 1 top-level symbols returned
2025-03-14 10:22:03.695 [info] [VerilogDocumentSymbolProvider] [VerilogSymbol] Symbols Requested: file:///home/sgass/Projects/kepler/hdl/rtl/ethernet/ethernet_to_axis.sv
2025-03-14 10:22:03.697 [info] [VerilogDocumentSymbolProvider] 1 top-level symbols returned
2025-03-14 10:22:06.178 [info] [VerilogDocumentSymbolProvider] [VerilogSymbol] Symbols Requested: file:///home/sgass/Projects/kepler/hdl/rtl/ethernet/ethernet_to_axis.sv
2025-03-14 10:22:06.180 [info] [VerilogDocumentSymbolProvider] 1 top-level symbols returned
2025-03-14 10:22:07.846 [info] [VerilogDocumentSymbolProvider] [VerilogSymbol] Symbols Requested: file:///home/sgass/Projects/kepler/hdl/rtl/ethernet/ethernet_to_axis.sv
2025-03-14 10:22:07.848 [info] [VerilogDocumentSymbolProvider] 1 top-level symbols returned
2025-03-14 10:22:08.226 [info] [VerilogDocumentSymbolProvider] [VerilogSymbol] Symbols Requested: file:///home/sgass/Projects/kepler/hdl/rtl/ethernet/ethernet_to_axis.sv
2025-03-14 10:22:08.228 [info] [VerilogDocumentSymbolProvider] 1 top-level symbols returned
2025-03-14 10:22:09.870 [info] [VerilogDocumentSymbolProvider] [VerilogSymbol] Symbols Requested: file:///home/sgass/Projects/kepler/hdl/rtl/ethernet/ethernet_to_axis.sv
2025-03-14 10:22:09.872 [info] [VerilogDocumentSymbolProvider] 1 top-level symbols returned
2025-03-14 10:22:11.353 [info] [VerilogDocumentSymbolProvider] [VerilogSymbol] Symbols Requested: file:///home/sgass/Projects/kepler/hdl/rtl/ethernet/ethernet_to_axis.sv
2025-03-14 10:22:11.355 [info] [VerilogDocumentSymbolProvider] 1 top-level symbols returned
2025-03-14 10:22:12.310 [info] [VerilogDocumentSymbolProvider] [VerilogSymbol] Symbols Requested: file:///home/sgass/Projects/kepler/hdl/rtl/ethernet/ethernet_to_axis.sv
2025-03-14 10:22:12.312 [info] [VerilogDocumentSymbolProvider] 1 top-level symbols returned
2025-03-14 10:22:14.007 [info] [VerilogDocumentSymbolProvider] [VerilogSymbol] Symbols Requested: file:///home/sgass/Projects/kepler/hdl/rtl/ethernet/ethernet_to_axis.sv
2025-03-14 10:22:14.008 [info] [VerilogDocumentSymbolProvider] 1 top-level symbols returned
2025-03-14 10:22:14.399 [info] [VerilogDocumentSymbolProvider] [VerilogSymbol] Symbols Requested: file:///home/sgass/Projects/kepler/hdl/rtl/ethernet/ethernet_to_axis.sv
2025-03-14 10:22:14.401 [info] [VerilogDocumentSymbolProvider] 1 top-level symbols returned
2025-03-14 10:22:15.763 [info] [VerilogDocumentSymbolProvider] [VerilogSymbol] Symbols Requested: file:///home/sgass/Projects/kepler/hdl/rtl/ethernet/ethernet_to_axis.sv
2025-03-14 10:22:15.765 [info] [VerilogDocumentSymbolProvider] 1 top-level symbols returned
2025-03-14 10:22:16.554 [info] [VerilogDocumentSymbolProvider] [VerilogSymbol] Symbols Requested: file:///home/sgass/Projects/kepler/hdl/rtl/ethernet/ethernet_to_axis.sv
2025-03-14 10:22:16.557 [info] [VerilogDocumentSymbolProvider] 1 top-level symbols returned
2025-03-14 10:22:19.422 [info] [VerilogDocumentSymbolProvider] [VerilogSymbol] Symbols Requested: file:///home/sgass/Projects/kepler/hdl/rtl/ethernet/ethernet_to_axis.sv
2025-03-14 10:22:19.424 [info] [VerilogDocumentSymbolProvider] 1 top-level symbols returned
2025-03-14 10:22:19.796 [info] [VerilogDocumentSymbolProvider] [VerilogSymbol] Symbols Requested: file:///home/sgass/Projects/kepler/hdl/rtl/ethernet/ethernet_to_axis.sv
2025-03-14 10:22:19.798 [info] [VerilogDocumentSymbolProvider] 1 top-level symbols returned
2025-03-14 10:22:23.223 [info] [VerilogDocumentSymbolProvider] [VerilogSymbol] Symbols Requested: file:///home/sgass/Projects/kepler/hdl/rtl/ethernet/ethernet_to_axis.sv
2025-03-14 10:22:23.226 [info] [VerilogDocumentSymbolProvider] 1 top-level symbols returned
2025-03-14 10:22:25.348 [info] [VerilogDocumentSymbolProvider] [VerilogSymbol] Symbols Requested: file:///home/sgass/Projects/kepler/hdl/rtl/ethernet/ethernet_to_axis.sv
2025-03-14 10:22:25.350 [info] [VerilogDocumentSymbolProvider] 1 top-level symbols returned
2025-03-14 10:22:29.959 [info] [VerilogDocumentSymbolProvider] [VerilogSymbol] Symbols Requested: file:///home/sgass/Projects/kepler/hdl/rtl/ethernet/ethernet_to_axis.sv
2025-03-14 10:22:29.961 [info] [VerilogDocumentSymbolProvider] 1 top-level symbols returned
2025-03-14 10:22:50.937 [info] [VerilogDocumentSymbolProvider] [VerilogSymbol] Symbols Requested: file:///home/sgass/Projects/kepler/hdl/rtl/ethernet/ethernet_to_axis.sv
2025-03-14 10:22:50.939 [info] [VerilogDocumentSymbolProvider] 1 top-level symbols returned
2025-03-14 10:22:52.920 [info] [VerilogDocumentSymbolProvider] [VerilogSymbol] Symbols Requested: file:///home/sgass/Projects/kepler/hdl/rtl/ethernet/ethernet_to_axis.sv
2025-03-14 10:22:52.922 [info] [VerilogDocumentSymbolProvider] 1 top-level symbols returned
2025-03-14 10:23:05.087 [info] [VerilogDocumentSymbolProvider] [VerilogSymbol] Symbols Requested: file:///home/sgass/Projects/kepler/hdl/rtl/ethernet/ethernet_to_axis.sv
2025-03-14 10:23:05.090 [info] [VerilogDocumentSymbolProvider] 1 top-level symbols returned
2025-03-14 10:23:06.730 [info] [VerilogDocumentSymbolProvider] [VerilogSymbol] Symbols Requested: file:///home/sgass/Projects/kepler/hdl/rtl/ethernet/ethernet_to_axis.sv
2025-03-14 10:23:06.732 [info] [VerilogDocumentSymbolProvider] 1 top-level symbols returned
2025-03-14 10:23:07.268 [info] [VerilogDocumentSymbolProvider] [VerilogSymbol] Symbols Requested: file:///home/sgass/Projects/kepler/hdl/rtl/ethernet/ethernet_to_axis.sv
2025-03-14 10:23:07.270 [info] [VerilogDocumentSymbolProvider] 1 top-level symbols returned
2025-03-14 10:23:07.927 [info] [VerilogDocumentSymbolProvider] [VerilogSymbol] Symbols Requested: file:///home/sgass/Projects/kepler/hdl/rtl/ethernet/ethernet_to_axis.sv
2025-03-14 10:23:07.929 [info] [VerilogDocumentSymbolProvider] 1 top-level symbols returned
2025-03-14 10:23:09.212 [info] [VerilogDocumentSymbolProvider] [VerilogSymbol] Symbols Requested: file:///home/sgass/Projects/kepler/hdl/rtl/ethernet/ethernet_to_axis.sv
2025-03-14 10:23:09.214 [info] [VerilogDocumentSymbolProvider] 1 top-level symbols returned
2025-03-14 10:23:09.637 [info] on save
2025-03-14 10:23:30.294 [info] [VerilogHoverProvider] Hover requested
2025-03-14 10:23:30.294 [info] indexing "/home/sgass/Projects/kepler/hdl/rtl/ethernet/ethernet_to_axis.sv"
2025-03-14 10:23:30.294 [info] executing ctags
2025-03-14 10:23:30.294 [info] Executing Command: ctags -f - --fields=+K --sort=no --excmd=n --fields-SystemVerilog=+{parameter} "/home/sgass/Projects/kepler/hdl/rtl/ethernet/ethernet_to_axis.sv"
2025-03-14 10:23:30.307 [info] building symbols
2025-03-14 10:23:30.768 [warning] [VerilogHoverProvider] Hover object not found
2025-03-14 10:23:32.285 [info] [VerilogDocumentSymbolProvider] [VerilogSymbol] Symbols Requested: file:///home/sgass/Projects/kepler/hdl/rtl/ethernet/ethernet_to_axis.sv
2025-03-14 10:23:32.288 [info] [VerilogDocumentSymbolProvider] 1 top-level symbols returned
2025-03-14 10:23:34.289 [info] [VerilogDocumentSymbolProvider] [VerilogSymbol] Symbols Requested: file:///home/sgass/Projects/kepler/hdl/rtl/ethernet/ethernet_to_axis.sv
2025-03-14 10:23:34.291 [info] [VerilogDocumentSymbolProvider] 1 top-level symbols returned
2025-03-14 10:23:47.295 [info] [VerilogHoverProvider] Hover requested
2025-03-14 10:23:47.741 [info] [VerilogHoverProvider] Hover object returned
2025-03-14 10:23:52.867 [info] [VerilogHoverProvider] Hover requested
2025-03-14 10:23:53.317 [info] [VerilogHoverProvider] Hover object returned
2025-03-14 10:23:53.622 [info] [VerilogDefinitionProvider] Definitions Requested: file:///home/sgass/Projects/kepler/hdl/rtl/ethernet/ethernet_to_axis.sv
2025-03-14 10:23:54.088 [info] [VerilogDefinitionProvider] 1 definitions returned
2025-03-14 10:23:54.376 [info] [VerilogDefinitionProvider] Definitions Requested: file:///home/sgass/Projects/kepler/hdl/rtl/ethernet/ethernet_to_axis.sv
2025-03-14 10:23:54.793 [info] [VerilogDefinitionProvider] 1 definitions returned
2025-03-14 10:23:56.806 [info] [VerilogDocumentSymbolProvider] [VerilogSymbol] Symbols Requested: file:///home/sgass/Projects/kepler/hdl/rtl/ethernet/ethernet_to_axis.sv
2025-03-14 10:23:56.808 [info] [VerilogDocumentSymbolProvider] 1 top-level symbols returned
2025-03-14 10:24:00.036 [info] [VerilogDocumentSymbolProvider] [VerilogSymbol] Symbols Requested: file:///home/sgass/Projects/kepler/hdl/rtl/ethernet/ethernet_to_axis.sv
2025-03-14 10:24:00.038 [info] [VerilogDocumentSymbolProvider] 1 top-level symbols returned
2025-03-14 10:24:00.515 [info] [VerilogDocumentSymbolProvider] [VerilogSymbol] Symbols Requested: file:///home/sgass/Projects/kepler/hdl/rtl/ethernet/ethernet_to_axis.sv
2025-03-14 10:24:00.517 [info] [VerilogDocumentSymbolProvider] 1 top-level symbols returned
2025-03-14 10:24:03.082 [info] [VerilogHoverProvider] Hover requested
2025-03-14 10:24:03.498 [info] [VerilogHoverProvider] Hover object returned
2025-03-14 10:24:09.067 [info] [VerilogHoverProvider] Hover requested
2025-03-14 10:24:09.300 [info] [VerilogHoverProvider] Hover requested
2025-03-14 10:24:09.506 [info] [VerilogHoverProvider] Hover object returned
2025-03-14 10:24:09.699 [info] [VerilogHoverProvider] Hover object returned
2025-03-14 10:24:13.600 [info] [VerilogHoverProvider] Hover requested
2025-03-14 10:24:14.060 [info] [VerilogHoverProvider] Hover object returned
2025-03-14 10:24:15.184 [info] [VerilogHoverProvider] Hover requested
2025-03-14 10:24:15.611 [info] [VerilogHoverProvider] Hover object returned
2025-03-14 10:24:17.600 [info] [VerilogHoverProvider] Hover requested
2025-03-14 10:24:18.114 [info] [VerilogHoverProvider] Hover object returned
2025-03-14 10:24:19.417 [info] [VerilogHoverProvider] Hover requested
2025-03-14 10:24:19.858 [info] [VerilogHoverProvider] Hover object returned
2025-03-14 10:24:20.584 [info] [VerilogHoverProvider] Hover requested
2025-03-14 10:24:21.013 [info] [VerilogHoverProvider] Hover object returned
2025-03-14 10:24:21.701 [info] [VerilogHoverProvider] Hover requested
2025-03-14 10:24:22.170 [info] [VerilogHoverProvider] Hover object returned
2025-03-14 10:24:28.952 [info] [VerilogHoverProvider] Hover requested
2025-03-14 10:24:29.375 [info] [VerilogHoverProvider] Hover object returned
2025-03-14 10:29:24.801 [info] [VerilogHoverProvider] Hover requested
2025-03-14 10:29:25.258 [info] [VerilogHoverProvider] Hover object returned
2025-03-14 10:29:38.666 [info] [VerilogDocumentSymbolProvider] [VerilogSymbol] Symbols Requested: file:///home/sgass/Projects/kepler/hdl/verilog-ethernet/rtl/eth_mac_1g_fifo.v
2025-03-14 10:29:38.666 [info] indexing "/home/sgass/Projects/kepler/hdl/verilog-ethernet/rtl/eth_mac_1g_fifo.v"
2025-03-14 10:29:38.666 [info] executing ctags
2025-03-14 10:29:38.666 [info] Executing Command: ctags -f - --fields=+K --sort=no --excmd=n --fields-SystemVerilog=+{parameter} "/home/sgass/Projects/kepler/hdl/verilog-ethernet/rtl/eth_mac_1g_fifo.v"
2025-03-14 10:29:38.669 [info] building symbols
2025-03-14 10:29:38.670 [info] [VerilogDocumentSymbolProvider] 1 top-level symbols returned
2025-03-14 10:29:49.952 [info] [VerilogHoverProvider] Hover requested
2025-03-14 10:29:50.238 [info] [VerilogHoverProvider] Hover requested
2025-03-14 10:29:50.432 [info] [VerilogHoverProvider] Hover object returned
2025-03-14 10:29:50.635 [info] [VerilogHoverProvider] Hover object returned
2025-03-14 10:29:58.499 [info] [VerilogHoverProvider] Hover requested
2025-03-14 10:29:58.921 [info] [VerilogHoverProvider] Hover object returned
2025-03-14 10:29:59.745 [info] [VerilogDefinitionProvider] Definitions Requested: file:///home/sgass/Projects/kepler/hdl/verilog-ethernet/rtl/eth_mac_1g_fifo.v
2025-03-14 10:30:00.129 [info] [VerilogDefinitionProvider] 1 definitions returned
2025-03-14 10:30:11.271 [info] [VerilogHoverProvider] Hover requested
2025-03-14 10:30:13.509 [info] [VerilogHoverProvider] Hover requested
2025-03-14 10:30:13.906 [warning] [VerilogHoverProvider] Hover object not found
2025-03-14 10:30:14.311 [info] [VerilogHoverProvider] Hover requested
2025-03-14 10:30:14.742 [info] [VerilogHoverProvider] Hover object returned
2025-03-14 10:30:14.777 [info] [VerilogHoverProvider] Hover requested
2025-03-14 10:30:15.191 [warning] [VerilogHoverProvider] Hover object not found
2025-03-14 10:30:22.005 [info] [VerilogHoverProvider] Hover requested
2025-03-14 10:30:22.237 [info] [VerilogHoverProvider] Hover requested
2025-03-14 10:30:22.652 [info] [VerilogHoverProvider] Hover requested
2025-03-14 10:30:22.658 [info] [VerilogHoverProvider] Hover object returned
2025-03-14 10:30:23.105 [warning] [VerilogHoverProvider] Hover object not found
2025-03-14 10:30:23.254 [info] [VerilogHoverProvider] Hover requested
2025-03-14 10:30:23.538 [info] [VerilogHoverProvider] Hover requested
2025-03-14 10:30:23.731 [warning] [VerilogHoverProvider] Hover object not found
2025-03-14 10:30:23.955 [warning] [VerilogHoverProvider] Hover object not found
2025-03-14 10:30:24.122 [info] [VerilogHoverProvider] Hover requested
2025-03-14 10:30:24.514 [warning] [VerilogHoverProvider] Hover object not found
2025-03-14 10:30:26.998 [info] [VerilogHoverProvider] Hover requested
2025-03-14 10:30:27.181 [info] [VerilogHoverProvider] Hover requested
2025-03-14 10:30:27.500 [warning] [VerilogHoverProvider] Hover object not found
2025-03-14 10:30:27.602 [warning] [VerilogHoverProvider] Hover object not found
2025-03-14 10:30:27.695 [info] [VerilogHoverProvider] Hover requested
2025-03-14 10:30:27.879 [info] [VerilogHoverProvider] Hover requested
2025-03-14 10:30:28.094 [warning] [VerilogHoverProvider] Hover object not found
2025-03-14 10:30:28.285 [warning] [VerilogHoverProvider] Hover object not found
2025-03-14 10:30:28.313 [info] [VerilogHoverProvider] Hover requested
2025-03-14 10:30:28.664 [info] [VerilogHoverProvider] Hover requested
2025-03-14 10:30:28.741 [warning] [VerilogHoverProvider] Hover object not found
2025-03-14 10:30:29.260 [warning] [VerilogHoverProvider] Hover object not found
2025-03-14 10:30:29.702 [info] [VerilogHoverProvider] Hover requested
2025-03-14 10:30:30.319 [warning] [VerilogHoverProvider] Hover object not found
2025-03-14 10:30:30.501 [info] [VerilogHoverProvider] Hover requested
2025-03-14 10:30:31.233 [warning] [VerilogHoverProvider] Hover object not found
2025-03-14 10:30:31.622 [info] [VerilogHoverProvider] Hover requested
2025-03-14 10:30:31.870 [info] [VerilogHoverProvider] Hover requested
2025-03-14 10:30:32.340 [info] [VerilogHoverProvider] Hover requested
2025-03-14 10:30:32.379 [warning] [VerilogHoverProvider] Hover object not found
2025-03-14 10:30:32.731 [warning] [VerilogHoverProvider] Hover object not found
2025-03-14 10:30:32.789 [info] [VerilogHoverProvider] Hover requested
2025-03-14 10:30:33.205 [warning] [VerilogHoverProvider] Hover object not found
2025-03-14 10:30:33.664 [warning] [VerilogHoverProvider] Hover object not found
2025-03-14 10:30:34.399 [info] [VerilogHoverProvider] Hover requested
2025-03-14 10:30:35.031 [warning] [VerilogHoverProvider] Hover object not found
2025-03-14 10:30:36.086 [info] [VerilogHoverProvider] Hover requested
2025-03-14 10:30:36.534 [warning] [VerilogHoverProvider] Hover object not found
2025-03-14 10:30:37.884 [info] [VerilogHoverProvider] Hover requested
2025-03-14 10:30:38.049 [info] [VerilogHoverProvider] Hover requested
2025-03-14 10:30:38.392 [warning] [VerilogHoverProvider] Hover object not found
2025-03-14 10:30:38.554 [warning] [VerilogHoverProvider] Hover object not found
2025-03-14 10:31:32.197 [info] [VerilogDocumentSymbolProvider] [VerilogSymbol] Symbols Requested: file:///home/sgass/Projects/kepler/hdl/verilog-ethernet/rtl/eth_mac_10g_fifo.v
2025-03-14 10:31:32.197 [info] indexing "/home/sgass/Projects/kepler/hdl/verilog-ethernet/rtl/eth_mac_10g_fifo.v"
2025-03-14 10:31:32.197 [info] executing ctags
2025-03-14 10:31:32.197 [info] Executing Command: ctags -f - --fields=+K --sort=no --excmd=n --fields-SystemVerilog=+{parameter} "/home/sgass/Projects/kepler/hdl/verilog-ethernet/rtl/eth_mac_10g_fifo.v"
2025-03-14 10:31:32.200 [info] building symbols
2025-03-14 10:31:32.202 [info] [VerilogDocumentSymbolProvider] 1 top-level symbols returned
2025-03-14 10:31:34.167 [info] [VerilogHoverProvider] Hover requested
2025-03-14 10:31:34.638 [info] [VerilogHoverProvider] Hover object returned
2025-03-14 10:31:37.067 [info] [VerilogHoverProvider] Hover requested
2025-03-14 10:31:37.565 [info] [VerilogHoverProvider] Hover object returned
2025-03-14 10:31:49.032 [info] [VerilogHoverProvider] Hover requested
2025-03-14 10:31:49.425 [info] [VerilogHoverProvider] Hover object returned
2025-03-14 10:31:49.982 [info] [VerilogHoverProvider] Hover requested
2025-03-14 10:31:50.366 [info] [VerilogHoverProvider] Hover requested
2025-03-14 10:31:50.432 [info] [VerilogHoverProvider] Hover object returned
2025-03-14 10:31:50.771 [info] [VerilogHoverProvider] Hover object returned
2025-03-14 10:31:56.569 [info] [VerilogHoverProvider] Hover requested
2025-03-14 10:31:56.734 [info] [VerilogHoverProvider] Hover requested
2025-03-14 10:31:57.052 [info] [VerilogHoverProvider] Hover object returned
2025-03-14 10:31:57.132 [info] [VerilogHoverProvider] Hover object returned
2025-03-14 10:31:57.903 [info] [VerilogHoverProvider] Hover requested
2025-03-14 10:31:58.398 [warning] [VerilogHoverProvider] Hover object not found
2025-03-14 10:31:58.547 [info] [VerilogHoverProvider] Hover requested
2025-03-14 10:31:58.979 [info] [VerilogHoverProvider] Hover object returned
2025-03-14 10:32:21.510 [info] [VerilogDocumentSymbolProvider] [VerilogSymbol] Symbols Requested: file:///home/sgass/Projects/kepler/hdl/rtl/ethernet/ethernet_to_axis.sv
2025-03-14 10:32:21.512 [info] [VerilogDocumentSymbolProvider] 1 top-level symbols returned
2025-03-14 10:32:24.826 [info] [VerilogDocumentSymbolProvider] [VerilogSymbol] Symbols Requested: file:///home/sgass/Projects/kepler/hdl/rtl/ethernet/ethernet_to_axis.sv
2025-03-14 10:32:24.828 [info] [VerilogDocumentSymbolProvider] 1 top-level symbols returned
2025-03-14 10:32:25.795 [info] [VerilogCompletionItemProvider] Completion items requested
2025-03-14 10:32:25.795 [info] [VerilogCompletionItemProvider] 78 items requested
2025-03-14 10:32:27.307 [info] [VerilogDocumentSymbolProvider] [VerilogSymbol] Symbols Requested: file:///home/sgass/Projects/kepler/hdl/rtl/ethernet/ethernet_to_axis.sv
2025-03-14 10:32:27.309 [info] [VerilogDocumentSymbolProvider] 1 top-level symbols returned
2025-03-14 10:32:28.106 [info] [VerilogDocumentSymbolProvider] [VerilogSymbol] Symbols Requested: file:///home/sgass/Projects/kepler/hdl/rtl/ethernet/ethernet_to_axis.sv
2025-03-14 10:32:28.108 [info] [VerilogDocumentSymbolProvider] 1 top-level symbols returned
2025-03-14 10:32:29.443 [info] [VerilogDocumentSymbolProvider] [VerilogSymbol] Symbols Requested: file:///home/sgass/Projects/kepler/hdl/rtl/ethernet/ethernet_to_axis.sv
2025-03-14 10:32:29.445 [info] [VerilogDocumentSymbolProvider] 1 top-level symbols returned
2025-03-14 10:32:30.094 [info] [VerilogCompletionItemProvider] Completion items requested
2025-03-14 10:32:30.094 [info] [VerilogCompletionItemProvider] 78 items requested
2025-03-14 10:32:30.890 [info] [VerilogDocumentSymbolProvider] [VerilogSymbol] Symbols Requested: file:///home/sgass/Projects/kepler/hdl/rtl/ethernet/ethernet_to_axis.sv
2025-03-14 10:32:30.892 [info] [VerilogDocumentSymbolProvider] 1 top-level symbols returned
2025-03-14 10:32:32.453 [info] [VerilogCompletionItemProvider] Completion items requested
2025-03-14 10:32:32.453 [info] [VerilogCompletionItemProvider] 78 items requested
2025-03-14 10:32:32.793 [info] [VerilogDocumentSymbolProvider] [VerilogSymbol] Symbols Requested: file:///home/sgass/Projects/kepler/hdl/rtl/ethernet/ethernet_to_axis.sv
2025-03-14 10:32:32.796 [info] [VerilogDocumentSymbolProvider] 1 top-level symbols returned
2025-03-14 10:32:33.704 [info] [VerilogDocumentSymbolProvider] [VerilogSymbol] Symbols Requested: file:///home/sgass/Projects/kepler/hdl/rtl/ethernet/ethernet_to_axis.sv
2025-03-14 10:32:33.706 [info] [VerilogDocumentSymbolProvider] 1 top-level symbols returned
2025-03-14 10:32:34.238 [info] [VerilogCompletionItemProvider] Completion items requested
2025-03-14 10:32:34.239 [info] [VerilogCompletionItemProvider] 78 items requested
2025-03-14 10:32:34.413 [info] [VerilogCompletionItemProvider] Completion items requested
2025-03-14 10:32:34.413 [info] [VerilogCompletionItemProvider] 78 items requested
2025-03-14 10:32:34.579 [info] [VerilogCompletionItemProvider] Completion items requested
2025-03-14 10:32:34.579 [info] [VerilogCompletionItemProvider] 78 items requested
2025-03-14 10:32:34.747 [info] [VerilogCompletionItemProvider] Completion items requested
2025-03-14 10:32:34.747 [info] [VerilogCompletionItemProvider] 78 items requested
2025-03-14 10:32:35.048 [info] [VerilogCompletionItemProvider] Completion items requested
2025-03-14 10:32:35.048 [info] [VerilogCompletionItemProvider] 78 items requested
2025-03-14 10:32:35.388 [info] [VerilogDocumentSymbolProvider] [VerilogSymbol] Symbols Requested: file:///home/sgass/Projects/kepler/hdl/rtl/ethernet/ethernet_to_axis.sv
2025-03-14 10:32:35.390 [info] [VerilogDocumentSymbolProvider] 1 top-level symbols returned
2025-03-14 10:32:35.591 [info] [VerilogCompletionItemProvider] Completion items requested
2025-03-14 10:32:35.591 [info] [VerilogCompletionItemProvider] 78 items requested
2025-03-14 10:32:35.930 [info] [VerilogDocumentSymbolProvider] [VerilogSymbol] Symbols Requested: file:///home/sgass/Projects/kepler/hdl/rtl/ethernet/ethernet_to_axis.sv
2025-03-14 10:32:35.932 [info] [VerilogDocumentSymbolProvider] 1 top-level symbols returned
2025-03-14 10:32:36.022 [info] [VerilogCompletionItemProvider] Completion items requested
2025-03-14 10:32:36.022 [info] [VerilogCompletionItemProvider] 78 items requested
2025-03-14 10:32:36.180 [info] [VerilogCompletionItemProvider] Completion items requested
2025-03-14 10:32:36.180 [info] [VerilogCompletionItemProvider] 78 items requested
2025-03-14 10:32:36.320 [info] [VerilogCompletionItemProvider] Completion items requested
2025-03-14 10:32:36.320 [info] [VerilogCompletionItemProvider] 78 items requested
2025-03-14 10:32:36.658 [info] [VerilogDocumentSymbolProvider] [VerilogSymbol] Symbols Requested: file:///home/sgass/Projects/kepler/hdl/rtl/ethernet/ethernet_to_axis.sv
2025-03-14 10:32:36.660 [info] [VerilogDocumentSymbolProvider] 1 top-level symbols returned
2025-03-14 10:32:36.770 [info] [VerilogCompletionItemProvider] Completion items requested
2025-03-14 10:32:36.770 [info] [VerilogCompletionItemProvider] 78 items requested
2025-03-14 10:32:37.110 [info] [VerilogDocumentSymbolProvider] [VerilogSymbol] Symbols Requested: file:///home/sgass/Projects/kepler/hdl/rtl/ethernet/ethernet_to_axis.sv
2025-03-14 10:32:37.112 [info] [VerilogDocumentSymbolProvider] 1 top-level symbols returned
2025-03-14 10:32:38.363 [info] [VerilogDocumentSymbolProvider] [VerilogSymbol] Symbols Requested: file:///home/sgass/Projects/kepler/hdl/rtl/ethernet/ethernet_to_axis.sv
2025-03-14 10:32:38.365 [info] [VerilogDocumentSymbolProvider] 1 top-level symbols returned
2025-03-14 10:32:41.389 [info] [VerilogDocumentSymbolProvider] [VerilogSymbol] Symbols Requested: file:///home/sgass/Projects/kepler/hdl/rtl/ethernet/ethernet_to_axis.sv
2025-03-14 10:32:41.391 [info] [VerilogDocumentSymbolProvider] 1 top-level symbols returned
2025-03-14 10:32:43.248 [info] [VerilogDocumentSymbolProvider] [VerilogSymbol] Symbols Requested: file:///home/sgass/Projects/kepler/hdl/rtl/ethernet/ethernet_to_axis.sv
2025-03-14 10:32:43.250 [info] [VerilogDocumentSymbolProvider] 1 top-level symbols returned
2025-03-14 10:32:44.279 [info] [VerilogCompletionItemProvider] Completion items requested
2025-03-14 10:32:44.280 [info] [VerilogCompletionItemProvider] 78 items requested
2025-03-14 10:32:44.741 [info] [VerilogDocumentSymbolProvider] [VerilogSymbol] Symbols Requested: file:///home/sgass/Projects/kepler/hdl/rtl/ethernet/ethernet_to_axis.sv
2025-03-14 10:32:44.743 [info] [VerilogDocumentSymbolProvider] 1 top-level symbols returned
2025-03-14 10:32:47.662 [info] [VerilogDocumentSymbolProvider] [VerilogSymbol] Symbols Requested: file:///home/sgass/Projects/kepler/hdl/rtl/ethernet/ethernet_to_axis.sv
2025-03-14 10:32:47.664 [info] [VerilogDocumentSymbolProvider] 1 top-level symbols returned
2025-03-14 10:32:48.203 [info] [VerilogDocumentSymbolProvider] [VerilogSymbol] Symbols Requested: file:///home/sgass/Projects/kepler/hdl/rtl/ethernet/ethernet_to_axis.sv
2025-03-14 10:32:48.205 [info] [VerilogDocumentSymbolProvider] 1 top-level symbols returned
2025-03-14 10:33:03.192 [info] [VerilogDocumentSymbolProvider] [VerilogSymbol] Symbols Requested: file:///home/sgass/Projects/kepler/hdl/rtl/ethernet/ethernet_to_axis.sv
2025-03-14 10:33:03.194 [info] [VerilogDocumentSymbolProvider] 1 top-level symbols returned
2025-03-14 10:33:04.585 [info] [VerilogDocumentSymbolProvider] [VerilogSymbol] Symbols Requested: file:///home/sgass/Projects/kepler/hdl/rtl/ethernet/ethernet_to_axis.sv
2025-03-14 10:33:04.587 [info] [VerilogDocumentSymbolProvider] 1 top-level symbols returned
2025-03-14 10:33:05.023 [info] [VerilogCompletionItemProvider] Completion items requested
2025-03-14 10:33:05.023 [info] [VerilogCompletionItemProvider] 78 items requested
2025-03-14 10:33:05.537 [info] [VerilogCompletionItemProvider] Completion items requested
2025-03-14 10:33:05.537 [info] [VerilogCompletionItemProvider] 78 items requested
2025-03-14 10:33:05.876 [info] [VerilogDocumentSymbolProvider] [VerilogSymbol] Symbols Requested: file:///home/sgass/Projects/kepler/hdl/rtl/ethernet/ethernet_to_axis.sv
2025-03-14 10:33:05.879 [info] [VerilogDocumentSymbolProvider] 1 top-level symbols returned
2025-03-14 10:33:07.940 [info] [VerilogDocumentSymbolProvider] [VerilogSymbol] Symbols Requested: file:///home/sgass/Projects/kepler/hdl/rtl/ethernet/ethernet_to_axis.sv
2025-03-14 10:33:07.943 [info] [VerilogDocumentSymbolProvider] 1 top-level symbols returned
2025-03-14 10:33:10.527 [info] [VerilogDocumentSymbolProvider] [VerilogSymbol] Symbols Requested: file:///home/sgass/Projects/kepler/hdl/rtl/ethernet/ethernet_to_axis.sv
2025-03-14 10:33:10.529 [info] [VerilogDocumentSymbolProvider] 1 top-level symbols returned
2025-03-14 10:33:12.757 [info] [VerilogDocumentSymbolProvider] [VerilogSymbol] Symbols Requested: file:///home/sgass/Projects/kepler/hdl/rtl/ethernet/ethernet_to_axis.sv
2025-03-14 10:33:12.759 [info] [VerilogDocumentSymbolProvider] 1 top-level symbols returned
2025-03-14 10:33:15.173 [info] [VerilogDocumentSymbolProvider] [VerilogSymbol] Symbols Requested: file:///home/sgass/Projects/kepler/hdl/rtl/ethernet/ethernet_to_axis.sv
2025-03-14 10:33:15.176 [info] [VerilogDocumentSymbolProvider] 1 top-level symbols returned
2025-03-14 10:33:15.559 [info] [VerilogDocumentSymbolProvider] [VerilogSymbol] Symbols Requested: file:///home/sgass/Projects/kepler/hdl/rtl/ethernet/ethernet_to_axis.sv
2025-03-14 10:33:15.562 [info] [VerilogDocumentSymbolProvider] 1 top-level symbols returned
2025-03-14 10:33:16.694 [info] on save
2025-03-14 10:33:17.657 [info] [VerilogHoverProvider] Hover requested
2025-03-14 10:33:17.657 [info] indexing "/home/sgass/Projects/kepler/hdl/rtl/ethernet/ethernet_to_axis.sv"
2025-03-14 10:33:17.657 [info] executing ctags
2025-03-14 10:33:17.657 [info] Executing Command: ctags -f - --fields=+K --sort=no --excmd=n --fields-SystemVerilog=+{parameter} "/home/sgass/Projects/kepler/hdl/rtl/ethernet/ethernet_to_axis.sv"
2025-03-14 10:33:17.669 [info] building symbols
2025-03-14 10:33:18.081 [info] [VerilogHoverProvider] Hover object returned
2025-03-14 10:33:22.231 [info] [VerilogHoverProvider] Hover requested
2025-03-14 10:33:22.654 [info] [VerilogHoverProvider] Hover object returned
2025-03-14 10:33:22.914 [info] [VerilogHoverProvider] Hover requested
2025-03-14 10:33:23.403 [warning] [VerilogHoverProvider] Hover object not found
2025-03-14 10:33:24.808 [info] [VerilogDocumentSymbolProvider] [VerilogSymbol] Symbols Requested: file:///home/sgass/Projects/kepler/hdl/rtl/ethernet/ethernet_to_axis.sv
2025-03-14 10:33:24.810 [info] [VerilogDocumentSymbolProvider] 1 top-level symbols returned
2025-03-14 10:33:26.568 [info] [VerilogCompletionItemProvider] Completion items requested
2025-03-14 10:33:26.569 [info] [VerilogCompletionItemProvider] 76 items requested
2025-03-14 10:33:27.453 [info] [VerilogDocumentSymbolProvider] [VerilogSymbol] Symbols Requested: file:///home/sgass/Projects/kepler/hdl/rtl/ethernet/ethernet_to_axis.sv
2025-03-14 10:33:27.456 [info] [VerilogDocumentSymbolProvider] 1 top-level symbols returned
2025-03-14 10:33:29.254 [info] [VerilogDocumentSymbolProvider] [VerilogSymbol] Symbols Requested: file:///home/sgass/Projects/kepler/hdl/rtl/ethernet/ethernet_to_axis.sv
2025-03-14 10:33:29.256 [info] [VerilogDocumentSymbolProvider] 1 top-level symbols returned
2025-03-14 10:33:29.511 [info] [VerilogCompletionItemProvider] Completion items requested
2025-03-14 10:33:29.511 [info] [VerilogCompletionItemProvider] 76 items requested
2025-03-14 10:33:29.860 [info] [VerilogDocumentSymbolProvider] [VerilogSymbol] Symbols Requested: file:///home/sgass/Projects/kepler/hdl/rtl/ethernet/ethernet_to_axis.sv
2025-03-14 10:33:29.862 [info] [VerilogDocumentSymbolProvider] 1 top-level symbols returned
2025-03-14 10:33:30.227 [info] [VerilogCompletionItemProvider] Completion items requested
2025-03-14 10:33:30.227 [info] [VerilogCompletionItemProvider] 76 items requested
2025-03-14 10:33:30.779 [info] [VerilogCompletionItemProvider] Completion items requested
2025-03-14 10:33:30.779 [info] [VerilogCompletionItemProvider] 76 items requested
2025-03-14 10:33:30.961 [info] [VerilogCompletionItemProvider] Completion items requested
2025-03-14 10:33:30.962 [info] [VerilogCompletionItemProvider] 76 items requested
2025-03-14 10:33:31.090 [info] [VerilogCompletionItemProvider] Completion items requested
2025-03-14 10:33:31.090 [info] [VerilogCompletionItemProvider] 76 items requested
2025-03-14 10:33:31.238 [info] [VerilogCompletionItemProvider] Completion items requested
2025-03-14 10:33:31.238 [info] [VerilogCompletionItemProvider] 76 items requested
2025-03-14 10:33:31.359 [info] [VerilogCompletionItemProvider] Completion items requested
2025-03-14 10:33:31.359 [info] [VerilogCompletionItemProvider] 76 items requested
2025-03-14 10:33:31.522 [info] [VerilogCompletionItemProvider] Completion items requested
2025-03-14 10:33:31.522 [info] [VerilogCompletionItemProvider] 76 items requested
2025-03-14 10:33:31.684 [info] [VerilogCompletionItemProvider] Completion items requested
2025-03-14 10:33:31.684 [info] [VerilogCompletionItemProvider] 76 items requested
2025-03-14 10:33:32.023 [info] [VerilogDocumentSymbolProvider] [VerilogSymbol] Symbols Requested: file:///home/sgass/Projects/kepler/hdl/rtl/ethernet/ethernet_to_axis.sv
2025-03-14 10:33:32.025 [info] [VerilogDocumentSymbolProvider] 1 top-level symbols returned
2025-03-14 10:33:32.641 [info] [VerilogDocumentSymbolProvider] [VerilogSymbol] Symbols Requested: file:///home/sgass/Projects/kepler/hdl/rtl/ethernet/ethernet_to_axis.sv
2025-03-14 10:33:32.644 [info] [VerilogDocumentSymbolProvider] 1 top-level symbols returned
2025-03-14 10:33:33.741 [info] [VerilogDocumentSymbolProvider] [VerilogSymbol] Symbols Requested: file:///home/sgass/Projects/kepler/hdl/rtl/ethernet/ethernet_to_axis.sv
2025-03-14 10:33:33.744 [info] [VerilogDocumentSymbolProvider] 1 top-level symbols returned
2025-03-14 10:33:34.142 [info] [VerilogDocumentSymbolProvider] [VerilogSymbol] Symbols Requested: file:///home/sgass/Projects/kepler/hdl/rtl/ethernet/ethernet_to_axis.sv
2025-03-14 10:33:34.144 [info] [VerilogDocumentSymbolProvider] 1 top-level symbols returned
2025-03-14 10:33:36.680 [info] [VerilogHoverProvider] Hover requested
2025-03-14 10:33:37.157 [warning] [VerilogHoverProvider] Hover object not found
2025-03-14 10:33:37.597 [info] [VerilogHoverProvider] Hover requested
2025-03-14 10:33:38.095 [warning] [VerilogHoverProvider] Hover object not found
2025-03-14 10:33:40.015 [info] [VerilogHoverProvider] Hover requested
2025-03-14 10:33:40.366 [info] [VerilogHoverProvider] Hover requested
2025-03-14 10:33:40.614 [info] [VerilogHoverProvider] Hover requested
2025-03-14 10:33:40.782 [warning] [VerilogHoverProvider] Hover object not found
2025-03-14 10:33:44.797 [info] [VerilogHoverProvider] Hover requested
2025-03-14 10:33:45.249 [warning] [VerilogHoverProvider] Hover object not found
2025-03-14 10:33:45.508 [info] [VerilogDefinitionProvider] Definitions Requested: file:///home/sgass/Projects/kepler/hdl/rtl/ethernet/ethernet_to_axis.sv
2025-03-14 10:33:45.921 [info] [VerilogDefinitionProvider] 0 definitions returned
2025-03-14 10:33:47.382 [info] [VerilogHoverProvider] Hover requested
2025-03-14 10:33:47.795 [warning] [VerilogHoverProvider] Hover object not found
2025-03-14 10:33:48.836 [info] [VerilogHoverProvider] Hover requested
2025-03-14 10:33:50.256 [info] [VerilogDocumentSymbolProvider] [VerilogSymbol] Symbols Requested: file:///home/sgass/Projects/kepler/hdl/rtl/ethernet/ethernet_to_axis.sv
2025-03-14 10:33:50.258 [info] [VerilogDocumentSymbolProvider] 1 top-level symbols returned
2025-03-14 10:33:50.627 [info] [VerilogDocumentSymbolProvider] [VerilogSymbol] Symbols Requested: file:///home/sgass/Projects/kepler/hdl/rtl/ethernet/ethernet_to_axis.sv
2025-03-14 10:33:50.629 [info] [VerilogDocumentSymbolProvider] 1 top-level symbols returned
2025-03-14 10:33:51.208 [info] [VerilogDocumentSymbolProvider] [VerilogSymbol] Symbols Requested: file:///home/sgass/Projects/kepler/hdl/rtl/ethernet/ethernet_to_axis.sv
2025-03-14 10:33:51.210 [info] [VerilogDocumentSymbolProvider] 1 top-level symbols returned
2025-03-14 10:33:52.571 [info] [VerilogDocumentSymbolProvider] [VerilogSymbol] Symbols Requested: file:///home/sgass/Projects/kepler/hdl/rtl/ethernet/ethernet_to_axis.sv
2025-03-14 10:33:52.572 [info] [VerilogDocumentSymbolProvider] 1 top-level symbols returned
2025-03-14 10:33:52.970 [info] [VerilogDocumentSymbolProvider] [VerilogSymbol] Symbols Requested: file:///home/sgass/Projects/kepler/hdl/rtl/ethernet/ethernet_to_axis.sv
2025-03-14 10:33:52.973 [info] [VerilogDocumentSymbolProvider] 1 top-level symbols returned
2025-03-14 10:33:53.845 [info] [VerilogHoverProvider] Hover requested
2025-03-14 10:33:54.261 [warning] [VerilogHoverProvider] Hover object not found
2025-03-14 10:33:55.531 [info] [VerilogHoverProvider] Hover requested
2025-03-14 10:33:59.830 [info] [VerilogHoverProvider] Hover requested
2025-03-14 10:34:00.398 [info] [VerilogHoverProvider] Hover requested
2025-03-14 10:34:00.820 [warning] [VerilogHoverProvider] Hover object not found
2025-03-14 10:34:02.033 [info] [VerilogDocumentSymbolProvider] [VerilogSymbol] Symbols Requested: file:///home/sgass/Projects/kepler/hdl/rtl/ethernet/ethernet_to_axis.sv
2025-03-14 10:34:02.035 [info] [VerilogDocumentSymbolProvider] 1 top-level symbols returned
2025-03-14 10:34:02.791 [info] [VerilogDocumentSymbolProvider] [VerilogSymbol] Symbols Requested: file:///home/sgass/Projects/kepler/hdl/rtl/ethernet/ethernet_to_axis.sv
2025-03-14 10:34:02.794 [info] [VerilogDocumentSymbolProvider] 1 top-level symbols returned
2025-03-14 10:34:03.473 [info] [VerilogDocumentSymbolProvider] [VerilogSymbol] Symbols Requested: file:///home/sgass/Projects/kepler/hdl/rtl/ethernet/ethernet_to_axis.sv
2025-03-14 10:34:03.475 [info] [VerilogDocumentSymbolProvider] 1 top-level symbols returned
2025-03-14 10:34:04.146 [info] [VerilogDocumentSymbolProvider] [VerilogSymbol] Symbols Requested: file:///home/sgass/Projects/kepler/hdl/rtl/ethernet/ethernet_to_axis.sv
2025-03-14 10:34:04.148 [info] [VerilogDocumentSymbolProvider] 1 top-level symbols returned
2025-03-14 10:34:05.584 [info] [VerilogDocumentSymbolProvider] [VerilogSymbol] Symbols Requested: file:///home/sgass/Projects/kepler/hdl/rtl/ethernet/ethernet_to_axis.sv
2025-03-14 10:34:05.586 [info] [VerilogDocumentSymbolProvider] 1 top-level symbols returned
2025-03-14 10:34:07.281 [info] [VerilogHoverProvider] Hover requested
2025-03-14 10:34:07.515 [info] [VerilogHoverProvider] Hover requested
2025-03-14 10:34:07.951 [warning] [VerilogHoverProvider] Hover object not found
2025-03-14 10:34:08.497 [info] [VerilogHoverProvider] Hover requested
2025-03-14 10:34:09.383 [info] [VerilogDocumentSymbolProvider] [VerilogSymbol] Symbols Requested: file:///home/sgass/Projects/kepler/hdl/rtl/ethernet/ethernet_to_axis.sv
2025-03-14 10:34:09.384 [info] [VerilogDocumentSymbolProvider] 1 top-level symbols returned
2025-03-14 10:34:09.960 [info] [VerilogDocumentSymbolProvider] [VerilogSymbol] Symbols Requested: file:///home/sgass/Projects/kepler/hdl/rtl/ethernet/ethernet_to_axis.sv
2025-03-14 10:34:09.962 [info] [VerilogDocumentSymbolProvider] 1 top-level symbols returned
2025-03-14 10:34:10.349 [info] [VerilogDocumentSymbolProvider] [VerilogSymbol] Symbols Requested: file:///home/sgass/Projects/kepler/hdl/rtl/ethernet/ethernet_to_axis.sv
2025-03-14 10:34:10.351 [info] [VerilogDocumentSymbolProvider] 1 top-level symbols returned
2025-03-14 10:34:11.085 [info] [VerilogDocumentSymbolProvider] [VerilogSymbol] Symbols Requested: file:///home/sgass/Projects/kepler/hdl/rtl/ethernet/ethernet_to_axis.sv
2025-03-14 10:34:11.087 [info] [VerilogDocumentSymbolProvider] 1 top-level symbols returned
2025-03-14 10:34:12.156 [info] [VerilogDocumentSymbolProvider] [VerilogSymbol] Symbols Requested: file:///home/sgass/Projects/kepler/hdl/rtl/ethernet/ethernet_to_axis.sv
2025-03-14 10:34:12.158 [info] [VerilogDocumentSymbolProvider] 1 top-level symbols returned
2025-03-14 10:34:15.834 [info] [VerilogHoverProvider] Hover requested
2025-03-14 10:34:16.200 [info] [VerilogHoverProvider] Hover requested
2025-03-14 10:34:16.243 [info] [VerilogHoverProvider] Hover object returned
2025-03-14 10:34:16.639 [info] [VerilogHoverProvider] Hover object returned
2025-03-14 10:34:18.210 [info] [VerilogDocumentSymbolProvider] [VerilogSymbol] Symbols Requested: file:///home/sgass/Projects/kepler/hdl/rtl/ethernet/ethernet_to_axis.sv
2025-03-14 10:34:18.211 [info] [VerilogDocumentSymbolProvider] 1 top-level symbols returned
2025-03-14 10:34:21.290 [info] [VerilogDocumentSymbolProvider] [VerilogSymbol] Symbols Requested: file:///home/sgass/Projects/kepler/hdl/rtl/ethernet/ethernet_to_axis.sv
2025-03-14 10:34:21.292 [info] [VerilogDocumentSymbolProvider] 1 top-level symbols returned
2025-03-14 10:34:21.662 [info] [VerilogDocumentSymbolProvider] [VerilogSymbol] Symbols Requested: file:///home/sgass/Projects/kepler/hdl/rtl/ethernet/ethernet_to_axis.sv
2025-03-14 10:34:21.664 [info] [VerilogDocumentSymbolProvider] 1 top-level symbols returned
2025-03-14 10:34:22.996 [info] [VerilogHoverProvider] Hover requested
2025-03-14 10:34:23.395 [info] [VerilogHoverProvider] Hover object returned
2025-03-14 10:34:24.930 [info] [VerilogHoverProvider] Hover requested
2025-03-14 10:34:25.006 [info] [VerilogDefinitionProvider] Definitions Requested: file:///home/sgass/Projects/kepler/hdl/rtl/ethernet/ethernet_to_axis.sv
2025-03-14 10:34:25.343 [warning] [VerilogHoverProvider] Hover object not found
2025-03-14 10:34:25.397 [info] [VerilogDefinitionProvider] 0 definitions returned
2025-03-14 10:34:26.265 [info] [VerilogHoverProvider] Hover requested
2025-03-14 10:34:26.711 [info] [VerilogHoverProvider] Hover object returned
2025-03-14 10:34:28.286 [info] [VerilogDocumentSymbolProvider] [VerilogSymbol] Symbols Requested: file:///home/sgass/Projects/kepler/hdl/rtl/ethernet/ethernet_to_axis.sv
2025-03-14 10:34:28.288 [info] [VerilogDocumentSymbolProvider] 1 top-level symbols returned
2025-03-14 10:34:29.048 [info] [VerilogHoverProvider] Hover requested
2025-03-14 10:34:30.406 [info] [VerilogDocumentSymbolProvider] [VerilogSymbol] Symbols Requested: file:///home/sgass/Projects/kepler/hdl/rtl/ethernet/ethernet_to_axis.sv
2025-03-14 10:34:30.408 [info] [VerilogDocumentSymbolProvider] 1 top-level symbols returned
2025-03-14 10:34:31.798 [info] [VerilogHoverProvider] Hover requested
2025-03-14 10:34:32.211 [info] [VerilogHoverProvider] Hover object returned
2025-03-14 10:34:34.109 [info] [VerilogDocumentSymbolProvider] [VerilogSymbol] Symbols Requested: file:///home/sgass/Projects/kepler/hdl/rtl/ethernet/ethernet_to_axis.sv
2025-03-14 10:34:34.110 [info] [VerilogDocumentSymbolProvider] 1 top-level symbols returned
2025-03-14 10:34:34.766 [info] [VerilogHoverProvider] Hover requested
2025-03-14 10:34:36.904 [info] [VerilogDocumentSymbolProvider] [VerilogSymbol] Symbols Requested: file:///home/sgass/Projects/kepler/hdl/rtl/ethernet/ethernet_to_axis.sv
2025-03-14 10:34:36.907 [info] [VerilogDocumentSymbolProvider] 1 top-level symbols returned
2025-03-14 10:34:38.448 [info] [VerilogHoverProvider] Hover requested
2025-03-14 10:34:38.736 [info] [VerilogHoverProvider] Hover requested
2025-03-14 10:34:38.871 [info] [VerilogHoverProvider] Hover object returned
2025-03-14 10:34:39.152 [info] [VerilogHoverProvider] Hover object returned
2025-03-14 10:34:40.258 [info] [VerilogDocumentSymbolProvider] [VerilogSymbol] Symbols Requested: file:///home/sgass/Projects/kepler/hdl/rtl/ethernet/ethernet_to_axis.sv
2025-03-14 10:34:40.260 [info] [VerilogDocumentSymbolProvider] 1 top-level symbols returned
2025-03-14 10:34:42.388 [info] [VerilogDocumentSymbolProvider] [VerilogSymbol] Symbols Requested: file:///home/sgass/Projects/kepler/hdl/rtl/ethernet/ethernet_to_axis.sv
2025-03-14 10:34:42.390 [info] [VerilogDocumentSymbolProvider] 1 top-level symbols returned
2025-03-14 10:34:44.098 [info] [VerilogHoverProvider] Hover requested
2025-03-14 10:34:44.508 [warning] [VerilogHoverProvider] Hover object not found
2025-03-14 10:34:54.363 [info] [VerilogHoverProvider] Hover requested
2025-03-14 10:34:54.783 [warning] [VerilogHoverProvider] Hover object not found
2025-03-14 10:34:55.613 [info] [VerilogHoverProvider] Hover requested
2025-03-14 10:34:56.100 [warning] [VerilogHoverProvider] Hover object not found
2025-03-14 10:34:58.164 [info] [VerilogHoverProvider] Hover requested
2025-03-14 10:34:58.594 [warning] [VerilogHoverProvider] Hover object not found
2025-03-14 10:34:59.064 [info] [VerilogHoverProvider] Hover requested
2025-03-14 10:34:59.427 [info] [VerilogHoverProvider] Hover requested
2025-03-14 10:35:29.562 [info] [VerilogHoverProvider] Hover requested
2025-03-14 10:35:29.982 [info] [VerilogHoverProvider] Hover object returned
2025-03-14 10:43:47.215 [info] on save
2025-03-14 10:44:37.734 [info] [VerilogHoverProvider] Hover requested
2025-03-14 10:44:37.734 [info] indexing "/home/sgass/Projects/kepler/hdl/rtl/ethernet/ethernet_to_axis.sv"
2025-03-14 10:44:37.734 [info] executing ctags
2025-03-14 10:44:37.734 [info] Executing Command: ctags -f - --fields=+K --sort=no --excmd=n --fields-SystemVerilog=+{parameter} "/home/sgass/Projects/kepler/hdl/rtl/ethernet/ethernet_to_axis.sv"
2025-03-14 10:44:37.748 [info] building symbols
2025-03-14 10:44:38.162 [warning] [VerilogHoverProvider] Hover object not found
2025-03-14 10:45:13.702 [info] [VerilogHoverProvider] Hover requested
2025-03-14 10:45:14.232 [info] [VerilogHoverProvider] Hover object returned
2025-03-14 10:45:19.302 [info] [VerilogHoverProvider] Hover requested
2025-03-14 10:45:21.058 [info] [VerilogHoverProvider] Hover requested
2025-03-14 10:45:29.185 [info] [VerilogHoverProvider] Hover requested
2025-03-14 10:45:29.602 [info] [VerilogHoverProvider] Hover object returned
2025-03-14 10:45:42.845 [info] [VerilogDocumentSymbolProvider] [VerilogSymbol] Symbols Requested: file:///home/sgass/Projects/kepler/hdl/rtl/ethernet/ethernet_crossbar.sv
2025-03-14 10:45:42.853 [info] [VerilogDocumentSymbolProvider] 1 top-level symbols returned
2025-03-14 10:45:43.616 [info] [VerilogDocumentSymbolProvider] [VerilogSymbol] Symbols Requested: file:///home/sgass/Projects/kepler/hdl/rtl/ethernet/ethernet_crossbar.sv
2025-03-14 10:45:43.622 [info] [VerilogDocumentSymbolProvider] 1 top-level symbols returned
2025-03-14 10:45:47.184 [info] [VerilogHoverProvider] Hover requested
2025-03-14 10:45:48.720 [info] [VerilogDocumentSymbolProvider] [VerilogSymbol] Symbols Requested: file:///home/sgass/Projects/kepler/hdl/rtl/ethernet/ethernet_crossbar.sv
2025-03-14 10:45:48.726 [info] [VerilogDocumentSymbolProvider] 1 top-level symbols returned
2025-03-14 10:45:50.678 [info] [VerilogDocumentSymbolProvider] [VerilogSymbol] Symbols Requested: file:///home/sgass/Projects/kepler/hdl/rtl/ethernet/ethernet_crossbar.sv
2025-03-14 10:45:50.684 [info] [VerilogDocumentSymbolProvider] 1 top-level symbols returned
2025-03-14 10:45:51.095 [info] [VerilogDocumentSymbolProvider] [VerilogSymbol] Symbols Requested: file:///home/sgass/Projects/kepler/hdl/rtl/ethernet/ethernet_crossbar.sv
2025-03-14 10:45:51.102 [info] [VerilogDocumentSymbolProvider] 1 top-level symbols returned
2025-03-14 10:45:59.921 [info] [VerilogDocumentSymbolProvider] [VerilogSymbol] Symbols Requested: file:///home/sgass/Projects/kepler/hdl/rtl/ethernet/ethernet_crossbar.sv
2025-03-14 10:45:59.928 [info] [VerilogDocumentSymbolProvider] 1 top-level symbols returned
2025-03-14 10:46:05.203 [info] [VerilogHoverProvider] Hover requested
2025-03-14 10:46:05.567 [info] [VerilogHoverProvider] Hover requested
2025-03-14 10:46:05.710 [info] [VerilogHoverProvider] Hover object returned
2025-03-14 10:46:13.037 [info] [VerilogDocumentSymbolProvider] [VerilogSymbol] Symbols Requested: file:///home/sgass/Projects/kepler/hdl/rtl/ethernet/ethernet_crossbar.sv
2025-03-14 10:46:13.043 [info] [VerilogDocumentSymbolProvider] 1 top-level symbols returned
2025-03-14 10:46:18.739 [info] [VerilogDocumentSymbolProvider] [VerilogSymbol] Symbols Requested: file:///home/sgass/Projects/kepler/hdl/rtl/ethernet/ethernet_crossbar.sv
2025-03-14 10:46:18.746 [info] [VerilogDocumentSymbolProvider] 1 top-level symbols returned
2025-03-14 10:46:21.906 [info] [VerilogCompletionItemProvider] Completion items requested
2025-03-14 10:46:21.906 [info] [VerilogCompletionItemProvider] 126 items requested
2025-03-14 10:46:22.255 [info] [VerilogDocumentSymbolProvider] [VerilogSymbol] Symbols Requested: file:///home/sgass/Projects/kepler/hdl/rtl/ethernet/ethernet_crossbar.sv
2025-03-14 10:46:22.262 [info] [VerilogDocumentSymbolProvider] 1 top-level symbols returned
2025-03-14 10:46:27.528 [info] [VerilogDocumentSymbolProvider] [VerilogSymbol] Symbols Requested: file:///home/sgass/Projects/kepler/hdl/rtl/ethernet/ethernet_crossbar.sv
2025-03-14 10:46:27.535 [info] [VerilogDocumentSymbolProvider] 1 top-level symbols returned
2025-03-14 10:46:28.240 [info] [VerilogDocumentSymbolProvider] [VerilogSymbol] Symbols Requested: file:///home/sgass/Projects/kepler/hdl/rtl/ethernet/ethernet_crossbar.sv
2025-03-14 10:46:28.247 [info] [VerilogDocumentSymbolProvider] 1 top-level symbols returned
2025-03-14 10:46:34.672 [info] [VerilogDocumentSymbolProvider] [VerilogSymbol] Symbols Requested: file:///home/sgass/Projects/kepler/hdl/rtl/ethernet/ethernet_crossbar.sv
2025-03-14 10:46:34.679 [info] [VerilogDocumentSymbolProvider] 1 top-level symbols returned
2025-03-14 10:46:35.929 [info] [VerilogCompletionItemProvider] Completion items requested
2025-03-14 10:46:35.929 [info] [VerilogCompletionItemProvider] 126 items requested
2025-03-14 10:46:36.279 [info] [VerilogDocumentSymbolProvider] [VerilogSymbol] Symbols Requested: file:///home/sgass/Projects/kepler/hdl/rtl/ethernet/ethernet_crossbar.sv
2025-03-14 10:46:36.285 [info] [VerilogDocumentSymbolProvider] 1 top-level symbols returned
2025-03-14 10:46:41.251 [info] [VerilogDocumentSymbolProvider] [VerilogSymbol] Symbols Requested: file:///home/sgass/Projects/kepler/hdl/rtl/ethernet/ethernet_crossbar.sv
2025-03-14 10:46:41.257 [info] [VerilogDocumentSymbolProvider] 1 top-level symbols returned
2025-03-14 10:46:43.703 [info] [VerilogDocumentSymbolProvider] [VerilogSymbol] Symbols Requested: file:///home/sgass/Projects/kepler/hdl/rtl/ethernet/ethernet_crossbar.sv
2025-03-14 10:46:43.710 [info] [VerilogDocumentSymbolProvider] 1 top-level symbols returned
2025-03-14 10:46:44.302 [info] [VerilogCompletionItemProvider] Completion items requested
2025-03-14 10:46:44.302 [info] [VerilogCompletionItemProvider] 126 items requested
2025-03-14 10:46:44.652 [info] [VerilogDocumentSymbolProvider] [VerilogSymbol] Symbols Requested: file:///home/sgass/Projects/kepler/hdl/rtl/ethernet/ethernet_crossbar.sv
2025-03-14 10:46:44.658 [info] [VerilogDocumentSymbolProvider] 1 top-level symbols returned
2025-03-14 10:46:47.829 [info] [VerilogHoverProvider] Hover requested
2025-03-14 10:46:48.161 [info] [VerilogHoverProvider] Hover requested
2025-03-14 10:46:48.252 [warning] [VerilogHoverProvider] Hover object not found
2025-03-14 10:46:54.642 [info] [VerilogCompletionItemProvider] Completion items requested
2025-03-14 10:46:54.642 [info] [VerilogCompletionItemProvider] 126 items requested
2025-03-14 10:46:54.992 [info] [VerilogDocumentSymbolProvider] [VerilogSymbol] Symbols Requested: file:///home/sgass/Projects/kepler/hdl/rtl/ethernet/ethernet_crossbar.sv
2025-03-14 10:46:54.999 [info] [VerilogDocumentSymbolProvider] 1 top-level symbols returned
2025-03-14 10:46:56.242 [info] [VerilogDocumentSymbolProvider] [VerilogSymbol] Symbols Requested: file:///home/sgass/Projects/kepler/hdl/rtl/ethernet/ethernet_crossbar.sv
2025-03-14 10:46:56.248 [info] [VerilogDocumentSymbolProvider] 1 top-level symbols returned
2025-03-14 10:46:57.159 [info] [VerilogDocumentSymbolProvider] [VerilogSymbol] Symbols Requested: file:///home/sgass/Projects/kepler/hdl/rtl/ethernet/ethernet_crossbar.sv
2025-03-14 10:46:57.167 [info] [VerilogDocumentSymbolProvider] 1 top-level symbols returned
2025-03-14 10:46:57.726 [info] [VerilogDocumentSymbolProvider] [VerilogSymbol] Symbols Requested: file:///home/sgass/Projects/kepler/hdl/rtl/ethernet/ethernet_crossbar.sv
2025-03-14 10:46:57.732 [info] [VerilogDocumentSymbolProvider] 1 top-level symbols returned
2025-03-14 10:47:00.234 [info] [VerilogDocumentSymbolProvider] [VerilogSymbol] Symbols Requested: file:///home/sgass/Projects/kepler/hdl/rtl/ethernet/ethernet_crossbar.sv
2025-03-14 10:47:00.241 [info] [VerilogDocumentSymbolProvider] 1 top-level symbols returned
2025-03-14 10:47:07.105 [info] [VerilogDocumentSymbolProvider] [VerilogSymbol] Symbols Requested: file:///home/sgass/Projects/kepler/hdl/rtl/ethernet/ethernet_crossbar.sv
2025-03-14 10:47:07.112 [info] [VerilogDocumentSymbolProvider] 1 top-level symbols returned
2025-03-14 10:47:10.109 [info] on save
2025-03-14 10:47:14.104 [info] [VerilogDefinitionProvider] Definitions Requested: file:///home/sgass/Projects/kepler/hdl/rtl/ethernet/ethernet_to_axis.sv
2025-03-14 10:47:14.540 [info] [VerilogDefinitionProvider] 1 definitions returned
2025-03-14 10:47:22.133 [info] [VerilogDocumentSymbolProvider] [VerilogSymbol] Symbols Requested: file:///home/sgass/Projects/kepler/hdl/rtl/ethernet/ethernet_to_axis.sv
2025-03-14 10:47:22.135 [info] [VerilogDocumentSymbolProvider] 1 top-level symbols returned
2025-03-14 10:47:24.995 [info] [VerilogDocumentSymbolProvider] [VerilogSymbol] Symbols Requested: file:///home/sgass/Projects/kepler/hdl/rtl/ethernet/ethernet_to_axis.sv
2025-03-14 10:47:24.998 [info] [VerilogDocumentSymbolProvider] 1 top-level symbols returned
2025-03-14 10:47:25.386 [info] [VerilogDocumentSymbolProvider] [VerilogSymbol] Symbols Requested: file:///home/sgass/Projects/kepler/hdl/rtl/ethernet/ethernet_to_axis.sv
2025-03-14 10:47:25.389 [info] [VerilogDocumentSymbolProvider] 1 top-level symbols returned
2025-03-14 10:47:28.218 [info] [VerilogDocumentSymbolProvider] [VerilogSymbol] Symbols Requested: file:///home/sgass/Projects/kepler/hdl/rtl/ethernet/ethernet_to_axis.sv
2025-03-14 10:47:28.220 [info] [VerilogDocumentSymbolProvider] 1 top-level symbols returned
2025-03-14 10:47:32.006 [info] [VerilogDocumentSymbolProvider] [VerilogSymbol] Symbols Requested: file:///home/sgass/Projects/kepler/hdl/rtl/ethernet/ethernet_to_axis.sv
2025-03-14 10:47:32.008 [info] [VerilogDocumentSymbolProvider] 1 top-level symbols returned
2025-03-14 10:47:33.320 [info] on save
2025-03-14 10:47:45.786 [info] [VerilogDocumentSymbolProvider] [VerilogSymbol] Symbols Requested: file:///home/sgass/Projects/kepler/hdl/rtl/ethernet/ethernet_crossbar.sv
2025-03-14 10:47:45.786 [info] indexing "/home/sgass/Projects/kepler/hdl/rtl/ethernet/ethernet_crossbar.sv"
2025-03-14 10:47:45.786 [info] executing ctags
2025-03-14 10:47:45.786 [info] Executing Command: ctags -f - --fields=+K --sort=no --excmd=n --fields-SystemVerilog=+{parameter} "/home/sgass/Projects/kepler/hdl/rtl/ethernet/ethernet_crossbar.sv"
2025-03-14 10:47:45.794 [info] building symbols
2025-03-14 10:47:45.799 [info] [VerilogDocumentSymbolProvider] 1 top-level symbols returned
2025-03-14 10:47:46.218 [info] [VerilogDocumentSymbolProvider] [VerilogSymbol] Symbols Requested: file:///home/sgass/Projects/kepler/hdl/rtl/ethernet/ethernet_crossbar.sv
2025-03-14 10:47:46.225 [info] [VerilogDocumentSymbolProvider] 1 top-level symbols returned
2025-03-14 10:47:47.259 [info] [VerilogDocumentSymbolProvider] [VerilogSymbol] Symbols Requested: file:///home/sgass/Projects/kepler/hdl/rtl/ethernet/ethernet_crossbar.sv
2025-03-14 10:47:47.266 [info] [VerilogDocumentSymbolProvider] 1 top-level symbols returned
2025-03-14 10:47:48.588 [info] [VerilogDocumentSymbolProvider] [VerilogSymbol] Symbols Requested: file:///home/sgass/Projects/kepler/hdl/rtl/ethernet/ethernet_crossbar.sv
2025-03-14 10:47:48.596 [info] [VerilogDocumentSymbolProvider] 1 top-level symbols returned
2025-03-14 10:47:53.705 [info] [VerilogDocumentSymbolProvider] [VerilogSymbol] Symbols Requested: file:///home/sgass/Projects/kepler/hdl/rtl/ethernet/ethernet_crossbar.sv
2025-03-14 10:47:53.711 [info] [VerilogDocumentSymbolProvider] 1 top-level symbols returned
2025-03-14 10:47:55.047 [info] [VerilogDocumentSymbolProvider] [VerilogSymbol] Symbols Requested: file:///home/sgass/Projects/kepler/hdl/rtl/ethernet/ethernet_crossbar.sv
2025-03-14 10:47:55.053 [info] [VerilogDocumentSymbolProvider] 1 top-level symbols returned
2025-03-14 10:47:58.193 [info] [VerilogHoverProvider] Hover requested
2025-03-14 10:47:58.425 [info] [VerilogHoverProvider] Hover requested
2025-03-14 10:47:58.626 [info] [VerilogHoverProvider] Hover object returned
2025-03-14 10:47:58.813 [info] [VerilogHoverProvider] Hover object returned
2025-03-14 10:47:59.693 [info] [VerilogDefinitionProvider] Definitions Requested: file:///home/sgass/Projects/kepler/hdl/rtl/ethernet/ethernet_crossbar.sv
2025-03-14 10:48:00.092 [info] [VerilogDefinitionProvider] 1 definitions returned
2025-03-14 10:48:11.275 [info] [VerilogHoverProvider] Hover requested
2025-03-14 10:48:11.706 [info] [VerilogHoverProvider] Hover requested
2025-03-14 10:48:11.744 [info] [VerilogHoverProvider] Hover object returned
2025-03-14 10:48:20.270 [info] [VerilogDocumentSymbolProvider] [VerilogSymbol] Symbols Requested: file:///home/sgass/Projects/kepler/hdl/rtl/ethernet/ethernet_crossbar.sv
2025-03-14 10:48:20.276 [info] [VerilogDocumentSymbolProvider] 1 top-level symbols returned
2025-03-14 10:48:21.640 [info] [VerilogHoverProvider] Hover requested
2025-03-14 10:48:24.807 [info] [VerilogHoverProvider] Hover requested
2025-03-14 10:48:25.341 [info] [VerilogHoverProvider] Hover requested
2025-03-14 10:48:25.780 [info] [VerilogHoverProvider] Hover object returned
2025-03-14 10:48:28.174 [info] [VerilogHoverProvider] Hover requested
2025-03-14 10:48:28.537 [info] [VerilogHoverProvider] Hover requested
2025-03-14 10:48:28.585 [info] [VerilogHoverProvider] Hover object returned
2025-03-14 10:48:31.957 [info] [VerilogHoverProvider] Hover requested
2025-03-14 10:48:32.392 [info] [VerilogHoverProvider] Hover object returned
2025-03-14 10:48:32.476 [info] [VerilogDocumentSymbolProvider] [VerilogSymbol] Symbols Requested: file:///home/sgass/Projects/kepler/hdl/rtl/ethernet/ethernet_crossbar.sv
2025-03-14 10:48:32.477 [info] [VerilogDocumentSymbolProvider] 1 top-level symbols returned
2025-03-14 10:48:34.595 [info] [VerilogDocumentSymbolProvider] [VerilogSymbol] Symbols Requested: file:///home/sgass/Projects/kepler/hdl/rtl/ethernet/ethernet_crossbar.sv
2025-03-14 10:48:34.601 [info] [VerilogDocumentSymbolProvider] 1 top-level symbols returned
2025-03-14 10:48:37.494 [info] [VerilogDocumentSymbolProvider] [VerilogSymbol] Symbols Requested: file:///home/sgass/Projects/kepler/hdl/rtl/ethernet/ethernet_crossbar.sv
2025-03-14 10:48:37.500 [info] [VerilogDocumentSymbolProvider] 1 top-level symbols returned
2025-03-14 10:48:37.885 [info] [VerilogDocumentSymbolProvider] [VerilogSymbol] Symbols Requested: file:///home/sgass/Projects/kepler/hdl/rtl/ethernet/ethernet_crossbar.sv
2025-03-14 10:48:37.891 [info] [VerilogDocumentSymbolProvider] 1 top-level symbols returned
2025-03-14 10:48:39.456 [info] [VerilogDocumentSymbolProvider] [VerilogSymbol] Symbols Requested: file:///home/sgass/Projects/kepler/hdl/rtl/ethernet/ethernet_crossbar.sv
2025-03-14 10:48:39.461 [info] [VerilogDocumentSymbolProvider] 1 top-level symbols returned
2025-03-14 10:48:41.624 [info] [VerilogDocumentSymbolProvider] [VerilogSymbol] Symbols Requested: file:///home/sgass/Projects/kepler/hdl/rtl/ethernet/ethernet_crossbar.sv
2025-03-14 10:48:41.631 [info] [VerilogDocumentSymbolProvider] 1 top-level symbols returned
2025-03-14 10:48:41.987 [info] [VerilogDocumentSymbolProvider] [VerilogSymbol] Symbols Requested: file:///home/sgass/Projects/kepler/hdl/rtl/ethernet/ethernet_crossbar.sv
2025-03-14 10:48:41.995 [info] [VerilogDocumentSymbolProvider] 1 top-level symbols returned
2025-03-14 10:48:44.605 [info] [VerilogDocumentSymbolProvider] [VerilogSymbol] Symbols Requested: file:///home/sgass/Projects/kepler/hdl/rtl/ethernet/ethernet_crossbar.sv
2025-03-14 10:48:44.612 [info] [VerilogDocumentSymbolProvider] 1 top-level symbols returned
2025-03-14 10:48:44.981 [info] [VerilogDocumentSymbolProvider] [VerilogSymbol] Symbols Requested: file:///home/sgass/Projects/kepler/hdl/rtl/ethernet/ethernet_crossbar.sv
2025-03-14 10:48:44.987 [info] [VerilogDocumentSymbolProvider] 1 top-level symbols returned
2025-03-14 10:48:46.589 [info] [VerilogHoverProvider] Hover requested
2025-03-14 10:48:49.082 [info] [VerilogHoverProvider] Hover requested
2025-03-14 10:48:49.407 [info] [VerilogHoverProvider] Hover requested
2025-03-14 10:48:51.526 [info] [VerilogHoverProvider] Hover requested
2025-03-14 10:48:51.706 [info] [VerilogHoverProvider] Hover requested
2025-03-14 10:48:52.489 [info] [VerilogHoverProvider] Hover requested
2025-03-14 10:48:53.679 [info] [VerilogDefinitionProvider] Definitions Requested: file:///home/sgass/Projects/kepler/hdl/rtl/ethernet/ethernet_crossbar.sv
2025-03-14 10:48:54.094 [info] [VerilogDefinitionProvider] 1 definitions returned
2025-03-14 10:48:59.693 [info] [VerilogCompletionItemProvider] Completion items requested
2025-03-14 10:48:59.693 [info] [VerilogCompletionItemProvider] 126 items requested
2025-03-14 10:49:00.040 [info] [VerilogDocumentSymbolProvider] [VerilogSymbol] Symbols Requested: file:///home/sgass/Projects/kepler/hdl/rtl/ethernet/ethernet_crossbar.sv
2025-03-14 10:49:00.046 [info] [VerilogDocumentSymbolProvider] 1 top-level symbols returned
2025-03-14 10:49:07.644 [info] [VerilogCompletionItemProvider] Completion items requested
2025-03-14 10:49:07.644 [info] [VerilogCompletionItemProvider] 126 items requested
2025-03-14 10:49:08.140 [info] [VerilogDocumentSymbolProvider] [VerilogSymbol] Symbols Requested: file:///home/sgass/Projects/kepler/hdl/rtl/ethernet/ethernet_crossbar.sv
2025-03-14 10:49:08.147 [info] [VerilogDocumentSymbolProvider] 1 top-level symbols returned
2025-03-14 10:49:09.648 [info] [VerilogDocumentSymbolProvider] [VerilogSymbol] Symbols Requested: file:///home/sgass/Projects/kepler/hdl/rtl/ethernet/ethernet_crossbar.sv
2025-03-14 10:49:09.654 [info] [VerilogDocumentSymbolProvider] 1 top-level symbols returned
2025-03-14 10:49:11.296 [info] [VerilogDocumentSymbolProvider] [VerilogSymbol] Symbols Requested: file:///home/sgass/Projects/kepler/hdl/rtl/ethernet/ethernet_crossbar.sv
2025-03-14 10:49:11.301 [info] [VerilogDocumentSymbolProvider] 1 top-level symbols returned
2025-03-14 10:49:12.437 [info] [VerilogDocumentSymbolProvider] [VerilogSymbol] Symbols Requested: file:///home/sgass/Projects/kepler/hdl/rtl/ethernet/ethernet_crossbar.sv
2025-03-14 10:49:12.444 [info] [VerilogDocumentSymbolProvider] 1 top-level symbols returned
2025-03-14 10:49:14.891 [info] [VerilogHoverProvider] Hover requested
2025-03-14 10:49:15.332 [warning] [VerilogHoverProvider] Hover object not found
2025-03-14 10:49:15.722 [info] [VerilogHoverProvider] Hover requested
2025-03-14 10:49:16.148 [warning] [VerilogHoverProvider] Hover object not found
2025-03-14 10:49:16.236 [info] [VerilogHoverProvider] Hover requested
2025-03-14 10:49:16.535 [info] [VerilogHoverProvider] Hover requested
2025-03-14 10:49:16.952 [info] [VerilogHoverProvider] Hover requested
2025-03-14 10:49:16.952 [warning] [VerilogHoverProvider] Hover object not found
2025-03-14 10:49:17.062 [info] [VerilogDefinitionProvider] Definitions Requested: file:///home/sgass/Projects/kepler/hdl/rtl/ethernet/ethernet_crossbar.sv
2025-03-14 10:49:17.368 [warning] [VerilogHoverProvider] Hover object not found
2025-03-14 10:49:17.473 [info] [VerilogDefinitionProvider] 0 definitions returned
2025-03-14 10:49:20.395 [info] [VerilogCompletionItemProvider] Completion items requested
2025-03-14 10:49:20.395 [info] [VerilogCompletionItemProvider] 126 items requested
2025-03-14 10:49:20.744 [info] [VerilogDocumentSymbolProvider] [VerilogSymbol] Symbols Requested: file:///home/sgass/Projects/kepler/hdl/rtl/ethernet/ethernet_crossbar.sv
2025-03-14 10:49:20.751 [info] [VerilogDocumentSymbolProvider] 1 top-level symbols returned
2025-03-14 10:49:26.849 [info] [VerilogDocumentSymbolProvider] [VerilogSymbol] Symbols Requested: file:///home/sgass/Projects/kepler/hdl/rtl/ethernet/ethernet_crossbar.sv
2025-03-14 10:49:26.856 [info] [VerilogDocumentSymbolProvider] 1 top-level symbols returned
2025-03-14 10:49:27.412 [info] [VerilogCompletionItemProvider] Completion items requested
2025-03-14 10:49:27.412 [info] [VerilogCompletionItemProvider] 126 items requested
2025-03-14 10:49:27.803 [info] [VerilogDocumentSymbolProvider] [VerilogSymbol] Symbols Requested: file:///home/sgass/Projects/kepler/hdl/rtl/ethernet/ethernet_crossbar.sv
2025-03-14 10:49:27.809 [info] [VerilogDocumentSymbolProvider] 1 top-level symbols returned
2025-03-14 10:49:28.437 [info] [VerilogDocumentSymbolProvider] [VerilogSymbol] Symbols Requested: file:///home/sgass/Projects/kepler/hdl/rtl/ethernet/ethernet_crossbar.sv
2025-03-14 10:49:28.444 [info] [VerilogDocumentSymbolProvider] 1 top-level symbols returned
2025-03-14 10:49:29.515 [info] [VerilogDocumentSymbolProvider] [VerilogSymbol] Symbols Requested: file:///home/sgass/Projects/kepler/hdl/rtl/ethernet/ethernet_crossbar.sv
2025-03-14 10:49:29.522 [info] [VerilogDocumentSymbolProvider] 1 top-level symbols returned
2025-03-14 10:49:30.555 [info] [VerilogDocumentSymbolProvider] [VerilogSymbol] Symbols Requested: file:///home/sgass/Projects/kepler/hdl/rtl/ethernet/ethernet_crossbar.sv
2025-03-14 10:49:30.561 [info] [VerilogDocumentSymbolProvider] 1 top-level symbols returned
2025-03-14 10:49:32.219 [info] [VerilogHoverProvider] Hover requested
2025-03-14 10:49:32.700 [warning] [VerilogHoverProvider] Hover object not found
2025-03-14 10:49:37.526 [info] [VerilogCompletionItemProvider] Completion items requested
2025-03-14 10:49:37.526 [info] [VerilogCompletionItemProvider] 126 items requested
2025-03-14 10:49:37.876 [info] [VerilogDocumentSymbolProvider] [VerilogSymbol] Symbols Requested: file:///home/sgass/Projects/kepler/hdl/rtl/ethernet/ethernet_crossbar.sv
2025-03-14 10:49:37.882 [info] [VerilogDocumentSymbolProvider] 1 top-level symbols returned
2025-03-14 10:49:40.012 [info] [VerilogDocumentSymbolProvider] [VerilogSymbol] Symbols Requested: file:///home/sgass/Projects/kepler/hdl/rtl/ethernet/ethernet_crossbar.sv
2025-03-14 10:49:40.018 [info] [VerilogDocumentSymbolProvider] 1 top-level symbols returned
2025-03-14 10:49:40.564 [info] [VerilogDocumentSymbolProvider] [VerilogSymbol] Symbols Requested: file:///home/sgass/Projects/kepler/hdl/rtl/ethernet/ethernet_crossbar.sv
2025-03-14 10:49:40.571 [info] [VerilogDocumentSymbolProvider] 1 top-level symbols returned
2025-03-14 10:49:54.230 [info] [VerilogDocumentSymbolProvider] [VerilogSymbol] Symbols Requested: file:///home/sgass/Projects/kepler/hdl/rtl/ethernet/ethernet_crossbar.sv
2025-03-14 10:49:54.236 [info] [VerilogDocumentSymbolProvider] 1 top-level symbols returned
2025-03-14 10:49:59.446 [info] [VerilogDocumentSymbolProvider] [VerilogSymbol] Symbols Requested: file:///home/sgass/Projects/kepler/hdl/rtl/ethernet/ethernet_crossbar.sv
2025-03-14 10:49:59.452 [info] [VerilogDocumentSymbolProvider] 1 top-level symbols returned
2025-03-14 10:50:02.890 [info] [VerilogDocumentSymbolProvider] [VerilogSymbol] Symbols Requested: file:///home/sgass/Projects/kepler/hdl/rtl/ethernet/ethernet_crossbar.sv
2025-03-14 10:50:02.896 [info] [VerilogDocumentSymbolProvider] 1 top-level symbols returned
2025-03-14 10:50:08.784 [info] [VerilogCompletionItemProvider] Completion items requested
2025-03-14 10:50:08.784 [info] [VerilogCompletionItemProvider] 126 items requested
2025-03-14 10:50:09.135 [info] [VerilogDocumentSymbolProvider] [VerilogSymbol] Symbols Requested: file:///home/sgass/Projects/kepler/hdl/rtl/ethernet/ethernet_crossbar.sv
2025-03-14 10:50:09.140 [info] [VerilogDocumentSymbolProvider] 1 top-level symbols returned
2025-03-14 10:50:09.981 [info] [VerilogDocumentSymbolProvider] [VerilogSymbol] Symbols Requested: file:///home/sgass/Projects/kepler/hdl/rtl/ethernet/ethernet_crossbar.sv
2025-03-14 10:50:09.989 [info] [VerilogDocumentSymbolProvider] 1 top-level symbols returned
2025-03-14 10:50:10.450 [info] [VerilogDocumentSymbolProvider] [VerilogSymbol] Symbols Requested: file:///home/sgass/Projects/kepler/hdl/rtl/ethernet/ethernet_crossbar.sv
2025-03-14 10:50:10.452 [info] [VerilogDocumentSymbolProvider] 1 top-level symbols returned
2025-03-14 10:50:16.336 [info] [VerilogCompletionItemProvider] Completion items requested
2025-03-14 10:50:16.337 [info] [VerilogCompletionItemProvider] 126 items requested
2025-03-14 10:50:17.189 [info] [VerilogDocumentSymbolProvider] [VerilogSymbol] Symbols Requested: file:///home/sgass/Projects/kepler/hdl/rtl/ethernet/ethernet_crossbar.sv
2025-03-14 10:50:17.194 [info] [VerilogDocumentSymbolProvider] 1 top-level symbols returned
2025-03-14 10:50:17.575 [info] [VerilogDocumentSymbolProvider] [VerilogSymbol] Symbols Requested: file:///home/sgass/Projects/kepler/hdl/rtl/ethernet/ethernet_crossbar.sv
2025-03-14 10:50:17.581 [info] [VerilogDocumentSymbolProvider] 1 top-level symbols returned
2025-03-14 10:50:19.936 [info] [VerilogHoverProvider] Hover requested
2025-03-14 10:50:20.367 [info] [VerilogHoverProvider] Hover object returned
2025-03-14 10:50:28.660 [info] [VerilogHoverProvider] Hover requested
2025-03-14 10:50:36.468 [info] [VerilogHoverProvider] Hover requested
2025-03-14 10:50:36.913 [info] [VerilogHoverProvider] Hover requested
2025-03-14 10:50:36.914 [info] [VerilogHoverProvider] Hover object returned
2025-03-14 10:50:44.394 [info] [VerilogDocumentSymbolProvider] [VerilogSymbol] Symbols Requested: file:///home/sgass/Projects/kepler/hdl/rtl/ethernet/ethernet_crossbar.sv
2025-03-14 10:50:44.401 [info] [VerilogDocumentSymbolProvider] 1 top-level symbols returned
2025-03-14 10:50:45.330 [info] [VerilogDocumentSymbolProvider] [VerilogSymbol] Symbols Requested: file:///home/sgass/Projects/kepler/hdl/rtl/ethernet/ethernet_crossbar.sv
2025-03-14 10:50:45.336 [info] [VerilogDocumentSymbolProvider] 1 top-level symbols returned
2025-03-14 10:50:49.671 [info] [VerilogDocumentSymbolProvider] [VerilogSymbol] Symbols Requested: file:///home/sgass/Projects/kepler/hdl/rtl/ethernet/ethernet_crossbar.sv
2025-03-14 10:50:49.678 [info] [VerilogDocumentSymbolProvider] 1 top-level symbols returned
2025-03-14 10:50:51.135 [info] [VerilogHoverProvider] Hover requested
2025-03-14 10:50:51.593 [info] [VerilogHoverProvider] Hover object returned
2025-03-14 10:50:53.083 [info] [VerilogHoverProvider] Hover requested
2025-03-14 10:50:54.729 [info] [VerilogHoverProvider] Hover requested
2025-03-14 10:50:54.729 [info] indexing "/home/sgass/Projects/kepler/hdl/rtl/ethernet/ethernet_to_axis.sv"
2025-03-14 10:50:54.729 [info] executing ctags
2025-03-14 10:50:54.729 [info] Executing Command: ctags -f - --fields=+K --sort=no --excmd=n --fields-SystemVerilog=+{parameter} "/home/sgass/Projects/kepler/hdl/rtl/ethernet/ethernet_to_axis.sv"
2025-03-14 10:50:54.742 [info] building symbols
2025-03-14 10:50:55.176 [info] [VerilogHoverProvider] Hover object returned
2025-03-14 10:50:56.485 [info] [VerilogHoverProvider] Hover requested
2025-03-14 10:50:56.920 [info] [VerilogHoverProvider] Hover object returned
2025-03-14 10:51:00.104 [info] [VerilogDocumentSymbolProvider] [VerilogSymbol] Symbols Requested: file:///home/sgass/Projects/kepler/hdl/rtl/ethernet/ethernet_to_axis.sv
2025-03-14 10:51:00.106 [info] [VerilogDocumentSymbolProvider] 1 top-level symbols returned
2025-03-14 10:51:01.471 [info] [VerilogDocumentSymbolProvider] [VerilogSymbol] Symbols Requested: file:///home/sgass/Projects/kepler/hdl/rtl/ethernet/ethernet_to_axis.sv
2025-03-14 10:51:01.473 [info] [VerilogDocumentSymbolProvider] 1 top-level symbols returned
2025-03-14 10:51:03.665 [info] [VerilogHoverProvider] Hover requested
2025-03-14 10:51:04.141 [warning] [VerilogHoverProvider] Hover object not found
2025-03-14 10:51:05.891 [info] [VerilogDocumentSymbolProvider] [VerilogSymbol] Symbols Requested: file:///home/sgass/Projects/kepler/hdl/rtl/ethernet/ethernet_to_axis.sv
2025-03-14 10:51:05.894 [info] [VerilogDocumentSymbolProvider] 1 top-level symbols returned
2025-03-14 10:51:09.014 [info] [VerilogDocumentSymbolProvider] [VerilogSymbol] Symbols Requested: file:///home/sgass/Projects/kepler/hdl/rtl/ethernet/ethernet_to_axis.sv
2025-03-14 10:51:09.016 [info] [VerilogDocumentSymbolProvider] 1 top-level symbols returned
2025-03-14 10:51:10.547 [info] [VerilogDocumentSymbolProvider] [VerilogSymbol] Symbols Requested: file:///home/sgass/Projects/kepler/hdl/rtl/ethernet/ethernet_to_axis.sv
2025-03-14 10:51:10.549 [info] [VerilogDocumentSymbolProvider] 1 top-level symbols returned
2025-03-14 10:51:11.713 [info] [VerilogDocumentSymbolProvider] [VerilogSymbol] Symbols Requested: file:///home/sgass/Projects/kepler/hdl/rtl/ethernet/ethernet_to_axis.sv
2025-03-14 10:51:11.714 [info] [VerilogDocumentSymbolProvider] 1 top-level symbols returned
2025-03-14 10:51:12.465 [info] [VerilogHoverProvider] Hover requested
2025-03-14 10:51:12.799 [info] [VerilogHoverProvider] Hover requested
2025-03-14 10:51:13.274 [info] [VerilogHoverProvider] Hover object returned
2025-03-14 10:51:14.050 [info] [VerilogHoverProvider] Hover requested
2025-03-14 10:51:14.555 [info] [VerilogHoverProvider] Hover object returned
2025-03-14 10:51:15.624 [info] [VerilogDocumentSymbolProvider] [VerilogSymbol] Symbols Requested: file:///home/sgass/Projects/kepler/hdl/rtl/ethernet/ethernet_to_axis.sv
2025-03-14 10:51:15.626 [info] [VerilogDocumentSymbolProvider] 1 top-level symbols returned
2025-03-14 10:51:16.649 [info] [VerilogHoverProvider] Hover requested
2025-03-14 10:51:17.951 [info] [VerilogHoverProvider] Hover requested
2025-03-14 10:51:18.339 [info] [VerilogHoverProvider] Hover requested
2025-03-14 10:51:18.372 [info] [VerilogHoverProvider] Hover object returned
2025-03-14 10:51:18.666 [info] [VerilogHoverProvider] Hover requested
2025-03-14 10:51:18.760 [info] [VerilogHoverProvider] Hover object returned
2025-03-14 10:51:19.063 [info] [VerilogHoverProvider] Hover requested
2025-03-14 10:51:19.071 [info] [VerilogHoverProvider] Hover object returned
2025-03-14 10:51:19.480 [info] [VerilogHoverProvider] Hover object returned
2025-03-14 10:51:23.069 [info] [VerilogDefinitionProvider] Definitions Requested: file:///home/sgass/Projects/kepler/hdl/rtl/ethernet/ethernet_to_axis.sv
2025-03-14 10:51:23.216 [info] on save
2025-03-14 10:51:23.480 [info] [VerilogDefinitionProvider] 1 definitions returned
2025-03-14 10:51:24.210 [info] [VerilogHoverProvider] Hover requested
2025-03-14 10:51:24.210 [info] indexing "/home/sgass/Projects/kepler/hdl/rtl/ethernet/ethernet_to_axis.sv"
2025-03-14 10:51:24.210 [info] executing ctags
2025-03-14 10:51:24.210 [info] Executing Command: ctags -f - --fields=+K --sort=no --excmd=n --fields-SystemVerilog=+{parameter} "/home/sgass/Projects/kepler/hdl/rtl/ethernet/ethernet_to_axis.sv"
2025-03-14 10:51:24.225 [info] building symbols
2025-03-14 10:51:24.640 [info] [VerilogHoverProvider] Hover object returned
2025-03-14 10:51:26.648 [info] [VerilogHoverProvider] Hover requested
2025-03-14 10:51:27.381 [info] [VerilogHoverProvider] Hover requested
2025-03-14 10:51:27.833 [info] [VerilogHoverProvider] Hover requested
2025-03-14 10:51:28.276 [info] [VerilogHoverProvider] Hover object returned
2025-03-14 10:51:28.397 [info] [VerilogHoverProvider] Hover requested
2025-03-14 10:51:28.554 [info] [VerilogHoverProvider] Hover requested
2025-03-14 10:51:28.855 [info] [VerilogHoverProvider] Hover object returned
2025-03-14 10:51:28.964 [info] [VerilogHoverProvider] Hover object returned
2025-03-14 10:51:30.616 [info] [VerilogHoverProvider] Hover requested
2025-03-14 10:51:30.918 [info] [VerilogHoverProvider] Hover requested
2025-03-14 10:51:33.913 [info] [VerilogDocumentSymbolProvider] [VerilogSymbol] Symbols Requested: file:///home/sgass/Projects/kepler/hdl/rtl/ethernet/ethernet_crossbar.sv
2025-03-14 10:51:33.920 [info] [VerilogDocumentSymbolProvider] 1 top-level symbols returned
2025-03-14 10:51:34.731 [info] [VerilogHoverProvider] Hover requested
2025-03-14 10:51:35.168 [info] [VerilogHoverProvider] Hover object returned
2025-03-14 10:51:35.279 [info] [VerilogHoverProvider] Hover requested
2025-03-14 10:51:35.726 [info] [VerilogHoverProvider] Hover object returned
2025-03-14 10:51:35.913 [info] [VerilogHoverProvider] Hover requested
2025-03-14 10:51:36.366 [info] [VerilogHoverProvider] Hover object returned
2025-03-14 10:51:36.829 [info] [VerilogHoverProvider] Hover requested
2025-03-14 10:51:37.161 [info] [VerilogHoverProvider] Hover requested
2025-03-14 10:51:37.264 [info] [VerilogHoverProvider] Hover object returned
2025-03-14 10:51:37.597 [info] [VerilogHoverProvider] Hover object returned
2025-03-14 10:51:38.267 [info] [VerilogHoverProvider] Hover requested
2025-03-14 10:51:38.512 [info] [VerilogDefinitionProvider] Definitions Requested: file:///home/sgass/Projects/kepler/hdl/rtl/ethernet/ethernet_crossbar.sv
2025-03-14 10:51:38.680 [info] [VerilogHoverProvider] Hover object returned
2025-03-14 10:51:38.914 [info] [VerilogDefinitionProvider] 1 definitions returned
2025-03-14 10:51:45.980 [info] [VerilogDocumentSymbolProvider] [VerilogSymbol] Symbols Requested: file:///home/sgass/Projects/kepler/hdl/rtl/ethernet/ethernet_crossbar.sv
2025-03-14 10:51:45.987 [info] [VerilogDocumentSymbolProvider] 1 top-level symbols returned
2025-03-14 10:51:47.581 [info] [VerilogDocumentSymbolProvider] [VerilogSymbol] Symbols Requested: file:///home/sgass/Projects/kepler/hdl/rtl/ethernet/ethernet_crossbar.sv
2025-03-14 10:51:47.587 [info] [VerilogDocumentSymbolProvider] 1 top-level symbols returned
2025-03-14 10:51:52.890 [info] [VerilogDocumentSymbolProvider] [VerilogSymbol] Symbols Requested: file:///home/sgass/Projects/kepler/hdl/rtl/ethernet/ethernet_crossbar.sv
2025-03-14 10:51:52.897 [info] [VerilogDocumentSymbolProvider] 1 top-level symbols returned
2025-03-14 10:51:53.743 [info] [VerilogDocumentSymbolProvider] [VerilogSymbol] Symbols Requested: file:///home/sgass/Projects/kepler/hdl/rtl/ethernet/ethernet_crossbar.sv
2025-03-14 10:51:53.750 [info] [VerilogDocumentSymbolProvider] 1 top-level symbols returned
2025-03-14 10:51:54.354 [info] [VerilogDocumentSymbolProvider] [VerilogSymbol] Symbols Requested: file:///home/sgass/Projects/kepler/hdl/rtl/ethernet/ethernet_crossbar.sv
2025-03-14 10:51:54.360 [info] [VerilogDocumentSymbolProvider] 1 top-level symbols returned
2025-03-14 10:51:55.214 [info] [VerilogHoverProvider] Hover requested
2025-03-14 10:51:55.626 [info] [VerilogHoverProvider] Hover object returned
2025-03-14 10:51:58.131 [info] [VerilogHoverProvider] Hover requested
2025-03-14 10:52:03.319 [info] [VerilogHoverProvider] Hover requested
2025-03-14 10:52:03.810 [warning] [VerilogHoverProvider] Hover object not found
2025-03-14 10:52:14.961 [info] [VerilogDocumentSymbolProvider] [VerilogSymbol] Symbols Requested: file:///home/sgass/Projects/kepler/hdl/rtl/ethernet/ethernet_crossbar.sv
2025-03-14 10:52:14.967 [info] [VerilogDocumentSymbolProvider] 1 top-level symbols returned
2025-03-14 10:52:16.569 [info] [VerilogDocumentSymbolProvider] [VerilogSymbol] Symbols Requested: file:///home/sgass/Projects/kepler/hdl/rtl/ethernet/ethernet_crossbar.sv
2025-03-14 10:52:16.575 [info] [VerilogDocumentSymbolProvider] 1 top-level symbols returned
2025-03-14 10:52:19.062 [info] [VerilogDocumentSymbolProvider] [VerilogSymbol] Symbols Requested: file:///home/sgass/Projects/kepler/hdl/rtl/ethernet/ethernet_crossbar.sv
2025-03-14 10:52:19.069 [info] [VerilogDocumentSymbolProvider] 1 top-level symbols returned
2025-03-14 10:52:20.607 [info] [VerilogDocumentSymbolProvider] [VerilogSymbol] Symbols Requested: file:///home/sgass/Projects/kepler/hdl/rtl/ethernet/ethernet_crossbar.sv
2025-03-14 10:52:20.613 [info] [VerilogDocumentSymbolProvider] 1 top-level symbols returned
2025-03-14 10:52:21.591 [info] [VerilogDocumentSymbolProvider] [VerilogSymbol] Symbols Requested: file:///home/sgass/Projects/kepler/hdl/rtl/ethernet/ethernet_crossbar.sv
2025-03-14 10:52:21.597 [info] [VerilogDocumentSymbolProvider] 1 top-level symbols returned
2025-03-14 10:52:26.656 [info] [VerilogDocumentSymbolProvider] [VerilogSymbol] Symbols Requested: file:///home/sgass/Projects/kepler/hdl/rtl/ethernet/ethernet_crossbar.sv
2025-03-14 10:52:26.662 [info] [VerilogDocumentSymbolProvider] 1 top-level symbols returned
2025-03-14 10:52:34.549 [info] [VerilogDocumentSymbolProvider] [VerilogSymbol] Symbols Requested: file:///home/sgass/Projects/kepler/hdl/rtl/ethernet/ethernet_crossbar.sv
2025-03-14 10:52:34.556 [info] [VerilogDocumentSymbolProvider] 1 top-level symbols returned
2025-03-14 10:52:36.414 [info] [VerilogDocumentSymbolProvider] [VerilogSymbol] Symbols Requested: file:///home/sgass/Projects/kepler/hdl/rtl/ethernet/ethernet_crossbar.sv
2025-03-14 10:52:36.421 [info] [VerilogDocumentSymbolProvider] 1 top-level symbols returned
2025-03-14 10:52:37.426 [info] [VerilogDocumentSymbolProvider] [VerilogSymbol] Symbols Requested: file:///home/sgass/Projects/kepler/hdl/rtl/ethernet/ethernet_crossbar.sv
2025-03-14 10:52:37.432 [info] [VerilogDocumentSymbolProvider] 1 top-level symbols returned
2025-03-14 10:52:38.463 [info] [VerilogHoverProvider] Hover requested
2025-03-14 10:52:38.909 [warning] [VerilogHoverProvider] Hover object not found
2025-03-14 10:52:46.427 [info] [VerilogCompletionItemProvider] Completion items requested
2025-03-14 10:52:46.427 [info] [VerilogCompletionItemProvider] 126 items requested
2025-03-14 10:52:47.298 [info] [VerilogDocumentSymbolProvider] [VerilogSymbol] Symbols Requested: file:///home/sgass/Projects/kepler/hdl/rtl/ethernet/ethernet_crossbar.sv
2025-03-14 10:52:47.304 [info] [VerilogDocumentSymbolProvider] 1 top-level symbols returned
2025-03-14 10:52:50.850 [info] [VerilogCompletionItemProvider] Completion items requested
2025-03-14 10:52:50.850 [info] [VerilogCompletionItemProvider] 126 items requested
2025-03-14 10:52:51.647 [info] [VerilogDocumentSymbolProvider] [VerilogSymbol] Symbols Requested: file:///home/sgass/Projects/kepler/hdl/rtl/ethernet/ethernet_crossbar.sv
2025-03-14 10:52:51.653 [info] [VerilogDocumentSymbolProvider] 1 top-level symbols returned
2025-03-14 10:52:52.466 [info] [VerilogDocumentSymbolProvider] [VerilogSymbol] Symbols Requested: file:///home/sgass/Projects/kepler/hdl/rtl/ethernet/ethernet_crossbar.sv
2025-03-14 10:52:52.473 [info] [VerilogDocumentSymbolProvider] 1 top-level symbols returned
2025-03-14 10:52:55.361 [info] [VerilogHoverProvider] Hover requested
2025-03-14 10:52:55.791 [info] [VerilogHoverProvider] Hover object returned
2025-03-14 10:52:55.994 [info] [VerilogHoverProvider] Hover requested
2025-03-14 10:52:56.400 [warning] [VerilogHoverProvider] Hover object not found
2025-03-14 10:53:04.078 [info] [VerilogHoverProvider] Hover requested
2025-03-14 10:53:04.746 [info] [VerilogHoverProvider] Hover requested
2025-03-14 10:53:04.946 [info] [VerilogHoverProvider] Hover requested
2025-03-14 10:53:05.195 [info] [VerilogHoverProvider] Hover requested
2025-03-14 10:53:05.230 [warning] [VerilogHoverProvider] Hover object not found
2025-03-14 10:53:05.350 [warning] [VerilogHoverProvider] Hover object not found
2025-03-14 10:53:06.480 [info] [VerilogDocumentSymbolProvider] [VerilogSymbol] Symbols Requested: file:///home/sgass/Projects/kepler/hdl/rtl/ethernet/ethernet_crossbar.sv
2025-03-14 10:53:06.486 [info] [VerilogDocumentSymbolProvider] 1 top-level symbols returned
2025-03-14 10:53:07.093 [info] [VerilogHoverProvider] Hover requested
2025-03-14 10:53:07.612 [info] [VerilogHoverProvider] Hover object returned
2025-03-14 10:53:09.743 [info] [VerilogDocumentSymbolProvider] [VerilogSymbol] Symbols Requested: file:///home/sgass/Projects/kepler/hdl/rtl/ethernet/ethernet_crossbar.sv
2025-03-14 10:53:09.749 [info] [VerilogDocumentSymbolProvider] 1 top-level symbols returned
2025-03-14 10:53:10.882 [info] [VerilogDocumentSymbolProvider] [VerilogSymbol] Symbols Requested: file:///home/sgass/Projects/kepler/hdl/rtl/ethernet/ethernet_crossbar.sv
2025-03-14 10:53:10.888 [info] [VerilogDocumentSymbolProvider] 1 top-level symbols returned
2025-03-14 10:53:13.231 [info] [VerilogDocumentSymbolProvider] [VerilogSymbol] Symbols Requested: file:///home/sgass/Projects/kepler/hdl/rtl/ethernet/ethernet_crossbar.sv
2025-03-14 10:53:13.237 [info] [VerilogDocumentSymbolProvider] 1 top-level symbols returned
2025-03-14 10:53:13.930 [info] [VerilogDocumentSymbolProvider] [VerilogSymbol] Symbols Requested: file:///home/sgass/Projects/kepler/hdl/rtl/ethernet/ethernet_crossbar.sv
2025-03-14 10:53:13.936 [info] [VerilogDocumentSymbolProvider] 1 top-level symbols returned
2025-03-14 10:53:17.660 [info] [VerilogHoverProvider] Hover requested
2025-03-14 10:53:18.067 [info] [VerilogHoverProvider] Hover object returned
2025-03-14 10:53:18.755 [info] [VerilogHoverProvider] Hover requested
2025-03-14 10:53:19.110 [info] [VerilogHoverProvider] Hover requested
2025-03-14 10:53:20.746 [info] [VerilogHoverProvider] Hover requested
2025-03-14 10:53:23.581 [info] [VerilogDocumentSymbolProvider] [VerilogSymbol] Symbols Requested: file:///home/sgass/Projects/kepler/hdl/rtl/ethernet/ethernet_crossbar.sv
2025-03-14 10:53:23.588 [info] [VerilogDocumentSymbolProvider] 1 top-level symbols returned
2025-03-14 10:53:24.310 [info] [VerilogHoverProvider] Hover requested
2025-03-14 10:53:24.729 [warning] [VerilogHoverProvider] Hover object not found
2025-03-14 10:53:25.826 [info] [VerilogHoverProvider] Hover requested
2025-03-14 10:53:26.271 [warning] [VerilogHoverProvider] Hover object not found
2025-03-14 10:53:27.693 [info] [VerilogDocumentSymbolProvider] [VerilogSymbol] Symbols Requested: file:///home/sgass/Projects/kepler/hdl/rtl/ethernet/ethernet_crossbar.sv
2025-03-14 10:53:27.699 [info] [VerilogDocumentSymbolProvider] 1 top-level symbols returned
2025-03-14 10:53:30.767 [info] [VerilogDocumentSymbolProvider] [VerilogSymbol] Symbols Requested: file:///home/sgass/Projects/kepler/hdl/rtl/ethernet/ethernet_crossbar.sv
2025-03-14 10:53:30.774 [info] [VerilogDocumentSymbolProvider] 1 top-level symbols returned
2025-03-14 10:53:31.429 [info] [VerilogHoverProvider] Hover requested
2025-03-14 10:53:31.916 [info] [VerilogHoverProvider] Hover object returned
2025-03-14 10:53:34.565 [info] [VerilogDocumentSymbolProvider] [VerilogSymbol] Symbols Requested: file:///home/sgass/Projects/kepler/hdl/rtl/ethernet/ethernet_crossbar.sv
2025-03-14 10:53:34.570 [info] [VerilogDocumentSymbolProvider] 1 top-level symbols returned
2025-03-14 10:53:34.918 [info] [VerilogDocumentSymbolProvider] [VerilogSymbol] Symbols Requested: file:///home/sgass/Projects/kepler/hdl/rtl/ethernet/ethernet_crossbar.sv
2025-03-14 10:53:34.925 [info] [VerilogDocumentSymbolProvider] 1 top-level symbols returned
2025-03-14 10:53:36.516 [info] [VerilogHoverProvider] Hover requested
2025-03-14 10:54:01.896 [info] [VerilogDocumentSymbolProvider] [VerilogSymbol] Symbols Requested: file:///home/sgass/Projects/kepler/hdl/rtl/ethernet/ethernet_crossbar.sv
2025-03-14 10:54:01.898 [info] [VerilogDocumentSymbolProvider] 1 top-level symbols returned
2025-03-14 10:54:03.421 [info] [VerilogDocumentSymbolProvider] [VerilogSymbol] Symbols Requested: file:///home/sgass/Projects/kepler/hdl/rtl/ethernet/ethernet_crossbar.sv
2025-03-14 10:54:03.427 [info] [VerilogDocumentSymbolProvider] 1 top-level symbols returned
2025-03-14 10:54:10.089 [info] [VerilogDocumentSymbolProvider] [VerilogSymbol] Symbols Requested: file:///home/sgass/Projects/kepler/hdl/rtl/ethernet/ethernet_crossbar.sv
2025-03-14 10:54:10.096 [info] [VerilogDocumentSymbolProvider] 1 top-level symbols returned
2025-03-14 10:54:12.025 [info] [VerilogHoverProvider] Hover requested
2025-03-14 10:54:12.607 [info] [VerilogHoverProvider] Hover requested
2025-03-14 10:54:13.049 [info] [VerilogDocumentSymbolProvider] [VerilogSymbol] Symbols Requested: file:///home/sgass/Projects/kepler/hdl/rtl/ethernet/ethernet_crossbar.sv
2025-03-14 10:54:13.055 [info] [VerilogDocumentSymbolProvider] 1 top-level symbols returned
2025-03-14 10:54:16.624 [info] [VerilogDocumentSymbolProvider] [VerilogSymbol] Symbols Requested: file:///home/sgass/Projects/kepler/hdl/rtl/ethernet/ethernet_crossbar.sv
2025-03-14 10:54:16.630 [info] [VerilogDocumentSymbolProvider] 1 top-level symbols returned
2025-03-14 10:54:20.417 [info] [VerilogDocumentSymbolProvider] [VerilogSymbol] Symbols Requested: file:///home/sgass/Projects/kepler/hdl/rtl/ethernet/ethernet_crossbar.sv
2025-03-14 10:54:20.424 [info] [VerilogDocumentSymbolProvider] 1 top-level symbols returned
2025-03-14 10:54:21.177 [info] [VerilogDocumentSymbolProvider] [VerilogSymbol] Symbols Requested: file:///home/sgass/Projects/kepler/hdl/rtl/ethernet/ethernet_crossbar.sv
2025-03-14 10:54:21.184 [info] [VerilogDocumentSymbolProvider] 1 top-level symbols returned
2025-03-14 10:54:21.890 [info] [VerilogHoverProvider] Hover requested
2025-03-14 10:54:26.645 [info] [VerilogDocumentSymbolProvider] [VerilogSymbol] Symbols Requested: file:///home/sgass/Projects/kepler/hdl/rtl/ethernet/ethernet_crossbar.sv
2025-03-14 10:54:26.652 [info] [VerilogDocumentSymbolProvider] 1 top-level symbols returned
2025-03-14 10:54:28.780 [info] [VerilogDocumentSymbolProvider] [VerilogSymbol] Symbols Requested: file:///home/sgass/Projects/kepler/hdl/rtl/ethernet/ethernet_crossbar.sv
2025-03-14 10:54:28.787 [info] [VerilogDocumentSymbolProvider] 1 top-level symbols returned
2025-03-14 10:54:30.191 [info] [VerilogHoverProvider] Hover requested
2025-03-14 10:54:30.621 [info] [VerilogHoverProvider] Hover object returned
2025-03-14 10:54:33.033 [info] [VerilogDocumentSymbolProvider] [VerilogSymbol] Symbols Requested: file:///home/sgass/Projects/kepler/hdl/rtl/ethernet/ethernet_crossbar.sv
2025-03-14 10:54:33.039 [info] [VerilogDocumentSymbolProvider] 1 top-level symbols returned
2025-03-14 10:54:33.521 [info] [VerilogDocumentSymbolProvider] [VerilogSymbol] Symbols Requested: file:///home/sgass/Projects/kepler/hdl/rtl/ethernet/ethernet_crossbar.sv
2025-03-14 10:54:33.527 [info] [VerilogDocumentSymbolProvider] 1 top-level symbols returned
2025-03-14 10:54:37.940 [info] [VerilogDocumentSymbolProvider] [VerilogSymbol] Symbols Requested: file:///home/sgass/Projects/kepler/hdl/rtl/ethernet/ethernet_crossbar.sv
2025-03-14 10:54:37.946 [info] [VerilogDocumentSymbolProvider] 1 top-level symbols returned
2025-03-14 10:54:38.852 [info] [VerilogDocumentSymbolProvider] [VerilogSymbol] Symbols Requested: file:///home/sgass/Projects/kepler/hdl/rtl/ethernet/ethernet_crossbar.sv
2025-03-14 10:54:38.858 [info] [VerilogDocumentSymbolProvider] 1 top-level symbols returned
2025-03-14 10:54:39.522 [info] [VerilogHoverProvider] Hover requested
2025-03-14 10:54:43.240 [info] [VerilogDocumentSymbolProvider] [VerilogSymbol] Symbols Requested: file:///home/sgass/Projects/kepler/hdl/rtl/ethernet/ethernet_crossbar.sv
2025-03-14 10:54:43.247 [info] [VerilogDocumentSymbolProvider] 1 top-level symbols returned
2025-03-14 10:54:43.906 [info] [VerilogHoverProvider] Hover requested
2025-03-14 10:54:44.370 [warning] [VerilogHoverProvider] Hover object not found
2025-03-14 10:54:46.193 [info] [VerilogHoverProvider] Hover requested
2025-03-14 10:54:46.632 [warning] [VerilogHoverProvider] Hover object not found
2025-03-14 10:54:50.058 [info] [VerilogHoverProvider] Hover requested
2025-03-14 10:54:50.502 [info] [VerilogHoverProvider] Hover object returned
2025-03-14 10:54:50.540 [info] [VerilogHoverProvider] Hover requested
2025-03-14 10:54:50.995 [warning] [VerilogHoverProvider] Hover object not found
2025-03-14 10:54:53.815 [info] [VerilogDocumentSymbolProvider] [VerilogSymbol] Symbols Requested: file:///home/sgass/Projects/kepler/hdl/rtl/ethernet/ethernet_crossbar.sv
2025-03-14 10:54:53.822 [info] [VerilogDocumentSymbolProvider] 1 top-level symbols returned
2025-03-14 10:54:54.219 [info] [VerilogDocumentSymbolProvider] [VerilogSymbol] Symbols Requested: file:///home/sgass/Projects/kepler/hdl/rtl/ethernet/ethernet_crossbar.sv
2025-03-14 10:54:54.225 [info] [VerilogDocumentSymbolProvider] 1 top-level symbols returned
2025-03-14 10:54:54.595 [info] [VerilogDocumentSymbolProvider] [VerilogSymbol] Symbols Requested: file:///home/sgass/Projects/kepler/hdl/rtl/ethernet/ethernet_crossbar.sv
2025-03-14 10:54:54.602 [info] [VerilogDocumentSymbolProvider] 1 top-level symbols returned
2025-03-14 10:54:55.522 [info] [VerilogHoverProvider] Hover requested
2025-03-14 10:54:55.945 [warning] [VerilogHoverProvider] Hover object not found
2025-03-14 10:55:09.375 [info] [VerilogDocumentSymbolProvider] [VerilogSymbol] Symbols Requested: file:///home/sgass/Projects/kepler/hdl/rtl/ethernet/ethernet_crossbar.sv
2025-03-14 10:55:09.381 [info] [VerilogDocumentSymbolProvider] 1 top-level symbols returned
2025-03-14 10:55:11.264 [info] on save
2025-03-14 10:55:11.616 [info] [VerilogDocumentSymbolProvider] [VerilogSymbol] Symbols Requested: file:///home/sgass/Projects/kepler/hdl/rtl/ethernet/ethernet_crossbar.sv
2025-03-14 10:55:11.616 [info] indexing "/home/sgass/Projects/kepler/hdl/rtl/ethernet/ethernet_crossbar.sv"
2025-03-14 10:55:11.616 [info] executing ctags
2025-03-14 10:55:11.616 [info] Executing Command: ctags -f - --fields=+K --sort=no --excmd=n --fields-SystemVerilog=+{parameter} "/home/sgass/Projects/kepler/hdl/rtl/ethernet/ethernet_crossbar.sv"
2025-03-14 10:55:11.622 [info] building symbols
2025-03-14 10:55:11.626 [info] [VerilogDocumentSymbolProvider] 1 top-level symbols returned
2025-03-14 10:56:35.925 [info] [VerilogDocumentSymbolProvider] [VerilogSymbol] Symbols Requested: file:///home/sgass/Projects/kepler/hdl/rtl/ethernet/ethernet_crossbar.sv
2025-03-14 10:56:35.929 [info] [VerilogDocumentSymbolProvider] 1 top-level symbols returned
2025-03-14 10:56:38.793 [info] [VerilogDocumentSymbolProvider] [VerilogSymbol] Symbols Requested: file:///home/sgass/Projects/kepler/hdl/rtl/ethernet/ethernet_crossbar.sv
2025-03-14 10:56:38.798 [info] [VerilogDocumentSymbolProvider] 1 top-level symbols returned
2025-03-14 10:56:40.483 [info] [VerilogDocumentSymbolProvider] [VerilogSymbol] Symbols Requested: file:///home/sgass/Projects/kepler/hdl/rtl/ethernet/ethernet_crossbar.sv
2025-03-14 10:56:40.487 [info] [VerilogDocumentSymbolProvider] 1 top-level symbols returned
2025-03-14 10:56:42.019 [info] [VerilogHoverProvider] Hover requested
2025-03-14 10:56:42.438 [info] [VerilogHoverProvider] Hover object returned
2025-03-14 10:56:45.405 [info] [VerilogHoverProvider] Hover requested
2025-03-14 10:56:45.817 [info] [VerilogDefinitionProvider] Definitions Requested: file:///home/sgass/Projects/kepler/hdl/rtl/ethernet/ethernet_crossbar.sv
2025-03-14 10:56:45.818 [info] [VerilogHoverProvider] Hover object returned
2025-03-14 10:56:46.223 [info] [VerilogDefinitionProvider] 1 definitions returned
2025-03-14 10:56:46.789 [info] [VerilogDocumentSymbolProvider] [VerilogSymbol] Symbols Requested: file:///home/sgass/Projects/kepler/hdl/rtl/ethernet/ethernet_crossbar.sv
2025-03-14 10:56:46.794 [info] [VerilogDocumentSymbolProvider] 1 top-level symbols returned
2025-03-14 10:56:48.201 [info] [VerilogDocumentSymbolProvider] [VerilogSymbol] Symbols Requested: file:///home/sgass/Projects/kepler/hdl/rtl/ethernet/ethernet_crossbar.sv
2025-03-14 10:56:48.206 [info] [VerilogDocumentSymbolProvider] 1 top-level symbols returned
2025-03-14 10:56:50.338 [info] [VerilogDocumentSymbolProvider] [VerilogSymbol] Symbols Requested: file:///home/sgass/Projects/kepler/hdl/rtl/ethernet/ethernet_crossbar.sv
2025-03-14 10:56:50.343 [info] [VerilogDocumentSymbolProvider] 1 top-level symbols returned
2025-03-14 10:56:53.210 [info] [VerilogDocumentSymbolProvider] [VerilogSymbol] Symbols Requested: file:///home/sgass/Projects/kepler/hdl/rtl/ethernet/ethernet_crossbar.sv
2025-03-14 10:56:53.215 [info] [VerilogDocumentSymbolProvider] 1 top-level symbols returned
2025-03-14 10:56:54.844 [info] [VerilogDocumentSymbolProvider] [VerilogSymbol] Symbols Requested: file:///home/sgass/Projects/kepler/hdl/rtl/ethernet/ethernet_crossbar.sv
2025-03-14 10:56:54.849 [info] [VerilogDocumentSymbolProvider] 1 top-level symbols returned
2025-03-14 10:56:56.472 [info] [VerilogDocumentSymbolProvider] [VerilogSymbol] Symbols Requested: file:///home/sgass/Projects/kepler/hdl/rtl/ethernet/ethernet_crossbar.sv
2025-03-14 10:56:56.477 [info] [VerilogDocumentSymbolProvider] 1 top-level symbols returned
2025-03-14 10:56:56.979 [info] [VerilogDocumentSymbolProvider] [VerilogSymbol] Symbols Requested: file:///home/sgass/Projects/kepler/hdl/rtl/ethernet/ethernet_crossbar.sv
2025-03-14 10:56:56.984 [info] [VerilogDocumentSymbolProvider] 1 top-level symbols returned
2025-03-14 10:56:57.638 [info] [VerilogDocumentSymbolProvider] [VerilogSymbol] Symbols Requested: file:///home/sgass/Projects/kepler/hdl/rtl/ethernet/ethernet_crossbar.sv
2025-03-14 10:56:57.643 [info] [VerilogDocumentSymbolProvider] 1 top-level symbols returned
2025-03-14 10:57:00.867 [info] [VerilogDocumentSymbolProvider] [VerilogSymbol] Symbols Requested: file:///home/sgass/Projects/kepler/hdl/rtl/ethernet/ethernet_crossbar.sv
2025-03-14 10:57:00.872 [info] [VerilogDocumentSymbolProvider] 1 top-level symbols returned
2025-03-14 10:57:22.196 [info] [VerilogDocumentSymbolProvider] [VerilogSymbol] Symbols Requested: file:///home/sgass/Projects/kepler/hdl/rtl/ethernet/ethernet_crossbar_ref.sv
2025-03-14 10:57:22.196 [info] indexing "/home/sgass/Projects/kepler/hdl/rtl/ethernet/ethernet_crossbar_ref.sv"
2025-03-14 10:57:22.196 [info] executing ctags
2025-03-14 10:57:22.196 [info] Executing Command: ctags -f - --fields=+K --sort=no --excmd=n --fields-SystemVerilog=+{parameter} "/home/sgass/Projects/kepler/hdl/rtl/ethernet/ethernet_crossbar_ref.sv"
2025-03-14 10:57:22.199 [info] building symbols
2025-03-14 10:57:22.202 [info] [VerilogDocumentSymbolProvider] 1 top-level symbols returned
2025-03-14 10:57:28.156 [info] [VerilogHoverProvider] Hover requested
2025-03-14 10:57:28.656 [warning] [VerilogHoverProvider] Hover object not found
2025-03-14 10:57:31.026 [info] [VerilogHoverProvider] Hover requested
2025-03-14 10:57:31.464 [info] [VerilogHoverProvider] Hover object returned
2025-03-14 10:57:52.152 [info] [VerilogHoverProvider] Hover requested
2025-03-14 10:57:52.607 [info] [VerilogHoverProvider] Hover object returned
2025-03-14 10:57:55.467 [info] [VerilogHoverProvider] Hover requested
2025-03-14 10:58:01.404 [info] [VerilogHoverProvider] Hover requested
2025-03-14 10:58:01.844 [info] [VerilogHoverProvider] Hover object returned
2025-03-14 10:58:02.171 [info] [VerilogHoverProvider] Hover requested
2025-03-14 10:58:02.525 [info] [VerilogHoverProvider] Hover requested
2025-03-14 10:58:02.962 [info] [VerilogHoverProvider] Hover requested
2025-03-14 10:58:03.488 [info] [VerilogDocumentSymbolProvider] [VerilogSymbol] Symbols Requested: file:///home/sgass/Projects/kepler/hdl/rtl/ethernet/ethernet_crossbar.sv
2025-03-14 10:58:03.491 [info] [VerilogDocumentSymbolProvider] 1 top-level symbols returned
2025-03-14 10:58:03.844 [info] [VerilogDocumentSymbolProvider] [VerilogSymbol] Symbols Requested: file:///home/sgass/Projects/kepler/hdl/rtl/ethernet/ethernet_crossbar.sv
2025-03-14 10:58:03.848 [info] [VerilogDocumentSymbolProvider] 1 top-level symbols returned
2025-03-14 10:58:04.693 [info] [VerilogDocumentSymbolProvider] [VerilogSymbol] Symbols Requested: file:///home/sgass/Projects/kepler/hdl/rtl/ethernet/ethernet_crossbar.sv
2025-03-14 10:58:04.699 [info] [VerilogDocumentSymbolProvider] 1 top-level symbols returned
2025-03-14 10:58:05.551 [info] [VerilogHoverProvider] Hover requested
2025-03-14 10:58:06.251 [info] [VerilogHoverProvider] Hover requested
2025-03-14 10:58:06.643 [info] [VerilogHoverProvider] Hover object returned
2025-03-14 10:58:08.161 [info] [VerilogDocumentSymbolProvider] [VerilogSymbol] Symbols Requested: file:///home/sgass/Projects/kepler/hdl/rtl/ethernet/ethernet_crossbar.sv
2025-03-14 10:58:08.166 [info] [VerilogDocumentSymbolProvider] 1 top-level symbols returned
2025-03-14 10:58:09.745 [info] [VerilogCompletionItemProvider] Completion items requested
2025-03-14 10:58:09.745 [info] [VerilogCompletionItemProvider] 111 items requested
2025-03-14 10:58:10.412 [info] [VerilogDocumentSymbolProvider] [VerilogSymbol] Symbols Requested: file:///home/sgass/Projects/kepler/hdl/rtl/ethernet/ethernet_crossbar.sv
2025-03-14 10:58:10.415 [info] [VerilogDocumentSymbolProvider] 1 top-level symbols returned
2025-03-14 10:58:11.192 [info] [VerilogDocumentSymbolProvider] [VerilogSymbol] Symbols Requested: file:///home/sgass/Projects/kepler/hdl/rtl/ethernet/ethernet_crossbar.sv
2025-03-14 10:58:11.198 [info] [VerilogDocumentSymbolProvider] 1 top-level symbols returned
2025-03-14 10:58:12.193 [info] [VerilogDocumentSymbolProvider] [VerilogSymbol] Symbols Requested: file:///home/sgass/Projects/kepler/hdl/rtl/ethernet/ethernet_crossbar.sv
2025-03-14 10:58:12.198 [info] [VerilogDocumentSymbolProvider] 1 top-level symbols returned
2025-03-14 10:58:12.626 [info] [VerilogCompletionItemProvider] Completion items requested
2025-03-14 10:58:12.626 [info] [VerilogCompletionItemProvider] 111 items requested
2025-03-14 10:58:12.959 [info] [VerilogDocumentSymbolProvider] [VerilogSymbol] Symbols Requested: file:///home/sgass/Projects/kepler/hdl/rtl/ethernet/ethernet_crossbar.sv
2025-03-14 10:58:12.964 [info] [VerilogDocumentSymbolProvider] 1 top-level symbols returned
2025-03-14 10:58:13.256 [info] [VerilogCompletionItemProvider] Completion items requested
2025-03-14 10:58:13.256 [info] [VerilogCompletionItemProvider] 111 items requested
2025-03-14 10:58:13.473 [info] [VerilogCompletionItemProvider] Completion items requested
2025-03-14 10:58:13.473 [info] [VerilogCompletionItemProvider] 111 items requested
2025-03-14 10:58:13.579 [info] [VerilogCompletionItemProvider] Completion items requested
2025-03-14 10:58:13.579 [info] [VerilogCompletionItemProvider] 111 items requested
2025-03-14 10:58:13.892 [info] [VerilogCompletionItemProvider] Completion items requested
2025-03-14 10:58:13.892 [info] [VerilogCompletionItemProvider] 111 items requested
2025-03-14 10:58:14.039 [info] [VerilogCompletionItemProvider] Completion items requested
2025-03-14 10:58:14.039 [info] [VerilogCompletionItemProvider] 111 items requested
2025-03-14 10:58:14.237 [info] [VerilogCompletionItemProvider] Completion items requested
2025-03-14 10:58:14.238 [info] [VerilogCompletionItemProvider] 111 items requested
2025-03-14 10:58:14.352 [info] [VerilogCompletionItemProvider] Completion items requested
2025-03-14 10:58:14.352 [info] [VerilogCompletionItemProvider] 111 items requested
2025-03-14 10:58:14.485 [info] [VerilogCompletionItemProvider] Completion items requested
2025-03-14 10:58:14.486 [info] [VerilogCompletionItemProvider] 111 items requested
2025-03-14 10:58:14.826 [info] [VerilogDocumentSymbolProvider] [VerilogSymbol] Symbols Requested: file:///home/sgass/Projects/kepler/hdl/rtl/ethernet/ethernet_crossbar.sv
2025-03-14 10:58:14.831 [info] [VerilogDocumentSymbolProvider] 1 top-level symbols returned
2025-03-14 10:58:16.232 [info] [VerilogHoverProvider] Hover requested
2025-03-14 10:58:16.640 [warning] [VerilogHoverProvider] Hover object not found
2025-03-14 10:58:17.224 [info] [VerilogDocumentSymbolProvider] [VerilogSymbol] Symbols Requested: file:///home/sgass/Projects/kepler/hdl/rtl/ethernet/ethernet_crossbar.sv
2025-03-14 10:58:17.225 [info] [VerilogDocumentSymbolProvider] 1 top-level symbols returned
2025-03-14 10:58:18.100 [info] [VerilogHoverProvider] Hover requested
2025-03-14 10:58:18.539 [info] [VerilogHoverProvider] Hover object returned
2025-03-14 10:58:22.402 [info] [VerilogHoverProvider] Hover requested
2025-03-14 10:58:22.855 [warning] [VerilogHoverProvider] Hover object not found
2025-03-14 10:58:23.950 [info] [VerilogDocumentSymbolProvider] [VerilogSymbol] Symbols Requested: file:///home/sgass/Projects/kepler/hdl/rtl/ethernet/ethernet_crossbar.sv
2025-03-14 10:58:23.955 [info] [VerilogDocumentSymbolProvider] 1 top-level symbols returned
2025-03-14 10:58:24.941 [info] [VerilogDocumentSymbolProvider] [VerilogSymbol] Symbols Requested: file:///home/sgass/Projects/kepler/hdl/rtl/ethernet/ethernet_crossbar.sv
2025-03-14 10:58:24.946 [info] [VerilogDocumentSymbolProvider] 1 top-level symbols returned
2025-03-14 10:58:25.600 [info] [VerilogHoverProvider] Hover requested
2025-03-14 10:58:26.036 [info] [VerilogHoverProvider] Hover object returned
2025-03-14 10:58:27.789 [info] [VerilogHoverProvider] Hover requested
2025-03-14 10:58:28.149 [info] [VerilogHoverProvider] Hover requested
2025-03-14 10:58:29.734 [info] [VerilogHoverProvider] Hover requested
2025-03-14 10:58:30.163 [info] [VerilogHoverProvider] Hover object returned
2025-03-14 10:58:31.600 [info] [VerilogHoverProvider] Hover requested
2025-03-14 10:58:32.093 [warning] [VerilogHoverProvider] Hover object not found
2025-03-14 10:58:32.266 [info] [VerilogHoverProvider] Hover requested
2025-03-14 10:58:32.715 [info] [VerilogHoverProvider] Hover object returned
2025-03-14 10:58:33.055 [info] [VerilogDocumentSymbolProvider] [VerilogSymbol] Symbols Requested: file:///home/sgass/Projects/kepler/hdl/rtl/ethernet/ethernet_crossbar.sv
2025-03-14 10:58:33.060 [info] [VerilogDocumentSymbolProvider] 1 top-level symbols returned
2025-03-14 10:58:33.374 [info] [VerilogCompletionItemProvider] Completion items requested
2025-03-14 10:58:33.374 [info] [VerilogCompletionItemProvider] 111 items requested
2025-03-14 10:58:34.196 [info] [VerilogDocumentSymbolProvider] [VerilogSymbol] Symbols Requested: file:///home/sgass/Projects/kepler/hdl/rtl/ethernet/ethernet_crossbar.sv
2025-03-14 10:58:34.200 [info] [VerilogDocumentSymbolProvider] 1 top-level symbols returned
2025-03-14 10:58:38.583 [info] [VerilogHoverProvider] Hover requested
2025-03-14 10:58:38.880 [info] [VerilogHoverProvider] Hover requested
2025-03-14 10:58:39.027 [info] [VerilogHoverProvider] Hover object returned
2025-03-14 10:58:39.068 [info] [VerilogHoverProvider] Hover requested
2025-03-14 10:58:39.298 [info] [VerilogHoverProvider] Hover object returned
2025-03-14 10:58:39.479 [info] [VerilogHoverProvider] Hover object returned
2025-03-14 10:58:39.693 [info] [VerilogHoverProvider] Hover requested
2025-03-14 10:58:40.121 [info] [VerilogHoverProvider] Hover object returned
2025-03-14 10:58:40.252 [info] [VerilogHoverProvider] Hover requested
2025-03-14 10:58:40.636 [info] [VerilogHoverProvider] Hover requested
2025-03-14 10:58:40.665 [info] [VerilogHoverProvider] Hover object returned
2025-03-14 10:58:41.082 [info] [VerilogHoverProvider] Hover object returned
2025-03-14 10:58:42.297 [info] [VerilogHoverProvider] Hover requested
2025-03-14 10:58:42.744 [info] [VerilogHoverProvider] Hover requested
2025-03-14 10:58:42.759 [info] [VerilogHoverProvider] Hover object returned
2025-03-14 10:58:43.180 [info] [VerilogHoverProvider] Hover object returned
2025-03-14 10:58:44.098 [info] [VerilogHoverProvider] Hover requested
2025-03-14 10:58:50.639 [info] [VerilogDocumentSymbolProvider] [VerilogSymbol] Symbols Requested: file:///home/sgass/Projects/kepler/hdl/rtl/ethernet/ethernet_crossbar.sv
2025-03-14 10:58:50.644 [info] [VerilogDocumentSymbolProvider] 1 top-level symbols returned
2025-03-14 10:58:51.009 [info] [VerilogDocumentSymbolProvider] [VerilogSymbol] Symbols Requested: file:///home/sgass/Projects/kepler/hdl/rtl/ethernet/ethernet_crossbar.sv
2025-03-14 10:58:51.014 [info] [VerilogDocumentSymbolProvider] 1 top-level symbols returned
2025-03-14 10:58:51.850 [info] [VerilogHoverProvider] Hover requested
2025-03-14 10:58:52.315 [info] [VerilogHoverProvider] Hover object returned
2025-03-14 10:58:52.916 [info] [VerilogHoverProvider] Hover requested
2025-03-14 10:58:53.398 [info] [VerilogHoverProvider] Hover object returned
2025-03-14 10:58:53.767 [info] [VerilogDefinitionProvider] Definitions Requested: file:///home/sgass/Projects/kepler/hdl/rtl/ethernet/ethernet_crossbar.sv
2025-03-14 10:58:54.193 [info] [VerilogDefinitionProvider] 1 definitions returned
2025-03-14 10:58:55.215 [info] [VerilogDocumentSymbolProvider] [VerilogSymbol] Symbols Requested: file:///home/sgass/Projects/kepler/hdl/rtl/ethernet/ethernet_crossbar.sv
2025-03-14 10:58:55.220 [info] [VerilogDocumentSymbolProvider] 1 top-level symbols returned
2025-03-14 10:58:57.501 [info] [VerilogHoverProvider] Hover requested
2025-03-14 10:58:57.940 [info] [VerilogHoverProvider] Hover object returned
2025-03-14 10:58:58.443 [info] [VerilogHoverProvider] Hover requested
2025-03-14 10:58:58.922 [info] [VerilogHoverProvider] Hover object returned
2025-03-14 10:58:59.198 [info] [VerilogHoverProvider] Hover requested
2025-03-14 10:58:59.621 [info] [VerilogHoverProvider] Hover object returned
2025-03-14 10:58:59.660 [info] [VerilogHoverProvider] Hover requested
2025-03-14 10:59:00.080 [info] [VerilogHoverProvider] Hover object returned
2025-03-14 10:59:02.383 [info] [VerilogHoverProvider] Hover requested
2025-03-14 10:59:02.565 [info] [VerilogHoverProvider] Hover requested
2025-03-14 10:59:04.332 [info] [VerilogDocumentSymbolProvider] [VerilogSymbol] Symbols Requested: file:///home/sgass/Projects/kepler/hdl/rtl/ethernet/ethernet_crossbar.sv
2025-03-14 10:59:04.337 [info] [VerilogDocumentSymbolProvider] 1 top-level symbols returned
2025-03-14 10:59:05.674 [info] [VerilogDocumentSymbolProvider] [VerilogSymbol] Symbols Requested: file:///home/sgass/Projects/kepler/hdl/rtl/ethernet/ethernet_crossbar.sv
2025-03-14 10:59:05.679 [info] [VerilogDocumentSymbolProvider] 1 top-level symbols returned
2025-03-14 10:59:07.450 [info] [VerilogDocumentSymbolProvider] [VerilogSymbol] Symbols Requested: file:///home/sgass/Projects/kepler/hdl/rtl/ethernet/ethernet_crossbar.sv
2025-03-14 10:59:07.455 [info] [VerilogDocumentSymbolProvider] 1 top-level symbols returned
2025-03-14 10:59:09.232 [info] [VerilogHoverProvider] Hover requested
2025-03-14 10:59:09.648 [info] [VerilogHoverProvider] Hover requested
2025-03-14 10:59:09.722 [info] [VerilogHoverProvider] Hover object returned
2025-03-14 10:59:09.999 [info] [VerilogHoverProvider] Hover requested
2025-03-14 10:59:10.079 [info] [VerilogHoverProvider] Hover object returned
2025-03-14 10:59:10.418 [info] [VerilogHoverProvider] Hover object returned
2025-03-14 10:59:10.935 [info] [VerilogDefinitionProvider] Definitions Requested: file:///home/sgass/Projects/kepler/hdl/rtl/ethernet/ethernet_crossbar.sv
2025-03-14 10:59:11.351 [info] [VerilogDefinitionProvider] 1 definitions returned
2025-03-14 10:59:11.575 [info] [VerilogDocumentSymbolProvider] [VerilogSymbol] Symbols Requested: file:///home/sgass/Projects/kepler/hdl/rtl/ethernet/ethernet_crossbar.sv
2025-03-14 10:59:11.580 [info] [VerilogDocumentSymbolProvider] 1 top-level symbols returned
2025-03-14 10:59:42.021 [info] [VerilogHoverProvider] Hover requested
2025-03-14 10:59:42.493 [info] [VerilogHoverProvider] Hover object returned
2025-03-14 10:59:42.862 [info] [VerilogHoverProvider] Hover requested
2025-03-14 10:59:43.254 [info] [VerilogHoverProvider] Hover requested
2025-03-14 10:59:43.268 [info] [VerilogHoverProvider] Hover object returned
2025-03-14 10:59:43.670 [info] [VerilogHoverProvider] Hover object returned
2025-03-14 10:59:44.666 [info] [VerilogHoverProvider] Hover requested
2025-03-14 10:59:45.119 [info] [VerilogHoverProvider] Hover object returned
2025-03-14 10:59:45.967 [info] [VerilogHoverProvider] Hover requested
2025-03-14 10:59:46.282 [info] [VerilogHoverProvider] Hover requested
2025-03-14 10:59:46.451 [info] [VerilogHoverProvider] Hover object returned
2025-03-14 10:59:46.720 [info] [VerilogHoverProvider] Hover object returned
2025-03-14 10:59:47.438 [info] [VerilogHoverProvider] Hover requested
2025-03-14 10:59:47.838 [info] [VerilogHoverProvider] Hover object returned
2025-03-14 10:59:47.870 [info] [VerilogHoverProvider] Hover requested
2025-03-14 10:59:48.254 [info] [VerilogHoverProvider] Hover object returned
2025-03-14 10:59:49.049 [info] [VerilogHoverProvider] Hover requested
2025-03-14 10:59:49.365 [info] [VerilogHoverProvider] Hover requested
2025-03-14 10:59:49.521 [info] [VerilogHoverProvider] Hover object returned
2025-03-14 10:59:49.761 [info] [VerilogHoverProvider] Hover object returned
2025-03-14 10:59:50.297 [info] [VerilogHoverProvider] Hover requested
2025-03-14 10:59:56.381 [info] [VerilogDocumentSymbolProvider] [VerilogSymbol] Symbols Requested: file:///home/sgass/Projects/kepler/hdl/rtl/ethernet/ethernet_crossbar.sv
2025-03-14 10:59:56.386 [info] [VerilogDocumentSymbolProvider] 1 top-level symbols returned
2025-03-14 10:59:57.592 [info] [VerilogDocumentSymbolProvider] [VerilogSymbol] Symbols Requested: file:///home/sgass/Projects/kepler/hdl/rtl/ethernet/ethernet_crossbar.sv
2025-03-14 10:59:57.597 [info] [VerilogDocumentSymbolProvider] 1 top-level symbols returned
2025-03-14 10:59:58.633 [info] [VerilogDocumentSymbolProvider] [VerilogSymbol] Symbols Requested: file:///home/sgass/Projects/kepler/hdl/rtl/ethernet/ethernet_crossbar.sv
2025-03-14 10:59:58.639 [info] [VerilogDocumentSymbolProvider] 1 top-level symbols returned
2025-03-14 10:59:59.095 [info] [VerilogDocumentSymbolProvider] [VerilogSymbol] Symbols Requested: file:///home/sgass/Projects/kepler/hdl/rtl/ethernet/ethernet_crossbar.sv
2025-03-14 10:59:59.100 [info] [VerilogDocumentSymbolProvider] 1 top-level symbols returned
2025-03-14 11:00:01.571 [info] [VerilogDocumentSymbolProvider] [VerilogSymbol] Symbols Requested: file:///home/sgass/Projects/kepler/hdl/rtl/ethernet/ethernet_crossbar.sv
2025-03-14 11:00:01.576 [info] [VerilogDocumentSymbolProvider] 1 top-level symbols returned
2025-03-14 11:00:18.137 [info] [VerilogDocumentSymbolProvider] [VerilogSymbol] Symbols Requested: file:///home/sgass/Projects/kepler/hdl/rtl/ethernet/ethernet_crossbar.sv
2025-03-14 11:00:18.142 [info] [VerilogDocumentSymbolProvider] 1 top-level symbols returned
2025-03-14 11:00:22.804 [info] [VerilogDocumentSymbolProvider] [VerilogSymbol] Symbols Requested: file:///home/sgass/Projects/kepler/hdl/rtl/ethernet/ethernet_crossbar.sv
2025-03-14 11:00:22.810 [info] [VerilogDocumentSymbolProvider] 1 top-level symbols returned
2025-03-14 11:00:32.499 [info] [VerilogHoverProvider] Hover requested
2025-03-14 11:00:35.627 [info] [VerilogDocumentSymbolProvider] [VerilogSymbol] Symbols Requested: file:///home/sgass/Projects/kepler/hdl/rtl/ethernet/ethernet_crossbar.sv
2025-03-14 11:00:35.633 [info] [VerilogDocumentSymbolProvider] 1 top-level symbols returned
2025-03-14 11:00:36.574 [info] [VerilogDocumentSymbolProvider] [VerilogSymbol] Symbols Requested: file:///home/sgass/Projects/kepler/hdl/rtl/ethernet/ethernet_crossbar.sv
2025-03-14 11:00:36.579 [info] [VerilogDocumentSymbolProvider] 1 top-level symbols returned
2025-03-14 11:00:37.263 [info] [VerilogHoverProvider] Hover requested
2025-03-14 11:00:37.630 [info] [VerilogHoverProvider] Hover requested
2025-03-14 11:00:41.999 [info] [VerilogDocumentSymbolProvider] [VerilogSymbol] Symbols Requested: file:///home/sgass/Projects/kepler/hdl/rtl/ethernet/ethernet_crossbar.sv
2025-03-14 11:00:42.004 [info] [VerilogDocumentSymbolProvider] 1 top-level symbols returned
2025-03-14 11:00:43.763 [info] [VerilogHoverProvider] Hover requested
2025-03-14 11:00:46.255 [info] [VerilogDocumentSymbolProvider] [VerilogSymbol] Symbols Requested: file:///home/sgass/Projects/kepler/hdl/rtl/ethernet/ethernet_crossbar.sv
2025-03-14 11:00:46.260 [info] [VerilogDocumentSymbolProvider] 1 top-level symbols returned
2025-03-14 11:00:47.812 [info] [VerilogDocumentSymbolProvider] [VerilogSymbol] Symbols Requested: file:///home/sgass/Projects/kepler/hdl/rtl/ethernet/ethernet_crossbar.sv
2025-03-14 11:00:47.817 [info] [VerilogDocumentSymbolProvider] 1 top-level symbols returned
2025-03-14 11:00:52.805 [info] [VerilogDocumentSymbolProvider] [VerilogSymbol] Symbols Requested: file:///home/sgass/Projects/kepler/hdl/rtl/ethernet/ethernet_crossbar.sv
2025-03-14 11:00:52.809 [info] [VerilogDocumentSymbolProvider] 1 top-level symbols returned
2025-03-14 11:01:01.779 [info] [VerilogHoverProvider] Hover requested
2025-03-14 11:01:02.288 [warning] [VerilogHoverProvider] Hover object not found
2025-03-14 11:01:02.616 [info] [VerilogHoverProvider] Hover requested
2025-03-14 11:01:03.061 [info] [VerilogHoverProvider] Hover object returned
2025-03-14 11:01:09.011 [info] [VerilogHoverProvider] Hover requested
2025-03-14 11:01:12.629 [info] [VerilogHoverProvider] Hover requested
2025-03-14 11:01:12.964 [info] [VerilogHoverProvider] Hover requested
2025-03-14 11:01:13.168 [info] [VerilogHoverProvider] Hover requested
2025-03-14 11:01:13.366 [info] [VerilogHoverProvider] Hover requested
2025-03-14 11:01:14.713 [info] [VerilogDocumentSymbolProvider] [VerilogSymbol] Symbols Requested: file:///home/sgass/Projects/kepler/hdl/rtl/ethernet/ethernet_crossbar.sv
2025-03-14 11:01:14.718 [info] [VerilogDocumentSymbolProvider] 1 top-level symbols returned
2025-03-14 11:01:16.592 [info] [VerilogDocumentSymbolProvider] [VerilogSymbol] Symbols Requested: file:///home/sgass/Projects/kepler/hdl/rtl/ethernet/ethernet_crossbar.sv
2025-03-14 11:01:16.597 [info] [VerilogDocumentSymbolProvider] 1 top-level symbols returned
2025-03-14 11:01:18.084 [info] [VerilogCompletionItemProvider] Completion items requested
2025-03-14 11:01:18.084 [info] [VerilogCompletionItemProvider] 111 items requested
2025-03-14 11:01:18.420 [info] [VerilogDocumentSymbolProvider] [VerilogSymbol] Symbols Requested: file:///home/sgass/Projects/kepler/hdl/rtl/ethernet/ethernet_crossbar.sv
2025-03-14 11:01:18.425 [info] [VerilogDocumentSymbolProvider] 1 top-level symbols returned
2025-03-14 11:01:19.041 [info] [VerilogDocumentSymbolProvider] [VerilogSymbol] Symbols Requested: file:///home/sgass/Projects/kepler/hdl/rtl/ethernet/ethernet_crossbar.sv
2025-03-14 11:01:19.046 [info] [VerilogDocumentSymbolProvider] 1 top-level symbols returned
2025-03-14 11:01:19.402 [info] [VerilogDocumentSymbolProvider] [VerilogSymbol] Symbols Requested: file:///home/sgass/Projects/kepler/hdl/rtl/ethernet/ethernet_crossbar.sv
2025-03-14 11:01:19.407 [info] [VerilogDocumentSymbolProvider] 1 top-level symbols returned
2025-03-14 11:01:21.395 [info] [VerilogHoverProvider] Hover requested
2025-03-14 11:01:24.912 [info] [VerilogHoverProvider] Hover requested
2025-03-14 11:01:25.437 [warning] [VerilogHoverProvider] Hover object not found
2025-03-14 11:01:31.761 [info] [VerilogHoverProvider] Hover requested
2025-03-14 11:01:34.494 [info] [VerilogHoverProvider] Hover requested
2025-03-14 11:01:35.077 [info] [VerilogHoverProvider] Hover requested
2025-03-14 11:01:35.515 [info] [VerilogHoverProvider] Hover object returned
2025-03-14 11:01:37.430 [info] [VerilogHoverProvider] Hover requested
2025-03-14 11:01:37.880 [info] [VerilogHoverProvider] Hover requested
2025-03-14 11:01:38.364 [info] [VerilogHoverProvider] Hover requested
2025-03-14 11:01:38.640 [info] [VerilogHoverProvider] Hover requested
2025-03-14 11:01:40.743 [info] [VerilogDocumentSymbolProvider] [VerilogSymbol] Symbols Requested: file:///home/sgass/Projects/kepler/hdl/rtl/ethernet/ethernet_crossbar.sv
2025-03-14 11:01:40.748 [info] [VerilogDocumentSymbolProvider] 1 top-level symbols returned
2025-03-14 11:01:42.515 [info] [VerilogDocumentSymbolProvider] [VerilogSymbol] Symbols Requested: file:///home/sgass/Projects/kepler/hdl/rtl/ethernet/ethernet_crossbar.sv
2025-03-14 11:01:42.520 [info] [VerilogDocumentSymbolProvider] 1 top-level symbols returned
2025-03-14 11:01:44.009 [info] [VerilogCompletionItemProvider] Completion items requested
2025-03-14 11:01:44.009 [info] [VerilogCompletionItemProvider] 111 items requested
2025-03-14 11:01:44.667 [info] [VerilogDocumentSymbolProvider] [VerilogSymbol] Symbols Requested: file:///home/sgass/Projects/kepler/hdl/rtl/ethernet/ethernet_crossbar.sv
2025-03-14 11:01:44.672 [info] [VerilogDocumentSymbolProvider] 1 top-level symbols returned
2025-03-14 11:01:51.160 [info] [VerilogHoverProvider] Hover requested
2025-03-14 11:01:51.648 [info] [VerilogHoverProvider] Hover object returned
2025-03-14 11:01:53.312 [info] [VerilogHoverProvider] Hover requested
2025-03-14 11:01:53.854 [info] [VerilogHoverProvider] Hover requested
2025-03-14 11:01:54.310 [info] [VerilogHoverProvider] Hover object returned
2025-03-14 11:01:57.593 [info] [VerilogHoverProvider] Hover requested
2025-03-14 11:01:58.978 [info] [VerilogHoverProvider] Hover requested
2025-03-14 11:02:03.626 [info] [VerilogHoverProvider] Hover requested
2025-03-14 11:02:03.792 [info] [VerilogHoverProvider] Hover requested
2025-03-14 11:02:04.137 [info] [VerilogHoverProvider] Hover object returned
2025-03-14 11:02:04.196 [info] [VerilogHoverProvider] Hover object returned
2025-03-14 11:02:08.661 [info] [VerilogHoverProvider] Hover requested
2025-03-14 11:02:09.104 [info] [VerilogHoverProvider] Hover object returned
2025-03-14 11:02:10.395 [info] [VerilogHoverProvider] Hover requested
2025-03-14 11:02:10.584 [info] [VerilogHoverProvider] Hover requested
2025-03-14 11:02:10.891 [info] [VerilogHoverProvider] Hover object returned
2025-03-14 11:02:10.997 [info] [VerilogHoverProvider] Hover object returned
2025-03-14 11:02:11.356 [info] [VerilogDefinitionProvider] Definitions Requested: file:///home/sgass/Projects/kepler/hdl/rtl/ethernet/ethernet_crossbar_ref.sv
2025-03-14 11:02:11.813 [info] [VerilogDefinitionProvider] 1 definitions returned
2025-03-14 11:02:15.260 [info] [VerilogHoverProvider] Hover requested
2025-03-14 11:02:15.661 [info] [VerilogHoverProvider] Hover object returned
2025-03-14 11:02:16.653 [info] [VerilogHoverProvider] Hover requested
2025-03-14 11:02:16.961 [info] [VerilogHoverProvider] Hover requested
2025-03-14 11:02:17.137 [info] [VerilogHoverProvider] Hover object returned
2025-03-14 11:02:17.360 [info] [VerilogHoverProvider] Hover object returned
2025-03-14 11:02:20.761 [info] [VerilogHoverProvider] Hover requested
2025-03-14 11:02:23.786 [info] [VerilogCompletionItemProvider] Completion items requested
2025-03-14 11:02:23.786 [info] [VerilogCompletionItemProvider] 111 items requested
2025-03-14 11:02:24.637 [info] [VerilogDocumentSymbolProvider] [VerilogSymbol] Symbols Requested: file:///home/sgass/Projects/kepler/hdl/rtl/ethernet/ethernet_crossbar.sv
2025-03-14 11:02:24.642 [info] [VerilogDocumentSymbolProvider] 1 top-level symbols returned
2025-03-14 11:02:25.835 [info] [VerilogCompletionItemProvider] Completion items requested
2025-03-14 11:02:25.836 [info] [VerilogCompletionItemProvider] 111 items requested
2025-03-14 11:02:26.165 [info] [VerilogDocumentSymbolProvider] [VerilogSymbol] Symbols Requested: file:///home/sgass/Projects/kepler/hdl/rtl/ethernet/ethernet_crossbar.sv
2025-03-14 11:02:26.171 [info] [VerilogDocumentSymbolProvider] 1 top-level symbols returned
2025-03-14 11:02:26.728 [info] [VerilogCompletionItemProvider] Completion items requested
2025-03-14 11:02:26.728 [info] [VerilogCompletionItemProvider] 111 items requested
2025-03-14 11:02:27.068 [info] [VerilogDocumentSymbolProvider] [VerilogSymbol] Symbols Requested: file:///home/sgass/Projects/kepler/hdl/rtl/ethernet/ethernet_crossbar.sv
2025-03-14 11:02:27.073 [info] [VerilogDocumentSymbolProvider] 1 top-level symbols returned
2025-03-14 11:02:28.203 [info] [VerilogCompletionItemProvider] Completion items requested
2025-03-14 11:02:28.203 [info] [VerilogCompletionItemProvider] 111 items requested
2025-03-14 11:02:28.527 [info] [VerilogCompletionItemProvider] Completion items requested
2025-03-14 11:02:28.527 [info] [VerilogCompletionItemProvider] 111 items requested
2025-03-14 11:02:28.865 [info] [VerilogDocumentSymbolProvider] [VerilogSymbol] Symbols Requested: file:///home/sgass/Projects/kepler/hdl/rtl/ethernet/ethernet_crossbar.sv
2025-03-14 11:02:28.870 [info] [VerilogDocumentSymbolProvider] 1 top-level symbols returned
2025-03-14 11:02:29.273 [info] [VerilogCompletionItemProvider] Completion items requested
2025-03-14 11:02:29.273 [info] [VerilogCompletionItemProvider] 111 items requested
2025-03-14 11:02:29.376 [info] [VerilogCompletionItemProvider] Completion items requested
2025-03-14 11:02:29.376 [info] [VerilogCompletionItemProvider] 111 items requested
2025-03-14 11:02:29.566 [info] [VerilogCompletionItemProvider] Completion items requested
2025-03-14 11:02:29.567 [info] [VerilogCompletionItemProvider] 111 items requested
2025-03-14 11:02:29.906 [info] [VerilogDocumentSymbolProvider] [VerilogSymbol] Symbols Requested: file:///home/sgass/Projects/kepler/hdl/rtl/ethernet/ethernet_crossbar.sv
2025-03-14 11:02:29.910 [info] [VerilogDocumentSymbolProvider] 1 top-level symbols returned
2025-03-14 11:02:32.713 [info] [VerilogDocumentSymbolProvider] [VerilogSymbol] Symbols Requested: file:///home/sgass/Projects/kepler/hdl/rtl/ethernet/ethernet_crossbar.sv
2025-03-14 11:02:32.718 [info] [VerilogDocumentSymbolProvider] 1 top-level symbols returned
2025-03-14 11:02:33.483 [info] [VerilogDocumentSymbolProvider] [VerilogSymbol] Symbols Requested: file:///home/sgass/Projects/kepler/hdl/rtl/ethernet/ethernet_crossbar.sv
2025-03-14 11:02:33.488 [info] [VerilogDocumentSymbolProvider] 1 top-level symbols returned
2025-03-14 11:02:33.850 [info] [VerilogDocumentSymbolProvider] [VerilogSymbol] Symbols Requested: file:///home/sgass/Projects/kepler/hdl/rtl/ethernet/ethernet_crossbar.sv
2025-03-14 11:02:33.855 [info] [VerilogDocumentSymbolProvider] 1 top-level symbols returned
2025-03-14 11:02:34.551 [info] [VerilogCompletionItemProvider] Completion items requested
2025-03-14 11:02:34.552 [info] [VerilogCompletionItemProvider] 111 items requested
2025-03-14 11:02:35.187 [info] [VerilogDocumentSymbolProvider] [VerilogSymbol] Symbols Requested: file:///home/sgass/Projects/kepler/hdl/rtl/ethernet/ethernet_crossbar.sv
2025-03-14 11:02:35.193 [info] [VerilogDocumentSymbolProvider] 1 top-level symbols returned
2025-03-14 11:02:36.000 [info] [VerilogDocumentSymbolProvider] [VerilogSymbol] Symbols Requested: file:///home/sgass/Projects/kepler/hdl/rtl/ethernet/ethernet_crossbar.sv
2025-03-14 11:02:36.005 [info] [VerilogDocumentSymbolProvider] 1 top-level symbols returned
2025-03-14 11:02:37.518 [info] [VerilogCompletionItemProvider] Completion items requested
2025-03-14 11:02:37.518 [info] [VerilogCompletionItemProvider] 111 items requested
2025-03-14 11:02:37.858 [info] [VerilogDocumentSymbolProvider] [VerilogSymbol] Symbols Requested: file:///home/sgass/Projects/kepler/hdl/rtl/ethernet/ethernet_crossbar.sv
2025-03-14 11:02:37.864 [info] [VerilogDocumentSymbolProvider] 1 top-level symbols returned
2025-03-14 11:02:40.361 [info] [VerilogDocumentSymbolProvider] [VerilogSymbol] Symbols Requested: file:///home/sgass/Projects/kepler/hdl/rtl/ethernet/ethernet_crossbar.sv
2025-03-14 11:02:40.366 [info] [VerilogDocumentSymbolProvider] 1 top-level symbols returned
2025-03-14 11:02:40.774 [info] [VerilogCompletionItemProvider] Completion items requested
2025-03-14 11:02:40.775 [info] [VerilogCompletionItemProvider] 111 items requested
2025-03-14 11:02:41.416 [info] [VerilogDocumentSymbolProvider] [VerilogSymbol] Symbols Requested: file:///home/sgass/Projects/kepler/hdl/rtl/ethernet/ethernet_crossbar.sv
2025-03-14 11:02:41.421 [info] [VerilogDocumentSymbolProvider] 1 top-level symbols returned
2025-03-14 11:02:42.942 [info] [VerilogDocumentSymbolProvider] [VerilogSymbol] Symbols Requested: file:///home/sgass/Projects/kepler/hdl/rtl/ethernet/ethernet_crossbar.sv
2025-03-14 11:02:42.947 [info] [VerilogDocumentSymbolProvider] 1 top-level symbols returned
2025-03-14 11:02:43.015 [info] [VerilogCompletionItemProvider] Completion items requested
2025-03-14 11:02:43.015 [info] [VerilogCompletionItemProvider] 111 items requested
2025-03-14 11:02:43.598 [info] [VerilogDocumentSymbolProvider] [VerilogSymbol] Symbols Requested: file:///home/sgass/Projects/kepler/hdl/rtl/ethernet/ethernet_crossbar.sv
2025-03-14 11:02:43.603 [info] [VerilogDocumentSymbolProvider] 1 top-level symbols returned
2025-03-14 11:02:45.548 [info] [VerilogDocumentSymbolProvider] [VerilogSymbol] Symbols Requested: file:///home/sgass/Projects/kepler/hdl/rtl/ethernet/ethernet_crossbar.sv
2025-03-14 11:02:45.553 [info] [VerilogDocumentSymbolProvider] 1 top-level symbols returned
2025-03-14 11:02:46.235 [info] [VerilogHoverProvider] Hover requested
2025-03-14 11:02:46.843 [info] [VerilogHoverProvider] Hover requested
2025-03-14 11:02:47.289 [info] [VerilogHoverProvider] Hover object returned
2025-03-14 11:02:49.012 [info] [VerilogDocumentSymbolProvider] [VerilogSymbol] Symbols Requested: file:///home/sgass/Projects/kepler/hdl/rtl/ethernet/ethernet_crossbar.sv
2025-03-14 11:02:49.015 [info] [VerilogDocumentSymbolProvider] 1 top-level symbols returned
2025-03-14 11:02:49.624 [info] [VerilogDocumentSymbolProvider] [VerilogSymbol] Symbols Requested: file:///home/sgass/Projects/kepler/hdl/rtl/ethernet/ethernet_crossbar.sv
2025-03-14 11:02:49.628 [info] [VerilogDocumentSymbolProvider] 1 top-level symbols returned
2025-03-14 11:02:50.052 [info] [VerilogDocumentSymbolProvider] [VerilogSymbol] Symbols Requested: file:///home/sgass/Projects/kepler/hdl/rtl/ethernet/ethernet_crossbar.sv
2025-03-14 11:02:50.056 [info] [VerilogDocumentSymbolProvider] 1 top-level symbols returned
2025-03-14 11:02:51.020 [info] [VerilogDocumentSymbolProvider] [VerilogSymbol] Symbols Requested: file:///home/sgass/Projects/kepler/hdl/rtl/ethernet/ethernet_crossbar.sv
2025-03-14 11:02:51.025 [info] [VerilogDocumentSymbolProvider] 1 top-level symbols returned
2025-03-14 11:02:53.421 [info] [VerilogDocumentSymbolProvider] [VerilogSymbol] Symbols Requested: file:///home/sgass/Projects/kepler/hdl/rtl/ethernet/ethernet_crossbar.sv
2025-03-14 11:02:53.426 [info] [VerilogDocumentSymbolProvider] 1 top-level symbols returned
2025-03-14 11:02:54.030 [info] [VerilogDocumentSymbolProvider] [VerilogSymbol] Symbols Requested: file:///home/sgass/Projects/kepler/hdl/rtl/ethernet/ethernet_crossbar.sv
2025-03-14 11:02:54.035 [info] [VerilogDocumentSymbolProvider] 1 top-level symbols returned
2025-03-14 11:02:59.593 [info] [VerilogHoverProvider] Hover requested
2025-03-14 11:02:59.989 [info] [VerilogHoverProvider] Hover requested
2025-03-14 11:03:00.037 [info] [VerilogHoverProvider] Hover object returned
2025-03-14 11:03:00.417 [info] [VerilogHoverProvider] Hover object returned
2025-03-14 11:03:01.275 [info] [VerilogHoverProvider] Hover requested
2025-03-14 11:03:01.791 [info] [VerilogHoverProvider] Hover object returned
2025-03-14 11:03:02.310 [info] [VerilogHoverProvider] Hover requested
2025-03-14 11:03:03.491 [info] [VerilogHoverProvider] Hover requested
2025-03-14 11:03:04.509 [info] [VerilogHoverProvider] Hover requested
2025-03-14 11:03:05.093 [info] [VerilogHoverProvider] Hover requested
2025-03-14 11:03:08.378 [info] [VerilogHoverProvider] Hover requested
2025-03-14 11:03:08.859 [info] [VerilogHoverProvider] Hover requested
2025-03-14 11:03:11.094 [info] [VerilogDocumentSymbolProvider] [VerilogSymbol] Symbols Requested: file:///home/sgass/Projects/kepler/hdl/rtl/ethernet/ethernet_crossbar.sv
2025-03-14 11:03:11.099 [info] [VerilogDocumentSymbolProvider] 1 top-level symbols returned
2025-03-14 11:03:13.836 [info] [VerilogDocumentSymbolProvider] [VerilogSymbol] Symbols Requested: file:///home/sgass/Projects/kepler/hdl/rtl/ethernet/ethernet_crossbar.sv
2025-03-14 11:03:13.841 [info] [VerilogDocumentSymbolProvider] 1 top-level symbols returned
2025-03-14 11:03:16.313 [info] [VerilogDocumentSymbolProvider] [VerilogSymbol] Symbols Requested: file:///home/sgass/Projects/kepler/hdl/rtl/ethernet/ethernet_crossbar.sv
2025-03-14 11:03:16.318 [info] [VerilogDocumentSymbolProvider] 1 top-level symbols returned
2025-03-14 11:03:16.914 [info] on save
2025-03-14 11:03:17.256 [info] [VerilogDocumentSymbolProvider] [VerilogSymbol] Symbols Requested: file:///home/sgass/Projects/kepler/hdl/rtl/ethernet/ethernet_crossbar.sv
2025-03-14 11:03:17.256 [info] indexing "/home/sgass/Projects/kepler/hdl/rtl/ethernet/ethernet_crossbar.sv"
2025-03-14 11:03:17.256 [info] executing ctags
2025-03-14 11:03:17.256 [info] Executing Command: ctags -f - --fields=+K --sort=no --excmd=n --fields-SystemVerilog=+{parameter} "/home/sgass/Projects/kepler/hdl/rtl/ethernet/ethernet_crossbar.sv"
2025-03-14 11:03:17.262 [info] building symbols
2025-03-14 11:03:17.263 [info] [VerilogDocumentSymbolProvider] 1 top-level symbols returned
2025-03-14 11:03:25.509 [info] [VerilogHoverProvider] Hover requested
2025-03-14 11:03:25.951 [info] [VerilogHoverProvider] Hover object returned
2025-03-14 11:03:27.432 [info] [VerilogHoverProvider] Hover requested
2025-03-14 11:03:27.879 [info] [VerilogHoverProvider] Hover object returned
2025-03-14 11:03:27.888 [info] [VerilogHoverProvider] Hover requested
2025-03-14 11:03:28.071 [info] [VerilogHoverProvider] Hover requested
2025-03-14 11:03:28.239 [info] [VerilogHoverProvider] Hover requested
2025-03-14 11:03:28.311 [info] [VerilogHoverProvider] Hover object returned
2025-03-14 11:03:28.496 [info] [VerilogHoverProvider] Hover object returned
2025-03-14 11:03:28.675 [info] [VerilogHoverProvider] Hover object returned
2025-03-14 11:03:30.608 [info] [VerilogHoverProvider] Hover requested
2025-03-14 11:03:30.840 [info] [VerilogHoverProvider] Hover requested
2025-03-14 11:03:31.028 [info] [VerilogHoverProvider] Hover object returned
2025-03-14 11:03:31.360 [info] [VerilogHoverProvider] Hover requested
2025-03-14 11:03:34.889 [info] [VerilogDocumentSymbolProvider] [VerilogSymbol] Symbols Requested: file:///home/sgass/Projects/kepler/hdl/rtl/ethernet/ethernet_crossbar.sv
2025-03-14 11:03:34.895 [info] [VerilogDocumentSymbolProvider] 1 top-level symbols returned
2025-03-14 11:03:38.482 [info] [VerilogDocumentSymbolProvider] [VerilogSymbol] Symbols Requested: file:///home/sgass/Projects/kepler/hdl/rtl/ethernet/ethernet_crossbar.sv
2025-03-14 11:03:38.487 [info] [VerilogDocumentSymbolProvider] 1 top-level symbols returned
2025-03-14 11:03:40.675 [info] [VerilogDocumentSymbolProvider] [VerilogSymbol] Symbols Requested: file:///home/sgass/Projects/kepler/hdl/rtl/ethernet/ethernet_crossbar.sv
2025-03-14 11:03:40.680 [info] [VerilogDocumentSymbolProvider] 1 top-level symbols returned
2025-03-14 11:03:44.057 [info] [VerilogHoverProvider] Hover requested
2025-03-14 11:03:44.857 [info] [VerilogHoverProvider] Hover requested
2025-03-14 11:03:46.202 [info] [VerilogDocumentSymbolProvider] [VerilogSymbol] Symbols Requested: file:///home/sgass/Projects/kepler/hdl/rtl/ethernet/ethernet_crossbar.sv
2025-03-14 11:03:46.208 [info] [VerilogDocumentSymbolProvider] 1 top-level symbols returned
2025-03-14 11:03:49.011 [info] [VerilogHoverProvider] Hover requested
2025-03-14 11:03:49.221 [info] [VerilogHoverProvider] Hover requested
2025-03-14 11:03:49.472 [info] [VerilogHoverProvider] Hover object returned
2025-03-14 11:03:49.522 [info] [VerilogHoverProvider] Hover requested
2025-03-14 11:03:49.841 [info] [VerilogHoverProvider] Hover requested
2025-03-14 11:03:54.750 [info] [VerilogDocumentSymbolProvider] [VerilogSymbol] Symbols Requested: file:///home/sgass/Projects/kepler/hdl/rtl/ethernet/ethernet_crossbar.sv
2025-03-14 11:03:54.755 [info] [VerilogDocumentSymbolProvider] 1 top-level symbols returned
2025-03-14 11:03:58.792 [info] [VerilogDocumentSymbolProvider] [VerilogSymbol] Symbols Requested: file:///home/sgass/Projects/kepler/hdl/rtl/ethernet/ethernet_crossbar.sv
2025-03-14 11:03:58.797 [info] [VerilogDocumentSymbolProvider] 1 top-level symbols returned
2025-03-14 11:04:04.197 [info] [VerilogDocumentSymbolProvider] [VerilogSymbol] Symbols Requested: file:///home/sgass/Projects/kepler/hdl/rtl/ethernet/ethernet_crossbar.sv
2025-03-14 11:04:04.203 [info] [VerilogDocumentSymbolProvider] 1 top-level symbols returned
2025-03-14 11:04:07.453 [info] [VerilogDocumentSymbolProvider] [VerilogSymbol] Symbols Requested: file:///home/sgass/Projects/kepler/hdl/rtl/ethernet/ethernet_crossbar.sv
2025-03-14 11:04:07.458 [info] [VerilogDocumentSymbolProvider] 1 top-level symbols returned
2025-03-14 11:04:11.771 [info] [VerilogDocumentSymbolProvider] [VerilogSymbol] Symbols Requested: file:///home/sgass/Projects/kepler/hdl/rtl/ethernet/ethernet_crossbar.sv
2025-03-14 11:04:11.776 [info] [VerilogDocumentSymbolProvider] 1 top-level symbols returned
2025-03-14 11:04:12.117 [info] on save
2025-03-14 11:04:35.969 [info] [VerilogHoverProvider] Hover requested
2025-03-14 11:04:35.969 [info] indexing "/home/sgass/Projects/kepler/hdl/rtl/ethernet/ethernet_crossbar.sv"
2025-03-14 11:04:35.969 [info] executing ctags
2025-03-14 11:04:35.969 [info] Executing Command: ctags -f - --fields=+K --sort=no --excmd=n --fields-SystemVerilog=+{parameter} "/home/sgass/Projects/kepler/hdl/rtl/ethernet/ethernet_crossbar.sv"
2025-03-14 11:04:35.983 [info] building symbols
2025-03-14 11:04:36.357 [info] [VerilogHoverProvider] Hover requested
2025-03-14 11:04:36.451 [info] [VerilogHoverProvider] Hover object returned
2025-03-14 11:04:36.760 [info] [VerilogHoverProvider] Hover object returned
2025-03-14 11:04:38.058 [info] [VerilogHoverProvider] Hover requested
2025-03-14 11:04:38.525 [info] [VerilogHoverProvider] Hover object returned
2025-03-14 11:04:38.609 [info] [VerilogHoverProvider] Hover requested
2025-03-14 11:04:39.021 [info] [VerilogHoverProvider] Hover object returned
2025-03-14 11:04:39.142 [info] [VerilogHoverProvider] Hover requested
2025-03-14 11:04:39.552 [warning] [VerilogHoverProvider] Hover object not found
2025-03-14 11:04:40.447 [info] [VerilogHoverProvider] Hover requested
2025-03-14 11:04:40.887 [info] [VerilogHoverProvider] Hover object returned
2025-03-14 11:04:41.406 [info] [VerilogHoverProvider] Hover requested
2025-03-14 11:04:41.829 [warning] [VerilogHoverProvider] Hover object not found
2025-03-14 11:04:42.473 [info] [VerilogHoverProvider] Hover requested
2025-03-14 11:04:42.675 [info] [VerilogHoverProvider] Hover requested
2025-03-14 11:04:43.146 [info] [VerilogHoverProvider] Hover object returned
2025-03-14 11:04:43.240 [info] [VerilogHoverProvider] Hover requested
2025-03-14 11:04:43.671 [info] [VerilogHoverProvider] Hover object returned
2025-03-14 11:04:44.421 [info] [VerilogHoverProvider] Hover requested
2025-03-14 11:04:44.882 [info] [VerilogHoverProvider] Hover object returned
2025-03-14 11:05:12.858 [info] [VerilogHoverProvider] Hover requested
2025-03-14 11:05:13.274 [info] [VerilogHoverProvider] Hover object returned
2025-03-14 11:05:13.608 [info] [VerilogHoverProvider] Hover requested
2025-03-14 11:05:13.991 [info] [VerilogHoverProvider] Hover requested
2025-03-14 11:05:14.056 [info] [VerilogHoverProvider] Hover object returned
2025-03-14 11:05:14.398 [info] [VerilogHoverProvider] Hover object returned
2025-03-14 11:05:14.458 [info] [VerilogHoverProvider] Hover requested
2025-03-14 11:05:14.872 [info] [VerilogHoverProvider] Hover object returned
2025-03-14 11:05:15.336 [info] [VerilogHoverProvider] Hover requested
2025-03-14 11:05:15.780 [info] [VerilogHoverProvider] Hover object returned
2025-03-14 11:05:21.255 [info] [VerilogHoverProvider] Hover requested
2025-03-14 11:05:25.654 [info] [VerilogHoverProvider] Hover requested
2025-03-14 11:05:26.555 [info] [VerilogHoverProvider] Hover requested
2025-03-14 11:05:27.204 [info] [VerilogHoverProvider] Hover requested
2025-03-14 11:05:27.573 [info] [VerilogHoverProvider] Hover requested
2025-03-14 11:05:27.656 [info] [VerilogHoverProvider] Hover object returned
2025-03-14 11:05:27.989 [info] [VerilogHoverProvider] Hover object returned
2025-03-14 11:05:34.072 [info] [VerilogHoverProvider] Hover requested
2025-03-14 11:05:35.140 [info] [VerilogHoverProvider] Hover requested
2025-03-14 11:05:35.560 [info] [VerilogHoverProvider] Hover object returned
2025-03-14 11:05:35.919 [info] [VerilogDefinitionProvider] Definitions Requested: file:///home/sgass/Projects/kepler/hdl/rtl/ethernet/ethernet_crossbar.sv
2025-03-14 11:05:36.326 [info] [VerilogDefinitionProvider] 1 definitions returned
2025-03-14 11:05:37.881 [info] [VerilogDefinitionProvider] Definitions Requested: file:///home/sgass/Projects/kepler/hdl/rtl/ethernet/ethernet_crossbar.sv
2025-03-14 11:05:38.297 [info] [VerilogDefinitionProvider] 1 definitions returned
2025-03-14 11:05:40.132 [info] [VerilogDocumentSymbolProvider] [VerilogSymbol] Symbols Requested: file:///home/sgass/Projects/kepler/hdl/rtl/ethernet/ethernet_crossbar.sv
2025-03-14 11:05:40.137 [info] [VerilogDocumentSymbolProvider] 1 top-level symbols returned
2025-03-14 11:05:42.724 [info] [VerilogDocumentSymbolProvider] [VerilogSymbol] Symbols Requested: file:///home/sgass/Projects/kepler/hdl/rtl/ethernet/ethernet_crossbar.sv
2025-03-14 11:05:42.730 [info] [VerilogDocumentSymbolProvider] 1 top-level symbols returned
2025-03-14 11:05:43.573 [info] [VerilogDocumentSymbolProvider] [VerilogSymbol] Symbols Requested: file:///home/sgass/Projects/kepler/hdl/rtl/ethernet/ethernet_crossbar.sv
2025-03-14 11:05:43.578 [info] [VerilogDocumentSymbolProvider] 1 top-level symbols returned
2025-03-14 11:05:45.499 [info] [VerilogDocumentSymbolProvider] [VerilogSymbol] Symbols Requested: file:///home/sgass/Projects/kepler/hdl/rtl/ethernet/ethernet_crossbar.sv
2025-03-14 11:05:45.504 [info] [VerilogDocumentSymbolProvider] 1 top-level symbols returned
2025-03-14 11:05:45.930 [info] [VerilogDocumentSymbolProvider] [VerilogSymbol] Symbols Requested: file:///home/sgass/Projects/kepler/hdl/rtl/ethernet/ethernet_crossbar.sv
2025-03-14 11:05:45.936 [info] [VerilogDocumentSymbolProvider] 1 top-level symbols returned
2025-03-14 11:05:46.768 [info] [VerilogDocumentSymbolProvider] [VerilogSymbol] Symbols Requested: file:///home/sgass/Projects/kepler/hdl/rtl/ethernet/ethernet_crossbar.sv
2025-03-14 11:05:46.772 [info] [VerilogDocumentSymbolProvider] 1 top-level symbols returned
2025-03-14 11:05:51.191 [info] [VerilogDocumentSymbolProvider] [VerilogSymbol] Symbols Requested: file:///home/sgass/Projects/kepler/hdl/rtl/ethernet/ethernet_crossbar.sv
2025-03-14 11:05:51.196 [info] [VerilogDocumentSymbolProvider] 1 top-level symbols returned
2025-03-14 11:05:52.038 [info] [VerilogHoverProvider] Hover requested
2025-03-14 11:05:52.459 [info] [VerilogHoverProvider] Hover object returned
2025-03-14 11:05:54.237 [info] [VerilogHoverProvider] Hover requested
2025-03-14 11:05:54.651 [info] [VerilogHoverProvider] Hover requested
2025-03-14 11:05:54.752 [info] [VerilogHoverProvider] Hover object returned
2025-03-14 11:05:54.938 [info] [VerilogHoverProvider] Hover requested
2025-03-14 11:05:59.158 [info] [VerilogDocumentSymbolProvider] [VerilogSymbol] Symbols Requested: file:///home/sgass/Projects/kepler/hdl/rtl/ethernet/ethernet_crossbar.sv
2025-03-14 11:05:59.163 [info] [VerilogDocumentSymbolProvider] 1 top-level symbols returned
2025-03-14 11:05:59.966 [info] [VerilogDocumentSymbolProvider] [VerilogSymbol] Symbols Requested: file:///home/sgass/Projects/kepler/hdl/rtl/ethernet/ethernet_crossbar.sv
2025-03-14 11:05:59.971 [info] [VerilogDocumentSymbolProvider] 1 top-level symbols returned
2025-03-14 11:06:04.453 [info] [VerilogDocumentSymbolProvider] [VerilogSymbol] Symbols Requested: file:///home/sgass/Projects/kepler/hdl/rtl/ethernet/ethernet_crossbar.sv
2025-03-14 11:06:04.458 [info] [VerilogDocumentSymbolProvider] 1 top-level symbols returned
2025-03-14 11:06:06.552 [info] [VerilogDocumentSymbolProvider] [VerilogSymbol] Symbols Requested: file:///home/sgass/Projects/kepler/hdl/rtl/ethernet/ethernet_crossbar.sv
2025-03-14 11:06:06.556 [info] [VerilogDocumentSymbolProvider] 1 top-level symbols returned
2025-03-14 11:06:21.586 [info] [VerilogHoverProvider] Hover requested
2025-03-14 11:06:22.017 [info] [VerilogHoverProvider] Hover object returned
2025-03-14 11:06:22.051 [info] [VerilogHoverProvider] Hover requested
2025-03-14 11:06:22.470 [info] [VerilogHoverProvider] Hover object returned
2025-03-14 11:06:22.636 [info] [VerilogHoverProvider] Hover requested
2025-03-14 11:06:23.086 [info] [VerilogHoverProvider] Hover object returned
2025-03-14 11:06:24.024 [info] [VerilogHoverProvider] Hover requested
2025-03-14 11:06:24.463 [info] [VerilogHoverProvider] Hover object returned
2025-03-14 11:06:29.034 [info] [VerilogHoverProvider] Hover requested
2025-03-14 11:06:29.443 [info] [VerilogHoverProvider] Hover object returned
2025-03-14 11:06:30.284 [info] [VerilogHoverProvider] Hover requested
2025-03-14 11:06:30.740 [info] [VerilogHoverProvider] Hover object returned
2025-03-14 11:06:31.317 [info] [VerilogHoverProvider] Hover requested
2025-03-14 11:06:31.807 [info] [VerilogHoverProvider] Hover object returned
2025-03-14 11:06:34.188 [info] [VerilogHoverProvider] Hover requested
2025-03-14 11:06:34.597 [info] [VerilogHoverProvider] Hover object returned
2025-03-14 11:06:34.780 [info] [VerilogDefinitionProvider] Definitions Requested: file:///home/sgass/Projects/kepler/hdl/rtl/ethernet/ethernet_crossbar.sv
2025-03-14 11:06:35.244 [info] [VerilogDefinitionProvider] 1 definitions returned
2025-03-14 11:06:38.505 [info] [VerilogHoverProvider] Hover requested
2025-03-14 11:06:38.955 [info] [VerilogHoverProvider] Hover object returned
2025-03-14 11:06:41.676 [info] [VerilogDocumentSymbolProvider] [VerilogSymbol] Symbols Requested: file:///home/sgass/Projects/kepler/hdl/rtl/ethernet/ethernet_crossbar.sv
2025-03-14 11:06:41.681 [info] [VerilogDocumentSymbolProvider] 1 top-level symbols returned
2025-03-14 11:06:42.632 [info] [VerilogDocumentSymbolProvider] [VerilogSymbol] Symbols Requested: file:///home/sgass/Projects/kepler/hdl/rtl/ethernet/ethernet_crossbar.sv
2025-03-14 11:06:42.637 [info] [VerilogDocumentSymbolProvider] 1 top-level symbols returned
2025-03-14 11:06:44.040 [info] [VerilogDocumentSymbolProvider] [VerilogSymbol] Symbols Requested: file:///home/sgass/Projects/kepler/hdl/rtl/ethernet/ethernet_crossbar.sv
2025-03-14 11:06:44.045 [info] [VerilogDocumentSymbolProvider] 1 top-level symbols returned
2025-03-14 11:06:45.215 [info] [VerilogDocumentSymbolProvider] [VerilogSymbol] Symbols Requested: file:///home/sgass/Projects/kepler/hdl/rtl/ethernet/ethernet_crossbar.sv
2025-03-14 11:06:45.220 [info] [VerilogDocumentSymbolProvider] 1 top-level symbols returned
2025-03-14 11:06:46.295 [info] [VerilogDocumentSymbolProvider] [VerilogSymbol] Symbols Requested: file:///home/sgass/Projects/kepler/hdl/rtl/ethernet/ethernet_crossbar.sv
2025-03-14 11:06:46.300 [info] [VerilogDocumentSymbolProvider] 1 top-level symbols returned
2025-03-14 11:06:50.536 [info] on save
2025-03-14 11:07:42.749 [info] [VerilogDocumentSymbolProvider] [VerilogSymbol] Symbols Requested: file:///home/sgass/Projects/kepler/hdl/rtl/ethernet/ethernet_crossbar.sv
2025-03-14 11:07:42.749 [info] indexing "/home/sgass/Projects/kepler/hdl/rtl/ethernet/ethernet_crossbar.sv"
2025-03-14 11:07:42.749 [info] executing ctags
2025-03-14 11:07:42.749 [info] Executing Command: ctags -f - --fields=+K --sort=no --excmd=n --fields-SystemVerilog=+{parameter} "/home/sgass/Projects/kepler/hdl/rtl/ethernet/ethernet_crossbar.sv"
2025-03-14 11:07:42.756 [info] building symbols
2025-03-14 11:07:42.760 [info] [VerilogDocumentSymbolProvider] 1 top-level symbols returned
2025-03-14 11:07:43.436 [info] [VerilogDocumentSymbolProvider] [VerilogSymbol] Symbols Requested: file:///home/sgass/Projects/kepler/hdl/rtl/ethernet/ethernet_crossbar.sv
2025-03-14 11:07:43.441 [info] [VerilogDocumentSymbolProvider] 1 top-level symbols returned
2025-03-14 11:07:44.113 [info] [VerilogDocumentSymbolProvider] [VerilogSymbol] Symbols Requested: file:///home/sgass/Projects/kepler/hdl/rtl/ethernet/ethernet_crossbar.sv
2025-03-14 11:07:44.118 [info] [VerilogDocumentSymbolProvider] 1 top-level symbols returned
2025-03-14 11:07:44.935 [info] [VerilogHoverProvider] Hover requested
2025-03-14 11:07:45.396 [info] [VerilogHoverProvider] Hover object returned
2025-03-14 11:07:47.804 [info] [VerilogDocumentSymbolProvider] [VerilogSymbol] Symbols Requested: file:///home/sgass/Projects/kepler/hdl/rtl/ethernet/ethernet_crossbar.sv
2025-03-14 11:07:47.810 [info] [VerilogDocumentSymbolProvider] 1 top-level symbols returned
2025-03-14 11:07:48.285 [info] [VerilogHoverProvider] Hover requested
2025-03-14 11:07:48.769 [info] [VerilogHoverProvider] Hover object returned
2025-03-14 11:07:51.665 [info] [VerilogHoverProvider] Hover requested
2025-03-14 11:07:51.927 [info] [VerilogHoverProvider] Hover requested
2025-03-14 11:07:52.080 [info] [VerilogHoverProvider] Hover object returned
2025-03-14 11:07:52.353 [info] [VerilogHoverProvider] Hover object returned
2025-03-14 11:07:55.986 [info] [VerilogHoverProvider] Hover requested
2025-03-14 11:07:56.236 [info] [VerilogHoverProvider] Hover requested
2025-03-14 11:07:56.407 [warning] [VerilogHoverProvider] Hover object not found
2025-03-14 11:07:56.634 [info] [VerilogHoverProvider] Hover requested
2025-03-14 11:07:56.641 [warning] [VerilogHoverProvider] Hover object not found
2025-03-14 11:07:56.891 [info] [VerilogHoverProvider] Hover requested
2025-03-14 11:07:57.040 [warning] [VerilogHoverProvider] Hover object not found
2025-03-14 11:07:57.296 [warning] [VerilogHoverProvider] Hover object not found
2025-03-14 11:08:05.969 [info] [VerilogHoverProvider] Hover requested
2025-03-14 11:08:06.405 [info] [VerilogHoverProvider] Hover object returned
2025-03-14 11:08:10.235 [info] [VerilogHoverProvider] Hover requested
2025-03-14 11:08:10.677 [warning] [VerilogHoverProvider] Hover object not found
2025-03-14 11:08:10.747 [info] [VerilogHoverProvider] Hover requested
2025-03-14 11:08:11.169 [info] [VerilogHoverProvider] Hover requested
2025-03-14 11:08:11.169 [warning] [VerilogHoverProvider] Hover object not found
2025-03-14 11:08:11.590 [warning] [VerilogHoverProvider] Hover object not found
2025-03-14 11:08:17.581 [info] [VerilogDocumentSymbolProvider] [VerilogSymbol] Symbols Requested: file:///home/sgass/Projects/kepler/hdl/rtl/ethernet/ethernet_crossbar.sv
2025-03-14 11:08:17.586 [info] [VerilogDocumentSymbolProvider] 1 top-level symbols returned
2025-03-14 11:08:19.097 [info] [VerilogDocumentSymbolProvider] [VerilogSymbol] Symbols Requested: file:///home/sgass/Projects/kepler/hdl/rtl/ethernet/ethernet_crossbar.sv
2025-03-14 11:08:19.102 [info] [VerilogDocumentSymbolProvider] 1 top-level symbols returned
2025-03-14 11:08:20.423 [info] [VerilogDocumentSymbolProvider] [VerilogSymbol] Symbols Requested: file:///home/sgass/Projects/kepler/hdl/rtl/ethernet/ethernet_crossbar.sv
2025-03-14 11:08:20.428 [info] [VerilogDocumentSymbolProvider] 1 top-level symbols returned
2025-03-14 11:08:21.134 [info] [VerilogHoverProvider] Hover requested
2025-03-14 11:08:26.717 [info] [VerilogDocumentSymbolProvider] [VerilogSymbol] Symbols Requested: file:///home/sgass/Projects/kepler/hdl/rtl/ethernet/ethernet_crossbar.sv
2025-03-14 11:08:26.723 [info] [VerilogDocumentSymbolProvider] 1 top-level symbols returned
2025-03-14 11:08:40.019 [info] [VerilogHoverProvider] Hover requested
2025-03-14 11:08:40.360 [info] [VerilogHoverProvider] Hover requested
2025-03-14 11:08:40.431 [info] [VerilogHoverProvider] Hover object returned
2025-03-14 11:08:40.549 [info] [VerilogHoverProvider] Hover requested
2025-03-14 11:08:40.776 [info] [VerilogHoverProvider] Hover object returned
2025-03-14 11:08:40.964 [info] [VerilogHoverProvider] Hover object returned
2025-03-14 11:08:43.784 [info] [VerilogHoverProvider] Hover requested
2025-03-14 11:08:44.201 [info] [VerilogHoverProvider] Hover object returned
2025-03-14 11:08:57.065 [info] [VerilogDocumentSymbolProvider] [VerilogSymbol] Symbols Requested: file:///home/sgass/Projects/kepler/hdl/rtl/ethernet/ethernet_crossbar.sv
2025-03-14 11:08:57.069 [info] [VerilogDocumentSymbolProvider] 1 top-level symbols returned
2025-03-14 11:08:57.635 [info] [VerilogDocumentSymbolProvider] [VerilogSymbol] Symbols Requested: file:///home/sgass/Projects/kepler/hdl/rtl/ethernet/ethernet_crossbar.sv
2025-03-14 11:08:57.640 [info] [VerilogDocumentSymbolProvider] 1 top-level symbols returned
2025-03-14 11:08:57.871 [info] [VerilogCompletionItemProvider] Completion items requested
2025-03-14 11:08:57.872 [info] [VerilogCompletionItemProvider] 113 items requested
2025-03-14 11:08:58.285 [info] [VerilogCompletionItemProvider] Completion items requested
2025-03-14 11:08:58.285 [info] [VerilogCompletionItemProvider] 113 items requested
2025-03-14 11:08:58.724 [info] [VerilogDocumentSymbolProvider] [VerilogSymbol] Symbols Requested: file:///home/sgass/Projects/kepler/hdl/rtl/ethernet/ethernet_crossbar.sv
2025-03-14 11:08:58.730 [info] [VerilogDocumentSymbolProvider] 1 top-level symbols returned
2025-03-14 11:08:59.810 [info] [VerilogCompletionItemProvider] Completion items requested
2025-03-14 11:08:59.811 [info] [VerilogCompletionItemProvider] 113 items requested
2025-03-14 11:09:00.137 [info] [VerilogDocumentSymbolProvider] [VerilogSymbol] Symbols Requested: file:///home/sgass/Projects/kepler/hdl/rtl/ethernet/ethernet_crossbar.sv
2025-03-14 11:09:00.143 [info] [VerilogDocumentSymbolProvider] 1 top-level symbols returned
2025-03-14 11:09:00.355 [info] [VerilogCompletionItemProvider] Completion items requested
2025-03-14 11:09:00.355 [info] [VerilogCompletionItemProvider] 113 items requested
2025-03-14 11:09:00.912 [info] [VerilogDocumentSymbolProvider] [VerilogSymbol] Symbols Requested: file:///home/sgass/Projects/kepler/hdl/rtl/ethernet/ethernet_crossbar.sv
2025-03-14 11:09:00.918 [info] [VerilogDocumentSymbolProvider] 1 top-level symbols returned
2025-03-14 11:09:07.795 [info] [VerilogDocumentSymbolProvider] [VerilogSymbol] Symbols Requested: file:///home/sgass/Projects/kepler/hdl/rtl/ethernet/ethernet_crossbar.sv
2025-03-14 11:09:07.799 [info] [VerilogDocumentSymbolProvider] 1 top-level symbols returned
2025-03-14 11:09:08.941 [info] [VerilogDocumentSymbolProvider] [VerilogSymbol] Symbols Requested: file:///home/sgass/Projects/kepler/hdl/rtl/ethernet/ethernet_crossbar.sv
2025-03-14 11:09:08.947 [info] [VerilogDocumentSymbolProvider] 1 top-level symbols returned
2025-03-14 11:09:09.632 [info] [VerilogHoverProvider] Hover requested
2025-03-14 11:09:10.036 [warning] [VerilogHoverProvider] Hover object not found
2025-03-14 11:09:12.650 [info] [VerilogHoverProvider] Hover requested
2025-03-14 11:09:13.130 [warning] [VerilogHoverProvider] Hover object not found
2025-03-14 11:09:14.619 [info] [VerilogDocumentSymbolProvider] [VerilogSymbol] Symbols Requested: file:///home/sgass/Projects/kepler/hdl/rtl/ethernet/ethernet_crossbar.sv
2025-03-14 11:09:14.623 [info] [VerilogDocumentSymbolProvider] 1 top-level symbols returned
2025-03-14 11:09:15.025 [info] [VerilogCompletionItemProvider] Completion items requested
2025-03-14 11:09:15.025 [info] [VerilogCompletionItemProvider] 113 items requested
2025-03-14 11:09:15.658 [info] [VerilogDocumentSymbolProvider] [VerilogSymbol] Symbols Requested: file:///home/sgass/Projects/kepler/hdl/rtl/ethernet/ethernet_crossbar.sv
2025-03-14 11:09:15.663 [info] [VerilogDocumentSymbolProvider] 1 top-level symbols returned
2025-03-14 11:09:16.813 [info] [VerilogDocumentSymbolProvider] [VerilogSymbol] Symbols Requested: file:///home/sgass/Projects/kepler/hdl/rtl/ethernet/ethernet_crossbar.sv
2025-03-14 11:09:16.817 [info] [VerilogDocumentSymbolProvider] 1 top-level symbols returned
2025-03-14 11:09:17.592 [info] [VerilogDocumentSymbolProvider] [VerilogSymbol] Symbols Requested: file:///home/sgass/Projects/kepler/hdl/rtl/ethernet/ethernet_crossbar.sv
2025-03-14 11:09:17.598 [info] [VerilogDocumentSymbolProvider] 1 top-level symbols returned
2025-03-14 11:09:18.917 [info] [VerilogCompletionItemProvider] Completion items requested
2025-03-14 11:09:18.917 [info] [VerilogCompletionItemProvider] 113 items requested
2025-03-14 11:09:19.257 [info] [VerilogDocumentSymbolProvider] [VerilogSymbol] Symbols Requested: file:///home/sgass/Projects/kepler/hdl/rtl/ethernet/ethernet_crossbar.sv
2025-03-14 11:09:19.262 [info] [VerilogDocumentSymbolProvider] 1 top-level symbols returned
2025-03-14 11:09:23.548 [info] [VerilogDocumentSymbolProvider] [VerilogSymbol] Symbols Requested: file:///home/sgass/Projects/kepler/hdl/rtl/ethernet/ethernet_crossbar.sv
2025-03-14 11:09:23.552 [info] [VerilogDocumentSymbolProvider] 1 top-level symbols returned
2025-03-14 11:09:23.568 [info] [VerilogCompletionItemProvider] Completion items requested
2025-03-14 11:09:23.568 [info] [VerilogCompletionItemProvider] 113 items requested
2025-03-14 11:09:24.739 [info] [VerilogDocumentSymbolProvider] [VerilogSymbol] Symbols Requested: file:///home/sgass/Projects/kepler/hdl/rtl/ethernet/ethernet_crossbar.sv
2025-03-14 11:09:24.745 [info] [VerilogDocumentSymbolProvider] 1 top-level symbols returned
2025-03-14 11:09:26.401 [info] [VerilogDocumentSymbolProvider] [VerilogSymbol] Symbols Requested: file:///home/sgass/Projects/kepler/hdl/rtl/ethernet/ethernet_crossbar.sv
2025-03-14 11:09:26.406 [info] [VerilogDocumentSymbolProvider] 1 top-level symbols returned
2025-03-14 11:09:31.558 [info] [VerilogDocumentSymbolProvider] [VerilogSymbol] Symbols Requested: file:///home/sgass/Projects/kepler/hdl/rtl/ethernet/ethernet_crossbar.sv
2025-03-14 11:09:31.564 [info] [VerilogDocumentSymbolProvider] 1 top-level symbols returned
2025-03-14 11:09:31.813 [info] [VerilogCompletionItemProvider] Completion items requested
2025-03-14 11:09:31.813 [info] [VerilogCompletionItemProvider] 113 items requested
2025-03-14 11:09:32.329 [info] [VerilogDocumentSymbolProvider] [VerilogSymbol] Symbols Requested: file:///home/sgass/Projects/kepler/hdl/rtl/ethernet/ethernet_crossbar.sv
2025-03-14 11:09:32.334 [info] [VerilogDocumentSymbolProvider] 1 top-level symbols returned
2025-03-14 11:09:34.236 [info] [VerilogDocumentSymbolProvider] [VerilogSymbol] Symbols Requested: file:///home/sgass/Projects/kepler/hdl/rtl/ethernet/ethernet_crossbar.sv
2025-03-14 11:09:34.241 [info] [VerilogDocumentSymbolProvider] 1 top-level symbols returned
2025-03-14 11:09:35.101 [info] [VerilogDocumentSymbolProvider] [VerilogSymbol] Symbols Requested: file:///home/sgass/Projects/kepler/hdl/rtl/ethernet/ethernet_crossbar.sv
2025-03-14 11:09:35.106 [info] [VerilogDocumentSymbolProvider] 1 top-level symbols returned
2025-03-14 11:09:35.604 [info] [VerilogDocumentSymbolProvider] [VerilogSymbol] Symbols Requested: file:///home/sgass/Projects/kepler/hdl/rtl/ethernet/ethernet_crossbar.sv
2025-03-14 11:09:35.609 [info] [VerilogDocumentSymbolProvider] 1 top-level symbols returned
2025-03-14 11:09:41.354 [info] [VerilogCompletionItemProvider] Completion items requested
2025-03-14 11:09:41.354 [info] [VerilogCompletionItemProvider] 113 items requested
2025-03-14 11:09:41.875 [info] [VerilogDocumentSymbolProvider] [VerilogSymbol] Symbols Requested: file:///home/sgass/Projects/kepler/hdl/rtl/ethernet/ethernet_crossbar.sv
2025-03-14 11:09:41.880 [info] [VerilogDocumentSymbolProvider] 1 top-level symbols returned
2025-03-14 11:09:42.659 [info] [VerilogDocumentSymbolProvider] [VerilogSymbol] Symbols Requested: file:///home/sgass/Projects/kepler/hdl/rtl/ethernet/ethernet_crossbar.sv
2025-03-14 11:09:42.664 [info] [VerilogDocumentSymbolProvider] 1 top-level symbols returned
2025-03-14 11:09:43.581 [info] [VerilogDocumentSymbolProvider] [VerilogSymbol] Symbols Requested: file:///home/sgass/Projects/kepler/hdl/rtl/ethernet/ethernet_crossbar.sv
2025-03-14 11:09:43.586 [info] [VerilogDocumentSymbolProvider] 1 top-level symbols returned
2025-03-14 11:09:46.444 [info] [VerilogDocumentSymbolProvider] [VerilogSymbol] Symbols Requested: file:///home/sgass/Projects/kepler/hdl/rtl/ethernet/ethernet_crossbar.sv
2025-03-14 11:09:46.450 [info] [VerilogDocumentSymbolProvider] 1 top-level symbols returned
2025-03-14 11:09:47.203 [info] [VerilogCompletionItemProvider] Completion items requested
2025-03-14 11:09:47.203 [info] [VerilogCompletionItemProvider] 113 items requested
2025-03-14 11:09:47.926 [info] [VerilogDocumentSymbolProvider] [VerilogSymbol] Symbols Requested: file:///home/sgass/Projects/kepler/hdl/rtl/ethernet/ethernet_crossbar.sv
2025-03-14 11:09:47.932 [info] [VerilogDocumentSymbolProvider] 1 top-level symbols returned
2025-03-14 11:09:48.749 [info] [VerilogDocumentSymbolProvider] [VerilogSymbol] Symbols Requested: file:///home/sgass/Projects/kepler/hdl/rtl/ethernet/ethernet_crossbar.sv
2025-03-14 11:09:48.754 [info] [VerilogDocumentSymbolProvider] 1 top-level symbols returned
2025-03-14 11:09:51.909 [info] [VerilogDocumentSymbolProvider] [VerilogSymbol] Symbols Requested: file:///home/sgass/Projects/kepler/hdl/rtl/ethernet/ethernet_crossbar.sv
2025-03-14 11:09:51.914 [info] [VerilogDocumentSymbolProvider] 1 top-level symbols returned
2025-03-14 11:09:55.353 [info] [VerilogHoverProvider] Hover requested
2025-03-14 11:09:55.844 [warning] [VerilogHoverProvider] Hover object not found
2025-03-14 11:10:00.708 [info] [VerilogDocumentSymbolProvider] [VerilogSymbol] Symbols Requested: file:///home/sgass/Projects/kepler/hdl/rtl/ethernet/ethernet_crossbar.sv
2025-03-14 11:10:00.713 [info] [VerilogDocumentSymbolProvider] 1 top-level symbols returned
2025-03-14 11:10:02.616 [info] [VerilogDocumentSymbolProvider] [VerilogSymbol] Symbols Requested: file:///home/sgass/Projects/kepler/hdl/rtl/ethernet/ethernet_crossbar.sv
2025-03-14 11:10:02.622 [info] [VerilogDocumentSymbolProvider] 1 top-level symbols returned
2025-03-14 11:10:10.097 [info] [VerilogDocumentSymbolProvider] [VerilogSymbol] Symbols Requested: file:///home/sgass/Projects/kepler/hdl/rtl/ethernet/ethernet_crossbar.sv
2025-03-14 11:10:10.102 [info] [VerilogDocumentSymbolProvider] 1 top-level symbols returned
2025-03-14 11:10:10.561 [info] [VerilogDocumentSymbolProvider] [VerilogSymbol] Symbols Requested: file:///home/sgass/Projects/kepler/hdl/rtl/ethernet/ethernet_crossbar.sv
2025-03-14 11:10:10.564 [info] [VerilogDocumentSymbolProvider] 1 top-level symbols returned
2025-03-14 11:10:13.915 [info] [VerilogHoverProvider] Hover requested
2025-03-14 11:10:14.345 [info] [VerilogHoverProvider] Hover object returned
2025-03-14 11:10:15.531 [info] [VerilogHoverProvider] Hover requested
2025-03-14 11:10:15.967 [info] [VerilogHoverProvider] Hover object returned
2025-03-14 11:10:17.397 [info] [VerilogHoverProvider] Hover requested
2025-03-14 11:10:17.731 [info] [VerilogHoverProvider] Hover requested
2025-03-14 11:10:17.870 [info] [VerilogHoverProvider] Hover object returned
2025-03-14 11:10:18.153 [info] [VerilogHoverProvider] Hover object returned
2025-03-14 11:10:18.907 [info] [VerilogHoverProvider] Hover requested
2025-03-14 11:10:19.229 [info] [VerilogHoverProvider] Hover requested
2025-03-14 11:10:19.356 [warning] [VerilogHoverProvider] Hover object not found
2025-03-14 11:10:19.658 [info] [VerilogHoverProvider] Hover object returned
2025-03-14 11:10:20.410 [info] [VerilogHoverProvider] Hover requested
2025-03-14 11:10:20.924 [info] [VerilogHoverProvider] Hover object returned
2025-03-14 11:10:21.732 [info] [VerilogHoverProvider] Hover requested
2025-03-14 11:10:22.166 [info] [VerilogHoverProvider] Hover requested
2025-03-14 11:10:22.431 [info] [VerilogHoverProvider] Hover requested
2025-03-14 11:10:22.868 [info] [VerilogHoverProvider] Hover object returned
2025-03-14 11:10:23.463 [info] [VerilogHoverProvider] Hover requested
2025-03-14 11:10:23.950 [info] [VerilogHoverProvider] Hover object returned
2025-03-14 11:10:23.978 [info] [VerilogHoverProvider] Hover requested
2025-03-14 11:10:24.421 [info] [VerilogHoverProvider] Hover object returned
2025-03-14 11:10:26.531 [info] [VerilogDocumentSymbolProvider] [VerilogSymbol] Symbols Requested: file:///home/sgass/Projects/kepler/hdl/rtl/ethernet/ethernet_crossbar.sv
2025-03-14 11:10:26.536 [info] [VerilogDocumentSymbolProvider] 1 top-level symbols returned
2025-03-14 11:10:27.381 [info] [VerilogHoverProvider] Hover requested
2025-03-14 11:10:27.871 [info] [VerilogHoverProvider] Hover requested
2025-03-14 11:10:30.397 [info] [VerilogHoverProvider] Hover requested
2025-03-14 11:10:30.847 [warning] [VerilogHoverProvider] Hover object not found
2025-03-14 11:10:36.639 [info] [VerilogDocumentSymbolProvider] [VerilogSymbol] Symbols Requested: file:///home/sgass/Projects/kepler/hdl/rtl/ethernet/ethernet_crossbar.sv
2025-03-14 11:10:36.644 [info] [VerilogDocumentSymbolProvider] 1 top-level symbols returned
2025-03-14 11:10:36.960 [info] [VerilogCompletionItemProvider] Completion items requested
2025-03-14 11:10:36.960 [info] [VerilogCompletionItemProvider] 113 items requested
2025-03-14 11:10:37.606 [info] [VerilogDocumentSymbolProvider] [VerilogSymbol] Symbols Requested: file:///home/sgass/Projects/kepler/hdl/rtl/ethernet/ethernet_crossbar.sv
2025-03-14 11:10:37.612 [info] [VerilogDocumentSymbolProvider] 1 top-level symbols returned
2025-03-14 11:10:40.366 [info] [VerilogHoverProvider] Hover requested
2025-03-14 11:10:40.808 [warning] [VerilogHoverProvider] Hover object not found
2025-03-14 11:10:41.759 [info] [VerilogDefinitionProvider] Definitions Requested: file:///home/sgass/Projects/kepler/hdl/rtl/ethernet/ethernet_crossbar.sv
2025-03-14 11:10:42.165 [info] [VerilogDefinitionProvider] 0 definitions returned
2025-03-14 11:10:43.164 [info] [VerilogHoverProvider] Hover requested
2025-03-14 11:10:43.609 [warning] [VerilogHoverProvider] Hover object not found
2025-03-14 11:10:44.951 [info] [VerilogDocumentSymbolProvider] [VerilogSymbol] Symbols Requested: file:///home/sgass/Projects/kepler/hdl/rtl/ethernet/ethernet_crossbar.sv
2025-03-14 11:10:44.956 [info] [VerilogDocumentSymbolProvider] 1 top-level symbols returned
2025-03-14 11:10:45.531 [info] [VerilogDocumentSymbolProvider] [VerilogSymbol] Symbols Requested: file:///home/sgass/Projects/kepler/hdl/rtl/ethernet/ethernet_crossbar.sv
2025-03-14 11:10:45.536 [info] [VerilogDocumentSymbolProvider] 1 top-level symbols returned
2025-03-14 11:10:47.479 [info] [VerilogHoverProvider] Hover requested
2025-03-14 11:10:47.888 [info] [VerilogHoverProvider] Hover object returned
2025-03-14 11:10:49.323 [info] [VerilogCompletionItemProvider] Completion items requested
2025-03-14 11:10:49.323 [info] [VerilogCompletionItemProvider] 113 items requested
2025-03-14 11:10:50.054 [info] [VerilogDocumentSymbolProvider] [VerilogSymbol] Symbols Requested: file:///home/sgass/Projects/kepler/hdl/rtl/ethernet/ethernet_crossbar.sv
2025-03-14 11:10:50.059 [info] [VerilogDocumentSymbolProvider] 1 top-level symbols returned
2025-03-14 11:10:52.448 [info] [VerilogDocumentSymbolProvider] [VerilogSymbol] Symbols Requested: file:///home/sgass/Projects/kepler/hdl/rtl/ethernet/ethernet_crossbar.sv
2025-03-14 11:10:52.453 [info] [VerilogDocumentSymbolProvider] 1 top-level symbols returned
2025-03-14 11:10:54.846 [info] [VerilogHoverProvider] Hover requested
2025-03-14 11:10:55.251 [info] [VerilogHoverProvider] Hover object returned
2025-03-14 11:10:56.243 [info] [VerilogCompletionItemProvider] Completion items requested
2025-03-14 11:10:56.243 [info] [VerilogCompletionItemProvider] 113 items requested
2025-03-14 11:10:57.398 [info] [VerilogDocumentSymbolProvider] [VerilogSymbol] Symbols Requested: file:///home/sgass/Projects/kepler/hdl/rtl/ethernet/ethernet_crossbar.sv
2025-03-14 11:10:57.403 [info] [VerilogDocumentSymbolProvider] 1 top-level symbols returned
2025-03-14 11:10:58.056 [info] [VerilogDocumentSymbolProvider] [VerilogSymbol] Symbols Requested: file:///home/sgass/Projects/kepler/hdl/rtl/ethernet/ethernet_crossbar.sv
2025-03-14 11:10:58.062 [info] [VerilogDocumentSymbolProvider] 1 top-level symbols returned
2025-03-14 11:11:00.280 [info] [VerilogCompletionItemProvider] Completion items requested
2025-03-14 11:11:00.281 [info] [VerilogCompletionItemProvider] 113 items requested
2025-03-14 11:11:01.175 [info] [VerilogDocumentSymbolProvider] [VerilogSymbol] Symbols Requested: file:///home/sgass/Projects/kepler/hdl/rtl/ethernet/ethernet_crossbar.sv
2025-03-14 11:11:01.180 [info] [VerilogDocumentSymbolProvider] 1 top-level symbols returned
2025-03-14 11:11:02.630 [info] [VerilogDocumentSymbolProvider] [VerilogSymbol] Symbols Requested: file:///home/sgass/Projects/kepler/hdl/rtl/ethernet/ethernet_crossbar.sv
2025-03-14 11:11:02.634 [info] [VerilogDocumentSymbolProvider] 1 top-level symbols returned
2025-03-14 11:11:03.697 [info] [VerilogHoverProvider] Hover requested
2025-03-14 11:11:04.134 [info] [VerilogHoverProvider] Hover object returned
2025-03-14 11:11:04.646 [info] [VerilogHoverProvider] Hover requested
2025-03-14 11:11:05.070 [info] [VerilogHoverProvider] Hover object returned
2025-03-14 11:11:05.194 [info] [VerilogHoverProvider] Hover requested
2025-03-14 11:11:05.637 [info] [VerilogHoverProvider] Hover object returned
2025-03-14 11:11:12.049 [info] [VerilogCompletionItemProvider] Completion items requested
2025-03-14 11:11:12.049 [info] [VerilogCompletionItemProvider] 113 items requested
2025-03-14 11:11:12.702 [info] [VerilogDocumentSymbolProvider] [VerilogSymbol] Symbols Requested: file:///home/sgass/Projects/kepler/hdl/rtl/ethernet/ethernet_crossbar.sv
2025-03-14 11:11:12.707 [info] [VerilogDocumentSymbolProvider] 1 top-level symbols returned
2025-03-14 11:11:13.967 [info] [VerilogDocumentSymbolProvider] [VerilogSymbol] Symbols Requested: file:///home/sgass/Projects/kepler/hdl/rtl/ethernet/ethernet_crossbar.sv
2025-03-14 11:11:13.972 [info] [VerilogDocumentSymbolProvider] 1 top-level symbols returned
2025-03-14 11:11:15.355 [info] [VerilogCompletionItemProvider] Completion items requested
2025-03-14 11:11:15.355 [info] [VerilogCompletionItemProvider] 113 items requested
2025-03-14 11:11:15.695 [info] [VerilogDocumentSymbolProvider] [VerilogSymbol] Symbols Requested: file:///home/sgass/Projects/kepler/hdl/rtl/ethernet/ethernet_crossbar.sv
2025-03-14 11:11:15.701 [info] [VerilogDocumentSymbolProvider] 1 top-level symbols returned
2025-03-14 11:11:19.250 [info] [VerilogDocumentSymbolProvider] [VerilogSymbol] Symbols Requested: file:///home/sgass/Projects/kepler/hdl/rtl/ethernet/ethernet_crossbar.sv
2025-03-14 11:11:19.255 [info] [VerilogDocumentSymbolProvider] 1 top-level symbols returned
2025-03-14 11:11:19.842 [info] [VerilogCompletionItemProvider] Completion items requested
2025-03-14 11:11:19.843 [info] [VerilogCompletionItemProvider] 113 items requested
2025-03-14 11:11:19.944 [info] [VerilogCompletionItemProvider] Completion items requested
2025-03-14 11:11:19.945 [info] [VerilogCompletionItemProvider] 113 items requested
2025-03-14 11:11:20.067 [info] [VerilogCompletionItemProvider] Completion items requested
2025-03-14 11:11:20.067 [info] [VerilogCompletionItemProvider] 113 items requested
2025-03-14 11:11:20.406 [info] [VerilogDocumentSymbolProvider] [VerilogSymbol] Symbols Requested: file:///home/sgass/Projects/kepler/hdl/rtl/ethernet/ethernet_crossbar.sv
2025-03-14 11:11:20.412 [info] [VerilogDocumentSymbolProvider] 1 top-level symbols returned
2025-03-14 11:11:24.811 [info] [VerilogDocumentSymbolProvider] [VerilogSymbol] Symbols Requested: file:///home/sgass/Projects/kepler/hdl/rtl/ethernet/ethernet_crossbar.sv
2025-03-14 11:11:24.815 [info] [VerilogDocumentSymbolProvider] 1 top-level symbols returned
2025-03-14 11:11:26.633 [info] [VerilogDocumentSymbolProvider] [VerilogSymbol] Symbols Requested: file:///home/sgass/Projects/kepler/hdl/rtl/ethernet/ethernet_crossbar.sv
2025-03-14 11:11:26.638 [info] [VerilogDocumentSymbolProvider] 1 top-level symbols returned
2025-03-14 11:11:26.998 [info] [VerilogDocumentSymbolProvider] [VerilogSymbol] Symbols Requested: file:///home/sgass/Projects/kepler/hdl/rtl/ethernet/ethernet_crossbar.sv
2025-03-14 11:11:27.002 [info] [VerilogDocumentSymbolProvider] 1 top-level symbols returned
2025-03-14 11:11:28.047 [info] [VerilogHoverProvider] Hover requested
2025-03-14 11:11:28.489 [info] [VerilogHoverProvider] Hover object returned
2025-03-14 11:11:29.894 [info] [VerilogDocumentSymbolProvider] [VerilogSymbol] Symbols Requested: file:///home/sgass/Projects/kepler/hdl/rtl/ethernet/ethernet_crossbar.sv
2025-03-14 11:11:29.901 [info] [VerilogDocumentSymbolProvider] 1 top-level symbols returned
2025-03-14 11:11:30.646 [info] [VerilogDocumentSymbolProvider] [VerilogSymbol] Symbols Requested: file:///home/sgass/Projects/kepler/hdl/rtl/ethernet/ethernet_crossbar.sv
2025-03-14 11:11:30.652 [info] [VerilogDocumentSymbolProvider] 1 top-level symbols returned
2025-03-14 11:11:32.358 [info] [VerilogDocumentSymbolProvider] [VerilogSymbol] Symbols Requested: file:///home/sgass/Projects/kepler/hdl/rtl/ethernet/ethernet_crossbar.sv
2025-03-14 11:11:32.363 [info] [VerilogDocumentSymbolProvider] 1 top-level symbols returned
2025-03-14 11:11:36.279 [info] [VerilogHoverProvider] Hover requested
2025-03-14 11:11:36.743 [info] [VerilogHoverProvider] Hover object returned
2025-03-14 11:11:38.186 [info] [VerilogDocumentSymbolProvider] [VerilogSymbol] Symbols Requested: file:///home/sgass/Projects/kepler/hdl/rtl/ethernet/ethernet_crossbar.sv
2025-03-14 11:11:38.192 [info] [VerilogDocumentSymbolProvider] 1 top-level symbols returned
2025-03-14 11:11:50.362 [info] [VerilogHoverProvider] Hover requested
2025-03-14 11:11:52.440 [info] [VerilogDocumentSymbolProvider] [VerilogSymbol] Symbols Requested: file:///home/sgass/Projects/kepler/hdl/rtl/ethernet/ethernet_crossbar.sv
2025-03-14 11:11:52.445 [info] [VerilogDocumentSymbolProvider] 1 top-level symbols returned
2025-03-14 11:11:57.102 [info] [VerilogDocumentSymbolProvider] [VerilogSymbol] Symbols Requested: file:///home/sgass/Projects/kepler/hdl/rtl/ethernet/ethernet_crossbar.sv
2025-03-14 11:11:57.109 [info] [VerilogDocumentSymbolProvider] 1 top-level symbols returned
2025-03-14 11:11:57.695 [info] [VerilogHoverProvider] Hover requested
2025-03-14 11:11:58.180 [warning] [VerilogHoverProvider] Hover object not found
2025-03-14 11:12:05.579 [info] [VerilogHoverProvider] Hover requested
2025-03-14 11:12:08.183 [info] [VerilogDocumentSymbolProvider] [VerilogSymbol] Symbols Requested: file:///home/sgass/Projects/kepler/hdl/rtl/ethernet/ethernet_crossbar.sv
2025-03-14 11:12:08.188 [info] [VerilogDocumentSymbolProvider] 1 top-level symbols returned
2025-03-14 11:12:12.121 [info] [VerilogDocumentSymbolProvider] [VerilogSymbol] Symbols Requested: file:///home/sgass/Projects/kepler/hdl/rtl/ethernet/ethernet_crossbar.sv
2025-03-14 11:12:12.125 [info] [VerilogDocumentSymbolProvider] 1 top-level symbols returned
2025-03-14 11:12:18.072 [info] [VerilogDocumentSymbolProvider] [VerilogSymbol] Symbols Requested: file:///home/sgass/Projects/kepler/hdl/rtl/ethernet/ethernet_crossbar.sv
2025-03-14 11:12:18.078 [info] [VerilogDocumentSymbolProvider] 1 top-level symbols returned
2025-03-14 11:12:19.035 [info] [VerilogDocumentSymbolProvider] [VerilogSymbol] Symbols Requested: file:///home/sgass/Projects/kepler/hdl/rtl/ethernet/ethernet_crossbar.sv
2025-03-14 11:12:19.040 [info] [VerilogDocumentSymbolProvider] 1 top-level symbols returned
2025-03-14 11:12:20.346 [info] [VerilogHoverProvider] Hover requested
2025-03-14 11:12:20.526 [info] [VerilogHoverProvider] Hover requested
2025-03-14 11:12:20.775 [warning] [VerilogHoverProvider] Hover object not found
2025-03-14 11:12:22.572 [info] [VerilogDocumentSymbolProvider] [VerilogSymbol] Symbols Requested: file:///home/sgass/Projects/kepler/hdl/rtl/ethernet/ethernet_crossbar.sv
2025-03-14 11:12:22.578 [info] [VerilogDocumentSymbolProvider] 1 top-level symbols returned
2025-03-14 11:12:24.985 [info] [VerilogDocumentSymbolProvider] [VerilogSymbol] Symbols Requested: file:///home/sgass/Projects/kepler/hdl/rtl/ethernet/ethernet_crossbar.sv
2025-03-14 11:12:24.989 [info] [VerilogDocumentSymbolProvider] 1 top-level symbols returned
2025-03-14 11:12:26.185 [info] [VerilogDocumentSymbolProvider] [VerilogSymbol] Symbols Requested: file:///home/sgass/Projects/kepler/hdl/rtl/ethernet/ethernet_crossbar.sv
2025-03-14 11:12:26.190 [info] [VerilogDocumentSymbolProvider] 1 top-level symbols returned
2025-03-14 11:12:38.627 [info] [VerilogDocumentSymbolProvider] [VerilogSymbol] Symbols Requested: file:///home/sgass/Projects/kepler/hdl/rtl/ethernet/ethernet_crossbar.sv
2025-03-14 11:12:38.632 [info] [VerilogDocumentSymbolProvider] 1 top-level symbols returned
2025-03-14 11:12:39.300 [info] [VerilogDocumentSymbolProvider] [VerilogSymbol] Symbols Requested: file:///home/sgass/Projects/kepler/hdl/rtl/ethernet/ethernet_crossbar.sv
2025-03-14 11:12:39.303 [info] [VerilogDocumentSymbolProvider] 1 top-level symbols returned
2025-03-14 11:12:39.934 [info] [VerilogDocumentSymbolProvider] [VerilogSymbol] Symbols Requested: file:///home/sgass/Projects/kepler/hdl/rtl/ethernet/ethernet_crossbar.sv
2025-03-14 11:12:39.939 [info] [VerilogDocumentSymbolProvider] 1 top-level symbols returned
2025-03-14 11:12:40.443 [info] [VerilogHoverProvider] Hover requested
2025-03-14 11:12:46.651 [info] [VerilogDocumentSymbolProvider] [VerilogSymbol] Symbols Requested: file:///home/sgass/Projects/kepler/hdl/rtl/ethernet/ethernet_crossbar.sv
2025-03-14 11:12:46.656 [info] [VerilogDocumentSymbolProvider] 1 top-level symbols returned
2025-03-14 11:12:47.260 [info] [VerilogHoverProvider] Hover requested
2025-03-14 11:12:53.834 [info] [VerilogDocumentSymbolProvider] [VerilogSymbol] Symbols Requested: file:///home/sgass/Projects/kepler/hdl/rtl/ethernet/ethernet_crossbar.sv
2025-03-14 11:12:53.839 [info] [VerilogDocumentSymbolProvider] 1 top-level symbols returned
2025-03-14 11:12:54.284 [info] [VerilogDocumentSymbolProvider] [VerilogSymbol] Symbols Requested: file:///home/sgass/Projects/kepler/hdl/rtl/ethernet/ethernet_crossbar.sv
2025-03-14 11:12:54.289 [info] [VerilogDocumentSymbolProvider] 1 top-level symbols returned
2025-03-14 11:12:55.161 [info] [VerilogDocumentSymbolProvider] [VerilogSymbol] Symbols Requested: file:///home/sgass/Projects/kepler/hdl/rtl/ethernet/ethernet_crossbar.sv
2025-03-14 11:12:55.166 [info] [VerilogDocumentSymbolProvider] 1 top-level symbols returned
2025-03-14 11:13:01.546 [info] [VerilogHoverProvider] Hover requested
2025-03-14 11:13:01.986 [info] [VerilogHoverProvider] Hover object returned
2025-03-14 11:13:03.602 [info] [VerilogDocumentSymbolProvider] [VerilogSymbol] Symbols Requested: file:///home/sgass/Projects/kepler/hdl/rtl/ethernet/ethernet_crossbar.sv
2025-03-14 11:13:03.607 [info] [VerilogDocumentSymbolProvider] 1 top-level symbols returned
2025-03-14 11:13:04.177 [info] [VerilogHoverProvider] Hover requested
2025-03-14 11:13:04.659 [warning] [VerilogHoverProvider] Hover object not found
2025-03-14 11:13:08.264 [info] [VerilogDocumentSymbolProvider] [VerilogSymbol] Symbols Requested: file:///home/sgass/Projects/kepler/hdl/rtl/ethernet/ethernet_crossbar.sv
2025-03-14 11:13:08.269 [info] [VerilogDocumentSymbolProvider] 1 top-level symbols returned
2025-03-14 11:13:08.910 [info] [VerilogHoverProvider] Hover requested
2025-03-14 11:13:09.344 [info] [VerilogHoverProvider] Hover object returned
2025-03-14 11:13:23.360 [info] [VerilogHoverProvider] Hover requested
2025-03-14 11:13:23.789 [warning] [VerilogHoverProvider] Hover object not found
2025-03-14 11:13:25.727 [info] [VerilogHoverProvider] Hover requested
2025-03-14 11:13:26.140 [info] [VerilogHoverProvider] Hover object returned
2025-03-14 11:13:27.793 [info] [VerilogHoverProvider] Hover requested
2025-03-14 11:13:28.243 [warning] [VerilogHoverProvider] Hover object not found
2025-03-14 11:13:28.660 [info] [VerilogHoverProvider] Hover requested
2025-03-14 11:13:29.038 [info] [VerilogHoverProvider] Hover requested
2025-03-14 11:13:29.167 [info] indexing "/home/sgass/Projects/kepler/hdl/rtl/axis/axis_connect.sv"
2025-03-14 11:13:29.167 [info] executing ctags
2025-03-14 11:13:29.167 [info] Executing Command: ctags -f - --fields=+K --sort=no --excmd=n --fields-SystemVerilog=+{parameter} "/home/sgass/Projects/kepler/hdl/rtl/axis/axis_connect.sv"
2025-03-14 11:13:29.170 [info] building symbols
2025-03-14 11:13:29.170 [info] [VerilogHoverProvider] Hover object returned
2025-03-14 11:13:29.445 [warning] [VerilogHoverProvider] Hover object not found
2025-03-14 11:13:29.842 [info] [VerilogHoverProvider] Hover requested
2025-03-14 11:13:31.027 [info] [VerilogHoverProvider] Hover requested
2025-03-14 11:13:31.294 [info] [VerilogHoverProvider] Hover requested
2025-03-14 11:13:31.730 [info] [VerilogHoverProvider] Hover requested
2025-03-14 11:13:48.885 [info] [VerilogHoverProvider] Hover requested
2025-03-14 11:13:49.397 [info] [VerilogHoverProvider] Hover requested
2025-03-14 11:13:49.884 [info] [VerilogHoverProvider] Hover object returned
2025-03-14 11:13:54.765 [info] [VerilogDocumentSymbolProvider] [VerilogSymbol] Symbols Requested: file:///home/sgass/Projects/kepler/hdl/rtl/ethernet/ethernet_crossbar.sv
2025-03-14 11:13:54.770 [info] [VerilogDocumentSymbolProvider] 1 top-level symbols returned
2025-03-14 11:13:55.399 [info] [VerilogDocumentSymbolProvider] [VerilogSymbol] Symbols Requested: file:///home/sgass/Projects/kepler/hdl/rtl/ethernet/ethernet_crossbar.sv
2025-03-14 11:13:55.404 [info] [VerilogDocumentSymbolProvider] 1 top-level symbols returned
2025-03-14 11:13:56.372 [info] [VerilogHoverProvider] Hover requested
2025-03-14 11:13:56.789 [warning] [VerilogHoverProvider] Hover object not found
2025-03-14 11:13:58.122 [info] [VerilogHoverProvider] Hover requested
2025-03-14 11:13:58.539 [info] [VerilogHoverProvider] Hover object returned
2025-03-14 11:13:59.125 [info] [VerilogHoverProvider] Hover requested
2025-03-14 11:14:02.617 [info] [VerilogDocumentSymbolProvider] [VerilogSymbol] Symbols Requested: file:///home/sgass/Projects/kepler/hdl/rtl/ethernet/ethernet_crossbar.sv
2025-03-14 11:14:02.623 [info] [VerilogDocumentSymbolProvider] 1 top-level symbols returned
2025-03-14 11:14:03.499 [info] [VerilogDocumentSymbolProvider] [VerilogSymbol] Symbols Requested: file:///home/sgass/Projects/kepler/hdl/rtl/ethernet/ethernet_crossbar.sv
2025-03-14 11:14:03.505 [info] [VerilogDocumentSymbolProvider] 1 top-level symbols returned
2025-03-14 11:14:03.874 [info] [VerilogDocumentSymbolProvider] [VerilogSymbol] Symbols Requested: file:///home/sgass/Projects/kepler/hdl/rtl/ethernet/ethernet_crossbar.sv
2025-03-14 11:14:03.880 [info] [VerilogDocumentSymbolProvider] 1 top-level symbols returned
2025-03-14 11:14:05.520 [info] [VerilogDocumentSymbolProvider] [VerilogSymbol] Symbols Requested: file:///home/sgass/Projects/kepler/hdl/rtl/ethernet/ethernet_crossbar.sv
2025-03-14 11:14:05.526 [info] [VerilogDocumentSymbolProvider] 1 top-level symbols returned
2025-03-14 11:14:07.214 [info] [VerilogDocumentSymbolProvider] [VerilogSymbol] Symbols Requested: file:///home/sgass/Projects/kepler/hdl/rtl/ethernet/ethernet_crossbar.sv
2025-03-14 11:14:07.220 [info] [VerilogDocumentSymbolProvider] 1 top-level symbols returned
2025-03-14 11:14:07.770 [info] [VerilogDocumentSymbolProvider] [VerilogSymbol] Symbols Requested: file:///home/sgass/Projects/kepler/hdl/rtl/ethernet/ethernet_crossbar.sv
2025-03-14 11:14:07.776 [info] [VerilogDocumentSymbolProvider] 1 top-level symbols returned
2025-03-14 11:14:08.576 [info] [VerilogHoverProvider] Hover requested
2025-03-14 11:14:24.662 [info] [VerilogDocumentSymbolProvider] [VerilogSymbol] Symbols Requested: file:///home/sgass/Projects/kepler/hdl/rtl/ethernet/ethernet_crossbar.sv
2025-03-14 11:14:24.668 [info] [VerilogDocumentSymbolProvider] 1 top-level symbols returned
2025-03-14 11:14:28.022 [info] [VerilogHoverProvider] Hover requested
2025-03-14 11:14:28.302 [info] [VerilogHoverProvider] Hover requested
2025-03-14 11:14:28.504 [warning] [VerilogHoverProvider] Hover object not found
2025-03-14 11:14:28.694 [warning] [VerilogHoverProvider] Hover object not found
2025-03-14 11:14:29.662 [info] [VerilogHoverProvider] Hover requested
2025-03-14 11:14:30.107 [warning] [VerilogHoverProvider] Hover object not found
2025-03-14 11:14:30.313 [info] [VerilogCompletionItemProvider] Completion items requested
2025-03-14 11:14:30.314 [info] [VerilogCompletionItemProvider] 113 items requested
2025-03-14 11:14:30.836 [info] [VerilogDocumentSymbolProvider] [VerilogSymbol] Symbols Requested: file:///home/sgass/Projects/kepler/hdl/rtl/ethernet/ethernet_crossbar.sv
2025-03-14 11:14:30.841 [info] [VerilogDocumentSymbolProvider] 1 top-level symbols returned
2025-03-14 11:14:32.936 [info] [VerilogDocumentSymbolProvider] [VerilogSymbol] Symbols Requested: file:///home/sgass/Projects/kepler/hdl/rtl/ethernet/ethernet_crossbar.sv
2025-03-14 11:14:32.942 [info] [VerilogDocumentSymbolProvider] 1 top-level symbols returned
2025-03-14 11:14:40.228 [info] [VerilogCompletionItemProvider] Completion items requested
2025-03-14 11:14:40.228 [info] [VerilogCompletionItemProvider] 113 items requested
2025-03-14 11:14:40.538 [info] [VerilogDocumentSymbolProvider] [VerilogSymbol] Symbols Requested: file:///home/sgass/Projects/kepler/hdl/rtl/ethernet/ethernet_crossbar.sv
2025-03-14 11:14:40.543 [info] [VerilogDocumentSymbolProvider] 1 top-level symbols returned
2025-03-14 11:14:42.506 [info] [VerilogDocumentSymbolProvider] [VerilogSymbol] Symbols Requested: file:///home/sgass/Projects/kepler/hdl/rtl/ethernet/ethernet_crossbar.sv
2025-03-14 11:14:42.510 [info] [VerilogDocumentSymbolProvider] 1 top-level symbols returned
2025-03-14 11:14:45.657 [info] [VerilogDocumentSymbolProvider] [VerilogSymbol] Symbols Requested: file:///home/sgass/Projects/kepler/hdl/rtl/ethernet/ethernet_crossbar.sv
2025-03-14 11:14:45.662 [info] [VerilogDocumentSymbolProvider] 1 top-level symbols returned
2025-03-14 11:14:47.052 [info] [VerilogDocumentSymbolProvider] [VerilogSymbol] Symbols Requested: file:///home/sgass/Projects/kepler/hdl/rtl/ethernet/ethernet_crossbar.sv
2025-03-14 11:14:47.058 [info] [VerilogDocumentSymbolProvider] 1 top-level symbols returned
2025-03-14 11:14:48.696 [info] [VerilogDocumentSymbolProvider] [VerilogSymbol] Symbols Requested: file:///home/sgass/Projects/kepler/hdl/rtl/ethernet/ethernet_crossbar.sv
2025-03-14 11:14:48.701 [info] [VerilogDocumentSymbolProvider] 1 top-level symbols returned
2025-03-14 11:14:50.325 [info] [VerilogHoverProvider] Hover requested
2025-03-14 11:14:50.775 [warning] [VerilogHoverProvider] Hover object not found
2025-03-14 11:14:51.515 [info] [VerilogDocumentSymbolProvider] [VerilogSymbol] Symbols Requested: file:///home/sgass/Projects/kepler/hdl/rtl/ethernet/ethernet_crossbar.sv
2025-03-14 11:14:51.520 [info] [VerilogDocumentSymbolProvider] 1 top-level symbols returned
2025-03-14 11:14:52.407 [info] [VerilogHoverProvider] Hover requested
2025-03-14 11:14:52.791 [info] [VerilogHoverProvider] Hover requested
2025-03-14 11:14:53.247 [info] [VerilogHoverProvider] Hover object returned
2025-03-14 11:14:53.854 [info] [VerilogHoverProvider] Hover requested
2025-03-14 11:14:54.258 [info] [VerilogHoverProvider] Hover object returned
2025-03-14 11:14:55.697 [info] [VerilogDefinitionProvider] Definitions Requested: file:///home/sgass/Projects/kepler/hdl/rtl/ethernet/ethernet_crossbar.sv
2025-03-14 11:14:56.171 [info] [VerilogHoverProvider] Hover requested
2025-03-14 11:14:56.189 [info] [VerilogDefinitionProvider] 1 definitions returned
2025-03-14 11:14:56.472 [info] [VerilogHoverProvider] Hover requested
2025-03-14 11:14:56.604 [warning] [VerilogHoverProvider] Hover object not found
2025-03-14 11:14:56.838 [info] [VerilogHoverProvider] Hover requested
2025-03-14 11:14:56.908 [warning] [VerilogHoverProvider] Hover object not found
2025-03-14 11:14:58.639 [info] [VerilogDocumentSymbolProvider] [VerilogSymbol] Symbols Requested: file:///home/sgass/Projects/kepler/hdl/rtl/ethernet/ethernet_crossbar.sv
2025-03-14 11:14:58.644 [info] [VerilogDocumentSymbolProvider] 1 top-level symbols returned
2025-03-14 11:14:59.774 [info] [VerilogHoverProvider] Hover requested
2025-03-14 11:15:00.114 [info] [VerilogHoverProvider] Hover requested
2025-03-14 11:15:00.633 [info] [VerilogHoverProvider] Hover object returned
2025-03-14 11:15:02.483 [info] [VerilogHoverProvider] Hover requested
2025-03-14 11:15:02.787 [info] [VerilogDefinitionProvider] Definitions Requested: file:///home/sgass/Projects/kepler/hdl/rtl/ethernet/ethernet_crossbar.sv
2025-03-14 11:15:02.893 [info] [VerilogHoverProvider] Hover object returned
2025-03-14 11:15:03.056 [info] [VerilogDefinitionProvider] Definitions Requested: file:///home/sgass/Projects/kepler/hdl/rtl/ethernet/ethernet_crossbar.sv
2025-03-14 11:15:03.186 [info] [VerilogDefinitionProvider] 1 definitions returned
2025-03-14 11:15:03.456 [info] [VerilogDefinitionProvider] 1 definitions returned
2025-03-14 11:15:03.873 [info] [VerilogHoverProvider] Hover requested
2025-03-14 11:15:04.205 [info] [VerilogHoverProvider] Hover requested
2025-03-14 11:15:04.387 [warning] [VerilogHoverProvider] Hover object not found
2025-03-14 11:15:05.723 [info] [VerilogDocumentSymbolProvider] [VerilogSymbol] Symbols Requested: file:///home/sgass/Projects/kepler/hdl/rtl/ethernet/ethernet_crossbar.sv
2025-03-14 11:15:05.727 [info] [VerilogDocumentSymbolProvider] 1 top-level symbols returned
2025-03-14 11:15:06.990 [info] [VerilogHoverProvider] Hover requested
2025-03-14 11:15:07.488 [info] [VerilogHoverProvider] Hover object returned
2025-03-14 11:15:08.374 [info] [VerilogHoverProvider] Hover requested
2025-03-14 11:15:13.841 [info] [VerilogDefinitionProvider] Definitions Requested: file:///home/sgass/Projects/kepler/hdl/rtl/ethernet/ethernet_crossbar.sv
2025-03-14 11:15:14.348 [info] [VerilogDefinitionProvider] 2 definitions returned
2025-03-14 11:15:15.894 [info] [VerilogDocumentSymbolProvider] [VerilogSymbol] Symbols Requested: file:///home/sgass/Projects/kepler/hdl/rtl/ethernet/ethernet_crossbar.sv
2025-03-14 11:15:15.899 [info] [VerilogDocumentSymbolProvider] 1 top-level symbols returned
2025-03-14 11:15:16.223 [info] [VerilogHoverProvider] Hover requested
2025-03-14 11:15:16.705 [info] [VerilogHoverProvider] Hover object returned
2025-03-14 11:15:18.021 [info] [VerilogDocumentSymbolProvider] [VerilogSymbol] Symbols Requested: file:///home/sgass/Projects/kepler/hdl/rtl/ethernet/ethernet_crossbar.sv
2025-03-14 11:15:18.026 [info] [VerilogDocumentSymbolProvider] 1 top-level symbols returned
2025-03-14 11:15:18.926 [info] [VerilogDocumentSymbolProvider] [VerilogSymbol] Symbols Requested: file:///home/sgass/Projects/kepler/hdl/rtl/ethernet/ethernet_crossbar.sv
2025-03-14 11:15:18.931 [info] [VerilogDocumentSymbolProvider] 1 top-level symbols returned
2025-03-14 11:15:20.125 [info] [VerilogHoverProvider] Hover requested
2025-03-14 11:15:20.562 [info] [VerilogHoverProvider] Hover object returned
2025-03-14 11:15:20.762 [info] [VerilogDefinitionProvider] Definitions Requested: file:///home/sgass/Projects/kepler/hdl/rtl/ethernet/ethernet_crossbar.sv
2025-03-14 11:15:21.163 [info] [VerilogDefinitionProvider] 1 definitions returned
2025-03-14 11:15:23.820 [info] [VerilogDocumentSymbolProvider] [VerilogSymbol] Symbols Requested: file:///home/sgass/Projects/kepler/hdl/rtl/ethernet/ethernet_crossbar.sv
2025-03-14 11:15:23.825 [info] [VerilogDocumentSymbolProvider] 1 top-level symbols returned
2025-03-14 11:15:24.404 [info] [VerilogDocumentSymbolProvider] [VerilogSymbol] Symbols Requested: file:///home/sgass/Projects/kepler/hdl/rtl/ethernet/ethernet_crossbar.sv
2025-03-14 11:15:24.409 [info] [VerilogDocumentSymbolProvider] 1 top-level symbols returned
2025-03-14 11:15:28.605 [info] [VerilogDocumentSymbolProvider] [VerilogSymbol] Symbols Requested: file:///home/sgass/Projects/kepler/hdl/rtl/ethernet/ethernet_crossbar.sv
2025-03-14 11:15:28.610 [info] [VerilogDocumentSymbolProvider] 1 top-level symbols returned
2025-03-14 11:15:28.973 [info] [VerilogHoverProvider] Hover requested
2025-03-14 11:15:29.402 [info] [VerilogHoverProvider] Hover object returned
2025-03-14 11:15:30.990 [info] [VerilogHoverProvider] Hover requested
2025-03-14 11:15:31.446 [info] [VerilogHoverProvider] Hover object returned
2025-03-14 11:15:31.590 [info] [VerilogHoverProvider] Hover requested
2025-03-14 11:15:31.755 [info] [VerilogHoverProvider] Hover requested
2025-03-14 11:15:32.064 [info] [VerilogHoverProvider] Hover object returned
2025-03-14 11:15:32.176 [info] [VerilogHoverProvider] Hover object returned
2025-03-14 11:15:33.612 [info] [VerilogDocumentSymbolProvider] [VerilogSymbol] Symbols Requested: file:///home/sgass/Projects/kepler/hdl/rtl/ethernet/ethernet_crossbar.sv
2025-03-14 11:15:33.617 [info] [VerilogDocumentSymbolProvider] 1 top-level symbols returned
2025-03-14 11:15:35.655 [info] [VerilogHoverProvider] Hover requested
2025-03-14 11:15:36.131 [warning] [VerilogHoverProvider] Hover object not found
2025-03-14 11:15:44.567 [info] [VerilogDocumentSymbolProvider] [VerilogSymbol] Symbols Requested: file:///home/sgass/Projects/kepler/hdl/rtl/ethernet/ethernet_crossbar.sv
2025-03-14 11:15:44.572 [info] [VerilogDocumentSymbolProvider] 1 top-level symbols returned
2025-03-14 11:15:45.908 [info] [VerilogHoverProvider] Hover requested
2025-03-14 11:15:46.374 [info] [VerilogHoverProvider] Hover object returned
2025-03-14 11:15:49.926 [info] [VerilogDefinitionProvider] Definitions Requested: file:///home/sgass/Projects/kepler/hdl/rtl/ethernet/ethernet_crossbar.sv
2025-03-14 11:15:50.379 [info] [VerilogDefinitionProvider] 1 definitions returned
2025-03-14 11:15:50.760 [info] [VerilogDocumentSymbolProvider] [VerilogSymbol] Symbols Requested: file:///home/sgass/Projects/kepler/hdl/rtl/ethernet/ethernet_crossbar.sv
2025-03-14 11:15:50.764 [info] [VerilogDocumentSymbolProvider] 1 top-level symbols returned
2025-03-14 11:15:51.405 [info] [VerilogHoverProvider] Hover requested
2025-03-14 11:15:51.841 [info] [VerilogHoverProvider] Hover object returned
2025-03-14 11:15:55.140 [info] [VerilogDocumentSymbolProvider] [VerilogSymbol] Symbols Requested: file:///home/sgass/Projects/kepler/hdl/rtl/ethernet/ethernet_crossbar.sv
2025-03-14 11:15:55.144 [info] [VerilogDocumentSymbolProvider] 1 top-level symbols returned
2025-03-14 11:15:55.541 [info] on save
2025-03-14 11:15:55.884 [info] [VerilogDocumentSymbolProvider] [VerilogSymbol] Symbols Requested: file:///home/sgass/Projects/kepler/hdl/rtl/ethernet/ethernet_crossbar.sv
2025-03-14 11:15:55.884 [info] indexing "/home/sgass/Projects/kepler/hdl/rtl/ethernet/ethernet_crossbar.sv"
2025-03-14 11:15:55.884 [info] executing ctags
2025-03-14 11:15:55.884 [info] Executing Command: ctags -f - --fields=+K --sort=no --excmd=n --fields-SystemVerilog=+{parameter} "/home/sgass/Projects/kepler/hdl/rtl/ethernet/ethernet_crossbar.sv"
2025-03-14 11:15:55.892 [info] building symbols
2025-03-14 11:15:55.895 [info] [VerilogDocumentSymbolProvider] 1 top-level symbols returned
2025-03-14 11:16:06.974 [info] [VerilogDocumentSymbolProvider] [VerilogSymbol] Symbols Requested: file:///home/sgass/Projects/kepler/hdl/rtl/ethernet/ethernet_crossbar.sv
2025-03-14 11:16:06.978 [info] [VerilogDocumentSymbolProvider] 1 top-level symbols returned
2025-03-14 11:16:09.078 [info] [VerilogDocumentSymbolProvider] [VerilogSymbol] Symbols Requested: file:///home/sgass/Projects/kepler/hdl/rtl/ethernet/ethernet_crossbar.sv
2025-03-14 11:16:09.081 [info] [VerilogDocumentSymbolProvider] 1 top-level symbols returned
2025-03-14 11:16:11.346 [info] [VerilogDocumentSymbolProvider] [VerilogSymbol] Symbols Requested: file:///home/sgass/Projects/kepler/hdl/rtl/ethernet/ethernet_crossbar.sv
2025-03-14 11:16:11.350 [info] [VerilogDocumentSymbolProvider] 1 top-level symbols returned
2025-03-14 11:16:25.597 [info] [VerilogDocumentSymbolProvider] [VerilogSymbol] Symbols Requested: file:///home/sgass/Projects/kepler/hdl/rtl/ethernet/ethernet_crossbar.sv
2025-03-14 11:16:25.602 [info] [VerilogDocumentSymbolProvider] 1 top-level symbols returned
2025-03-14 11:16:35.331 [info] [VerilogDocumentSymbolProvider] [VerilogSymbol] Symbols Requested: file:///home/sgass/Projects/kepler/hdl/rtl/ethernet/ethernet_crossbar.sv
2025-03-14 11:16:35.335 [info] [VerilogDocumentSymbolProvider] 1 top-level symbols returned
2025-03-14 11:16:36.034 [info] [VerilogDocumentSymbolProvider] [VerilogSymbol] Symbols Requested: file:///home/sgass/Projects/kepler/hdl/rtl/ethernet/ethernet_crossbar.sv
2025-03-14 11:16:36.037 [info] [VerilogDocumentSymbolProvider] 1 top-level symbols returned
2025-03-14 11:16:36.446 [info] [VerilogDocumentSymbolProvider] [VerilogSymbol] Symbols Requested: file:///home/sgass/Projects/kepler/hdl/rtl/ethernet/ethernet_crossbar.sv
2025-03-14 11:16:36.451 [info] [VerilogDocumentSymbolProvider] 1 top-level symbols returned
2025-03-14 11:16:36.872 [info] [VerilogHoverProvider] Hover requested
2025-03-14 11:16:37.328 [warning] [VerilogHoverProvider] Hover object not found
2025-03-14 11:16:38.344 [info] [VerilogDocumentSymbolProvider] [VerilogSymbol] Symbols Requested: file:///home/sgass/Projects/kepler/hdl/rtl/ethernet/ethernet_crossbar.sv
2025-03-14 11:16:38.348 [info] [VerilogDocumentSymbolProvider] 1 top-level symbols returned
2025-03-14 11:16:39.620 [info] [VerilogDocumentSymbolProvider] [VerilogSymbol] Symbols Requested: file:///home/sgass/Projects/kepler/hdl/rtl/ethernet/ethernet_crossbar.sv
2025-03-14 11:16:39.625 [info] [VerilogDocumentSymbolProvider] 1 top-level symbols returned
2025-03-14 11:16:40.128 [info] [VerilogDocumentSymbolProvider] [VerilogSymbol] Symbols Requested: file:///home/sgass/Projects/kepler/hdl/rtl/ethernet/ethernet_crossbar.sv
2025-03-14 11:16:40.132 [info] [VerilogDocumentSymbolProvider] 1 top-level symbols returned
2025-03-14 11:16:41.089 [info] [VerilogHoverProvider] Hover requested
2025-03-14 11:16:47.967 [info] [VerilogDocumentSymbolProvider] [VerilogSymbol] Symbols Requested: file:///home/sgass/Projects/kepler/hdl/rtl/ethernet/ethernet_crossbar.sv
2025-03-14 11:16:47.971 [info] [VerilogDocumentSymbolProvider] 1 top-level symbols returned
2025-03-14 11:16:48.571 [info] [VerilogDocumentSymbolProvider] [VerilogSymbol] Symbols Requested: file:///home/sgass/Projects/kepler/hdl/rtl/ethernet/ethernet_crossbar.sv
2025-03-14 11:16:48.575 [info] [VerilogDocumentSymbolProvider] 1 top-level symbols returned
2025-03-14 11:16:49.253 [info] [VerilogHoverProvider] Hover requested
2025-03-14 11:16:53.364 [info] [VerilogDocumentSymbolProvider] [VerilogSymbol] Symbols Requested: file:///home/sgass/Projects/kepler/hdl/rtl/ethernet/ethernet_crossbar.sv
2025-03-14 11:16:53.368 [info] [VerilogDocumentSymbolProvider] 1 top-level symbols returned
2025-03-14 11:16:54.254 [info] [VerilogDocumentSymbolProvider] [VerilogSymbol] Symbols Requested: file:///home/sgass/Projects/kepler/hdl/rtl/ethernet/ethernet_crossbar.sv
2025-03-14 11:16:54.258 [info] [VerilogDocumentSymbolProvider] 1 top-level symbols returned
2025-03-14 11:16:57.538 [info] [VerilogHoverProvider] Hover requested
2025-03-14 11:16:57.988 [warning] [VerilogHoverProvider] Hover object not found
2025-03-14 11:17:03.613 [info] [VerilogDocumentSymbolProvider] [VerilogSymbol] Symbols Requested: file:///home/sgass/Projects/kepler/hdl/rtl/ethernet/ethernet_crossbar.sv
2025-03-14 11:17:03.617 [info] [VerilogDocumentSymbolProvider] 1 top-level symbols returned
2025-03-14 11:17:04.277 [info] [VerilogDocumentSymbolProvider] [VerilogSymbol] Symbols Requested: file:///home/sgass/Projects/kepler/hdl/rtl/ethernet/ethernet_crossbar.sv
2025-03-14 11:17:04.281 [info] [VerilogDocumentSymbolProvider] 1 top-level symbols returned
2025-03-14 11:17:04.916 [info] [VerilogCompletionItemProvider] Completion items requested
2025-03-14 11:17:04.916 [info] [VerilogCompletionItemProvider] 100 items requested
2025-03-14 11:17:05.381 [info] [VerilogCompletionItemProvider] Completion items requested
2025-03-14 11:17:05.382 [info] [VerilogCompletionItemProvider] 100 items requested
2025-03-14 11:17:06.193 [info] [VerilogDocumentSymbolProvider] [VerilogSymbol] Symbols Requested: file:///home/sgass/Projects/kepler/hdl/rtl/ethernet/ethernet_crossbar.sv
2025-03-14 11:17:06.196 [info] [VerilogDocumentSymbolProvider] 1 top-level symbols returned
2025-03-14 11:17:07.187 [info] [VerilogDocumentSymbolProvider] [VerilogSymbol] Symbols Requested: file:///home/sgass/Projects/kepler/hdl/rtl/ethernet/ethernet_crossbar.sv
2025-03-14 11:17:07.190 [info] [VerilogDocumentSymbolProvider] 1 top-level symbols returned
2025-03-14 11:17:10.824 [info] [VerilogDocumentSymbolProvider] [VerilogSymbol] Symbols Requested: file:///home/sgass/Projects/kepler/hdl/rtl/ethernet/ethernet_crossbar.sv
2025-03-14 11:17:10.827 [info] [VerilogDocumentSymbolProvider] 1 top-level symbols returned
2025-03-14 11:17:11.246 [info] [VerilogDocumentSymbolProvider] [VerilogSymbol] Symbols Requested: file:///home/sgass/Projects/kepler/hdl/rtl/ethernet/ethernet_crossbar.sv
2025-03-14 11:17:11.250 [info] [VerilogDocumentSymbolProvider] 1 top-level symbols returned
2025-03-14 11:17:15.447 [info] [VerilogDocumentSymbolProvider] [VerilogSymbol] Symbols Requested: file:///home/sgass/Projects/kepler/hdl/rtl/ethernet/ethernet_crossbar.sv
2025-03-14 11:17:15.451 [info] [VerilogDocumentSymbolProvider] 1 top-level symbols returned
2025-03-14 11:17:15.479 [info] [VerilogCompletionItemProvider] Completion items requested
2025-03-14 11:17:15.479 [info] [VerilogCompletionItemProvider] 100 items requested
2025-03-14 11:17:16.226 [info] [VerilogDocumentSymbolProvider] [VerilogSymbol] Symbols Requested: file:///home/sgass/Projects/kepler/hdl/rtl/ethernet/ethernet_crossbar.sv
2025-03-14 11:17:16.230 [info] [VerilogDocumentSymbolProvider] 1 top-level symbols returned
2025-03-14 11:17:16.834 [info] [VerilogDocumentSymbolProvider] [VerilogSymbol] Symbols Requested: file:///home/sgass/Projects/kepler/hdl/rtl/ethernet/ethernet_crossbar.sv
2025-03-14 11:17:16.837 [info] [VerilogDocumentSymbolProvider] 1 top-level symbols returned
2025-03-14 11:17:18.644 [info] [VerilogDocumentSymbolProvider] [VerilogSymbol] Symbols Requested: file:///home/sgass/Projects/kepler/hdl/rtl/ethernet/ethernet_crossbar.sv
2025-03-14 11:17:18.648 [info] [VerilogDocumentSymbolProvider] 1 top-level symbols returned
2025-03-14 11:17:19.567 [info] [VerilogDocumentSymbolProvider] [VerilogSymbol] Symbols Requested: file:///home/sgass/Projects/kepler/hdl/rtl/ethernet/ethernet_crossbar.sv
2025-03-14 11:17:19.571 [info] [VerilogDocumentSymbolProvider] 1 top-level symbols returned
2025-03-14 11:17:45.243 [info] on save
2025-03-14 11:17:45.598 [info] [VerilogDocumentSymbolProvider] [VerilogSymbol] Symbols Requested: file:///home/sgass/Projects/kepler/hdl/rtl/ethernet/ethernet_crossbar.sv
2025-03-14 11:17:45.598 [info] indexing "/home/sgass/Projects/kepler/hdl/rtl/ethernet/ethernet_crossbar.sv"
2025-03-14 11:17:45.598 [info] executing ctags
2025-03-14 11:17:45.598 [info] Executing Command: ctags -f - --fields=+K --sort=no --excmd=n --fields-SystemVerilog=+{parameter} "/home/sgass/Projects/kepler/hdl/rtl/ethernet/ethernet_crossbar.sv"
2025-03-14 11:17:45.605 [info] building symbols
2025-03-14 11:17:45.608 [info] [VerilogDocumentSymbolProvider] 1 top-level symbols returned
2025-03-14 11:17:53.150 [info] [VerilogHoverProvider] Hover requested
2025-03-14 11:17:57.635 [info] [VerilogHoverProvider] Hover requested
2025-03-14 11:17:58.075 [warning] [VerilogHoverProvider] Hover object not found
2025-03-14 11:18:36.388 [info] [VerilogDocumentSymbolProvider] [VerilogSymbol] Symbols Requested: file:///home/sgass/Projects/kepler/hdl/rtl/board/mpcut1/board_mpcut1_zynq_wrapper.sv
2025-03-14 11:18:36.388 [info] indexing "/home/sgass/Projects/kepler/hdl/rtl/board/mpcut1/board_mpcut1_zynq_wrapper.sv"
2025-03-14 11:18:36.388 [info] executing ctags
2025-03-14 11:18:36.388 [info] Executing Command: ctags -f - --fields=+K --sort=no --excmd=n --fields-SystemVerilog=+{parameter} "/home/sgass/Projects/kepler/hdl/rtl/board/mpcut1/board_mpcut1_zynq_wrapper.sv"
2025-03-14 11:18:36.470 [info] building symbols
2025-03-14 11:18:36.471 [info] [VerilogDocumentSymbolProvider] 1 top-level symbols returned
2025-03-14 11:18:37.361 [info] [VerilogHoverProvider] Hover requested
2025-03-14 11:18:49.221 [info] [VerilogHoverProvider] Hover requested
2025-03-14 11:18:49.703 [info] [VerilogHoverProvider] Hover requested
2025-03-14 11:18:49.710 [info] [VerilogHoverProvider] Hover object returned
2025-03-14 11:18:50.003 [info] [VerilogHoverProvider] Hover requested
2025-03-14 11:18:50.142 [info] [VerilogHoverProvider] Hover object returned
2025-03-14 11:18:50.443 [info] [VerilogHoverProvider] Hover object returned
2025-03-14 11:18:52.048 [info] [VerilogHoverProvider] Hover requested
2025-03-14 11:18:52.506 [warning] [VerilogHoverProvider] Hover object not found
2025-03-14 11:18:52.765 [info] [VerilogDefinitionProvider] Definitions Requested: file:///home/sgass/Projects/kepler/hdl/rtl/board/mpcut1/board_mpcut1_zynq_wrapper.sv
2025-03-14 11:18:53.226 [info] [VerilogDefinitionProvider] 0 definitions returned
2025-03-14 11:18:59.171 [info] [VerilogHoverProvider] Hover requested
2025-03-14 11:18:59.651 [info] [VerilogHoverProvider] Hover object returned
2025-03-14 11:19:01.667 [info] [VerilogHoverProvider] Hover requested
2025-03-14 11:19:02.148 [info] [VerilogHoverProvider] Hover object returned
2025-03-14 11:19:25.133 [info] [VerilogHoverProvider] Hover requested
2025-03-14 11:19:25.650 [info] [VerilogHoverProvider] Hover object returned
2025-03-14 11:19:29.165 [info] [VerilogDocumentSymbolProvider] [VerilogSymbol] Symbols Requested: file:///home/sgass/Projects/kepler/hdl/rtl/ethernet/ethernet_crossbar.sv
2025-03-14 11:19:29.170 [info] [VerilogDocumentSymbolProvider] 1 top-level symbols returned
2025-03-14 11:19:35.001 [info] [VerilogDocumentSymbolProvider] [VerilogSymbol] Symbols Requested: file:///home/sgass/Projects/kepler/hdl/rtl/ethernet/ethernet_crossbar.sv
2025-03-14 11:19:35.004 [info] [VerilogDocumentSymbolProvider] 1 top-level symbols returned
2025-03-14 11:19:36.614 [info] [VerilogHoverProvider] Hover requested
2025-03-14 11:19:37.060 [warning] [VerilogHoverProvider] Hover object not found
2025-03-14 11:19:37.301 [info] [VerilogHoverProvider] Hover requested
2025-03-14 11:19:37.737 [warning] [VerilogHoverProvider] Hover object not found
2025-03-14 11:19:37.914 [info] [VerilogDefinitionProvider] Definitions Requested: file:///home/sgass/Projects/kepler/hdl/rtl/ethernet/ethernet_crossbar.sv
2025-03-14 11:19:38.324 [info] [VerilogDefinitionProvider] 0 definitions returned
2025-03-14 11:19:40.498 [info] [VerilogCompletionItemProvider] Completion items requested
2025-03-14 11:19:40.498 [info] [VerilogCompletionItemProvider] 100 items requested
2025-03-14 11:19:40.940 [info] [VerilogCompletionItemProvider] Completion items requested
2025-03-14 11:19:40.940 [info] [VerilogCompletionItemProvider] 100 items requested
2025-03-14 11:19:41.138 [info] [VerilogCompletionItemProvider] Completion items requested
2025-03-14 11:19:41.138 [info] [VerilogCompletionItemProvider] 100 items requested
2025-03-14 11:19:41.309 [info] [VerilogCompletionItemProvider] Completion items requested
2025-03-14 11:19:41.310 [info] [VerilogCompletionItemProvider] 100 items requested
2025-03-14 11:19:41.496 [info] [VerilogCompletionItemProvider] Completion items requested
2025-03-14 11:19:41.497 [info] [VerilogCompletionItemProvider] 100 items requested
2025-03-14 11:19:41.836 [info] [VerilogDocumentSymbolProvider] [VerilogSymbol] Symbols Requested: file:///home/sgass/Projects/kepler/hdl/rtl/ethernet/ethernet_crossbar.sv
2025-03-14 11:19:41.839 [info] [VerilogDocumentSymbolProvider] 1 top-level symbols returned
2025-03-14 11:19:41.909 [info] [VerilogCompletionItemProvider] Completion items requested
2025-03-14 11:19:41.910 [info] [VerilogCompletionItemProvider] 100 items requested
2025-03-14 11:19:42.241 [info] [VerilogDocumentSymbolProvider] [VerilogSymbol] Symbols Requested: file:///home/sgass/Projects/kepler/hdl/rtl/ethernet/ethernet_crossbar.sv
2025-03-14 11:19:42.245 [info] [VerilogDocumentSymbolProvider] 1 top-level symbols returned
2025-03-14 11:19:44.031 [info] [VerilogCompletionItemProvider] Completion items requested
2025-03-14 11:19:44.032 [info] [VerilogCompletionItemProvider] 100 items requested
2025-03-14 11:19:44.209 [info] [VerilogCompletionItemProvider] Completion items requested
2025-03-14 11:19:44.210 [info] [VerilogCompletionItemProvider] 100 items requested
2025-03-14 11:19:44.485 [info] [VerilogCompletionItemProvider] Completion items requested
2025-03-14 11:19:44.486 [info] [VerilogCompletionItemProvider] 100 items requested
2025-03-14 11:19:44.624 [info] [VerilogCompletionItemProvider] Completion items requested
2025-03-14 11:19:44.624 [info] [VerilogCompletionItemProvider] 100 items requested
2025-03-14 11:19:44.885 [info] [VerilogCompletionItemProvider] Completion items requested
2025-03-14 11:19:44.886 [info] [VerilogCompletionItemProvider] 100 items requested
2025-03-14 11:19:45.226 [info] [VerilogDocumentSymbolProvider] [VerilogSymbol] Symbols Requested: file:///home/sgass/Projects/kepler/hdl/rtl/ethernet/ethernet_crossbar.sv
2025-03-14 11:19:45.230 [info] [VerilogDocumentSymbolProvider] 1 top-level symbols returned
2025-03-14 11:19:49.088 [info] [VerilogDocumentSymbolProvider] [VerilogSymbol] Symbols Requested: file:///home/sgass/Projects/kepler/hdl/rtl/ethernet/ethernet_crossbar.sv
2025-03-14 11:19:49.091 [info] [VerilogDocumentSymbolProvider] 1 top-level symbols returned
2025-03-14 11:19:49.665 [info] [VerilogDocumentSymbolProvider] [VerilogSymbol] Symbols Requested: file:///home/sgass/Projects/kepler/hdl/rtl/ethernet/ethernet_crossbar.sv
2025-03-14 11:19:49.668 [info] [VerilogDocumentSymbolProvider] 1 top-level symbols returned
2025-03-14 11:19:51.869 [info] [VerilogDocumentSymbolProvider] [VerilogSymbol] Symbols Requested: file:///home/sgass/Projects/kepler/hdl/rtl/ethernet/ethernet_crossbar.sv
2025-03-14 11:19:51.873 [info] [VerilogDocumentSymbolProvider] 1 top-level symbols returned
2025-03-14 11:19:52.486 [info] [VerilogDocumentSymbolProvider] [VerilogSymbol] Symbols Requested: file:///home/sgass/Projects/kepler/hdl/rtl/ethernet/ethernet_crossbar.sv
2025-03-14 11:19:52.490 [info] [VerilogDocumentSymbolProvider] 1 top-level symbols returned
2025-03-14 11:19:55.851 [info] [VerilogDocumentSymbolProvider] [VerilogSymbol] Symbols Requested: file:///home/sgass/Projects/kepler/hdl/rtl/ethernet/ethernet_crossbar.sv
2025-03-14 11:19:55.855 [info] [VerilogDocumentSymbolProvider] 1 top-level symbols returned
2025-03-14 11:19:57.151 [info] [VerilogHoverProvider] Hover requested
2025-03-14 11:19:57.613 [warning] [VerilogHoverProvider] Hover object not found
2025-03-14 11:20:01.900 [info] [VerilogHoverProvider] Hover requested
2025-03-14 11:20:02.299 [info] [VerilogHoverProvider] Hover requested
2025-03-14 11:20:02.322 [info] [VerilogHoverProvider] Hover object returned
2025-03-14 11:20:02.728 [info] [VerilogHoverProvider] Hover object returned
2025-03-14 11:20:03.671 [info] [VerilogHoverProvider] Hover requested
2025-03-14 11:20:03.860 [info] [VerilogHoverProvider] Hover requested
2025-03-14 11:20:04.054 [info] [VerilogHoverProvider] Hover requested
2025-03-14 11:20:04.883 [info] [VerilogCompletionItemProvider] Completion items requested
2025-03-14 11:20:04.884 [info] [VerilogCompletionItemProvider] 100 items requested
2025-03-14 11:20:05.287 [info] [VerilogCompletionItemProvider] Completion items requested
2025-03-14 11:20:05.287 [info] [VerilogCompletionItemProvider] 100 items requested
2025-03-14 11:20:05.424 [info] [VerilogCompletionItemProvider] Completion items requested
2025-03-14 11:20:05.425 [info] [VerilogCompletionItemProvider] 100 items requested
2025-03-14 11:20:05.590 [info] [VerilogCompletionItemProvider] Completion items requested
2025-03-14 11:20:05.590 [info] [VerilogCompletionItemProvider] 100 items requested
2025-03-14 11:20:05.771 [info] [VerilogCompletionItemProvider] Completion items requested
2025-03-14 11:20:05.771 [info] [VerilogCompletionItemProvider] 100 items requested
2025-03-14 11:20:06.111 [info] [VerilogDocumentSymbolProvider] [VerilogSymbol] Symbols Requested: file:///home/sgass/Projects/kepler/hdl/rtl/ethernet/ethernet_crossbar.sv
2025-03-14 11:20:06.115 [info] [VerilogDocumentSymbolProvider] 1 top-level symbols returned
2025-03-14 11:20:06.163 [info] [VerilogCompletionItemProvider] Completion items requested
2025-03-14 11:20:06.164 [info] [VerilogCompletionItemProvider] 100 items requested
2025-03-14 11:20:06.504 [info] [VerilogDocumentSymbolProvider] [VerilogSymbol] Symbols Requested: file:///home/sgass/Projects/kepler/hdl/rtl/ethernet/ethernet_crossbar.sv
2025-03-14 11:20:06.507 [info] [VerilogDocumentSymbolProvider] 1 top-level symbols returned
2025-03-14 11:20:07.109 [info] [VerilogCompletionItemProvider] Completion items requested
2025-03-14 11:20:07.110 [info] [VerilogCompletionItemProvider] 100 items requested
2025-03-14 11:20:07.293 [info] [VerilogCompletionItemProvider] Completion items requested
2025-03-14 11:20:07.294 [info] [VerilogCompletionItemProvider] 100 items requested
2025-03-14 11:20:07.484 [info] [VerilogCompletionItemProvider] Completion items requested
2025-03-14 11:20:07.484 [info] [VerilogCompletionItemProvider] 100 items requested
2025-03-14 11:20:07.766 [info] [VerilogCompletionItemProvider] Completion items requested
2025-03-14 11:20:07.766 [info] [VerilogCompletionItemProvider] 100 items requested
2025-03-14 11:20:07.990 [info] [VerilogCompletionItemProvider] Completion items requested
2025-03-14 11:20:07.990 [info] [VerilogCompletionItemProvider] 100 items requested
2025-03-14 11:20:08.235 [info] [VerilogCompletionItemProvider] Completion items requested
2025-03-14 11:20:08.235 [info] [VerilogCompletionItemProvider] 100 items requested
2025-03-14 11:20:08.575 [info] [VerilogDocumentSymbolProvider] [VerilogSymbol] Symbols Requested: file:///home/sgass/Projects/kepler/hdl/rtl/ethernet/ethernet_crossbar.sv
2025-03-14 11:20:08.577 [info] [VerilogDocumentSymbolProvider] 1 top-level symbols returned
2025-03-14 11:20:08.591 [info] [VerilogCompletionItemProvider] Completion items requested
2025-03-14 11:20:08.591 [info] [VerilogCompletionItemProvider] 100 items requested
2025-03-14 11:20:08.740 [info] [VerilogCompletionItemProvider] Completion items requested
2025-03-14 11:20:08.740 [info] [VerilogCompletionItemProvider] 100 items requested
2025-03-14 11:20:08.920 [info] [VerilogCompletionItemProvider] Completion items requested
2025-03-14 11:20:08.920 [info] [VerilogCompletionItemProvider] 100 items requested
2025-03-14 11:20:09.260 [info] [VerilogDocumentSymbolProvider] [VerilogSymbol] Symbols Requested: file:///home/sgass/Projects/kepler/hdl/rtl/ethernet/ethernet_crossbar.sv
2025-03-14 11:20:09.264 [info] [VerilogDocumentSymbolProvider] 1 top-level symbols returned
2025-03-14 11:20:13.000 [info] [VerilogHoverProvider] Hover requested
2025-03-14 11:20:13.385 [info] [VerilogHoverProvider] Hover requested
2025-03-14 11:20:13.852 [info] [VerilogHoverProvider] Hover requested
2025-03-14 11:20:14.151 [info] [VerilogHoverProvider] Hover requested
2025-03-14 11:20:14.638 [info] [VerilogHoverProvider] Hover requested
2025-03-14 11:20:15.204 [info] [VerilogHoverProvider] Hover requested
2025-03-14 11:20:16.300 [info] [VerilogCompletionItemProvider] Completion items requested
2025-03-14 11:20:16.301 [info] [VerilogCompletionItemProvider] 100 items requested
2025-03-14 11:20:16.704 [info] [VerilogCompletionItemProvider] Completion items requested
2025-03-14 11:20:16.705 [info] [VerilogCompletionItemProvider] 100 items requested
2025-03-14 11:20:16.857 [info] [VerilogCompletionItemProvider] Completion items requested
2025-03-14 11:20:16.858 [info] [VerilogCompletionItemProvider] 100 items requested
2025-03-14 11:20:17.003 [info] [VerilogCompletionItemProvider] Completion items requested
2025-03-14 11:20:17.004 [info] [VerilogCompletionItemProvider] 100 items requested
2025-03-14 11:20:17.189 [info] [VerilogCompletionItemProvider] Completion items requested
2025-03-14 11:20:17.189 [info] [VerilogCompletionItemProvider] 100 items requested
2025-03-14 11:20:17.528 [info] [VerilogDocumentSymbolProvider] [VerilogSymbol] Symbols Requested: file:///home/sgass/Projects/kepler/hdl/rtl/ethernet/ethernet_crossbar.sv
2025-03-14 11:20:17.532 [info] [VerilogDocumentSymbolProvider] 1 top-level symbols returned
2025-03-14 11:20:17.634 [info] [VerilogCompletionItemProvider] Completion items requested
2025-03-14 11:20:17.634 [info] [VerilogCompletionItemProvider] 100 items requested
2025-03-14 11:20:17.974 [info] [VerilogDocumentSymbolProvider] [VerilogSymbol] Symbols Requested: file:///home/sgass/Projects/kepler/hdl/rtl/ethernet/ethernet_crossbar.sv
2025-03-14 11:20:17.978 [info] [VerilogDocumentSymbolProvider] 1 top-level symbols returned
2025-03-14 11:20:18.104 [info] [VerilogCompletionItemProvider] Completion items requested
2025-03-14 11:20:18.104 [info] [VerilogCompletionItemProvider] 100 items requested
2025-03-14 11:20:18.442 [info] [VerilogDocumentSymbolProvider] [VerilogSymbol] Symbols Requested: file:///home/sgass/Projects/kepler/hdl/rtl/ethernet/ethernet_crossbar.sv
2025-03-14 11:20:18.446 [info] [VerilogDocumentSymbolProvider] 1 top-level symbols returned
2025-03-14 11:20:19.113 [info] [VerilogCompletionItemProvider] Completion items requested
2025-03-14 11:20:19.114 [info] [VerilogCompletionItemProvider] 100 items requested
2025-03-14 11:20:19.309 [info] [VerilogCompletionItemProvider] Completion items requested
2025-03-14 11:20:19.309 [info] [VerilogCompletionItemProvider] 100 items requested
2025-03-14 11:20:19.649 [info] [VerilogDocumentSymbolProvider] [VerilogSymbol] Symbols Requested: file:///home/sgass/Projects/kepler/hdl/rtl/ethernet/ethernet_crossbar.sv
2025-03-14 11:20:19.653 [info] [VerilogDocumentSymbolProvider] 1 top-level symbols returned
2025-03-14 11:20:19.803 [info] [VerilogCompletionItemProvider] Completion items requested
2025-03-14 11:20:19.803 [info] [VerilogCompletionItemProvider] 100 items requested
2025-03-14 11:20:20.039 [info] [VerilogCompletionItemProvider] Completion items requested
2025-03-14 11:20:20.039 [info] [VerilogCompletionItemProvider] 100 items requested
2025-03-14 11:20:20.190 [info] [VerilogCompletionItemProvider] Completion items requested
2025-03-14 11:20:20.190 [info] [VerilogCompletionItemProvider] 100 items requested
2025-03-14 11:20:20.490 [info] [VerilogCompletionItemProvider] Completion items requested
2025-03-14 11:20:20.490 [info] [VerilogCompletionItemProvider] 100 items requested
2025-03-14 11:20:20.633 [info] [VerilogCompletionItemProvider] Completion items requested
2025-03-14 11:20:20.633 [info] [VerilogCompletionItemProvider] 100 items requested
2025-03-14 11:20:20.866 [info] [VerilogCompletionItemProvider] Completion items requested
2025-03-14 11:20:20.866 [info] [VerilogCompletionItemProvider] 100 items requested
2025-03-14 11:20:21.204 [info] [VerilogDocumentSymbolProvider] [VerilogSymbol] Symbols Requested: file:///home/sgass/Projects/kepler/hdl/rtl/ethernet/ethernet_crossbar.sv
2025-03-14 11:20:21.208 [info] [VerilogDocumentSymbolProvider] 1 top-level symbols returned
2025-03-14 11:20:22.917 [info] [VerilogHoverProvider] Hover requested
2025-03-14 11:20:23.338 [info] [VerilogHoverProvider] Hover object returned
2025-03-14 11:20:31.617 [info] [VerilogHoverProvider] Hover requested
2025-03-14 11:20:32.368 [info] [VerilogHoverProvider] Hover requested
2025-03-14 11:20:36.116 [info] [VerilogHoverProvider] Hover requested
2025-03-14 11:20:36.513 [info] [VerilogHoverProvider] Hover object returned
2025-03-14 11:21:18.701 [info] [VerilogHoverProvider] Hover requested
2025-03-14 11:21:19.138 [info] [VerilogHoverProvider] Hover object returned
2025-03-14 11:21:22.596 [info] [VerilogHoverProvider] Hover requested
2025-03-14 11:21:23.726 [info] [VerilogDocumentSymbolProvider] [VerilogSymbol] Symbols Requested: file:///home/sgass/Projects/kepler/hdl/rtl/ethernet/ethernet_crossbar.sv
2025-03-14 11:21:23.729 [info] [VerilogDocumentSymbolProvider] 1 top-level symbols returned
2025-03-14 11:21:24.542 [info] [VerilogDocumentSymbolProvider] [VerilogSymbol] Symbols Requested: file:///home/sgass/Projects/kepler/hdl/rtl/ethernet/ethernet_crossbar.sv
2025-03-14 11:21:24.546 [info] [VerilogDocumentSymbolProvider] 1 top-level symbols returned
2025-03-14 11:21:25.928 [info] [VerilogDocumentSymbolProvider] [VerilogSymbol] Symbols Requested: file:///home/sgass/Projects/kepler/hdl/rtl/ethernet/ethernet_crossbar.sv
2025-03-14 11:21:25.932 [info] [VerilogDocumentSymbolProvider] 1 top-level symbols returned
2025-03-14 11:21:27.682 [info] [VerilogHoverProvider] Hover requested
2025-03-14 11:21:28.157 [warning] [VerilogHoverProvider] Hover object not found
2025-03-14 11:21:28.514 [info] [VerilogHoverProvider] Hover requested
2025-03-14 11:21:28.748 [info] [VerilogHoverProvider] Hover requested
2025-03-14 11:21:28.949 [warning] [VerilogHoverProvider] Hover object not found
2025-03-14 11:21:29.173 [warning] [VerilogHoverProvider] Hover object not found
2025-03-14 11:21:29.620 [info] [VerilogDocumentSymbolProvider] [VerilogSymbol] Symbols Requested: file:///home/sgass/Projects/kepler/hdl/rtl/ethernet/ethernet_crossbar.sv
2025-03-14 11:21:29.624 [info] [VerilogDocumentSymbolProvider] 1 top-level symbols returned
2025-03-14 11:21:30.765 [info] [VerilogHoverProvider] Hover requested
2025-03-14 11:21:31.004 [info] [VerilogHoverProvider] Hover requested
2025-03-14 11:21:31.219 [info] [VerilogHoverProvider] Hover object returned
2025-03-14 11:21:31.431 [warning] [VerilogHoverProvider] Hover object not found
2025-03-14 11:21:32.335 [info] [VerilogCompletionItemProvider] Completion items requested
2025-03-14 11:21:32.335 [info] [VerilogCompletionItemProvider] 100 items requested
2025-03-14 11:21:33.746 [info] [VerilogDocumentSymbolProvider] [VerilogSymbol] Symbols Requested: file:///home/sgass/Projects/kepler/hdl/rtl/ethernet/ethernet_crossbar.sv
2025-03-14 11:21:33.750 [info] [VerilogDocumentSymbolProvider] 1 top-level symbols returned
2025-03-14 11:21:37.347 [info] [VerilogDocumentSymbolProvider] [VerilogSymbol] Symbols Requested: file:///home/sgass/Projects/kepler/hdl/rtl/ethernet/ethernet_crossbar.sv
2025-03-14 11:21:37.352 [info] [VerilogDocumentSymbolProvider] 1 top-level symbols returned
2025-03-14 11:21:38.907 [info] [VerilogDocumentSymbolProvider] [VerilogSymbol] Symbols Requested: file:///home/sgass/Projects/kepler/hdl/rtl/ethernet/ethernet_crossbar.sv
2025-03-14 11:21:38.911 [info] [VerilogDocumentSymbolProvider] 1 top-level symbols returned
2025-03-14 11:21:42.816 [info] [VerilogDocumentSymbolProvider] [VerilogSymbol] Symbols Requested: file:///home/sgass/Projects/kepler/hdl/rtl/ethernet/ethernet_crossbar.sv
2025-03-14 11:21:42.820 [info] [VerilogDocumentSymbolProvider] 1 top-level symbols returned
2025-03-14 11:21:43.632 [info] [VerilogDocumentSymbolProvider] [VerilogSymbol] Symbols Requested: file:///home/sgass/Projects/kepler/hdl/rtl/ethernet/ethernet_crossbar.sv
2025-03-14 11:21:43.636 [info] [VerilogDocumentSymbolProvider] 1 top-level symbols returned
2025-03-14 11:21:47.866 [info] [VerilogDocumentSymbolProvider] [VerilogSymbol] Symbols Requested: file:///home/sgass/Projects/kepler/hdl/rtl/ethernet/ethernet_crossbar.sv
2025-03-14 11:21:47.870 [info] [VerilogDocumentSymbolProvider] 1 top-level symbols returned
2025-03-14 11:21:48.963 [info] [VerilogHoverProvider] Hover requested
2025-03-14 11:21:49.419 [warning] [VerilogHoverProvider] Hover object not found
2025-03-14 11:21:51.654 [info] [VerilogDocumentSymbolProvider] [VerilogSymbol] Symbols Requested: file:///home/sgass/Projects/kepler/hdl/rtl/ethernet/ethernet_crossbar.sv
2025-03-14 11:21:51.658 [info] [VerilogDocumentSymbolProvider] 1 top-level symbols returned
2025-03-14 11:21:52.697 [info] [VerilogHoverProvider] Hover requested
2025-03-14 11:21:53.096 [warning] [VerilogHoverProvider] Hover object not found
2025-03-14 11:21:55.281 [info] [VerilogHoverProvider] Hover requested
2025-03-14 11:21:56.482 [info] [VerilogHoverProvider] Hover requested
2025-03-14 11:21:56.652 [info] [VerilogHoverProvider] Hover requested
2025-03-14 11:21:57.986 [info] [VerilogCompletionItemProvider] Completion items requested
2025-03-14 11:21:57.986 [info] [VerilogCompletionItemProvider] 100 items requested
2025-03-14 11:21:58.326 [info] [VerilogDocumentSymbolProvider] [VerilogSymbol] Symbols Requested: file:///home/sgass/Projects/kepler/hdl/rtl/ethernet/ethernet_crossbar.sv
2025-03-14 11:21:58.330 [info] [VerilogDocumentSymbolProvider] 1 top-level symbols returned
2025-03-14 11:21:58.409 [info] [VerilogCompletionItemProvider] Completion items requested
2025-03-14 11:21:58.410 [info] [VerilogCompletionItemProvider] 100 items requested
2025-03-14 11:21:58.748 [info] [VerilogDocumentSymbolProvider] [VerilogSymbol] Symbols Requested: file:///home/sgass/Projects/kepler/hdl/rtl/ethernet/ethernet_crossbar.sv
2025-03-14 11:21:58.752 [info] [VerilogDocumentSymbolProvider] 1 top-level symbols returned
2025-03-14 11:21:59.208 [info] [VerilogCompletionItemProvider] Completion items requested
2025-03-14 11:21:59.208 [info] [VerilogCompletionItemProvider] 100 items requested
2025-03-14 11:21:59.444 [info] [VerilogCompletionItemProvider] Completion items requested
2025-03-14 11:21:59.444 [info] [VerilogCompletionItemProvider] 100 items requested
2025-03-14 11:21:59.577 [info] [VerilogCompletionItemProvider] Completion items requested
2025-03-14 11:21:59.577 [info] [VerilogCompletionItemProvider] 100 items requested
2025-03-14 11:21:59.774 [info] [VerilogCompletionItemProvider] Completion items requested
2025-03-14 11:21:59.775 [info] [VerilogCompletionItemProvider] 100 items requested
2025-03-14 11:21:59.960 [info] [VerilogCompletionItemProvider] Completion items requested
2025-03-14 11:21:59.961 [info] [VerilogCompletionItemProvider] 100 items requested
2025-03-14 11:22:00.300 [info] [VerilogDocumentSymbolProvider] [VerilogSymbol] Symbols Requested: file:///home/sgass/Projects/kepler/hdl/rtl/ethernet/ethernet_crossbar.sv
2025-03-14 11:22:00.304 [info] [VerilogDocumentSymbolProvider] 1 top-level symbols returned
2025-03-14 11:22:00.351 [info] [VerilogCompletionItemProvider] Completion items requested
2025-03-14 11:22:00.351 [info] [VerilogCompletionItemProvider] 100 items requested
2025-03-14 11:22:00.690 [info] [VerilogDocumentSymbolProvider] [VerilogSymbol] Symbols Requested: file:///home/sgass/Projects/kepler/hdl/rtl/ethernet/ethernet_crossbar.sv
2025-03-14 11:22:00.694 [info] [VerilogDocumentSymbolProvider] 1 top-level symbols returned
2025-03-14 11:22:01.025 [info] [VerilogCompletionItemProvider] Completion items requested
2025-03-14 11:22:01.025 [info] [VerilogCompletionItemProvider] 100 items requested
2025-03-14 11:22:01.364 [info] [VerilogDocumentSymbolProvider] [VerilogSymbol] Symbols Requested: file:///home/sgass/Projects/kepler/hdl/rtl/ethernet/ethernet_crossbar.sv
2025-03-14 11:22:01.368 [info] [VerilogDocumentSymbolProvider] 1 top-level symbols returned
2025-03-14 11:22:01.962 [info] [VerilogCompletionItemProvider] Completion items requested
2025-03-14 11:22:01.962 [info] [VerilogCompletionItemProvider] 100 items requested
2025-03-14 11:22:02.234 [info] [VerilogCompletionItemProvider] Completion items requested
2025-03-14 11:22:02.234 [info] [VerilogCompletionItemProvider] 100 items requested
2025-03-14 11:22:02.572 [info] [VerilogDocumentSymbolProvider] [VerilogSymbol] Symbols Requested: file:///home/sgass/Projects/kepler/hdl/rtl/ethernet/ethernet_crossbar.sv
2025-03-14 11:22:02.575 [info] [VerilogDocumentSymbolProvider] 1 top-level symbols returned
2025-03-14 11:22:02.665 [info] [VerilogCompletionItemProvider] Completion items requested
2025-03-14 11:22:02.665 [info] [VerilogCompletionItemProvider] 100 items requested
2025-03-14 11:22:03.004 [info] [VerilogDocumentSymbolProvider] [VerilogSymbol] Symbols Requested: file:///home/sgass/Projects/kepler/hdl/rtl/ethernet/ethernet_crossbar.sv
2025-03-14 11:22:03.008 [info] [VerilogDocumentSymbolProvider] 1 top-level symbols returned
2025-03-14 11:22:03.460 [info] [VerilogCompletionItemProvider] Completion items requested
2025-03-14 11:22:03.460 [info] [VerilogCompletionItemProvider] 100 items requested
2025-03-14 11:22:03.731 [info] [VerilogCompletionItemProvider] Completion items requested
2025-03-14 11:22:03.731 [info] [VerilogCompletionItemProvider] 100 items requested
2025-03-14 11:22:03.852 [info] [VerilogCompletionItemProvider] Completion items requested
2025-03-14 11:22:03.852 [info] [VerilogCompletionItemProvider] 100 items requested
2025-03-14 11:22:04.114 [info] [VerilogCompletionItemProvider] Completion items requested
2025-03-14 11:22:04.115 [info] [VerilogCompletionItemProvider] 100 items requested
2025-03-14 11:22:04.240 [info] [VerilogCompletionItemProvider] Completion items requested
2025-03-14 11:22:04.240 [info] [VerilogCompletionItemProvider] 100 items requested
2025-03-14 11:22:04.375 [info] [VerilogCompletionItemProvider] Completion items requested
2025-03-14 11:22:04.375 [info] [VerilogCompletionItemProvider] 100 items requested
2025-03-14 11:22:04.714 [info] [VerilogDocumentSymbolProvider] [VerilogSymbol] Symbols Requested: file:///home/sgass/Projects/kepler/hdl/rtl/ethernet/ethernet_crossbar.sv
2025-03-14 11:22:04.718 [info] [VerilogDocumentSymbolProvider] 1 top-level symbols returned
2025-03-14 11:22:05.930 [info] [VerilogDocumentSymbolProvider] [VerilogSymbol] Symbols Requested: file:///home/sgass/Projects/kepler/hdl/rtl/ethernet/ethernet_crossbar.sv
2025-03-14 11:22:05.934 [info] [VerilogDocumentSymbolProvider] 1 top-level symbols returned
2025-03-14 11:22:07.317 [info] [VerilogDocumentSymbolProvider] [VerilogSymbol] Symbols Requested: file:///home/sgass/Projects/kepler/hdl/rtl/ethernet/ethernet_crossbar.sv
2025-03-14 11:22:07.320 [info] [VerilogDocumentSymbolProvider] 1 top-level symbols returned
2025-03-14 11:22:08.080 [info] [VerilogHoverProvider] Hover requested
2025-03-14 11:22:10.965 [info] [VerilogHoverProvider] Hover requested
2025-03-14 11:22:12.768 [info] [VerilogHoverProvider] Hover requested
2025-03-14 11:22:14.044 [info] [VerilogCompletionItemProvider] Completion items requested
2025-03-14 11:22:14.045 [info] [VerilogCompletionItemProvider] 100 items requested
2025-03-14 11:22:14.441 [info] [VerilogCompletionItemProvider] Completion items requested
2025-03-14 11:22:14.441 [info] [VerilogCompletionItemProvider] 100 items requested
2025-03-14 11:22:14.606 [info] [VerilogCompletionItemProvider] Completion items requested
2025-03-14 11:22:14.607 [info] [VerilogCompletionItemProvider] 100 items requested
2025-03-14 11:22:14.788 [info] [VerilogCompletionItemProvider] Completion items requested
2025-03-14 11:22:14.788 [info] [VerilogCompletionItemProvider] 100 items requested
2025-03-14 11:22:14.988 [info] [VerilogCompletionItemProvider] Completion items requested
2025-03-14 11:22:14.988 [info] [VerilogCompletionItemProvider] 100 items requested
2025-03-14 11:22:15.307 [info] [VerilogCompletionItemProvider] Completion items requested
2025-03-14 11:22:15.307 [info] [VerilogCompletionItemProvider] 100 items requested
2025-03-14 11:22:15.648 [info] [VerilogDocumentSymbolProvider] [VerilogSymbol] Symbols Requested: file:///home/sgass/Projects/kepler/hdl/rtl/ethernet/ethernet_crossbar.sv
2025-03-14 11:22:15.652 [info] [VerilogDocumentSymbolProvider] 1 top-level symbols returned
2025-03-14 11:22:16.937 [info] [VerilogCompletionItemProvider] Completion items requested
2025-03-14 11:22:16.937 [info] [VerilogCompletionItemProvider] 100 items requested
2025-03-14 11:22:17.055 [info] [VerilogCompletionItemProvider] Completion items requested
2025-03-14 11:22:17.055 [info] [VerilogCompletionItemProvider] 100 items requested
2025-03-14 11:22:17.272 [info] [VerilogCompletionItemProvider] Completion items requested
2025-03-14 11:22:17.272 [info] [VerilogCompletionItemProvider] 100 items requested
2025-03-14 11:22:17.574 [info] [VerilogCompletionItemProvider] Completion items requested
2025-03-14 11:22:17.574 [info] [VerilogCompletionItemProvider] 100 items requested
2025-03-14 11:22:17.914 [info] [VerilogDocumentSymbolProvider] [VerilogSymbol] Symbols Requested: file:///home/sgass/Projects/kepler/hdl/rtl/ethernet/ethernet_crossbar.sv
2025-03-14 11:22:17.917 [info] [VerilogDocumentSymbolProvider] 1 top-level symbols returned
2025-03-14 11:22:17.954 [info] [VerilogCompletionItemProvider] Completion items requested
2025-03-14 11:22:17.955 [info] [VerilogCompletionItemProvider] 100 items requested
2025-03-14 11:22:18.287 [info] [VerilogDocumentSymbolProvider] [VerilogSymbol] Symbols Requested: file:///home/sgass/Projects/kepler/hdl/rtl/ethernet/ethernet_crossbar.sv
2025-03-14 11:22:18.290 [info] [VerilogDocumentSymbolProvider] 1 top-level symbols returned
2025-03-14 11:22:18.302 [info] [VerilogCompletionItemProvider] Completion items requested
2025-03-14 11:22:18.302 [info] [VerilogCompletionItemProvider] 100 items requested
2025-03-14 11:22:18.547 [info] [VerilogCompletionItemProvider] Completion items requested
2025-03-14 11:22:18.547 [info] [VerilogCompletionItemProvider] 100 items requested
2025-03-14 11:22:18.880 [info] [VerilogCompletionItemProvider] Completion items requested
2025-03-14 11:22:18.881 [info] [VerilogCompletionItemProvider] 100 items requested
2025-03-14 11:22:19.022 [info] [VerilogCompletionItemProvider] Completion items requested
2025-03-14 11:22:19.022 [info] [VerilogCompletionItemProvider] 100 items requested
2025-03-14 11:22:19.135 [info] [VerilogCompletionItemProvider] Completion items requested
2025-03-14 11:22:19.136 [info] [VerilogCompletionItemProvider] 100 items requested
2025-03-14 11:22:19.475 [info] [VerilogDocumentSymbolProvider] [VerilogSymbol] Symbols Requested: file:///home/sgass/Projects/kepler/hdl/rtl/ethernet/ethernet_crossbar.sv
2025-03-14 11:22:19.479 [info] [VerilogDocumentSymbolProvider] 1 top-level symbols returned
2025-03-14 11:22:20.699 [info] [VerilogDocumentSymbolProvider] [VerilogSymbol] Symbols Requested: file:///home/sgass/Projects/kepler/hdl/rtl/ethernet/ethernet_crossbar.sv
2025-03-14 11:22:20.703 [info] [VerilogDocumentSymbolProvider] 1 top-level symbols returned
2025-03-14 11:22:21.382 [info] [VerilogDocumentSymbolProvider] [VerilogSymbol] Symbols Requested: file:///home/sgass/Projects/kepler/hdl/rtl/ethernet/ethernet_crossbar.sv
2025-03-14 11:22:21.386 [info] [VerilogDocumentSymbolProvider] 1 top-level symbols returned
2025-03-14 11:22:23.117 [info] [VerilogDocumentSymbolProvider] [VerilogSymbol] Symbols Requested: file:///home/sgass/Projects/kepler/hdl/rtl/ethernet/ethernet_crossbar.sv
2025-03-14 11:22:23.121 [info] [VerilogDocumentSymbolProvider] 1 top-level symbols returned
2025-03-14 11:22:28.228 [info] [VerilogHoverProvider] Hover requested
2025-03-14 11:22:29.563 [info] [VerilogHoverProvider] Hover requested
2025-03-14 11:22:30.019 [info] [VerilogHoverProvider] Hover object returned
2025-03-14 11:22:30.162 [info] [VerilogHoverProvider] Hover requested
2025-03-14 11:22:30.626 [info] [VerilogHoverProvider] Hover object returned
2025-03-14 11:22:31.784 [info] [VerilogHoverProvider] Hover requested
2025-03-14 11:22:32.100 [info] [VerilogHoverProvider] Hover requested
2025-03-14 11:23:00.712 [info] [VerilogHoverProvider] Hover requested
2025-03-14 11:23:01.214 [info] [VerilogHoverProvider] Hover object returned
2025-03-14 11:23:07.160 [info] [VerilogDocumentSymbolProvider] [VerilogSymbol] Symbols Requested: file:///home/sgass/Projects/kepler/hdl/rtl/ethernet/ethernet_crossbar.sv
2025-03-14 11:23:07.164 [info] [VerilogDocumentSymbolProvider] 1 top-level symbols returned
2025-03-14 11:23:07.900 [info] [VerilogDocumentSymbolProvider] [VerilogSymbol] Symbols Requested: file:///home/sgass/Projects/kepler/hdl/rtl/ethernet/ethernet_crossbar.sv
2025-03-14 11:23:07.904 [info] [VerilogDocumentSymbolProvider] 1 top-level symbols returned
2025-03-14 11:23:08.813 [info] [VerilogHoverProvider] Hover requested
2025-03-14 11:23:09.219 [warning] [VerilogHoverProvider] Hover object not found
2025-03-14 11:23:09.393 [info] [VerilogHoverProvider] Hover requested
2025-03-14 11:23:09.805 [warning] [VerilogHoverProvider] Hover object not found
2025-03-14 11:23:09.861 [info] [VerilogDocumentSymbolProvider] [VerilogSymbol] Symbols Requested: file:///home/sgass/Projects/kepler/hdl/rtl/ethernet/ethernet_crossbar.sv
2025-03-14 11:23:09.863 [info] [VerilogDocumentSymbolProvider] 1 top-level symbols returned
2025-03-14 11:23:10.611 [info] [VerilogHoverProvider] Hover requested
2025-03-14 11:23:11.053 [info] [VerilogHoverProvider] Hover object returned
2025-03-14 11:23:17.847 [info] [VerilogCompletionItemProvider] Completion items requested
2025-03-14 11:23:17.847 [info] [VerilogCompletionItemProvider] 100 items requested
2025-03-14 11:23:19.033 [info] [VerilogDocumentSymbolProvider] [VerilogSymbol] Symbols Requested: file:///home/sgass/Projects/kepler/hdl/rtl/ethernet/ethernet_crossbar.sv
2025-03-14 11:23:19.037 [info] [VerilogDocumentSymbolProvider] 1 top-level symbols returned
2025-03-14 11:23:19.857 [info] [VerilogDocumentSymbolProvider] [VerilogSymbol] Symbols Requested: file:///home/sgass/Projects/kepler/hdl/rtl/ethernet/ethernet_crossbar.sv
2025-03-14 11:23:19.861 [info] [VerilogDocumentSymbolProvider] 1 top-level symbols returned
2025-03-14 11:23:23.534 [info] [VerilogCompletionItemProvider] Completion items requested
2025-03-14 11:23:23.534 [info] [VerilogCompletionItemProvider] 100 items requested
2025-03-14 11:23:23.874 [info] [VerilogDocumentSymbolProvider] [VerilogSymbol] Symbols Requested: file:///home/sgass/Projects/kepler/hdl/rtl/ethernet/ethernet_crossbar.sv
2025-03-14 11:23:23.878 [info] [VerilogDocumentSymbolProvider] 1 top-level symbols returned
2025-03-14 11:23:24.549 [info] [VerilogDocumentSymbolProvider] [VerilogSymbol] Symbols Requested: file:///home/sgass/Projects/kepler/hdl/rtl/ethernet/ethernet_crossbar.sv
2025-03-14 11:23:24.553 [info] [VerilogDocumentSymbolProvider] 1 top-level symbols returned
2025-03-14 11:23:29.581 [info] [VerilogDocumentSymbolProvider] [VerilogSymbol] Symbols Requested: file:///home/sgass/Projects/kepler/hdl/rtl/ethernet/ethernet_crossbar.sv
2025-03-14 11:23:29.585 [info] [VerilogDocumentSymbolProvider] 1 top-level symbols returned
2025-03-14 11:23:29.943 [info] [VerilogDocumentSymbolProvider] [VerilogSymbol] Symbols Requested: file:///home/sgass/Projects/kepler/hdl/rtl/ethernet/ethernet_crossbar.sv
2025-03-14 11:23:29.948 [info] [VerilogDocumentSymbolProvider] 1 top-level symbols returned
2025-03-14 11:23:30.452 [info] [VerilogDocumentSymbolProvider] [VerilogSymbol] Symbols Requested: file:///home/sgass/Projects/kepler/hdl/rtl/ethernet/ethernet_crossbar.sv
2025-03-14 11:23:30.455 [info] [VerilogDocumentSymbolProvider] 1 top-level symbols returned
2025-03-14 11:23:31.674 [info] [VerilogHoverProvider] Hover requested
2025-03-14 11:23:32.112 [warning] [VerilogHoverProvider] Hover object not found
2025-03-14 11:23:32.243 [info] [VerilogHoverProvider] Hover requested
2025-03-14 11:23:35.628 [info] [VerilogHoverProvider] Hover requested
2025-03-14 11:23:36.546 [info] [VerilogHoverProvider] Hover requested
2025-03-14 11:23:39.551 [info] [VerilogDocumentSymbolProvider] [VerilogSymbol] Symbols Requested: file:///home/sgass/Projects/kepler/hdl/rtl/ethernet/ethernet_crossbar.sv
2025-03-14 11:23:39.556 [info] [VerilogDocumentSymbolProvider] 1 top-level symbols returned
2025-03-14 11:23:47.183 [info] [VerilogDocumentSymbolProvider] [VerilogSymbol] Symbols Requested: file:///home/sgass/Projects/kepler/hdl/rtl/ethernet/ethernet_crossbar.sv
2025-03-14 11:23:47.187 [info] [VerilogDocumentSymbolProvider] 1 top-level symbols returned
2025-03-14 11:23:50.247 [info] [VerilogDocumentSymbolProvider] [VerilogSymbol] Symbols Requested: file:///home/sgass/Projects/kepler/hdl/rtl/ethernet/ethernet_crossbar.sv
2025-03-14 11:23:50.251 [info] [VerilogDocumentSymbolProvider] 1 top-level symbols returned
2025-03-14 11:23:50.606 [info] [VerilogDocumentSymbolProvider] [VerilogSymbol] Symbols Requested: file:///home/sgass/Projects/kepler/hdl/rtl/ethernet/ethernet_crossbar.sv
2025-03-14 11:23:50.611 [info] [VerilogDocumentSymbolProvider] 1 top-level symbols returned
2025-03-14 11:23:51.546 [info] [VerilogDocumentSymbolProvider] [VerilogSymbol] Symbols Requested: file:///home/sgass/Projects/kepler/hdl/rtl/ethernet/ethernet_crossbar.sv
2025-03-14 11:23:51.550 [info] [VerilogDocumentSymbolProvider] 1 top-level symbols returned
2025-03-14 11:23:52.488 [info] [VerilogDocumentSymbolProvider] [VerilogSymbol] Symbols Requested: file:///home/sgass/Projects/kepler/hdl/rtl/ethernet/ethernet_crossbar.sv
2025-03-14 11:23:52.492 [info] [VerilogDocumentSymbolProvider] 1 top-level symbols returned
2025-03-14 11:23:53.257 [info] [VerilogDocumentSymbolProvider] [VerilogSymbol] Symbols Requested: file:///home/sgass/Projects/kepler/hdl/rtl/ethernet/ethernet_crossbar.sv
2025-03-14 11:23:53.261 [info] [VerilogDocumentSymbolProvider] 1 top-level symbols returned
2025-03-14 11:23:55.980 [info] [VerilogDocumentSymbolProvider] [VerilogSymbol] Symbols Requested: file:///home/sgass/Projects/kepler/hdl/rtl/ethernet/ethernet_crossbar.sv
2025-03-14 11:23:55.984 [info] [VerilogDocumentSymbolProvider] 1 top-level symbols returned
2025-03-14 11:23:56.882 [info] [VerilogDocumentSymbolProvider] [VerilogSymbol] Symbols Requested: file:///home/sgass/Projects/kepler/hdl/rtl/ethernet/ethernet_crossbar.sv
2025-03-14 11:23:56.886 [info] [VerilogDocumentSymbolProvider] 1 top-level symbols returned
2025-03-14 11:23:57.311 [info] on save
2025-03-14 11:24:01.660 [info] [VerilogHoverProvider] Hover requested
2025-03-14 11:24:02.160 [info] [VerilogHoverProvider] Hover requested
2025-03-14 11:24:02.405 [info] [VerilogHoverProvider] Hover requested
2025-03-14 11:24:05.411 [info] [VerilogDocumentSymbolProvider] [VerilogSymbol] Symbols Requested: file:///home/sgass/Projects/kepler/hdl/rtl/ethernet/ethernet_crossbar.sv
2025-03-14 11:24:05.411 [info] indexing "/home/sgass/Projects/kepler/hdl/rtl/ethernet/ethernet_crossbar.sv"
2025-03-14 11:24:05.411 [info] executing ctags
2025-03-14 11:24:05.411 [info] Executing Command: ctags -f - --fields=+K --sort=no --excmd=n --fields-SystemVerilog=+{parameter} "/home/sgass/Projects/kepler/hdl/rtl/ethernet/ethernet_crossbar.sv"
2025-03-14 11:24:05.417 [info] building symbols
2025-03-14 11:24:05.421 [info] [VerilogDocumentSymbolProvider] 1 top-level symbols returned
2025-03-14 11:24:10.168 [info] [VerilogDocumentSymbolProvider] [VerilogSymbol] Symbols Requested: file:///home/sgass/Projects/kepler/hdl/rtl/ethernet/ethernet_crossbar.sv
2025-03-14 11:24:10.173 [info] [VerilogDocumentSymbolProvider] 1 top-level symbols returned
2025-03-14 11:24:11.203 [info] [VerilogDocumentSymbolProvider] [VerilogSymbol] Symbols Requested: file:///home/sgass/Projects/kepler/hdl/rtl/ethernet/ethernet_crossbar.sv
2025-03-14 11:24:11.208 [info] [VerilogDocumentSymbolProvider] 1 top-level symbols returned
2025-03-14 11:24:11.983 [info] [VerilogDocumentSymbolProvider] [VerilogSymbol] Symbols Requested: file:///home/sgass/Projects/kepler/hdl/rtl/ethernet/ethernet_crossbar.sv
2025-03-14 11:24:11.987 [info] [VerilogDocumentSymbolProvider] 1 top-level symbols returned
2025-03-14 11:24:14.338 [info] [VerilogDocumentSymbolProvider] [VerilogSymbol] Symbols Requested: file:///home/sgass/Projects/kepler/hdl/rtl/ethernet/ethernet_crossbar.sv
2025-03-14 11:24:14.342 [info] [VerilogDocumentSymbolProvider] 1 top-level symbols returned
2025-03-14 11:24:15.033 [info] [VerilogDocumentSymbolProvider] [VerilogSymbol] Symbols Requested: file:///home/sgass/Projects/kepler/hdl/rtl/ethernet/ethernet_crossbar.sv
2025-03-14 11:24:15.037 [info] [VerilogDocumentSymbolProvider] 1 top-level symbols returned
2025-03-14 11:24:16.575 [info] [VerilogDocumentSymbolProvider] [VerilogSymbol] Symbols Requested: file:///home/sgass/Projects/kepler/hdl/rtl/ethernet/ethernet_crossbar.sv
2025-03-14 11:24:16.579 [info] [VerilogDocumentSymbolProvider] 1 top-level symbols returned
2025-03-14 11:24:17.899 [info] [VerilogDocumentSymbolProvider] [VerilogSymbol] Symbols Requested: file:///home/sgass/Projects/kepler/hdl/rtl/ethernet/ethernet_crossbar.sv
2025-03-14 11:24:17.903 [info] [VerilogDocumentSymbolProvider] 1 top-level symbols returned
2025-03-14 11:24:18.851 [info] [VerilogDocumentSymbolProvider] [VerilogSymbol] Symbols Requested: file:///home/sgass/Projects/kepler/hdl/rtl/ethernet/ethernet_crossbar.sv
2025-03-14 11:24:18.856 [info] [VerilogDocumentSymbolProvider] 1 top-level symbols returned
2025-03-14 11:24:19.250 [info] [VerilogDocumentSymbolProvider] [VerilogSymbol] Symbols Requested: file:///home/sgass/Projects/kepler/hdl/rtl/ethernet/ethernet_crossbar.sv
2025-03-14 11:24:19.255 [info] [VerilogDocumentSymbolProvider] 1 top-level symbols returned
2025-03-14 11:24:20.525 [info] [VerilogDocumentSymbolProvider] [VerilogSymbol] Symbols Requested: file:///home/sgass/Projects/kepler/hdl/rtl/ethernet/ethernet_crossbar.sv
2025-03-14 11:24:20.528 [info] [VerilogDocumentSymbolProvider] 1 top-level symbols returned
2025-03-14 11:24:20.932 [info] [VerilogDocumentSymbolProvider] [VerilogSymbol] Symbols Requested: file:///home/sgass/Projects/kepler/hdl/rtl/ethernet/ethernet_crossbar.sv
2025-03-14 11:24:20.937 [info] [VerilogDocumentSymbolProvider] 1 top-level symbols returned
2025-03-14 11:24:21.520 [info] on save
2025-03-14 11:24:22.627 [info] [VerilogHoverProvider] Hover requested
2025-03-14 11:24:43.548 [info] [VerilogHoverProvider] Hover requested
2025-03-14 11:24:43.988 [warning] [VerilogHoverProvider] Hover object not found
2025-03-14 11:24:44.066 [info] [VerilogHoverProvider] Hover requested
2025-03-14 11:24:44.428 [info] [VerilogHoverProvider] Hover requested
2025-03-14 11:24:44.576 [warning] [VerilogHoverProvider] Hover object not found
2025-03-14 11:24:44.816 [warning] [VerilogHoverProvider] Hover object not found
2025-03-14 11:24:45.712 [info] [VerilogHoverProvider] Hover requested
2025-03-14 11:24:46.149 [info] [VerilogHoverProvider] Hover object returned
2025-03-14 11:24:51.337 [info] [VerilogHoverProvider] Hover requested
2025-03-14 11:24:51.338 [info] indexing "/home/sgass/Projects/kepler/hdl/rtl/ethernet/ethernet_crossbar.sv"
2025-03-14 11:24:51.338 [info] executing ctags
2025-03-14 11:24:51.338 [info] Executing Command: ctags -f - --fields=+K --sort=no --excmd=n --fields-SystemVerilog=+{parameter} "/home/sgass/Projects/kepler/hdl/rtl/ethernet/ethernet_crossbar.sv"
2025-03-14 11:24:51.354 [info] building symbols
2025-03-14 11:24:51.853 [info] [VerilogHoverProvider] Hover object returned
2025-03-14 11:25:27.791 [info] [VerilogHoverProvider] Hover requested
2025-03-14 11:25:29.422 [info] [VerilogDocumentSymbolProvider] [VerilogSymbol] Symbols Requested: file:///home/sgass/Projects/kepler/hdl/rtl/ethernet/ethernet_crossbar.sv
2025-03-14 11:25:29.426 [info] [VerilogDocumentSymbolProvider] 1 top-level symbols returned
2025-03-14 11:25:30.442 [info] [VerilogDocumentSymbolProvider] [VerilogSymbol] Symbols Requested: file:///home/sgass/Projects/kepler/hdl/rtl/ethernet/ethernet_crossbar.sv
2025-03-14 11:25:30.447 [info] [VerilogDocumentSymbolProvider] 1 top-level symbols returned
2025-03-14 11:25:32.127 [info] [VerilogHoverProvider] Hover requested
2025-03-14 11:25:35.125 [info] [VerilogDocumentSymbolProvider] [VerilogSymbol] Symbols Requested: file:///home/sgass/Projects/kepler/hdl/rtl/ethernet/ethernet_crossbar.sv
2025-03-14 11:25:35.129 [info] [VerilogDocumentSymbolProvider] 1 top-level symbols returned
2025-03-14 11:25:35.624 [info] [VerilogHoverProvider] Hover requested
2025-03-14 11:25:36.103 [info] [VerilogHoverProvider] Hover requested
2025-03-14 11:25:36.124 [warning] [VerilogHoverProvider] Hover object not found
2025-03-14 11:25:36.506 [warning] [VerilogHoverProvider] Hover object not found
2025-03-14 11:25:36.822 [info] [VerilogHoverProvider] Hover requested
2025-03-14 11:25:37.206 [info] [VerilogCompletionItemProvider] Completion items requested
2025-03-14 11:25:37.206 [info] [VerilogCompletionItemProvider] 106 items requested
2025-03-14 11:25:37.229 [warning] [VerilogHoverProvider] Hover object not found
2025-03-14 11:25:38.610 [info] [VerilogDocumentSymbolProvider] [VerilogSymbol] Symbols Requested: file:///home/sgass/Projects/kepler/hdl/rtl/ethernet/ethernet_crossbar.sv
2025-03-14 11:25:38.615 [info] [VerilogDocumentSymbolProvider] 1 top-level symbols returned
2025-03-14 11:25:40.746 [info] [VerilogDocumentSymbolProvider] [VerilogSymbol] Symbols Requested: file:///home/sgass/Projects/kepler/hdl/rtl/ethernet/ethernet_crossbar.sv
2025-03-14 11:25:40.750 [info] [VerilogDocumentSymbolProvider] 1 top-level symbols returned
2025-03-14 11:25:41.941 [info] [VerilogHoverProvider] Hover requested
2025-03-14 11:25:42.207 [info] [VerilogHoverProvider] Hover requested
2025-03-14 11:25:42.426 [warning] [VerilogHoverProvider] Hover object not found
2025-03-14 11:25:42.608 [warning] [VerilogHoverProvider] Hover object not found
2025-03-14 11:25:42.890 [info] [VerilogHoverProvider] Hover requested
2025-03-14 11:25:43.529 [info] [VerilogDocumentSymbolProvider] [VerilogSymbol] Symbols Requested: file:///home/sgass/Projects/kepler/hdl/rtl/ethernet/ethernet_crossbar.sv
2025-03-14 11:25:43.534 [info] [VerilogDocumentSymbolProvider] 1 top-level symbols returned
2025-03-14 11:25:45.638 [info] [VerilogCompletionItemProvider] Completion items requested
2025-03-14 11:25:45.638 [info] [VerilogCompletionItemProvider] 106 items requested
2025-03-14 11:25:47.056 [info] [VerilogDocumentSymbolProvider] [VerilogSymbol] Symbols Requested: file:///home/sgass/Projects/kepler/hdl/rtl/ethernet/ethernet_crossbar.sv
2025-03-14 11:25:47.060 [info] [VerilogDocumentSymbolProvider] 1 top-level symbols returned
2025-03-14 11:25:50.142 [info] [VerilogDocumentSymbolProvider] [VerilogSymbol] Symbols Requested: file:///home/sgass/Projects/kepler/hdl/rtl/ethernet/ethernet_crossbar.sv
2025-03-14 11:25:50.146 [info] [VerilogDocumentSymbolProvider] 1 top-level symbols returned
2025-03-14 11:25:51.408 [info] [VerilogHoverProvider] Hover requested
2025-03-14 11:25:51.885 [warning] [VerilogHoverProvider] Hover object not found
2025-03-14 11:25:52.725 [info] [VerilogDocumentSymbolProvider] [VerilogSymbol] Symbols Requested: file:///home/sgass/Projects/kepler/hdl/rtl/ethernet/ethernet_crossbar.sv
2025-03-14 11:25:52.729 [info] [VerilogDocumentSymbolProvider] 1 top-level symbols returned
2025-03-14 11:25:53.507 [info] [VerilogDocumentSymbolProvider] [VerilogSymbol] Symbols Requested: file:///home/sgass/Projects/kepler/hdl/rtl/ethernet/ethernet_crossbar.sv
2025-03-14 11:25:53.511 [info] [VerilogDocumentSymbolProvider] 1 top-level symbols returned
2025-03-14 11:25:54.892 [info] [VerilogHoverProvider] Hover requested
2025-03-14 11:25:55.296 [warning] [VerilogHoverProvider] Hover object not found
2025-03-14 11:25:57.375 [info] [VerilogHoverProvider] Hover requested
2025-03-14 11:25:57.797 [info] [VerilogHoverProvider] Hover object returned
2025-03-14 11:25:58.891 [info] [VerilogHoverProvider] Hover requested
2025-03-14 11:25:59.401 [warning] [VerilogHoverProvider] Hover object not found
2025-03-14 11:26:01.526 [info] [VerilogHoverProvider] Hover requested
2025-03-14 11:26:01.979 [info] [VerilogHoverProvider] Hover requested
2025-03-14 11:26:02.031 [info] [VerilogHoverProvider] Hover object returned
2025-03-14 11:26:07.393 [info] [VerilogDocumentSymbolProvider] [VerilogSymbol] Symbols Requested: file:///home/sgass/Projects/kepler/hdl/rtl/ethernet/ethernet_crossbar.sv
2025-03-14 11:26:07.397 [info] [VerilogDocumentSymbolProvider] 1 top-level symbols returned
2025-03-14 11:26:08.641 [info] [VerilogHoverProvider] Hover requested
2025-03-14 11:26:10.025 [info] [VerilogHoverProvider] Hover requested
2025-03-14 11:26:10.293 [info] [VerilogHoverProvider] Hover requested
2025-03-14 11:26:10.493 [info] [VerilogHoverProvider] Hover object returned
2025-03-14 11:26:10.687 [info] [VerilogHoverProvider] Hover object returned
2025-03-14 11:26:15.871 [info] [VerilogDocumentSymbolProvider] [VerilogSymbol] Symbols Requested: file:///home/sgass/Projects/kepler/hdl/rtl/ethernet/ethernet_crossbar.sv
2025-03-14 11:26:15.875 [info] [VerilogDocumentSymbolProvider] 1 top-level symbols returned
2025-03-14 11:26:20.241 [info] [VerilogHoverProvider] Hover requested
2025-03-14 11:26:20.542 [info] [VerilogHoverProvider] Hover requested
2025-03-14 11:26:21.048 [info] [VerilogHoverProvider] Hover object returned
2025-03-14 11:26:21.088 [info] [VerilogHoverProvider] Hover requested
2025-03-14 11:26:32.094 [info] [VerilogDocumentSymbolProvider] [VerilogSymbol] Symbols Requested: file:///home/sgass/Projects/kepler/hdl/rtl/ethernet/ethernet_crossbar.sv
2025-03-14 11:26:32.098 [info] [VerilogDocumentSymbolProvider] 1 top-level symbols returned
2025-03-14 11:26:33.773 [info] [VerilogHoverProvider] Hover requested
2025-03-14 11:26:34.019 [info] [VerilogHoverProvider] Hover requested
2025-03-14 11:26:34.268 [warning] [VerilogHoverProvider] Hover object not found
2025-03-14 11:26:34.428 [warning] [VerilogHoverProvider] Hover object not found
2025-03-14 11:26:34.929 [info] [VerilogHoverProvider] Hover requested
2025-03-14 11:26:35.423 [warning] [VerilogHoverProvider] Hover object not found
2025-03-14 11:26:36.058 [info] [VerilogCompletionItemProvider] Completion items requested
2025-03-14 11:26:36.059 [info] [VerilogCompletionItemProvider] 106 items requested
2025-03-14 11:26:36.519 [info] [VerilogCompletionItemProvider] Completion items requested
2025-03-14 11:26:36.520 [info] [VerilogCompletionItemProvider] 106 items requested
2025-03-14 11:26:36.672 [info] [VerilogCompletionItemProvider] Completion items requested
2025-03-14 11:26:36.672 [info] [VerilogCompletionItemProvider] 106 items requested
2025-03-14 11:26:37.011 [info] [VerilogDocumentSymbolProvider] [VerilogSymbol] Symbols Requested: file:///home/sgass/Projects/kepler/hdl/rtl/ethernet/ethernet_crossbar.sv
2025-03-14 11:26:37.016 [info] [VerilogDocumentSymbolProvider] 1 top-level symbols returned
2025-03-14 11:26:37.841 [info] [VerilogHoverProvider] Hover requested
2025-03-14 11:26:38.308 [warning] [VerilogHoverProvider] Hover object not found
2025-03-14 11:26:38.698 [info] [VerilogCompletionItemProvider] Completion items requested
2025-03-14 11:26:38.698 [info] [VerilogCompletionItemProvider] 106 items requested
2025-03-14 11:26:39.097 [info] [VerilogCompletionItemProvider] Completion items requested
2025-03-14 11:26:39.097 [info] [VerilogCompletionItemProvider] 106 items requested
2025-03-14 11:26:39.220 [info] [VerilogCompletionItemProvider] Completion items requested
2025-03-14 11:26:39.220 [info] [VerilogCompletionItemProvider] 106 items requested
2025-03-14 11:26:39.561 [info] [VerilogDocumentSymbolProvider] [VerilogSymbol] Symbols Requested: file:///home/sgass/Projects/kepler/hdl/rtl/ethernet/ethernet_crossbar.sv
2025-03-14 11:26:39.565 [info] [VerilogDocumentSymbolProvider] 1 top-level symbols returned
2025-03-14 11:26:42.973 [info] [VerilogHoverProvider] Hover requested
2025-03-14 11:26:43.427 [warning] [VerilogHoverProvider] Hover object not found
2025-03-14 11:26:44.298 [info] [VerilogDocumentSymbolProvider] [VerilogSymbol] Symbols Requested: file:///home/sgass/Projects/kepler/hdl/rtl/ethernet/ethernet_crossbar.sv
2025-03-14 11:26:44.302 [info] [VerilogDocumentSymbolProvider] 1 top-level symbols returned
2025-03-14 11:26:45.010 [info] [VerilogDocumentSymbolProvider] [VerilogSymbol] Symbols Requested: file:///home/sgass/Projects/kepler/hdl/rtl/ethernet/ethernet_crossbar.sv
2025-03-14 11:26:45.014 [info] [VerilogDocumentSymbolProvider] 1 top-level symbols returned
2025-03-14 11:26:46.772 [info] [VerilogDocumentSymbolProvider] [VerilogSymbol] Symbols Requested: file:///home/sgass/Projects/kepler/hdl/rtl/ethernet/ethernet_crossbar.sv
2025-03-14 11:26:46.776 [info] [VerilogDocumentSymbolProvider] 1 top-level symbols returned
2025-03-14 11:26:47.231 [info] [VerilogDocumentSymbolProvider] [VerilogSymbol] Symbols Requested: file:///home/sgass/Projects/kepler/hdl/rtl/ethernet/ethernet_crossbar.sv
2025-03-14 11:26:47.236 [info] [VerilogDocumentSymbolProvider] 1 top-level symbols returned
2025-03-14 11:26:47.779 [info] [VerilogDocumentSymbolProvider] [VerilogSymbol] Symbols Requested: file:///home/sgass/Projects/kepler/hdl/rtl/ethernet/ethernet_crossbar.sv
2025-03-14 11:26:47.784 [info] [VerilogDocumentSymbolProvider] 1 top-level symbols returned
2025-03-14 11:26:48.629 [info] on save
2025-03-14 11:26:48.981 [info] [VerilogDocumentSymbolProvider] [VerilogSymbol] Symbols Requested: file:///home/sgass/Projects/kepler/hdl/rtl/ethernet/ethernet_crossbar.sv
2025-03-14 11:26:48.981 [info] indexing "/home/sgass/Projects/kepler/hdl/rtl/ethernet/ethernet_crossbar.sv"
2025-03-14 11:26:48.981 [info] executing ctags
2025-03-14 11:26:48.981 [info] Executing Command: ctags -f - --fields=+K --sort=no --excmd=n --fields-SystemVerilog=+{parameter} "/home/sgass/Projects/kepler/hdl/rtl/ethernet/ethernet_crossbar.sv"
2025-03-14 11:26:48.987 [info] building symbols
2025-03-14 11:26:48.991 [info] [VerilogDocumentSymbolProvider] 1 top-level symbols returned
2025-03-14 11:26:51.690 [info] [VerilogHoverProvider] Hover requested
2025-03-14 11:26:52.689 [info] [VerilogHoverProvider] Hover requested
2025-03-14 11:26:52.737 [info] [VerilogDefinitionProvider] Definitions Requested: file:///home/sgass/Projects/kepler/hdl/rtl/ethernet/ethernet_crossbar.sv
2025-03-14 11:26:53.111 [info] [VerilogHoverProvider] Hover object returned
2025-03-14 11:26:53.138 [info] [VerilogDefinitionProvider] 1 definitions returned
2025-03-14 11:26:56.431 [info] [VerilogDocumentSymbolProvider] [VerilogSymbol] Symbols Requested: file:///home/sgass/Projects/kepler/hdl/rtl/ethernet/ethernet_crossbar.sv
2025-03-14 11:26:56.436 [info] [VerilogDocumentSymbolProvider] 1 top-level symbols returned
2025-03-14 11:26:57.963 [info] [VerilogCompletionItemProvider] Completion items requested
2025-03-14 11:26:57.964 [info] [VerilogCompletionItemProvider] 108 items requested
2025-03-14 11:26:59.308 [info] [VerilogDocumentSymbolProvider] [VerilogSymbol] Symbols Requested: file:///home/sgass/Projects/kepler/hdl/rtl/ethernet/ethernet_crossbar.sv
2025-03-14 11:26:59.312 [info] [VerilogDocumentSymbolProvider] 1 top-level symbols returned
2025-03-14 11:27:02.493 [info] [VerilogDocumentSymbolProvider] [VerilogSymbol] Symbols Requested: file:///home/sgass/Projects/kepler/hdl/rtl/ethernet/ethernet_crossbar.sv
2025-03-14 11:27:02.498 [info] [VerilogDocumentSymbolProvider] 1 top-level symbols returned
2025-03-14 11:27:06.367 [info] [VerilogDocumentSymbolProvider] [VerilogSymbol] Symbols Requested: file:///home/sgass/Projects/kepler/hdl/rtl/ethernet/ethernet_crossbar.sv
2025-03-14 11:27:06.372 [info] [VerilogDocumentSymbolProvider] 1 top-level symbols returned
2025-03-14 11:27:09.289 [info] [VerilogHoverProvider] Hover requested
2025-03-14 11:27:10.662 [info] [VerilogDocumentSymbolProvider] [VerilogSymbol] Symbols Requested: file:///home/sgass/Projects/kepler/hdl/rtl/ethernet/ethernet_crossbar.sv
2025-03-14 11:27:10.667 [info] [VerilogDocumentSymbolProvider] 1 top-level symbols returned
2025-03-14 11:27:13.342 [info] [VerilogDocumentSymbolProvider] [VerilogSymbol] Symbols Requested: file:///home/sgass/Projects/kepler/hdl/rtl/ethernet/ethernet_crossbar.sv
2025-03-14 11:27:13.347 [info] [VerilogDocumentSymbolProvider] 1 top-level symbols returned
2025-03-14 11:27:14.052 [info] on save
2025-03-14 11:27:41.755 [info] on save
2025-03-14 11:27:52.987 [info] [VerilogHoverProvider] Hover requested
2025-03-14 11:27:53.440 [info] [VerilogHoverProvider] Hover object returned
2025-03-14 11:28:00.820 [info] [VerilogHoverProvider] Hover requested
2025-03-14 11:28:01.238 [info] [VerilogHoverProvider] Hover requested
2025-03-14 11:28:01.573 [info] [VerilogHoverProvider] Hover requested
2025-03-14 11:28:02.955 [info] [VerilogHoverProvider] Hover requested
2025-03-14 11:28:03.540 [info] [VerilogHoverProvider] Hover requested
2025-03-14 11:28:17.795 [info] [VerilogHoverProvider] Hover requested
2025-03-14 11:28:17.795 [info] indexing "/home/sgass/Projects/kepler/hdl/rtl/ethernet/ethernet_point_to_multipoint_hub.sv"
2025-03-14 11:28:17.795 [info] executing ctags
2025-03-14 11:28:17.795 [info] Executing Command: ctags -f - --fields=+K --sort=no --excmd=n --fields-SystemVerilog=+{parameter} "/home/sgass/Projects/kepler/hdl/rtl/ethernet/ethernet_point_to_multipoint_hub.sv"
2025-03-14 11:28:17.808 [info] building symbols
2025-03-14 11:28:18.210 [info] [VerilogHoverProvider] Hover object returned
2025-03-14 11:28:18.420 [info] [VerilogHoverProvider] Hover requested
2025-03-14 11:28:18.827 [info] [VerilogHoverProvider] Hover object returned
2025-03-14 11:28:28.344 [info] [VerilogHoverProvider] Hover requested
2025-03-14 11:28:28.845 [info] [VerilogHoverProvider] Hover requested
2025-03-14 11:28:31.884 [info] [VerilogHoverProvider] Hover requested
2025-03-14 11:28:32.168 [info] [VerilogHoverProvider] Hover requested
2025-03-14 11:28:32.499 [info] [VerilogHoverProvider] Hover requested
2025-03-14 11:28:32.658 [warning] [VerilogHoverProvider] Hover object not found
2025-03-14 11:28:53.515 [info] [VerilogDocumentSymbolProvider] [VerilogSymbol] Symbols Requested: file:///home/sgass/Projects/kepler/hdl/rtl/ethernet/ethernet_point_to_multipoint_hub.sv
2025-03-14 11:28:53.519 [info] [VerilogDocumentSymbolProvider] 1 top-level symbols returned
2025-03-14 11:28:56.196 [info] [VerilogDocumentSymbolProvider] [VerilogSymbol] Symbols Requested: file:///home/sgass/Projects/kepler/hdl/rtl/ethernet/ethernet_point_to_multipoint_hub.sv
2025-03-14 11:28:56.204 [info] [VerilogDocumentSymbolProvider] 1 top-level symbols returned
2025-03-14 11:28:56.762 [info] [VerilogDocumentSymbolProvider] [VerilogSymbol] Symbols Requested: file:///home/sgass/Projects/kepler/hdl/rtl/ethernet/ethernet_point_to_multipoint_hub.sv
2025-03-14 11:28:56.771 [info] [VerilogDocumentSymbolProvider] 1 top-level symbols returned
2025-03-14 11:29:01.244 [info] [VerilogDocumentSymbolProvider] [VerilogSymbol] Symbols Requested: file:///home/sgass/Projects/kepler/hdl/rtl/ethernet/ethernet_point_to_multipoint_hub.sv
2025-03-14 11:29:01.253 [info] [VerilogDocumentSymbolProvider] 1 top-level symbols returned
2025-03-14 11:29:01.702 [info] [VerilogHoverProvider] Hover requested
2025-03-14 11:29:02.422 [info] [VerilogHoverProvider] Hover requested
2025-03-14 11:29:04.464 [info] [VerilogDocumentSymbolProvider] [VerilogSymbol] Symbols Requested: file:///home/sgass/Projects/kepler/hdl/rtl/ethernet/ethernet_point_to_multipoint_hub.sv
2025-03-14 11:29:04.471 [info] [VerilogDocumentSymbolProvider] 1 top-level symbols returned
2025-03-14 11:29:06.836 [info] [VerilogHoverProvider] Hover requested
2025-03-14 11:29:07.265 [warning] [VerilogHoverProvider] Hover object not found
2025-03-14 11:29:13.235 [info] [VerilogDocumentSymbolProvider] [VerilogSymbol] Symbols Requested: file:///home/sgass/Projects/kepler/hdl/rtl/ethernet/ethernet_point_to_multipoint_hub.sv
2025-03-14 11:29:13.242 [info] [VerilogDocumentSymbolProvider] 1 top-level symbols returned
2025-03-14 11:29:14.320 [info] [VerilogHoverProvider] Hover requested
2025-03-14 11:29:14.803 [warning] [VerilogHoverProvider] Hover object not found
2025-03-14 11:29:15.935 [info] [VerilogHoverProvider] Hover requested
2025-03-14 11:29:23.185 [info] [VerilogHoverProvider] Hover requested
2025-03-14 11:29:23.680 [info] [VerilogHoverProvider] Hover object returned
2025-03-14 11:29:27.596 [info] [VerilogDocumentSymbolProvider] [VerilogSymbol] Symbols Requested: file:///home/sgass/Projects/kepler/hdl/rtl/ethernet/ethernet_point_to_multipoint_hub.sv
2025-03-14 11:29:27.603 [info] [VerilogDocumentSymbolProvider] 1 top-level symbols returned
2025-03-14 11:29:28.269 [info] [VerilogHoverProvider] Hover requested
2025-03-14 11:29:28.683 [info] [VerilogHoverProvider] Hover requested
2025-03-14 11:29:28.730 [warning] [VerilogHoverProvider] Hover object not found
2025-03-14 11:29:29.102 [info] [VerilogHoverProvider] Hover object returned
2025-03-14 11:29:30.479 [info] [VerilogDocumentSymbolProvider] [VerilogSymbol] Symbols Requested: file:///home/sgass/Projects/kepler/hdl/rtl/ethernet/ethernet_point_to_multipoint_hub.sv
2025-03-14 11:29:30.488 [info] [VerilogDocumentSymbolProvider] 1 top-level symbols returned
2025-03-14 11:29:33.120 [info] [VerilogHoverProvider] Hover requested
2025-03-14 11:29:42.901 [info] [VerilogHoverProvider] Hover requested
2025-03-14 11:29:44.843 [info] [VerilogDocumentSymbolProvider] [VerilogSymbol] Symbols Requested: file:///home/sgass/Projects/kepler/hdl/rtl/ethernet/ethernet_point_to_multipoint_hub.sv
2025-03-14 11:29:44.851 [info] [VerilogDocumentSymbolProvider] 1 top-level symbols returned
2025-03-14 11:29:45.433 [info] [VerilogDocumentSymbolProvider] [VerilogSymbol] Symbols Requested: file:///home/sgass/Projects/kepler/hdl/rtl/ethernet/ethernet_point_to_multipoint_hub.sv
2025-03-14 11:29:45.439 [info] [VerilogDocumentSymbolProvider] 1 top-level symbols returned
2025-03-14 11:29:46.419 [info] [VerilogHoverProvider] Hover requested
2025-03-14 11:29:46.651 [info] [VerilogHoverProvider] Hover requested
2025-03-14 11:29:46.853 [info] [VerilogHoverProvider] Hover object returned
2025-03-14 11:29:46.920 [info] [VerilogHoverProvider] Hover requested
2025-03-14 11:29:47.064 [info] [VerilogHoverProvider] Hover object returned
2025-03-14 11:29:47.089 [info] [VerilogHoverProvider] Hover requested
2025-03-14 11:29:47.551 [info] [VerilogHoverProvider] Hover requested
2025-03-14 11:29:48.034 [info] [VerilogHoverProvider] Hover object returned
2025-03-14 11:29:48.292 [info] [VerilogDocumentSymbolProvider] [VerilogSymbol] Symbols Requested: file:///home/sgass/Projects/kepler/hdl/rtl/ethernet/ethernet_point_to_multipoint_hub.sv
2025-03-14 11:29:48.301 [info] [VerilogDocumentSymbolProvider] 1 top-level symbols returned
2025-03-14 11:29:54.800 [info] [VerilogDocumentSymbolProvider] [VerilogSymbol] Symbols Requested: file:///home/sgass/Projects/kepler/hdl/rtl/ethernet/ethernet_point_to_multipoint_hub.sv
2025-03-14 11:29:54.808 [info] [VerilogDocumentSymbolProvider] 1 top-level symbols returned
2025-03-14 11:29:56.865 [info] [VerilogDocumentSymbolProvider] [VerilogSymbol] Symbols Requested: file:///home/sgass/Projects/kepler/hdl/rtl/ethernet/ethernet_point_to_multipoint_hub.sv
2025-03-14 11:29:56.873 [info] [VerilogDocumentSymbolProvider] 1 top-level symbols returned
2025-03-14 11:29:57.255 [info] [VerilogDocumentSymbolProvider] [VerilogSymbol] Symbols Requested: file:///home/sgass/Projects/kepler/hdl/rtl/ethernet/ethernet_point_to_multipoint_hub.sv
2025-03-14 11:29:57.262 [info] [VerilogDocumentSymbolProvider] 1 top-level symbols returned
2025-03-14 11:30:04.244 [info] [VerilogDocumentSymbolProvider] [VerilogSymbol] Symbols Requested: file:///home/sgass/Projects/kepler/hdl/rtl/ethernet/ethernet_point_to_multipoint_hub.sv
2025-03-14 11:30:04.254 [info] [VerilogDocumentSymbolProvider] 1 top-level symbols returned
2025-03-14 11:30:11.846 [info] on save
2025-03-14 11:30:17.664 [info] [VerilogHoverProvider] Hover requested
2025-03-14 11:30:17.664 [info] indexing "/home/sgass/Projects/kepler/hdl/rtl/ethernet/ethernet_point_to_multipoint_hub.sv"
2025-03-14 11:30:17.664 [info] executing ctags
2025-03-14 11:30:17.664 [info] Executing Command: ctags -f - --fields=+K --sort=no --excmd=n --fields-SystemVerilog=+{parameter} "/home/sgass/Projects/kepler/hdl/rtl/ethernet/ethernet_point_to_multipoint_hub.sv"
2025-03-14 11:30:17.678 [info] building symbols
2025-03-14 11:30:18.089 [warning] [VerilogHoverProvider] Hover object not found
2025-03-14 11:30:18.303 [info] [VerilogHoverProvider] Hover requested
2025-03-14 11:30:18.807 [warning] [VerilogHoverProvider] Hover object not found
2025-03-14 11:30:18.967 [info] [VerilogHoverProvider] Hover requested
2025-03-14 11:30:19.381 [warning] [VerilogHoverProvider] Hover object not found
2025-03-14 11:30:20.102 [info] [VerilogHoverProvider] Hover requested
2025-03-14 11:30:21.885 [info] [VerilogHoverProvider] Hover requested
2025-03-14 11:30:27.831 [info] [VerilogDocumentSymbolProvider] [VerilogSymbol] Symbols Requested: file:///home/sgass/Projects/kepler/hdl/rtl/ethernet/ethernet_point_to_multipoint_hub.sv
2025-03-14 11:30:27.836 [info] [VerilogDocumentSymbolProvider] 1 top-level symbols returned
2025-03-14 11:30:32.807 [info] [VerilogDocumentSymbolProvider] [VerilogSymbol] Symbols Requested: file:///home/sgass/Projects/kepler/hdl/rtl/ethernet/ethernet_point_to_multipoint_hub.sv
2025-03-14 11:30:32.811 [info] [VerilogDocumentSymbolProvider] 1 top-level symbols returned
2025-03-14 11:30:33.484 [info] [VerilogDocumentSymbolProvider] [VerilogSymbol] Symbols Requested: file:///home/sgass/Projects/kepler/hdl/rtl/ethernet/ethernet_point_to_multipoint_hub.sv
2025-03-14 11:30:33.488 [info] [VerilogDocumentSymbolProvider] 1 top-level symbols returned
2025-03-14 11:30:35.860 [info] [VerilogDocumentSymbolProvider] [VerilogSymbol] Symbols Requested: file:///home/sgass/Projects/kepler/hdl/rtl/ethernet/ethernet_point_to_multipoint_hub.sv
2025-03-14 11:30:35.862 [info] [VerilogDocumentSymbolProvider] 1 top-level symbols returned
2025-03-14 11:30:36.149 [info] on save
2025-03-14 11:30:37.000 [info] [VerilogHoverProvider] Hover requested
2025-03-14 11:30:40.213 [info] [VerilogHoverProvider] Hover requested
2025-03-14 11:30:40.213 [info] indexing "/home/sgass/Projects/kepler/hdl/rtl/ethernet/ethernet_point_to_multipoint_hub.sv"
2025-03-14 11:30:40.213 [info] executing ctags
2025-03-14 11:30:40.213 [info] Executing Command: ctags -f - --fields=+K --sort=no --excmd=n --fields-SystemVerilog=+{parameter} "/home/sgass/Projects/kepler/hdl/rtl/ethernet/ethernet_point_to_multipoint_hub.sv"
2025-03-14 11:30:40.227 [info] building symbols
2025-03-14 11:30:40.465 [info] [VerilogHoverProvider] Hover requested
2025-03-14 11:30:40.631 [info] [VerilogHoverProvider] Hover object returned
2025-03-14 11:30:40.699 [info] [VerilogHoverProvider] Hover requested
2025-03-14 11:30:40.870 [info] [VerilogHoverProvider] Hover object returned
2025-03-14 11:30:41.141 [info] [VerilogHoverProvider] Hover object returned
2025-03-14 11:30:41.920 [info] [VerilogHoverProvider] Hover requested
2025-03-14 11:30:46.327 [info] [VerilogDocumentSymbolProvider] [VerilogSymbol] Symbols Requested: file:///home/sgass/Projects/kepler/hdl/rtl/ethernet/ethernet_point_to_multipoint_hub.sv
2025-03-14 11:30:46.331 [info] [VerilogDocumentSymbolProvider] 1 top-level symbols returned
2025-03-14 11:30:52.103 [info] [VerilogCompletionItemProvider] Completion items requested
2025-03-14 11:30:52.104 [info] [VerilogCompletionItemProvider] 105 items requested
2025-03-14 11:30:52.952 [info] [VerilogDocumentSymbolProvider] [VerilogSymbol] Symbols Requested: file:///home/sgass/Projects/kepler/hdl/rtl/ethernet/ethernet_point_to_multipoint_hub.sv
2025-03-14 11:30:52.956 [info] [VerilogDocumentSymbolProvider] 1 top-level symbols returned
2025-03-14 11:30:55.602 [info] [VerilogCompletionItemProvider] Completion items requested
2025-03-14 11:30:55.602 [info] [VerilogCompletionItemProvider] 105 items requested
2025-03-14 11:30:56.215 [info] [VerilogDocumentSymbolProvider] [VerilogSymbol] Symbols Requested: file:///home/sgass/Projects/kepler/hdl/rtl/ethernet/ethernet_point_to_multipoint_hub.sv
2025-03-14 11:30:56.219 [info] [VerilogDocumentSymbolProvider] 1 top-level symbols returned
2025-03-14 11:31:07.605 [info] [VerilogDocumentSymbolProvider] [VerilogSymbol] Symbols Requested: file:///home/sgass/Projects/kepler/hdl/rtl/ethernet/ethernet_point_to_multipoint_hub.sv
2025-03-14 11:31:07.608 [info] [VerilogDocumentSymbolProvider] 1 top-level symbols returned
2025-03-14 11:31:10.916 [info] [VerilogHoverProvider] Hover requested
2025-03-14 11:31:11.354 [info] [VerilogHoverProvider] Hover object returned
2025-03-14 11:31:15.664 [info] [VerilogDocumentSymbolProvider] [VerilogSymbol] Symbols Requested: file:///home/sgass/Projects/kepler/hdl/rtl/ethernet/ethernet_point_to_multipoint_hub.sv
2025-03-14 11:31:15.668 [info] [VerilogDocumentSymbolProvider] 1 top-level symbols returned
2025-03-14 11:31:16.192 [info] [VerilogCompletionItemProvider] Completion items requested
2025-03-14 11:31:16.192 [info] [VerilogCompletionItemProvider] 105 items requested
2025-03-14 11:31:16.743 [info] [VerilogDocumentSymbolProvider] [VerilogSymbol] Symbols Requested: file:///home/sgass/Projects/kepler/hdl/rtl/ethernet/ethernet_point_to_multipoint_hub.sv
2025-03-14 11:31:16.747 [info] [VerilogDocumentSymbolProvider] 1 top-level symbols returned
2025-03-14 11:31:34.450 [info] [VerilogHoverProvider] Hover requested
2025-03-14 11:31:34.534 [info] [VerilogDefinitionProvider] Definitions Requested: file:///home/sgass/Projects/kepler/hdl/rtl/ethernet/ethernet_point_to_multipoint_hub.sv
2025-03-14 11:31:34.889 [info] [VerilogHoverProvider] Hover object returned
2025-03-14 11:31:34.941 [info] [VerilogDefinitionProvider] 1 definitions returned
2025-03-14 11:31:36.083 [info] [VerilogHoverProvider] Hover requested
2025-03-14 11:31:36.543 [info] [VerilogHoverProvider] Hover object returned
2025-03-14 11:31:39.124 [info] [VerilogDocumentSymbolProvider] [VerilogSymbol] Symbols Requested: file:///home/sgass/Projects/kepler/hdl/rtl/ethernet/ethernet_point_to_multipoint_hub.sv
2025-03-14 11:31:39.128 [info] [VerilogDocumentSymbolProvider] 1 top-level symbols returned
2025-03-14 11:31:40.083 [info] [VerilogHoverProvider] Hover requested
2025-03-14 11:31:40.522 [info] [VerilogHoverProvider] Hover object returned
2025-03-14 11:31:44.519 [info] [VerilogDocumentSymbolProvider] [VerilogSymbol] Symbols Requested: file:///home/sgass/Projects/kepler/hdl/rtl/ethernet/ethernet_point_to_multipoint_hub.sv
2025-03-14 11:31:44.523 [info] [VerilogDocumentSymbolProvider] 1 top-level symbols returned
2025-03-14 11:31:45.214 [info] [VerilogCompletionItemProvider] Completion items requested
2025-03-14 11:31:45.215 [info] [VerilogCompletionItemProvider] 105 items requested
2025-03-14 11:31:45.706 [info] [VerilogDocumentSymbolProvider] [VerilogSymbol] Symbols Requested: file:///home/sgass/Projects/kepler/hdl/rtl/ethernet/ethernet_point_to_multipoint_hub.sv
2025-03-14 11:31:45.710 [info] [VerilogDocumentSymbolProvider] 1 top-level symbols returned
2025-03-14 11:31:47.725 [info] on save
2025-03-14 11:31:52.345 [info] [VerilogHoverProvider] Hover requested
2025-03-14 11:31:52.345 [info] indexing "/home/sgass/Projects/kepler/hdl/rtl/ethernet/ethernet_point_to_multipoint_hub.sv"
2025-03-14 11:31:52.345 [info] executing ctags
2025-03-14 11:31:52.345 [info] Executing Command: ctags -f - --fields=+K --sort=no --excmd=n --fields-SystemVerilog=+{parameter} "/home/sgass/Projects/kepler/hdl/rtl/ethernet/ethernet_point_to_multipoint_hub.sv"
2025-03-14 11:31:52.361 [info] building symbols
2025-03-14 11:31:52.770 [warning] [VerilogHoverProvider] Hover object not found
2025-03-14 11:31:55.583 [info] [VerilogHoverProvider] Hover requested
2025-03-14 11:31:55.996 [info] [VerilogHoverProvider] Hover object returned
2025-03-14 11:32:13.756 [info] [VerilogDocumentSymbolProvider] [VerilogSymbol] Symbols Requested: file:///home/sgass/Projects/kepler/hdl/rtl/ethernet/ethernet_point_to_multipoint_hub.sv
2025-03-14 11:32:13.759 [info] [VerilogDocumentSymbolProvider] 1 top-level symbols returned
2025-03-14 11:32:15.050 [info] [VerilogDocumentSymbolProvider] [VerilogSymbol] Symbols Requested: file:///home/sgass/Projects/kepler/hdl/rtl/ethernet/ethernet_point_to_multipoint_hub.sv
2025-03-14 11:32:15.053 [info] [VerilogDocumentSymbolProvider] 1 top-level symbols returned
2025-03-14 11:32:15.599 [info] [VerilogDocumentSymbolProvider] [VerilogSymbol] Symbols Requested: file:///home/sgass/Projects/kepler/hdl/rtl/ethernet/ethernet_point_to_multipoint_hub.sv
2025-03-14 11:32:15.601 [info] [VerilogDocumentSymbolProvider] 1 top-level symbols returned
2025-03-14 11:32:16.239 [info] [VerilogDocumentSymbolProvider] [VerilogSymbol] Symbols Requested: file:///home/sgass/Projects/kepler/hdl/rtl/ethernet/ethernet_point_to_multipoint_hub.sv
2025-03-14 11:32:16.242 [info] [VerilogDocumentSymbolProvider] 1 top-level symbols returned
2025-03-14 11:32:20.957 [info] [VerilogDocumentSymbolProvider] [VerilogSymbol] Symbols Requested: file:///home/sgass/Projects/kepler/hdl/rtl/ethernet/ethernet_point_to_multipoint_hub.sv
2025-03-14 11:32:20.960 [info] [VerilogDocumentSymbolProvider] 1 top-level symbols returned
2025-03-14 11:32:22.098 [info] [VerilogDocumentSymbolProvider] [VerilogSymbol] Symbols Requested: file:///home/sgass/Projects/kepler/hdl/rtl/ethernet/ethernet_point_to_multipoint_hub.sv
2025-03-14 11:32:22.102 [info] [VerilogDocumentSymbolProvider] 1 top-level symbols returned
2025-03-14 11:32:22.479 [info] [VerilogDocumentSymbolProvider] [VerilogSymbol] Symbols Requested: file:///home/sgass/Projects/kepler/hdl/rtl/ethernet/ethernet_point_to_multipoint_hub.sv
2025-03-14 11:32:22.482 [info] [VerilogDocumentSymbolProvider] 1 top-level symbols returned
2025-03-14 11:32:25.409 [info] [VerilogDocumentSymbolProvider] [VerilogSymbol] Symbols Requested: file:///home/sgass/Projects/kepler/hdl/rtl/ethernet/ethernet_point_to_multipoint_hub.sv
2025-03-14 11:32:25.412 [info] [VerilogDocumentSymbolProvider] 1 top-level symbols returned
2025-03-14 11:32:26.808 [info] [VerilogDocumentSymbolProvider] [VerilogSymbol] Symbols Requested: file:///home/sgass/Projects/kepler/hdl/rtl/ethernet/ethernet_point_to_multipoint_hub.sv
2025-03-14 11:32:26.811 [info] [VerilogDocumentSymbolProvider] 1 top-level symbols returned
2025-03-14 11:32:27.820 [info] [VerilogDocumentSymbolProvider] [VerilogSymbol] Symbols Requested: file:///home/sgass/Projects/kepler/hdl/rtl/ethernet/ethernet_point_to_multipoint_hub.sv
2025-03-14 11:32:27.824 [info] [VerilogDocumentSymbolProvider] 1 top-level symbols returned
2025-03-14 11:32:29.171 [info] [VerilogDocumentSymbolProvider] [VerilogSymbol] Symbols Requested: file:///home/sgass/Projects/kepler/hdl/rtl/ethernet/ethernet_point_to_multipoint_hub.sv
2025-03-14 11:32:29.174 [info] [VerilogDocumentSymbolProvider] 1 top-level symbols returned
2025-03-14 11:32:29.553 [info] [VerilogDocumentSymbolProvider] [VerilogSymbol] Symbols Requested: file:///home/sgass/Projects/kepler/hdl/rtl/ethernet/ethernet_point_to_multipoint_hub.sv
2025-03-14 11:32:29.556 [info] [VerilogDocumentSymbolProvider] 1 top-level symbols returned
2025-03-14 11:32:31.120 [info] [VerilogDocumentSymbolProvider] [VerilogSymbol] Symbols Requested: file:///home/sgass/Projects/kepler/hdl/rtl/ethernet/ethernet_point_to_multipoint_hub.sv
2025-03-14 11:32:31.124 [info] [VerilogDocumentSymbolProvider] 1 top-level symbols returned
2025-03-14 11:32:32.490 [info] [VerilogDocumentSymbolProvider] [VerilogSymbol] Symbols Requested: file:///home/sgass/Projects/kepler/hdl/rtl/ethernet/ethernet_point_to_multipoint_hub.sv
2025-03-14 11:32:32.494 [info] [VerilogDocumentSymbolProvider] 1 top-level symbols returned
2025-03-14 11:32:36.573 [info] [VerilogDocumentSymbolProvider] [VerilogSymbol] Symbols Requested: file:///home/sgass/Projects/kepler/hdl/rtl/ethernet/ethernet_point_to_multipoint_hub.sv
2025-03-14 11:32:36.576 [info] [VerilogDocumentSymbolProvider] 1 top-level symbols returned
2025-03-14 11:32:37.481 [info] [VerilogDocumentSymbolProvider] [VerilogSymbol] Symbols Requested: file:///home/sgass/Projects/kepler/hdl/rtl/ethernet/ethernet_point_to_multipoint_hub.sv
2025-03-14 11:32:37.485 [info] [VerilogDocumentSymbolProvider] 1 top-level symbols returned
2025-03-14 11:32:38.737 [info] [VerilogDocumentSymbolProvider] [VerilogSymbol] Symbols Requested: file:///home/sgass/Projects/kepler/hdl/rtl/ethernet/ethernet_point_to_multipoint_hub.sv
2025-03-14 11:32:38.741 [info] [VerilogDocumentSymbolProvider] 1 top-level symbols returned
2025-03-14 11:32:52.721 [info] [VerilogHoverProvider] Hover requested
2025-03-14 11:33:02.756 [info] [VerilogHoverProvider] Hover requested
2025-03-14 11:33:03.022 [info] [VerilogHoverProvider] Hover requested
2025-03-14 11:33:03.200 [info] [VerilogHoverProvider] Hover object returned
2025-03-14 11:33:03.255 [info] [VerilogHoverProvider] Hover requested
2025-03-14 11:33:03.441 [info] [VerilogHoverProvider] Hover object returned
2025-03-14 11:33:03.678 [info] [VerilogHoverProvider] Hover object returned
2025-03-14 11:33:11.481 [info] [VerilogHoverProvider] Hover requested
2025-03-14 11:33:11.903 [info] [VerilogDefinitionProvider] Definitions Requested: file:///home/sgass/Projects/kepler/hdl/rtl/ethernet/ethernet_point_to_multipoint_hub.sv
2025-03-14 11:33:11.912 [warning] [VerilogHoverProvider] Hover object not found
2025-03-14 11:33:12.330 [info] [VerilogDefinitionProvider] 0 definitions returned
2025-03-14 11:33:13.556 [info] [VerilogDocumentSymbolProvider] [VerilogSymbol] Symbols Requested: file:///home/sgass/Projects/kepler/hdl/rtl/ethernet/ethernet_point_to_multipoint_hub.sv
2025-03-14 11:33:13.559 [info] [VerilogDocumentSymbolProvider] 1 top-level symbols returned
2025-03-14 11:33:15.113 [info] [VerilogDocumentSymbolProvider] [VerilogSymbol] Symbols Requested: file:///home/sgass/Projects/kepler/hdl/rtl/ethernet/ethernet_point_to_multipoint_hub.sv
2025-03-14 11:33:15.116 [info] [VerilogDocumentSymbolProvider] 1 top-level symbols returned
2025-03-14 11:33:20.460 [info] [VerilogDocumentSymbolProvider] [VerilogSymbol] Symbols Requested: file:///home/sgass/Projects/kepler/hdl/rtl/ethernet/ethernet_point_to_multipoint_hub.sv
2025-03-14 11:33:20.464 [info] [VerilogDocumentSymbolProvider] 1 top-level symbols returned
2025-03-14 11:33:21.979 [info] [VerilogDocumentSymbolProvider] [VerilogSymbol] Symbols Requested: file:///home/sgass/Projects/kepler/hdl/rtl/ethernet/ethernet_point_to_multipoint_hub.sv
2025-03-14 11:33:21.982 [info] [VerilogDocumentSymbolProvider] 1 top-level symbols returned
2025-03-14 11:33:24.218 [info] [VerilogDocumentSymbolProvider] [VerilogSymbol] Symbols Requested: file:///home/sgass/Projects/kepler/hdl/rtl/ethernet/ethernet_point_to_multipoint_hub.sv
2025-03-14 11:33:24.221 [info] [VerilogDocumentSymbolProvider] 1 top-level symbols returned
2025-03-14 11:33:26.924 [info] [VerilogDocumentSymbolProvider] [VerilogSymbol] Symbols Requested: file:///home/sgass/Projects/kepler/hdl/rtl/ethernet/ethernet_point_to_multipoint_hub.sv
2025-03-14 11:33:26.928 [info] [VerilogDocumentSymbolProvider] 1 top-level symbols returned
2025-03-14 11:33:29.569 [info] [VerilogDocumentSymbolProvider] [VerilogSymbol] Symbols Requested: file:///home/sgass/Projects/kepler/hdl/rtl/ethernet/ethernet_point_to_multipoint_hub.sv
2025-03-14 11:33:29.572 [info] [VerilogDocumentSymbolProvider] 1 top-level symbols returned
2025-03-14 11:33:39.899 [info] [VerilogHoverProvider] Hover requested
2025-03-14 11:33:40.366 [warning] [VerilogHoverProvider] Hover object not found
2025-03-14 11:33:45.829 [info] [VerilogDocumentSymbolProvider] [VerilogSymbol] Symbols Requested: file:///home/sgass/Projects/kepler/hdl/rtl/ethernet/ethernet_point_to_multipoint_hub.sv
2025-03-14 11:33:45.832 [info] [VerilogDocumentSymbolProvider] 1 top-level symbols returned
2025-03-14 11:33:46.217 [info] [VerilogDocumentSymbolProvider] [VerilogSymbol] Symbols Requested: file:///home/sgass/Projects/kepler/hdl/rtl/ethernet/ethernet_point_to_multipoint_hub.sv
2025-03-14 11:33:46.220 [info] [VerilogDocumentSymbolProvider] 1 top-level symbols returned
2025-03-14 11:33:51.064 [info] [VerilogHoverProvider] Hover requested
2025-03-14 11:33:51.906 [info] [VerilogHoverProvider] Hover requested
2025-03-14 11:33:52.554 [info] [VerilogHoverProvider] Hover requested
2025-03-14 11:33:53.497 [info] [VerilogHoverProvider] Hover requested
2025-03-14 11:33:53.794 [info] [VerilogHoverProvider] Hover requested
2025-03-14 11:33:53.945 [info] [VerilogHoverProvider] Hover object returned
2025-03-14 11:33:54.198 [info] [VerilogHoverProvider] Hover object returned
2025-03-14 11:33:55.162 [info] [VerilogHoverProvider] Hover requested
2025-03-14 11:33:55.465 [info] [VerilogHoverProvider] Hover requested
2025-03-14 11:33:55.586 [info] [VerilogHoverProvider] Hover object returned
2025-03-14 11:34:06.521 [info] [VerilogHoverProvider] Hover requested
2025-03-14 11:34:06.965 [info] [VerilogHoverProvider] Hover object returned
2025-03-14 11:34:13.447 [info] [VerilogDocumentSymbolProvider] [VerilogSymbol] Symbols Requested: file:///home/sgass/Projects/kepler/hdl/rtl/ethernet/ethernet_point_to_multipoint_hub.sv
2025-03-14 11:34:13.453 [info] [VerilogDocumentSymbolProvider] 1 top-level symbols returned
2025-03-14 11:34:13.904 [info] [VerilogDocumentSymbolProvider] [VerilogSymbol] Symbols Requested: file:///home/sgass/Projects/kepler/hdl/rtl/ethernet/ethernet_point_to_multipoint_hub.sv
2025-03-14 11:34:13.908 [info] [VerilogDocumentSymbolProvider] 1 top-level symbols returned
2025-03-14 11:34:15.646 [info] [VerilogHoverProvider] Hover requested
2025-03-14 11:34:16.085 [info] [VerilogHoverProvider] Hover object returned
2025-03-14 11:34:16.544 [info] [VerilogHoverProvider] Hover requested
2025-03-14 11:34:17.230 [info] [VerilogHoverProvider] Hover requested
2025-03-14 11:34:17.698 [info] [VerilogHoverProvider] Hover object returned
2025-03-14 11:34:23.950 [info] [VerilogHoverProvider] Hover requested
2025-03-14 11:34:24.372 [info] [VerilogHoverProvider] Hover object returned
2025-03-14 11:34:24.599 [info] [VerilogHoverProvider] Hover requested
2025-03-14 11:34:25.044 [info] [VerilogHoverProvider] Hover object returned
2025-03-14 11:34:26.499 [info] [VerilogHoverProvider] Hover requested
2025-03-14 11:34:26.919 [info] [VerilogHoverProvider] Hover object returned
2025-03-14 11:37:57.419 [info] on save
2025-03-14 11:38:45.473 [info] [VerilogHoverProvider] Hover requested
2025-03-14 11:38:45.473 [info] indexing "/home/sgass/Projects/kepler/hdl/rtl/ethernet/ethernet_point_to_multipoint_hub.sv"
2025-03-14 11:38:45.473 [info] executing ctags
2025-03-14 11:38:45.473 [info] Executing Command: ctags -f - --fields=+K --sort=no --excmd=n --fields-SystemVerilog=+{parameter} "/home/sgass/Projects/kepler/hdl/rtl/ethernet/ethernet_point_to_multipoint_hub.sv"
2025-03-14 11:38:45.490 [info] building symbols
2025-03-14 11:38:45.944 [info] [VerilogHoverProvider] Hover object returned
2025-03-14 11:38:46.213 [info] [VerilogHoverProvider] Hover requested
2025-03-14 11:38:46.639 [info] [VerilogHoverProvider] Hover object returned
2025-03-14 11:38:48.064 [info] [VerilogDocumentSymbolProvider] [VerilogSymbol] Symbols Requested: file:///home/sgass/Projects/kepler/hdl/rtl/ethernet/ethernet_point_to_multipoint_hub.sv
2025-03-14 11:38:48.066 [info] [VerilogDocumentSymbolProvider] 1 top-level symbols returned
2025-03-14 11:38:48.739 [info] [VerilogCompletionItemProvider] Completion items requested
2025-03-14 11:38:48.740 [info] [VerilogCompletionItemProvider] 90 items requested
2025-03-14 11:38:49.291 [info] [VerilogDocumentSymbolProvider] [VerilogSymbol] Symbols Requested: file:///home/sgass/Projects/kepler/hdl/rtl/ethernet/ethernet_point_to_multipoint_hub.sv
2025-03-14 11:38:49.292 [info] [VerilogDocumentSymbolProvider] 1 top-level symbols returned
2025-03-14 11:38:49.361 [info] [VerilogCompletionItemProvider] Completion items requested
2025-03-14 11:38:49.361 [info] [VerilogCompletionItemProvider] 90 items requested
2025-03-14 11:38:49.639 [info] [VerilogCompletionItemProvider] Completion items requested
2025-03-14 11:38:49.639 [info] [VerilogCompletionItemProvider] 90 items requested
2025-03-14 11:38:49.842 [info] [VerilogCompletionItemProvider] Completion items requested
2025-03-14 11:38:49.843 [info] [VerilogCompletionItemProvider] 90 items requested
2025-03-14 11:38:50.082 [info] [VerilogCompletionItemProvider] Completion items requested
2025-03-14 11:38:50.083 [info] [VerilogCompletionItemProvider] 90 items requested
2025-03-14 11:38:50.329 [info] [VerilogCompletionItemProvider] Completion items requested
2025-03-14 11:38:50.329 [info] [VerilogCompletionItemProvider] 90 items requested
2025-03-14 11:38:50.669 [info] [VerilogDocumentSymbolProvider] [VerilogSymbol] Symbols Requested: file:///home/sgass/Projects/kepler/hdl/rtl/ethernet/ethernet_point_to_multipoint_hub.sv
2025-03-14 11:38:50.672 [info] [VerilogDocumentSymbolProvider] 1 top-level symbols returned
2025-03-14 11:38:50.704 [info] [VerilogCompletionItemProvider] Completion items requested
2025-03-14 11:38:50.705 [info] [VerilogCompletionItemProvider] 90 items requested
2025-03-14 11:38:51.041 [info] [VerilogDocumentSymbolProvider] [VerilogSymbol] Symbols Requested: file:///home/sgass/Projects/kepler/hdl/rtl/ethernet/ethernet_point_to_multipoint_hub.sv
2025-03-14 11:38:51.044 [info] [VerilogDocumentSymbolProvider] 1 top-level symbols returned
2025-03-14 11:38:51.433 [info] [VerilogCompletionItemProvider] Completion items requested
2025-03-14 11:38:51.433 [info] [VerilogCompletionItemProvider] 90 items requested
2025-03-14 11:38:51.772 [info] [VerilogDocumentSymbolProvider] [VerilogSymbol] Symbols Requested: file:///home/sgass/Projects/kepler/hdl/rtl/ethernet/ethernet_point_to_multipoint_hub.sv
2025-03-14 11:38:51.775 [info] [VerilogDocumentSymbolProvider] 1 top-level symbols returned
2025-03-14 11:38:52.781 [info] [VerilogHoverProvider] Hover requested
2025-03-14 11:38:53.148 [info] [VerilogHoverProvider] Hover requested
2025-03-14 11:38:53.585 [info] [VerilogHoverProvider] Hover object returned
2025-03-14 11:38:53.700 [info] [VerilogHoverProvider] Hover requested
2025-03-14 11:38:59.040 [info] [VerilogDocumentSymbolProvider] [VerilogSymbol] Symbols Requested: file:///home/sgass/Projects/kepler/hdl/rtl/ethernet/ethernet_point_to_multipoint_hub.sv
2025-03-14 11:38:59.044 [info] [VerilogDocumentSymbolProvider] 1 top-level symbols returned
2025-03-14 11:39:00.599 [info] [VerilogDocumentSymbolProvider] [VerilogSymbol] Symbols Requested: file:///home/sgass/Projects/kepler/hdl/rtl/ethernet/ethernet_point_to_multipoint_hub.sv
2025-03-14 11:39:00.602 [info] [VerilogDocumentSymbolProvider] 1 top-level symbols returned
2025-03-14 11:39:02.247 [info] [VerilogDocumentSymbolProvider] [VerilogSymbol] Symbols Requested: file:///home/sgass/Projects/kepler/hdl/rtl/ethernet/ethernet_point_to_multipoint_hub.sv
2025-03-14 11:39:02.250 [info] [VerilogDocumentSymbolProvider] 1 top-level symbols returned
2025-03-14 11:39:03.865 [info] [VerilogDocumentSymbolProvider] [VerilogSymbol] Symbols Requested: file:///home/sgass/Projects/kepler/hdl/rtl/ethernet/ethernet_point_to_multipoint_hub.sv
2025-03-14 11:39:03.868 [info] [VerilogDocumentSymbolProvider] 1 top-level symbols returned
2025-03-14 11:39:05.062 [info] [VerilogDocumentSymbolProvider] [VerilogSymbol] Symbols Requested: file:///home/sgass/Projects/kepler/hdl/rtl/ethernet/ethernet_point_to_multipoint_hub.sv
2025-03-14 11:39:05.066 [info] [VerilogDocumentSymbolProvider] 1 top-level symbols returned
2025-03-14 11:39:07.544 [info] [VerilogDocumentSymbolProvider] [VerilogSymbol] Symbols Requested: file:///home/sgass/Projects/kepler/hdl/rtl/ethernet/ethernet_point_to_multipoint_hub.sv
2025-03-14 11:39:07.546 [info] [VerilogDocumentSymbolProvider] 1 top-level symbols returned
2025-03-14 11:39:08.837 [info] [VerilogDocumentSymbolProvider] [VerilogSymbol] Symbols Requested: file:///home/sgass/Projects/kepler/hdl/rtl/ethernet/ethernet_point_to_multipoint_hub.sv
2025-03-14 11:39:08.840 [info] [VerilogDocumentSymbolProvider] 1 top-level symbols returned
2025-03-14 11:39:09.241 [info] [VerilogDocumentSymbolProvider] [VerilogSymbol] Symbols Requested: file:///home/sgass/Projects/kepler/hdl/rtl/ethernet/ethernet_point_to_multipoint_hub.sv
2025-03-14 11:39:09.244 [info] [VerilogDocumentSymbolProvider] 1 top-level symbols returned
2025-03-14 11:39:09.637 [info] [VerilogDocumentSymbolProvider] [VerilogSymbol] Symbols Requested: file:///home/sgass/Projects/kepler/hdl/rtl/ethernet/ethernet_point_to_multipoint_hub.sv
2025-03-14 11:39:09.640 [info] [VerilogDocumentSymbolProvider] 1 top-level symbols returned
2025-03-14 11:39:10.928 [info] [VerilogDocumentSymbolProvider] [VerilogSymbol] Symbols Requested: file:///home/sgass/Projects/kepler/hdl/rtl/ethernet/ethernet_point_to_multipoint_hub.sv
2025-03-14 11:39:10.930 [info] [VerilogDocumentSymbolProvider] 1 top-level symbols returned
2025-03-14 11:39:11.331 [info] [VerilogDocumentSymbolProvider] [VerilogSymbol] Symbols Requested: file:///home/sgass/Projects/kepler/hdl/rtl/ethernet/ethernet_point_to_multipoint_hub.sv
2025-03-14 11:39:11.333 [info] [VerilogDocumentSymbolProvider] 1 top-level symbols returned
2025-03-14 11:39:13.362 [info] [VerilogDocumentSymbolProvider] [VerilogSymbol] Symbols Requested: file:///home/sgass/Projects/kepler/hdl/rtl/ethernet/ethernet_point_to_multipoint_hub.sv
2025-03-14 11:39:13.364 [info] [VerilogDocumentSymbolProvider] 1 top-level symbols returned
2025-03-14 11:39:15.804 [info] [VerilogDocumentSymbolProvider] [VerilogSymbol] Symbols Requested: file:///home/sgass/Projects/kepler/hdl/rtl/ethernet/ethernet_point_to_multipoint_hub.sv
2025-03-14 11:39:15.807 [info] [VerilogDocumentSymbolProvider] 1 top-level symbols returned
2025-03-14 11:39:17.731 [info] [VerilogDocumentSymbolProvider] [VerilogSymbol] Symbols Requested: file:///home/sgass/Projects/kepler/hdl/rtl/ethernet/ethernet_point_to_multipoint_hub.sv
2025-03-14 11:39:17.734 [info] [VerilogDocumentSymbolProvider] 1 top-level symbols returned
2025-03-14 11:39:21.565 [info] [VerilogHoverProvider] Hover requested
2025-03-14 11:39:22.021 [info] [VerilogHoverProvider] Hover object returned
2025-03-14 11:39:24.701 [info] [VerilogHoverProvider] Hover requested
2025-03-14 11:39:25.118 [info] [VerilogHoverProvider] Hover object returned
2025-03-14 11:39:25.834 [info] [VerilogDefinitionProvider] Definitions Requested: file:///home/sgass/Projects/kepler/hdl/rtl/ethernet/ethernet_point_to_multipoint_hub.sv
2025-03-14 11:39:26.265 [info] [VerilogDefinitionProvider] 1 definitions returned
2025-03-14 11:39:29.454 [info] [VerilogDocumentSymbolProvider] [VerilogSymbol] Symbols Requested: file:///home/sgass/Projects/kepler/hdl/rtl/ethernet/ethernet_point_to_multipoint_hub.sv
2025-03-14 11:39:29.457 [info] [VerilogDocumentSymbolProvider] 1 top-level symbols returned
2025-03-14 11:39:29.889 [info] [VerilogDocumentSymbolProvider] [VerilogSymbol] Symbols Requested: file:///home/sgass/Projects/kepler/hdl/rtl/ethernet/ethernet_point_to_multipoint_hub.sv
2025-03-14 11:39:29.892 [info] [VerilogDocumentSymbolProvider] 1 top-level symbols returned
2025-03-14 11:39:30.631 [info] [VerilogHoverProvider] Hover requested
2025-03-14 11:39:30.995 [info] [VerilogDefinitionProvider] Definitions Requested: file:///home/sgass/Projects/kepler/hdl/rtl/ethernet/ethernet_point_to_multipoint_hub.sv
2025-03-14 11:39:31.084 [info] [VerilogHoverProvider] Hover object returned
2025-03-14 11:39:31.429 [info] [VerilogDefinitionProvider] 1 definitions returned
2025-03-14 11:39:33.322 [info] [VerilogDocumentSymbolProvider] [VerilogSymbol] Symbols Requested: file:///home/sgass/Projects/kepler/hdl/rtl/ethernet/ethernet_point_to_multipoint_hub.sv
2025-03-14 11:39:33.325 [info] [VerilogDocumentSymbolProvider] 1 top-level symbols returned
2025-03-14 11:39:33.853 [info] [VerilogDocumentSymbolProvider] [VerilogSymbol] Symbols Requested: file:///home/sgass/Projects/kepler/hdl/rtl/ethernet/ethernet_point_to_multipoint_hub.sv
2025-03-14 11:39:33.856 [info] [VerilogDocumentSymbolProvider] 1 top-level symbols returned
2025-03-14 11:39:36.459 [info] [VerilogDocumentSymbolProvider] [VerilogSymbol] Symbols Requested: file:///home/sgass/Projects/kepler/hdl/rtl/ethernet/ethernet_point_to_multipoint_hub.sv
2025-03-14 11:39:36.462 [info] [VerilogDocumentSymbolProvider] 1 top-level symbols returned
2025-03-14 11:39:38.273 [info] [VerilogDocumentSymbolProvider] [VerilogSymbol] Symbols Requested: file:///home/sgass/Projects/kepler/hdl/rtl/ethernet/ethernet_point_to_multipoint_hub.sv
2025-03-14 11:39:38.276 [info] [VerilogDocumentSymbolProvider] 1 top-level symbols returned
2025-03-14 11:39:38.638 [info] [VerilogDocumentSymbolProvider] [VerilogSymbol] Symbols Requested: file:///home/sgass/Projects/kepler/hdl/rtl/ethernet/ethernet_point_to_multipoint_hub.sv
2025-03-14 11:39:38.640 [info] [VerilogDocumentSymbolProvider] 1 top-level symbols returned
2025-03-14 11:39:43.715 [info] [VerilogHoverProvider] Hover requested
2025-03-14 11:39:44.150 [info] [VerilogHoverProvider] Hover object returned
2025-03-14 11:39:48.345 [info] [VerilogDocumentSymbolProvider] [VerilogSymbol] Symbols Requested: file:///home/sgass/Projects/kepler/hdl/rtl/ethernet/ethernet_point_to_multipoint_hub.sv
2025-03-14 11:39:48.347 [info] [VerilogDocumentSymbolProvider] 1 top-level symbols returned
2025-03-14 11:39:49.380 [info] [VerilogHoverProvider] Hover requested
2025-03-14 11:39:49.796 [info] [VerilogHoverProvider] Hover object returned
2025-03-14 11:39:49.883 [info] [VerilogDefinitionProvider] Definitions Requested: file:///home/sgass/Projects/kepler/hdl/rtl/ethernet/ethernet_point_to_multipoint_hub.sv
2025-03-14 11:39:50.387 [info] [VerilogDefinitionProvider] 1 definitions returned
2025-03-14 11:39:51.995 [info] [VerilogDocumentSymbolProvider] [VerilogSymbol] Symbols Requested: file:///home/sgass/Projects/kepler/hdl/rtl/ethernet/ethernet_point_to_multipoint_hub.sv
2025-03-14 11:39:51.998 [info] [VerilogDocumentSymbolProvider] 1 top-level symbols returned
2025-03-14 11:39:52.418 [info] [VerilogDocumentSymbolProvider] [VerilogSymbol] Symbols Requested: file:///home/sgass/Projects/kepler/hdl/rtl/ethernet/ethernet_point_to_multipoint_hub.sv
2025-03-14 11:39:52.421 [info] [VerilogDocumentSymbolProvider] 1 top-level symbols returned
2025-03-14 11:39:59.816 [info] [VerilogHoverProvider] Hover requested
2025-03-14 11:40:00.259 [info] [VerilogHoverProvider] Hover object returned
2025-03-14 11:40:00.417 [info] [VerilogHoverProvider] Hover requested
2025-03-14 11:40:00.836 [info] [VerilogHoverProvider] Hover object returned
2025-03-14 11:40:07.585 [info] [VerilogHoverProvider] Hover requested
2025-03-14 11:40:07.883 [info] [VerilogHoverProvider] Hover requested
2025-03-14 11:40:08.005 [info] [VerilogHoverProvider] Hover object returned
2025-03-14 11:40:08.307 [info] [VerilogHoverProvider] Hover object returned
2025-03-14 11:40:09.717 [info] [VerilogCompletionItemProvider] Completion items requested
2025-03-14 11:40:09.717 [info] [VerilogCompletionItemProvider] 90 items requested
2025-03-14 11:40:10.689 [info] [VerilogDocumentSymbolProvider] [VerilogSymbol] Symbols Requested: file:///home/sgass/Projects/kepler/hdl/rtl/ethernet/ethernet_point_to_multipoint_hub.sv
2025-03-14 11:40:10.692 [info] [VerilogDocumentSymbolProvider] 1 top-level symbols returned
2025-03-14 11:40:12.153 [info] [VerilogDocumentSymbolProvider] [VerilogSymbol] Symbols Requested: file:///home/sgass/Projects/kepler/hdl/rtl/ethernet/ethernet_point_to_multipoint_hub.sv
2025-03-14 11:40:12.156 [info] [VerilogDocumentSymbolProvider] 1 top-level symbols returned
2025-03-14 11:40:13.145 [info] [VerilogHoverProvider] Hover requested
2025-03-14 11:40:13.607 [info] [VerilogHoverProvider] Hover object returned
2025-03-14 11:40:18.433 [info] [VerilogHoverProvider] Hover requested
2025-03-14 11:40:18.859 [info] [VerilogHoverProvider] Hover object returned
2025-03-14 11:40:19.882 [info] [VerilogHoverProvider] Hover requested
2025-03-14 11:40:20.288 [info] [VerilogHoverProvider] Hover requested
2025-03-14 11:40:20.328 [info] [VerilogHoverProvider] Hover object returned
2025-03-14 11:40:20.672 [info] [VerilogHoverProvider] Hover object returned
2025-03-14 11:40:21.137 [info] [VerilogHoverProvider] Hover requested
2025-03-14 11:40:21.597 [warning] [VerilogHoverProvider] Hover object not found
2025-03-14 11:40:24.127 [info] [VerilogDocumentSymbolProvider] [VerilogSymbol] Symbols Requested: file:///home/sgass/Projects/kepler/hdl/rtl/ethernet/ethernet_point_to_multipoint_hub.sv
2025-03-14 11:40:24.130 [info] [VerilogDocumentSymbolProvider] 1 top-level symbols returned
2025-03-14 11:40:30.808 [info] [VerilogDocumentSymbolProvider] [VerilogSymbol] Symbols Requested: file:///home/sgass/Projects/kepler/hdl/rtl/ethernet/ethernet_point_to_multipoint_hub.sv
2025-03-14 11:40:30.811 [info] [VerilogDocumentSymbolProvider] 1 top-level symbols returned
2025-03-14 11:40:44.676 [info] [VerilogDocumentSymbolProvider] [VerilogSymbol] Symbols Requested: file:///home/sgass/Projects/kepler/hdl/rtl/ethernet/ethernet_point_to_multipoint_hub.sv
2025-03-14 11:40:44.679 [info] [VerilogDocumentSymbolProvider] 1 top-level symbols returned
2025-03-14 11:40:45.089 [info] [VerilogDocumentSymbolProvider] [VerilogSymbol] Symbols Requested: file:///home/sgass/Projects/kepler/hdl/rtl/ethernet/ethernet_point_to_multipoint_hub.sv
2025-03-14 11:40:45.092 [info] [VerilogDocumentSymbolProvider] 1 top-level symbols returned
2025-03-14 11:40:45.491 [info] [VerilogDocumentSymbolProvider] [VerilogSymbol] Symbols Requested: file:///home/sgass/Projects/kepler/hdl/rtl/ethernet/ethernet_point_to_multipoint_hub.sv
2025-03-14 11:40:45.494 [info] [VerilogDocumentSymbolProvider] 1 top-level symbols returned
2025-03-14 11:40:46.711 [info] [VerilogHoverProvider] Hover requested
2025-03-14 11:40:47.165 [info] [VerilogHoverProvider] Hover object returned
2025-03-14 11:40:47.376 [info] [VerilogHoverProvider] Hover requested
2025-03-14 11:40:47.821 [warning] [VerilogHoverProvider] Hover object not found
2025-03-14 11:40:53.262 [info] [VerilogHoverProvider] Hover requested
2025-03-14 11:40:53.690 [info] [VerilogHoverProvider] Hover object returned
2025-03-14 11:40:53.693 [info] [VerilogHoverProvider] Hover requested
2025-03-14 11:40:54.085 [info] [VerilogHoverProvider] Hover object returned
2025-03-14 11:40:59.278 [info] [VerilogDocumentSymbolProvider] [VerilogSymbol] Symbols Requested: file:///home/sgass/Projects/kepler/hdl/rtl/ethernet/ethernet_point_to_multipoint_hub.sv
2025-03-14 11:40:59.281 [info] [VerilogDocumentSymbolProvider] 1 top-level symbols returned
2025-03-14 11:40:59.905 [info] [VerilogDocumentSymbolProvider] [VerilogSymbol] Symbols Requested: file:///home/sgass/Projects/kepler/hdl/rtl/ethernet/ethernet_point_to_multipoint_hub.sv
2025-03-14 11:40:59.908 [info] [VerilogDocumentSymbolProvider] 1 top-level symbols returned
2025-03-14 11:41:01.653 [info] [VerilogDocumentSymbolProvider] [VerilogSymbol] Symbols Requested: file:///home/sgass/Projects/kepler/hdl/rtl/ethernet/ethernet_point_to_multipoint_hub.sv
2025-03-14 11:41:01.656 [info] [VerilogDocumentSymbolProvider] 1 top-level symbols returned
2025-03-14 11:41:02.429 [info] [VerilogHoverProvider] Hover requested
2025-03-14 11:41:02.841 [info] [VerilogHoverProvider] Hover object returned
2025-03-14 11:41:02.852 [info] [VerilogHoverProvider] Hover requested
2025-03-14 11:41:03.269 [info] [VerilogHoverProvider] Hover object returned
2025-03-14 11:41:03.275 [info] [VerilogHoverProvider] Hover requested
2025-03-14 11:41:03.650 [warning] [VerilogHoverProvider] Hover object not found
2025-03-14 11:41:03.741 [info] [VerilogDocumentSymbolProvider] [VerilogSymbol] Symbols Requested: file:///home/sgass/Projects/kepler/hdl/rtl/ethernet/ethernet_point_to_multipoint_hub.sv
2025-03-14 11:41:03.742 [info] [VerilogDocumentSymbolProvider] 1 top-level symbols returned
2025-03-14 11:41:04.787 [info] [VerilogDocumentSymbolProvider] [VerilogSymbol] Symbols Requested: file:///home/sgass/Projects/kepler/hdl/rtl/ethernet/ethernet_point_to_multipoint_hub.sv
2025-03-14 11:41:04.790 [info] [VerilogDocumentSymbolProvider] 1 top-level symbols returned
2025-03-14 11:41:05.090 [info] [VerilogCompletionItemProvider] Completion items requested
2025-03-14 11:41:05.090 [info] [VerilogCompletionItemProvider] 90 items requested
2025-03-14 11:41:05.663 [info] [VerilogDocumentSymbolProvider] [VerilogSymbol] Symbols Requested: file:///home/sgass/Projects/kepler/hdl/rtl/ethernet/ethernet_point_to_multipoint_hub.sv
2025-03-14 11:41:05.666 [info] [VerilogDocumentSymbolProvider] 1 top-level symbols returned
2025-03-14 11:41:06.206 [info] [VerilogDocumentSymbolProvider] [VerilogSymbol] Symbols Requested: file:///home/sgass/Projects/kepler/hdl/rtl/ethernet/ethernet_point_to_multipoint_hub.sv
2025-03-14 11:41:06.209 [info] [VerilogDocumentSymbolProvider] 1 top-level symbols returned
2025-03-14 11:41:07.024 [info] [VerilogDocumentSymbolProvider] [VerilogSymbol] Symbols Requested: file:///home/sgass/Projects/kepler/hdl/rtl/ethernet/ethernet_point_to_multipoint_hub.sv
2025-03-14 11:41:07.027 [info] [VerilogDocumentSymbolProvider] 1 top-level symbols returned
2025-03-14 11:41:07.964 [info] [VerilogDocumentSymbolProvider] [VerilogSymbol] Symbols Requested: file:///home/sgass/Projects/kepler/hdl/rtl/ethernet/ethernet_point_to_multipoint_hub.sv
2025-03-14 11:41:07.967 [info] [VerilogDocumentSymbolProvider] 1 top-level symbols returned
2025-03-14 11:41:09.253 [info] [VerilogDocumentSymbolProvider] [VerilogSymbol] Symbols Requested: file:///home/sgass/Projects/kepler/hdl/rtl/ethernet/ethernet_point_to_multipoint_hub.sv
2025-03-14 11:41:09.256 [info] [VerilogDocumentSymbolProvider] 1 top-level symbols returned
2025-03-14 11:41:11.721 [info] [VerilogCompletionItemProvider] Completion items requested
2025-03-14 11:41:11.721 [info] [VerilogCompletionItemProvider] 90 items requested
2025-03-14 11:41:11.902 [info] [VerilogCompletionItemProvider] Completion items requested
2025-03-14 11:41:11.902 [info] [VerilogCompletionItemProvider] 90 items requested
2025-03-14 11:41:11.985 [info] [VerilogCompletionItemProvider] Completion items requested
2025-03-14 11:41:11.985 [info] [VerilogCompletionItemProvider] 90 items requested
2025-03-14 11:41:12.156 [info] [VerilogCompletionItemProvider] Completion items requested
2025-03-14 11:41:12.156 [info] [VerilogCompletionItemProvider] 90 items requested
2025-03-14 11:41:12.309 [info] [VerilogCompletionItemProvider] Completion items requested
2025-03-14 11:41:12.310 [info] [VerilogCompletionItemProvider] 90 items requested
2025-03-14 11:41:12.645 [info] [VerilogDocumentSymbolProvider] [VerilogSymbol] Symbols Requested: file:///home/sgass/Projects/kepler/hdl/rtl/ethernet/ethernet_point_to_multipoint_hub.sv
2025-03-14 11:41:12.648 [info] [VerilogDocumentSymbolProvider] 1 top-level symbols returned
2025-03-14 11:41:13.820 [info] [VerilogDocumentSymbolProvider] [VerilogSymbol] Symbols Requested: file:///home/sgass/Projects/kepler/hdl/rtl/ethernet/ethernet_point_to_multipoint_hub.sv
2025-03-14 11:41:13.823 [info] [VerilogDocumentSymbolProvider] 1 top-level symbols returned
2025-03-14 11:41:14.876 [info] [VerilogDocumentSymbolProvider] [VerilogSymbol] Symbols Requested: file:///home/sgass/Projects/kepler/hdl/rtl/ethernet/ethernet_point_to_multipoint_hub.sv
2025-03-14 11:41:14.879 [info] [VerilogDocumentSymbolProvider] 1 top-level symbols returned
2025-03-14 11:41:17.729 [info] [VerilogDocumentSymbolProvider] [VerilogSymbol] Symbols Requested: file:///home/sgass/Projects/kepler/hdl/rtl/ethernet/ethernet_point_to_multipoint_hub.sv
2025-03-14 11:41:17.732 [info] [VerilogDocumentSymbolProvider] 1 top-level symbols returned
2025-03-14 11:41:18.049 [info] [VerilogCompletionItemProvider] Completion items requested
2025-03-14 11:41:18.050 [info] [VerilogCompletionItemProvider] 90 items requested
2025-03-14 11:41:18.562 [info] [VerilogDocumentSymbolProvider] [VerilogSymbol] Symbols Requested: file:///home/sgass/Projects/kepler/hdl/rtl/ethernet/ethernet_point_to_multipoint_hub.sv
2025-03-14 11:41:18.565 [info] [VerilogDocumentSymbolProvider] 1 top-level symbols returned
2025-03-14 11:41:19.402 [info] [VerilogCompletionItemProvider] Completion items requested
2025-03-14 11:41:19.402 [info] [VerilogCompletionItemProvider] 90 items requested
2025-03-14 11:41:19.742 [info] [VerilogDocumentSymbolProvider] [VerilogSymbol] Symbols Requested: file:///home/sgass/Projects/kepler/hdl/rtl/ethernet/ethernet_point_to_multipoint_hub.sv
2025-03-14 11:41:19.744 [info] [VerilogDocumentSymbolProvider] 1 top-level symbols returned
2025-03-14 11:41:19.767 [info] [VerilogCompletionItemProvider] Completion items requested
2025-03-14 11:41:19.767 [info] [VerilogCompletionItemProvider] 90 items requested
2025-03-14 11:41:20.119 [info] [VerilogCompletionItemProvider] Completion items requested
2025-03-14 11:41:20.120 [info] [VerilogCompletionItemProvider] 90 items requested
2025-03-14 11:41:20.376 [info] [VerilogCompletionItemProvider] Completion items requested
2025-03-14 11:41:20.376 [info] [VerilogCompletionItemProvider] 90 items requested
2025-03-14 11:41:20.716 [info] [VerilogDocumentSymbolProvider] [VerilogSymbol] Symbols Requested: file:///home/sgass/Projects/kepler/hdl/rtl/ethernet/ethernet_point_to_multipoint_hub.sv
2025-03-14 11:41:20.719 [info] [VerilogDocumentSymbolProvider] 1 top-level symbols returned
2025-03-14 11:41:20.754 [info] [VerilogCompletionItemProvider] Completion items requested
2025-03-14 11:41:20.754 [info] [VerilogCompletionItemProvider] 90 items requested
2025-03-14 11:41:21.087 [info] [VerilogDocumentSymbolProvider] [VerilogSymbol] Symbols Requested: file:///home/sgass/Projects/kepler/hdl/rtl/ethernet/ethernet_point_to_multipoint_hub.sv
2025-03-14 11:41:21.089 [info] [VerilogDocumentSymbolProvider] 1 top-level symbols returned
2025-03-14 11:41:21.175 [info] [VerilogCompletionItemProvider] Completion items requested
2025-03-14 11:41:21.175 [info] [VerilogCompletionItemProvider] 90 items requested
2025-03-14 11:41:21.515 [info] [VerilogDocumentSymbolProvider] [VerilogSymbol] Symbols Requested: file:///home/sgass/Projects/kepler/hdl/rtl/ethernet/ethernet_point_to_multipoint_hub.sv
2025-03-14 11:41:21.518 [info] [VerilogDocumentSymbolProvider] 1 top-level symbols returned
2025-03-14 11:41:25.661 [info] [VerilogHoverProvider] Hover requested
2025-03-14 11:41:26.074 [info] [VerilogHoverProvider] Hover object returned
2025-03-14 11:41:27.212 [info] [VerilogHoverProvider] Hover requested
2025-03-14 11:41:27.674 [warning] [VerilogHoverProvider] Hover object not found
2025-03-14 11:41:27.843 [info] [VerilogHoverProvider] Hover requested
2025-03-14 11:41:28.251 [info] [VerilogHoverProvider] Hover object returned
2025-03-14 11:41:30.932 [info] [VerilogDocumentSymbolProvider] [VerilogSymbol] Symbols Requested: file:///home/sgass/Projects/kepler/hdl/rtl/ethernet/ethernet_point_to_multipoint_hub.sv
2025-03-14 11:41:30.935 [info] [VerilogDocumentSymbolProvider] 1 top-level symbols returned
2025-03-14 11:41:32.361 [info] [VerilogHoverProvider] Hover requested
2025-03-14 11:41:32.864 [warning] [VerilogHoverProvider] Hover object not found
2025-03-14 11:41:33.844 [info] [VerilogHoverProvider] Hover requested
2025-03-14 11:41:34.275 [warning] [VerilogHoverProvider] Hover object not found
2025-03-14 11:41:41.946 [info] [VerilogHoverProvider] Hover requested
2025-03-14 11:41:42.380 [info] [VerilogHoverProvider] Hover object returned
2025-03-14 11:41:42.982 [info] [VerilogHoverProvider] Hover requested
2025-03-14 11:41:43.297 [info] [VerilogHoverProvider] Hover requested
2025-03-14 11:41:43.475 [info] [VerilogHoverProvider] Hover object returned
2025-03-14 11:41:43.693 [info] [VerilogHoverProvider] Hover object returned
2025-03-14 11:41:44.679 [info] [VerilogHoverProvider] Hover requested
2025-03-14 11:41:45.146 [info] [VerilogHoverProvider] Hover object returned
2025-03-14 11:41:45.175 [info] [VerilogHoverProvider] Hover requested
2025-03-14 11:41:45.610 [info] [VerilogHoverProvider] Hover object returned
2025-03-14 11:41:47.257 [info] [VerilogDocumentSymbolProvider] [VerilogSymbol] Symbols Requested: file:///home/sgass/Projects/kepler/hdl/rtl/ethernet/ethernet_point_to_multipoint_hub.sv
2025-03-14 11:41:47.260 [info] [VerilogDocumentSymbolProvider] 1 top-level symbols returned
2025-03-14 11:41:47.510 [info] [VerilogCompletionItemProvider] Completion items requested
2025-03-14 11:41:47.510 [info] [VerilogCompletionItemProvider] 90 items requested
2025-03-14 11:41:48.952 [info] [VerilogDocumentSymbolProvider] [VerilogSymbol] Symbols Requested: file:///home/sgass/Projects/kepler/hdl/rtl/ethernet/ethernet_point_to_multipoint_hub.sv
2025-03-14 11:41:48.955 [info] [VerilogDocumentSymbolProvider] 1 top-level symbols returned
2025-03-14 11:41:49.228 [info] [VerilogCompletionItemProvider] Completion items requested
2025-03-14 11:41:49.229 [info] [VerilogCompletionItemProvider] 90 items requested
2025-03-14 11:41:50.032 [info] [VerilogDocumentSymbolProvider] [VerilogSymbol] Symbols Requested: file:///home/sgass/Projects/kepler/hdl/rtl/ethernet/ethernet_point_to_multipoint_hub.sv
2025-03-14 11:41:50.035 [info] [VerilogDocumentSymbolProvider] 1 top-level symbols returned
2025-03-14 11:41:52.648 [info] [VerilogDocumentSymbolProvider] [VerilogSymbol] Symbols Requested: file:///home/sgass/Projects/kepler/hdl/rtl/ethernet/ethernet_point_to_multipoint_hub.sv
2025-03-14 11:41:52.651 [info] [VerilogDocumentSymbolProvider] 1 top-level symbols returned
2025-03-14 11:41:52.929 [info] [VerilogCompletionItemProvider] Completion items requested
2025-03-14 11:41:52.929 [info] [VerilogCompletionItemProvider] 90 items requested
2025-03-14 11:41:53.637 [info] [VerilogDocumentSymbolProvider] [VerilogSymbol] Symbols Requested: file:///home/sgass/Projects/kepler/hdl/rtl/ethernet/ethernet_point_to_multipoint_hub.sv
2025-03-14 11:41:53.640 [info] [VerilogDocumentSymbolProvider] 1 top-level symbols returned
2025-03-14 11:41:54.968 [info] [VerilogDocumentSymbolProvider] [VerilogSymbol] Symbols Requested: file:///home/sgass/Projects/kepler/hdl/rtl/ethernet/ethernet_point_to_multipoint_hub.sv
2025-03-14 11:41:54.972 [info] [VerilogDocumentSymbolProvider] 1 top-level symbols returned
2025-03-14 11:41:56.445 [info] [VerilogDocumentSymbolProvider] [VerilogSymbol] Symbols Requested: file:///home/sgass/Projects/kepler/hdl/rtl/ethernet/ethernet_point_to_multipoint_hub.sv
2025-03-14 11:41:56.447 [info] [VerilogDocumentSymbolProvider] 1 top-level symbols returned
2025-03-14 11:41:59.785 [info] [VerilogDocumentSymbolProvider] [VerilogSymbol] Symbols Requested: file:///home/sgass/Projects/kepler/hdl/rtl/ethernet/ethernet_point_to_multipoint_hub.sv
2025-03-14 11:41:59.788 [info] [VerilogDocumentSymbolProvider] 1 top-level symbols returned
2025-03-14 11:42:00.872 [info] [VerilogDocumentSymbolProvider] [VerilogSymbol] Symbols Requested: file:///home/sgass/Projects/kepler/hdl/rtl/ethernet/ethernet_point_to_multipoint_hub.sv
2025-03-14 11:42:00.875 [info] [VerilogDocumentSymbolProvider] 1 top-level symbols returned
2025-03-14 11:42:01.328 [info] [VerilogCompletionItemProvider] Completion items requested
2025-03-14 11:42:01.329 [info] [VerilogCompletionItemProvider] 90 items requested
2025-03-14 11:42:01.668 [info] [VerilogDocumentSymbolProvider] [VerilogSymbol] Symbols Requested: file:///home/sgass/Projects/kepler/hdl/rtl/ethernet/ethernet_point_to_multipoint_hub.sv
2025-03-14 11:42:01.671 [info] [VerilogDocumentSymbolProvider] 1 top-level symbols returned
2025-03-14 11:42:02.354 [info] [VerilogDocumentSymbolProvider] [VerilogSymbol] Symbols Requested: file:///home/sgass/Projects/kepler/hdl/rtl/ethernet/ethernet_point_to_multipoint_hub.sv
2025-03-14 11:42:02.357 [info] [VerilogDocumentSymbolProvider] 1 top-level symbols returned
2025-03-14 11:42:02.727 [info] [VerilogDocumentSymbolProvider] [VerilogSymbol] Symbols Requested: file:///home/sgass/Projects/kepler/hdl/rtl/ethernet/ethernet_point_to_multipoint_hub.sv
2025-03-14 11:42:02.730 [info] [VerilogDocumentSymbolProvider] 1 top-level symbols returned
2025-03-14 11:42:03.148 [info] [VerilogCompletionItemProvider] Completion items requested
2025-03-14 11:42:03.148 [info] [VerilogCompletionItemProvider] 90 items requested
2025-03-14 11:42:03.295 [info] [VerilogCompletionItemProvider] Completion items requested
2025-03-14 11:42:03.296 [info] [VerilogCompletionItemProvider] 90 items requested
2025-03-14 11:42:03.473 [info] [VerilogCompletionItemProvider] Completion items requested
2025-03-14 11:42:03.473 [info] [VerilogCompletionItemProvider] 90 items requested
2025-03-14 11:42:03.604 [info] [VerilogCompletionItemProvider] Completion items requested
2025-03-14 11:42:03.604 [info] [VerilogCompletionItemProvider] 90 items requested
2025-03-14 11:42:03.847 [info] [VerilogCompletionItemProvider] Completion items requested
2025-03-14 11:42:03.847 [info] [VerilogCompletionItemProvider] 90 items requested
2025-03-14 11:42:03.959 [info] [VerilogCompletionItemProvider] Completion items requested
2025-03-14 11:42:03.959 [info] [VerilogCompletionItemProvider] 90 items requested
2025-03-14 11:42:04.136 [info] [VerilogCompletionItemProvider] Completion items requested
2025-03-14 11:42:04.136 [info] [VerilogCompletionItemProvider] 90 items requested
2025-03-14 11:42:04.256 [info] [VerilogCompletionItemProvider] Completion items requested
2025-03-14 11:42:04.257 [info] [VerilogCompletionItemProvider] 90 items requested
2025-03-14 11:42:04.384 [info] [VerilogCompletionItemProvider] Completion items requested
2025-03-14 11:42:04.384 [info] [VerilogCompletionItemProvider] 90 items requested
2025-03-14 11:42:04.667 [info] [VerilogCompletionItemProvider] Completion items requested
2025-03-14 11:42:04.667 [info] [VerilogCompletionItemProvider] 90 items requested
2025-03-14 11:42:05.008 [info] [VerilogDocumentSymbolProvider] [VerilogSymbol] Symbols Requested: file:///home/sgass/Projects/kepler/hdl/rtl/ethernet/ethernet_point_to_multipoint_hub.sv
2025-03-14 11:42:05.010 [info] [VerilogDocumentSymbolProvider] 1 top-level symbols returned
2025-03-14 11:42:05.716 [info] [VerilogDocumentSymbolProvider] [VerilogSymbol] Symbols Requested: file:///home/sgass/Projects/kepler/hdl/rtl/ethernet/ethernet_point_to_multipoint_hub.sv
2025-03-14 11:42:05.718 [info] [VerilogDocumentSymbolProvider] 1 top-level symbols returned
2025-03-14 11:42:06.098 [info] [VerilogCompletionItemProvider] Completion items requested
2025-03-14 11:42:06.098 [info] [VerilogCompletionItemProvider] 90 items requested
2025-03-14 11:42:06.912 [info] [VerilogDocumentSymbolProvider] [VerilogSymbol] Symbols Requested: file:///home/sgass/Projects/kepler/hdl/rtl/ethernet/ethernet_point_to_multipoint_hub.sv
2025-03-14 11:42:06.915 [info] [VerilogDocumentSymbolProvider] 1 top-level symbols returned
2025-03-14 11:42:07.486 [info] [VerilogDocumentSymbolProvider] [VerilogSymbol] Symbols Requested: file:///home/sgass/Projects/kepler/hdl/rtl/ethernet/ethernet_point_to_multipoint_hub.sv
2025-03-14 11:42:07.489 [info] [VerilogDocumentSymbolProvider] 1 top-level symbols returned
2025-03-14 11:42:08.360 [info] [VerilogHoverProvider] Hover requested
2025-03-14 11:42:15.560 [info] [VerilogDocumentSymbolProvider] [VerilogSymbol] Symbols Requested: file:///home/sgass/Projects/kepler/hdl/rtl/ethernet/ethernet_point_to_multipoint_hub.sv
2025-03-14 11:42:15.563 [info] [VerilogDocumentSymbolProvider] 1 top-level symbols returned
2025-03-14 11:42:16.624 [info] [VerilogDocumentSymbolProvider] [VerilogSymbol] Symbols Requested: file:///home/sgass/Projects/kepler/hdl/rtl/ethernet/ethernet_point_to_multipoint_hub.sv
2025-03-14 11:42:16.627 [info] [VerilogDocumentSymbolProvider] 1 top-level symbols returned
2025-03-14 11:42:19.282 [info] [VerilogCompletionItemProvider] Completion items requested
2025-03-14 11:42:19.282 [info] [VerilogCompletionItemProvider] 90 items requested
2025-03-14 11:42:19.622 [info] [VerilogDocumentSymbolProvider] [VerilogSymbol] Symbols Requested: file:///home/sgass/Projects/kepler/hdl/rtl/ethernet/ethernet_point_to_multipoint_hub.sv
2025-03-14 11:42:19.625 [info] [VerilogDocumentSymbolProvider] 1 top-level symbols returned
2025-03-14 11:42:19.917 [info] [VerilogCompletionItemProvider] Completion items requested
2025-03-14 11:42:19.917 [info] [VerilogCompletionItemProvider] 90 items requested
2025-03-14 11:42:20.448 [info] [VerilogCompletionItemProvider] Completion items requested
2025-03-14 11:42:20.449 [info] [VerilogCompletionItemProvider] 90 items requested
2025-03-14 11:42:20.781 [info] [VerilogDocumentSymbolProvider] [VerilogSymbol] Symbols Requested: file:///home/sgass/Projects/kepler/hdl/rtl/ethernet/ethernet_point_to_multipoint_hub.sv
2025-03-14 11:42:20.784 [info] [VerilogDocumentSymbolProvider] 1 top-level symbols returned
2025-03-14 11:42:21.053 [info] [VerilogCompletionItemProvider] Completion items requested
2025-03-14 11:42:21.053 [info] [VerilogCompletionItemProvider] 90 items requested
2025-03-14 11:42:21.402 [info] [VerilogCompletionItemProvider] Completion items requested
2025-03-14 11:42:21.402 [info] [VerilogCompletionItemProvider] 90 items requested
2025-03-14 11:42:21.566 [info] [VerilogCompletionItemProvider] Completion items requested
2025-03-14 11:42:21.566 [info] [VerilogCompletionItemProvider] 90 items requested
2025-03-14 11:42:21.651 [info] [VerilogCompletionItemProvider] Completion items requested
2025-03-14 11:42:21.651 [info] [VerilogCompletionItemProvider] 90 items requested
2025-03-14 11:42:21.866 [info] [VerilogCompletionItemProvider] Completion items requested
2025-03-14 11:42:21.866 [info] [VerilogCompletionItemProvider] 90 items requested
2025-03-14 11:42:21.942 [info] [VerilogCompletionItemProvider] Completion items requested
2025-03-14 11:42:21.942 [info] [VerilogCompletionItemProvider] 90 items requested
2025-03-14 11:42:22.282 [info] [VerilogDocumentSymbolProvider] [VerilogSymbol] Symbols Requested: file:///home/sgass/Projects/kepler/hdl/rtl/ethernet/ethernet_point_to_multipoint_hub.sv
2025-03-14 11:42:22.285 [info] [VerilogDocumentSymbolProvider] 1 top-level symbols returned
2025-03-14 11:42:22.984 [info] [VerilogCompletionItemProvider] Completion items requested
2025-03-14 11:42:22.985 [info] [VerilogCompletionItemProvider] 90 items requested
2025-03-14 11:42:23.326 [info] [VerilogDocumentSymbolProvider] [VerilogSymbol] Symbols Requested: file:///home/sgass/Projects/kepler/hdl/rtl/ethernet/ethernet_point_to_multipoint_hub.sv
2025-03-14 11:42:23.328 [info] [VerilogDocumentSymbolProvider] 1 top-level symbols returned
2025-03-14 11:42:24.284 [info] [VerilogCompletionItemProvider] Completion items requested
2025-03-14 11:42:24.284 [info] [VerilogCompletionItemProvider] 90 items requested
2025-03-14 11:42:24.485 [info] [VerilogCompletionItemProvider] Completion items requested
2025-03-14 11:42:24.485 [info] [VerilogCompletionItemProvider] 90 items requested
2025-03-14 11:42:24.825 [info] [VerilogDocumentSymbolProvider] [VerilogSymbol] Symbols Requested: file:///home/sgass/Projects/kepler/hdl/rtl/ethernet/ethernet_point_to_multipoint_hub.sv
2025-03-14 11:42:24.828 [info] [VerilogDocumentSymbolProvider] 1 top-level symbols returned
2025-03-14 11:42:25.377 [info] [VerilogCompletionItemProvider] Completion items requested
2025-03-14 11:42:25.377 [info] [VerilogCompletionItemProvider] 90 items requested
2025-03-14 11:42:25.728 [info] [VerilogDocumentSymbolProvider] [VerilogSymbol] Symbols Requested: file:///home/sgass/Projects/kepler/hdl/rtl/ethernet/ethernet_point_to_multipoint_hub.sv
2025-03-14 11:42:25.731 [info] [VerilogDocumentSymbolProvider] 1 top-level symbols returned
2025-03-14 11:42:26.384 [info] [VerilogDocumentSymbolProvider] [VerilogSymbol] Symbols Requested: file:///home/sgass/Projects/kepler/hdl/rtl/ethernet/ethernet_point_to_multipoint_hub.sv
2025-03-14 11:42:26.387 [info] [VerilogDocumentSymbolProvider] 1 top-level symbols returned
2025-03-14 11:42:28.069 [info] [VerilogDocumentSymbolProvider] [VerilogSymbol] Symbols Requested: file:///home/sgass/Projects/kepler/hdl/rtl/ethernet/ethernet_point_to_multipoint_hub.sv
2025-03-14 11:42:28.072 [info] [VerilogDocumentSymbolProvider] 1 top-level symbols returned
2025-03-14 11:42:28.101 [info] [VerilogCompletionItemProvider] Completion items requested
2025-03-14 11:42:28.101 [info] [VerilogCompletionItemProvider] 90 items requested
2025-03-14 11:42:28.298 [info] [VerilogCompletionItemProvider] Completion items requested
2025-03-14 11:42:28.298 [info] [VerilogCompletionItemProvider] 90 items requested
2025-03-14 11:42:28.444 [info] [VerilogCompletionItemProvider] Completion items requested
2025-03-14 11:42:28.444 [info] [VerilogCompletionItemProvider] 90 items requested
2025-03-14 11:42:28.577 [info] [VerilogCompletionItemProvider] Completion items requested
2025-03-14 11:42:28.577 [info] [VerilogCompletionItemProvider] 90 items requested
2025-03-14 11:42:28.761 [info] [VerilogCompletionItemProvider] Completion items requested
2025-03-14 11:42:28.762 [info] [VerilogCompletionItemProvider] 90 items requested
2025-03-14 11:42:28.887 [info] [VerilogCompletionItemProvider] Completion items requested
2025-03-14 11:42:28.887 [info] [VerilogCompletionItemProvider] 90 items requested
2025-03-14 11:42:29.065 [info] [VerilogCompletionItemProvider] Completion items requested
2025-03-14 11:42:29.066 [info] [VerilogCompletionItemProvider] 90 items requested
2025-03-14 11:42:29.160 [info] [VerilogCompletionItemProvider] Completion items requested
2025-03-14 11:42:29.160 [info] [VerilogCompletionItemProvider] 90 items requested
2025-03-14 11:42:29.319 [info] [VerilogCompletionItemProvider] Completion items requested
2025-03-14 11:42:29.319 [info] [VerilogCompletionItemProvider] 90 items requested
2025-03-14 11:42:29.657 [info] [VerilogDocumentSymbolProvider] [VerilogSymbol] Symbols Requested: file:///home/sgass/Projects/kepler/hdl/rtl/ethernet/ethernet_point_to_multipoint_hub.sv
2025-03-14 11:42:29.660 [info] [VerilogDocumentSymbolProvider] 1 top-level symbols returned
2025-03-14 11:42:29.783 [info] [VerilogCompletionItemProvider] Completion items requested
2025-03-14 11:42:29.783 [info] [VerilogCompletionItemProvider] 90 items requested
2025-03-14 11:42:30.557 [info] [VerilogDocumentSymbolProvider] [VerilogSymbol] Symbols Requested: file:///home/sgass/Projects/kepler/hdl/rtl/ethernet/ethernet_point_to_multipoint_hub.sv
2025-03-14 11:42:30.560 [info] [VerilogDocumentSymbolProvider] 1 top-level symbols returned
2025-03-14 11:42:32.802 [info] [VerilogDocumentSymbolProvider] [VerilogSymbol] Symbols Requested: file:///home/sgass/Projects/kepler/hdl/rtl/ethernet/ethernet_point_to_multipoint_hub.sv
2025-03-14 11:42:32.805 [info] [VerilogDocumentSymbolProvider] 1 top-level symbols returned
2025-03-14 11:42:34.106 [info] [VerilogDocumentSymbolProvider] [VerilogSymbol] Symbols Requested: file:///home/sgass/Projects/kepler/hdl/rtl/ethernet/ethernet_point_to_multipoint_hub.sv
2025-03-14 11:42:34.109 [info] [VerilogDocumentSymbolProvider] 1 top-level symbols returned
2025-03-14 11:42:38.322 [info] [VerilogDocumentSymbolProvider] [VerilogSymbol] Symbols Requested: file:///home/sgass/Projects/kepler/hdl/rtl/ethernet/ethernet_point_to_multipoint_hub.sv
2025-03-14 11:42:38.325 [info] [VerilogDocumentSymbolProvider] 1 top-level symbols returned
2025-03-14 11:42:39.110 [info] [VerilogHoverProvider] Hover requested
2025-03-14 11:42:39.425 [info] [VerilogHoverProvider] Hover requested
2025-03-14 11:42:39.595 [warning] [VerilogHoverProvider] Hover object not found
2025-03-14 11:42:39.869 [warning] [VerilogHoverProvider] Hover object not found
2025-03-14 11:42:41.782 [info] [VerilogDocumentSymbolProvider] [VerilogSymbol] Symbols Requested: file:///home/sgass/Projects/kepler/hdl/rtl/ethernet/ethernet_point_to_multipoint_hub.sv
2025-03-14 11:42:41.784 [info] [VerilogDocumentSymbolProvider] 1 top-level symbols returned
2025-03-14 11:42:41.949 [info] [VerilogCompletionItemProvider] Completion items requested
2025-03-14 11:42:41.949 [info] [VerilogCompletionItemProvider] 90 items requested
2025-03-14 11:42:42.289 [info] [VerilogDocumentSymbolProvider] [VerilogSymbol] Symbols Requested: file:///home/sgass/Projects/kepler/hdl/rtl/ethernet/ethernet_point_to_multipoint_hub.sv
2025-03-14 11:42:42.292 [info] [VerilogDocumentSymbolProvider] 1 top-level symbols returned
2025-03-14 11:42:42.444 [info] [VerilogCompletionItemProvider] Completion items requested
2025-03-14 11:42:42.445 [info] [VerilogCompletionItemProvider] 90 items requested
2025-03-14 11:42:42.684 [info] [VerilogCompletionItemProvider] Completion items requested
2025-03-14 11:42:42.684 [info] [VerilogCompletionItemProvider] 90 items requested
2025-03-14 11:42:42.891 [info] [VerilogCompletionItemProvider] Completion items requested
2025-03-14 11:42:42.891 [info] [VerilogCompletionItemProvider] 90 items requested
2025-03-14 11:42:43.060 [info] [VerilogCompletionItemProvider] Completion items requested
2025-03-14 11:42:43.060 [info] [VerilogCompletionItemProvider] 90 items requested
2025-03-14 11:42:43.218 [info] [VerilogCompletionItemProvider] Completion items requested
2025-03-14 11:42:43.218 [info] [VerilogCompletionItemProvider] 90 items requested
2025-03-14 11:42:43.559 [info] [VerilogDocumentSymbolProvider] [VerilogSymbol] Symbols Requested: file:///home/sgass/Projects/kepler/hdl/rtl/ethernet/ethernet_point_to_multipoint_hub.sv
2025-03-14 11:42:43.561 [info] [VerilogDocumentSymbolProvider] 1 top-level symbols returned
2025-03-14 11:42:55.493 [info] [VerilogDocumentSymbolProvider] [VerilogSymbol] Symbols Requested: file:///home/sgass/Projects/kepler/hdl/rtl/ethernet/ethernet_point_to_multipoint_hub.sv
2025-03-14 11:42:55.496 [info] [VerilogDocumentSymbolProvider] 1 top-level symbols returned
2025-03-14 11:42:56.602 [info] [VerilogDocumentSymbolProvider] [VerilogSymbol] Symbols Requested: file:///home/sgass/Projects/kepler/hdl/rtl/ethernet/ethernet_point_to_multipoint_hub.sv
2025-03-14 11:42:56.605 [info] [VerilogDocumentSymbolProvider] 1 top-level symbols returned
2025-03-14 11:42:57.158 [info] [VerilogDocumentSymbolProvider] [VerilogSymbol] Symbols Requested: file:///home/sgass/Projects/kepler/hdl/rtl/ethernet/ethernet_point_to_multipoint_hub.sv
2025-03-14 11:42:57.161 [info] [VerilogDocumentSymbolProvider] 1 top-level symbols returned
2025-03-14 11:42:58.546 [info] [VerilogDocumentSymbolProvider] [VerilogSymbol] Symbols Requested: file:///home/sgass/Projects/kepler/hdl/rtl/ethernet/ethernet_point_to_multipoint_hub.sv
2025-03-14 11:42:58.548 [info] [VerilogDocumentSymbolProvider] 1 top-level symbols returned
2025-03-14 11:42:58.629 [info] [VerilogCompletionItemProvider] Completion items requested
2025-03-14 11:42:58.629 [info] [VerilogCompletionItemProvider] 90 items requested
2025-03-14 11:42:59.165 [info] [VerilogCompletionItemProvider] Completion items requested
2025-03-14 11:42:59.165 [info] [VerilogCompletionItemProvider] 90 items requested
2025-03-14 11:42:59.496 [info] [VerilogDocumentSymbolProvider] [VerilogSymbol] Symbols Requested: file:///home/sgass/Projects/kepler/hdl/rtl/ethernet/ethernet_point_to_multipoint_hub.sv
2025-03-14 11:42:59.499 [info] [VerilogDocumentSymbolProvider] 1 top-level symbols returned
2025-03-14 11:43:00.046 [info] [VerilogCompletionItemProvider] Completion items requested
2025-03-14 11:43:00.046 [info] [VerilogCompletionItemProvider] 90 items requested
2025-03-14 11:43:00.386 [info] [VerilogDocumentSymbolProvider] [VerilogSymbol] Symbols Requested: file:///home/sgass/Projects/kepler/hdl/rtl/ethernet/ethernet_point_to_multipoint_hub.sv
2025-03-14 11:43:00.389 [info] [VerilogDocumentSymbolProvider] 1 top-level symbols returned
2025-03-14 11:43:01.170 [info] [VerilogCompletionItemProvider] Completion items requested
2025-03-14 11:43:01.170 [info] [VerilogCompletionItemProvider] 90 items requested
2025-03-14 11:43:01.509 [info] [VerilogDocumentSymbolProvider] [VerilogSymbol] Symbols Requested: file:///home/sgass/Projects/kepler/hdl/rtl/ethernet/ethernet_point_to_multipoint_hub.sv
2025-03-14 11:43:01.512 [info] [VerilogDocumentSymbolProvider] 1 top-level symbols returned
2025-03-14 11:43:01.666 [info] [VerilogCompletionItemProvider] Completion items requested
2025-03-14 11:43:01.666 [info] [VerilogCompletionItemProvider] 90 items requested
2025-03-14 11:43:02.016 [info] [VerilogDocumentSymbolProvider] [VerilogSymbol] Symbols Requested: file:///home/sgass/Projects/kepler/hdl/rtl/ethernet/ethernet_point_to_multipoint_hub.sv
2025-03-14 11:43:02.019 [info] [VerilogDocumentSymbolProvider] 1 top-level symbols returned
2025-03-14 11:43:04.516 [info] [VerilogDocumentSymbolProvider] [VerilogSymbol] Symbols Requested: file:///home/sgass/Projects/kepler/hdl/rtl/ethernet/ethernet_point_to_multipoint_hub.sv
2025-03-14 11:43:04.519 [info] [VerilogDocumentSymbolProvider] 1 top-level symbols returned
2025-03-14 11:43:05.220 [info] [VerilogCompletionItemProvider] Completion items requested
2025-03-14 11:43:05.220 [info] [VerilogCompletionItemProvider] 90 items requested
2025-03-14 11:43:05.441 [info] [VerilogCompletionItemProvider] Completion items requested
2025-03-14 11:43:05.441 [info] [VerilogCompletionItemProvider] 90 items requested
2025-03-14 11:43:05.592 [info] [VerilogCompletionItemProvider] Completion items requested
2025-03-14 11:43:05.593 [info] [VerilogCompletionItemProvider] 90 items requested
2025-03-14 11:43:05.751 [info] [VerilogCompletionItemProvider] Completion items requested
2025-03-14 11:43:05.751 [info] [VerilogCompletionItemProvider] 90 items requested
2025-03-14 11:43:06.092 [info] [VerilogDocumentSymbolProvider] [VerilogSymbol] Symbols Requested: file:///home/sgass/Projects/kepler/hdl/rtl/ethernet/ethernet_point_to_multipoint_hub.sv
2025-03-14 11:43:06.094 [info] [VerilogDocumentSymbolProvider] 1 top-level symbols returned
2025-03-14 11:43:06.506 [info] [VerilogCompletionItemProvider] Completion items requested
2025-03-14 11:43:06.506 [info] [VerilogCompletionItemProvider] 90 items requested
2025-03-14 11:43:06.666 [info] [VerilogCompletionItemProvider] Completion items requested
2025-03-14 11:43:06.666 [info] [VerilogCompletionItemProvider] 90 items requested
2025-03-14 11:43:06.841 [info] [VerilogCompletionItemProvider] Completion items requested
2025-03-14 11:43:06.841 [info] [VerilogCompletionItemProvider] 90 items requested
2025-03-14 11:43:06.958 [info] [VerilogCompletionItemProvider] Completion items requested
2025-03-14 11:43:06.959 [info] [VerilogCompletionItemProvider] 90 items requested
2025-03-14 11:43:07.080 [info] [VerilogCompletionItemProvider] Completion items requested
2025-03-14 11:43:07.080 [info] [VerilogCompletionItemProvider] 90 items requested
2025-03-14 11:43:07.214 [info] [VerilogCompletionItemProvider] Completion items requested
2025-03-14 11:43:07.214 [info] [VerilogCompletionItemProvider] 90 items requested
2025-03-14 11:43:07.550 [info] [VerilogDocumentSymbolProvider] [VerilogSymbol] Symbols Requested: file:///home/sgass/Projects/kepler/hdl/rtl/ethernet/ethernet_point_to_multipoint_hub.sv
2025-03-14 11:43:07.553 [info] [VerilogDocumentSymbolProvider] 1 top-level symbols returned
2025-03-14 11:43:09.275 [info] [VerilogHoverProvider] Hover requested
2025-03-14 11:43:09.715 [info] [VerilogHoverProvider] Hover object returned
2025-03-14 11:43:10.976 [info] [VerilogHoverProvider] Hover requested
2025-03-14 11:43:11.793 [info] [VerilogHoverProvider] Hover requested
2025-03-14 11:43:12.278 [info] [VerilogHoverProvider] Hover object returned
2025-03-14 11:43:12.667 [info] [VerilogHoverProvider] Hover requested
2025-03-14 11:43:14.072 [info] [VerilogDocumentSymbolProvider] [VerilogSymbol] Symbols Requested: file:///home/sgass/Projects/kepler/hdl/rtl/ethernet/ethernet_point_to_multipoint_hub.sv
2025-03-14 11:43:14.074 [info] [VerilogDocumentSymbolProvider] 1 top-level symbols returned
2025-03-14 11:43:14.720 [info] [VerilogDocumentSymbolProvider] [VerilogSymbol] Symbols Requested: file:///home/sgass/Projects/kepler/hdl/rtl/ethernet/ethernet_point_to_multipoint_hub.sv
2025-03-14 11:43:14.723 [info] [VerilogDocumentSymbolProvider] 1 top-level symbols returned
2025-03-14 11:43:17.263 [info] [VerilogDocumentSymbolProvider] [VerilogSymbol] Symbols Requested: file:///home/sgass/Projects/kepler/hdl/rtl/ethernet/ethernet_point_to_multipoint_hub.sv
2025-03-14 11:43:17.266 [info] [VerilogDocumentSymbolProvider] 1 top-level symbols returned
2025-03-14 11:43:19.465 [info] [VerilogDocumentSymbolProvider] [VerilogSymbol] Symbols Requested: file:///home/sgass/Projects/kepler/hdl/rtl/ethernet/ethernet_point_to_multipoint_hub.sv
2025-03-14 11:43:19.468 [info] [VerilogDocumentSymbolProvider] 1 top-level symbols returned
2025-03-14 11:43:19.832 [info] [VerilogDocumentSymbolProvider] [VerilogSymbol] Symbols Requested: file:///home/sgass/Projects/kepler/hdl/rtl/ethernet/ethernet_point_to_multipoint_hub.sv
2025-03-14 11:43:19.836 [info] [VerilogDocumentSymbolProvider] 1 top-level symbols returned
2025-03-14 11:43:20.897 [info] [VerilogDocumentSymbolProvider] [VerilogSymbol] Symbols Requested: file:///home/sgass/Projects/kepler/hdl/rtl/ethernet/ethernet_point_to_multipoint_hub.sv
2025-03-14 11:43:20.899 [info] [VerilogDocumentSymbolProvider] 1 top-level symbols returned
2025-03-14 11:43:25.518 [info] [VerilogCompletionItemProvider] Completion items requested
2025-03-14 11:43:25.518 [info] [VerilogCompletionItemProvider] 90 items requested
2025-03-14 11:43:25.858 [info] [VerilogDocumentSymbolProvider] [VerilogSymbol] Symbols Requested: file:///home/sgass/Projects/kepler/hdl/rtl/ethernet/ethernet_point_to_multipoint_hub.sv
2025-03-14 11:43:25.861 [info] [VerilogDocumentSymbolProvider] 1 top-level symbols returned
2025-03-14 11:43:28.150 [info] [VerilogDocumentSymbolProvider] [VerilogSymbol] Symbols Requested: file:///home/sgass/Projects/kepler/hdl/rtl/ethernet/ethernet_point_to_multipoint_hub.sv
2025-03-14 11:43:28.153 [info] [VerilogDocumentSymbolProvider] 1 top-level symbols returned
2025-03-14 11:43:30.579 [info] [VerilogDocumentSymbolProvider] [VerilogSymbol] Symbols Requested: file:///home/sgass/Projects/kepler/hdl/rtl/ethernet/ethernet_point_to_multipoint_hub.sv
2025-03-14 11:43:30.582 [info] [VerilogDocumentSymbolProvider] 1 top-level symbols returned
2025-03-14 11:43:34.694 [info] [VerilogHoverProvider] Hover requested
2025-03-14 11:43:35.198 [warning] [VerilogHoverProvider] Hover object not found
2025-03-14 11:43:37.597 [info] [VerilogDocumentSymbolProvider] [VerilogSymbol] Symbols Requested: file:///home/sgass/Projects/kepler/hdl/rtl/ethernet/ethernet_point_to_multipoint_hub.sv
2025-03-14 11:43:37.600 [info] [VerilogDocumentSymbolProvider] 1 top-level symbols returned
2025-03-14 11:43:38.414 [info] [VerilogDocumentSymbolProvider] [VerilogSymbol] Symbols Requested: file:///home/sgass/Projects/kepler/hdl/rtl/ethernet/ethernet_point_to_multipoint_hub.sv
2025-03-14 11:43:38.417 [info] [VerilogDocumentSymbolProvider] 1 top-level symbols returned
2025-03-14 11:43:41.606 [info] [VerilogDocumentSymbolProvider] [VerilogSymbol] Symbols Requested: file:///home/sgass/Projects/kepler/hdl/rtl/ethernet/ethernet_point_to_multipoint_hub.sv
2025-03-14 11:43:41.609 [info] [VerilogDocumentSymbolProvider] 1 top-level symbols returned
2025-03-14 11:43:42.342 [info] [VerilogHoverProvider] Hover requested
2025-03-14 11:43:43.775 [info] [VerilogHoverProvider] Hover requested
2025-03-14 11:43:44.228 [warning] [VerilogHoverProvider] Hover object not found
2025-03-14 11:43:46.829 [info] [VerilogDocumentSymbolProvider] [VerilogSymbol] Symbols Requested: file:///home/sgass/Projects/kepler/hdl/rtl/ethernet/ethernet_point_to_multipoint_hub.sv
2025-03-14 11:43:46.831 [info] [VerilogDocumentSymbolProvider] 1 top-level symbols returned
2025-03-14 11:43:47.477 [info] [VerilogDocumentSymbolProvider] [VerilogSymbol] Symbols Requested: file:///home/sgass/Projects/kepler/hdl/rtl/ethernet/ethernet_point_to_multipoint_hub.sv
2025-03-14 11:43:47.480 [info] [VerilogDocumentSymbolProvider] 1 top-level symbols returned
2025-03-14 11:43:49.891 [info] [VerilogHoverProvider] Hover requested
2025-03-14 11:43:51.762 [info] [VerilogDocumentSymbolProvider] [VerilogSymbol] Symbols Requested: file:///home/sgass/Projects/kepler/hdl/rtl/ethernet/ethernet_point_to_multipoint_hub.sv
2025-03-14 11:43:51.765 [info] [VerilogDocumentSymbolProvider] 1 top-level symbols returned
2025-03-14 11:43:52.293 [info] on save
2025-03-14 11:43:52.632 [info] [VerilogDocumentSymbolProvider] [VerilogSymbol] Symbols Requested: file:///home/sgass/Projects/kepler/hdl/rtl/ethernet/ethernet_point_to_multipoint_hub.sv
2025-03-14 11:43:52.632 [info] indexing "/home/sgass/Projects/kepler/hdl/rtl/ethernet/ethernet_point_to_multipoint_hub.sv"
2025-03-14 11:43:52.632 [info] executing ctags
2025-03-14 11:43:52.632 [info] Executing Command: ctags -f - --fields=+K --sort=no --excmd=n --fields-SystemVerilog=+{parameter} "/home/sgass/Projects/kepler/hdl/rtl/ethernet/ethernet_point_to_multipoint_hub.sv"
2025-03-14 11:43:52.639 [info] building symbols
2025-03-14 11:43:52.641 [info] [VerilogDocumentSymbolProvider] 1 top-level symbols returned
2025-03-14 11:43:58.507 [info] [VerilogHoverProvider] Hover requested
2025-03-14 11:43:58.704 [info] [VerilogHoverProvider] Hover requested
2025-03-14 11:43:58.870 [info] [VerilogHoverProvider] Hover requested
2025-03-14 11:43:59.242 [info] [VerilogHoverProvider] Hover requested
2025-03-14 11:43:59.315 [warning] [VerilogHoverProvider] Hover object not found
2025-03-14 11:43:59.628 [info] [VerilogHoverProvider] Hover object returned
2025-03-14 11:44:00.541 [info] [VerilogHoverProvider] Hover requested
2025-03-14 11:44:01.892 [info] [VerilogDocumentSymbolProvider] [VerilogSymbol] Symbols Requested: file:///home/sgass/Projects/kepler/hdl/rtl/ethernet/ethernet_point_to_multipoint_hub.sv
2025-03-14 11:44:01.894 [info] [VerilogDocumentSymbolProvider] 1 top-level symbols returned
2025-03-14 11:44:13.938 [info] [VerilogDocumentSymbolProvider] [VerilogSymbol] Symbols Requested: file:///home/sgass/Projects/kepler/hdl/rtl/ethernet/ethernet_point_to_multipoint_hub.sv
2025-03-14 11:44:13.940 [info] [VerilogDocumentSymbolProvider] 1 top-level symbols returned
2025-03-14 11:44:14.725 [info] [VerilogHoverProvider] Hover requested
2025-03-14 11:44:15.162 [warning] [VerilogHoverProvider] Hover object not found
2025-03-14 11:44:18.159 [info] [VerilogHoverProvider] Hover requested
2025-03-14 11:44:18.394 [info] [VerilogHoverProvider] Hover requested
2025-03-14 11:44:18.596 [info] [VerilogHoverProvider] Hover object returned
2025-03-14 11:44:18.813 [info] [VerilogHoverProvider] Hover object returned
2025-03-14 11:44:19.813 [info] [VerilogDocumentSymbolProvider] [VerilogSymbol] Symbols Requested: file:///home/sgass/Projects/kepler/hdl/rtl/ethernet/ethernet_point_to_multipoint_hub.sv
2025-03-14 11:44:19.815 [info] [VerilogDocumentSymbolProvider] 1 top-level symbols returned
2025-03-14 11:44:20.941 [info] [VerilogHoverProvider] Hover requested
2025-03-14 11:44:21.373 [info] [VerilogHoverProvider] Hover requested
2025-03-14 11:44:21.439 [info] [VerilogHoverProvider] Hover object returned
2025-03-14 11:44:21.787 [warning] [VerilogHoverProvider] Hover object not found
2025-03-14 11:44:27.158 [info] [VerilogHoverProvider] Hover requested
2025-03-14 11:44:31.807 [info] [VerilogHoverProvider] Hover requested
2025-03-14 11:44:32.243 [warning] [VerilogHoverProvider] Hover object not found
2025-03-14 11:44:32.290 [info] [VerilogHoverProvider] Hover requested
2025-03-14 11:44:32.692 [warning] [VerilogHoverProvider] Hover object not found
2025-03-14 11:44:34.801 [info] [VerilogCompletionItemProvider] Completion items requested
2025-03-14 11:44:34.801 [info] [VerilogCompletionItemProvider] 73 items requested
2025-03-14 11:44:35.364 [info] [VerilogDocumentSymbolProvider] [VerilogSymbol] Symbols Requested: file:///home/sgass/Projects/kepler/hdl/rtl/ethernet/ethernet_point_to_multipoint_hub.sv
2025-03-14 11:44:35.366 [info] [VerilogDocumentSymbolProvider] 1 top-level symbols returned
2025-03-14 11:44:36.026 [info] [VerilogDocumentSymbolProvider] [VerilogSymbol] Symbols Requested: file:///home/sgass/Projects/kepler/hdl/rtl/ethernet/ethernet_point_to_multipoint_hub.sv
2025-03-14 11:44:36.028 [info] [VerilogDocumentSymbolProvider] 1 top-level symbols returned
2025-03-14 11:44:36.808 [info] [VerilogHoverProvider] Hover requested
2025-03-14 11:44:37.234 [warning] [VerilogHoverProvider] Hover object not found
2025-03-14 11:44:43.406 [info] [VerilogHoverProvider] Hover requested
2025-03-14 11:44:43.760 [info] [VerilogHoverProvider] Hover requested
2025-03-14 11:44:43.848 [warning] [VerilogHoverProvider] Hover object not found
2025-03-14 11:44:44.185 [warning] [VerilogHoverProvider] Hover object not found
2025-03-14 11:44:45.005 [info] [VerilogHoverProvider] Hover requested
2025-03-14 11:44:45.240 [info] [VerilogHoverProvider] Hover requested
2025-03-14 11:44:45.439 [warning] [VerilogHoverProvider] Hover object not found
2025-03-14 11:44:45.647 [warning] [VerilogHoverProvider] Hover object not found
2025-03-14 11:44:52.523 [info] [VerilogHoverProvider] Hover requested
2025-03-14 11:44:52.976 [warning] [VerilogHoverProvider] Hover object not found
2025-03-14 11:44:55.854 [info] [VerilogDocumentSymbolProvider] [VerilogSymbol] Symbols Requested: file:///home/sgass/Projects/kepler/hdl/rtl/ethernet/ethernet_point_to_multipoint_hub.sv
2025-03-14 11:44:55.856 [info] [VerilogDocumentSymbolProvider] 1 top-level symbols returned
2025-03-14 11:44:56.674 [info] [VerilogHoverProvider] Hover requested
2025-03-14 11:44:57.269 [info] [VerilogDocumentSymbolProvider] [VerilogSymbol] Symbols Requested: file:///home/sgass/Projects/kepler/hdl/rtl/ethernet/ethernet_point_to_multipoint_hub.sv
2025-03-14 11:44:57.271 [info] [VerilogDocumentSymbolProvider] 1 top-level symbols returned
2025-03-14 11:44:58.229 [info] [VerilogDocumentSymbolProvider] [VerilogSymbol] Symbols Requested: file:///home/sgass/Projects/kepler/hdl/rtl/ethernet/ethernet_point_to_multipoint_hub.sv
2025-03-14 11:44:58.231 [info] [VerilogDocumentSymbolProvider] 1 top-level symbols returned
2025-03-14 11:44:59.573 [info] [VerilogHoverProvider] Hover requested
2025-03-14 11:45:01.727 [info] [VerilogHoverProvider] Hover requested
2025-03-14 11:45:02.137 [warning] [VerilogHoverProvider] Hover object not found
2025-03-14 11:45:02.203 [info] [VerilogHoverProvider] Hover requested
2025-03-14 11:45:02.693 [info] [VerilogDocumentSymbolProvider] [VerilogSymbol] Symbols Requested: file:///home/sgass/Projects/kepler/hdl/rtl/ethernet/ethernet_point_to_multipoint_hub.sv
2025-03-14 11:45:02.694 [info] [VerilogDocumentSymbolProvider] 1 top-level symbols returned
2025-03-14 11:45:03.005 [info] [VerilogCompletionItemProvider] Completion items requested
2025-03-14 11:45:03.005 [info] [VerilogCompletionItemProvider] 73 items requested
2025-03-14 11:45:03.717 [info] [VerilogDocumentSymbolProvider] [VerilogSymbol] Symbols Requested: file:///home/sgass/Projects/kepler/hdl/rtl/ethernet/ethernet_point_to_multipoint_hub.sv
2025-03-14 11:45:03.720 [info] [VerilogDocumentSymbolProvider] 1 top-level symbols returned
2025-03-14 11:45:05.456 [info] [VerilogDocumentSymbolProvider] [VerilogSymbol] Symbols Requested: file:///home/sgass/Projects/kepler/hdl/rtl/ethernet/ethernet_point_to_multipoint_hub.sv
2025-03-14 11:45:05.458 [info] [VerilogDocumentSymbolProvider] 1 top-level symbols returned
2025-03-14 11:45:06.443 [info] [VerilogDocumentSymbolProvider] [VerilogSymbol] Symbols Requested: file:///home/sgass/Projects/kepler/hdl/rtl/ethernet/ethernet_point_to_multipoint_hub.sv
2025-03-14 11:45:06.445 [info] [VerilogDocumentSymbolProvider] 1 top-level symbols returned
2025-03-14 11:45:07.613 [info] [VerilogDocumentSymbolProvider] [VerilogSymbol] Symbols Requested: file:///home/sgass/Projects/kepler/hdl/rtl/ethernet/ethernet_point_to_multipoint_hub.sv
2025-03-14 11:45:07.615 [info] [VerilogDocumentSymbolProvider] 1 top-level symbols returned
2025-03-14 11:45:09.695 [info] [VerilogDocumentSymbolProvider] [VerilogSymbol] Symbols Requested: file:///home/sgass/Projects/kepler/hdl/rtl/ethernet/ethernet_point_to_multipoint_hub.sv
2025-03-14 11:45:09.697 [info] [VerilogDocumentSymbolProvider] 1 top-level symbols returned
2025-03-14 11:45:10.237 [info] [VerilogDocumentSymbolProvider] [VerilogSymbol] Symbols Requested: file:///home/sgass/Projects/kepler/hdl/rtl/ethernet/ethernet_point_to_multipoint_hub.sv
2025-03-14 11:45:10.239 [info] [VerilogDocumentSymbolProvider] 1 top-level symbols returned
2025-03-14 11:45:10.648 [info] [VerilogDocumentSymbolProvider] [VerilogSymbol] Symbols Requested: file:///home/sgass/Projects/kepler/hdl/rtl/ethernet/ethernet_point_to_multipoint_hub.sv
2025-03-14 11:45:10.650 [info] [VerilogDocumentSymbolProvider] 1 top-level symbols returned
2025-03-14 11:45:11.370 [info] [VerilogDocumentSymbolProvider] [VerilogSymbol] Symbols Requested: file:///home/sgass/Projects/kepler/hdl/rtl/ethernet/ethernet_point_to_multipoint_hub.sv
2025-03-14 11:45:11.372 [info] [VerilogDocumentSymbolProvider] 1 top-level symbols returned
2025-03-14 11:45:13.076 [info] [VerilogDocumentSymbolProvider] [VerilogSymbol] Symbols Requested: file:///home/sgass/Projects/kepler/hdl/rtl/ethernet/ethernet_point_to_multipoint_hub.sv
2025-03-14 11:45:13.078 [info] [VerilogDocumentSymbolProvider] 1 top-level symbols returned
2025-03-14 11:45:14.688 [info] [VerilogDocumentSymbolProvider] [VerilogSymbol] Symbols Requested: file:///home/sgass/Projects/kepler/hdl/rtl/ethernet/ethernet_point_to_multipoint_hub.sv
2025-03-14 11:45:14.689 [info] [VerilogDocumentSymbolProvider] 1 top-level symbols returned
2025-03-14 11:45:18.685 [info] [VerilogDocumentSymbolProvider] [VerilogSymbol] Symbols Requested: file:///home/sgass/Projects/kepler/hdl/rtl/ethernet/ethernet_point_to_multipoint_hub.sv
2025-03-14 11:45:18.687 [info] [VerilogDocumentSymbolProvider] 1 top-level symbols returned
2025-03-14 11:45:19.239 [info] [VerilogDocumentSymbolProvider] [VerilogSymbol] Symbols Requested: file:///home/sgass/Projects/kepler/hdl/rtl/ethernet/ethernet_point_to_multipoint_hub.sv
2025-03-14 11:45:19.240 [info] [VerilogDocumentSymbolProvider] 1 top-level symbols returned
2025-03-14 11:45:20.729 [info] [VerilogDocumentSymbolProvider] [VerilogSymbol] Symbols Requested: file:///home/sgass/Projects/kepler/hdl/rtl/ethernet/ethernet_point_to_multipoint_hub.sv
2025-03-14 11:45:20.732 [info] [VerilogDocumentSymbolProvider] 1 top-level symbols returned
2025-03-14 11:45:30.475 [info] [VerilogCompletionItemProvider] Completion items requested
2025-03-14 11:45:30.475 [info] [VerilogCompletionItemProvider] 73 items requested
2025-03-14 11:45:31.730 [info] [VerilogDocumentSymbolProvider] [VerilogSymbol] Symbols Requested: file:///home/sgass/Projects/kepler/hdl/rtl/ethernet/ethernet_point_to_multipoint_hub.sv
2025-03-14 11:45:31.731 [info] [VerilogDocumentSymbolProvider] 1 top-level symbols returned
2025-03-14 11:45:32.981 [info] [VerilogDocumentSymbolProvider] [VerilogSymbol] Symbols Requested: file:///home/sgass/Projects/kepler/hdl/rtl/ethernet/ethernet_point_to_multipoint_hub.sv
2025-03-14 11:45:32.983 [info] [VerilogDocumentSymbolProvider] 1 top-level symbols returned
2025-03-14 11:45:42.574 [info] [VerilogHoverProvider] Hover requested
2025-03-14 11:45:43.082 [warning] [VerilogHoverProvider] Hover object not found
2025-03-14 11:45:43.522 [info] [VerilogDefinitionProvider] Definitions Requested: file:///home/sgass/Projects/kepler/hdl/rtl/ethernet/ethernet_to_axis.sv
2025-03-14 11:45:43.951 [info] [VerilogDefinitionProvider] 0 definitions returned
2025-03-14 11:45:44.077 [info] [VerilogDocumentSymbolProvider] [VerilogSymbol] Symbols Requested: file:///home/sgass/Projects/kepler/hdl/rtl/ethernet/ethernet_to_axis.sv
2025-03-14 11:45:44.077 [info] [VerilogDocumentSymbolProvider] 1 top-level symbols returned
2025-03-14 11:45:44.555 [info] [VerilogDocumentSymbolProvider] [VerilogSymbol] Symbols Requested: file:///home/sgass/Projects/kepler/hdl/rtl/ethernet/ethernet_to_axis.sv
2025-03-14 11:45:44.557 [info] [VerilogDocumentSymbolProvider] 1 top-level symbols returned
2025-03-14 11:45:46.142 [info] on save
2025-03-14 11:45:47.821 [info] [VerilogHoverProvider] Hover requested
2025-03-14 11:46:47.657 [info] [VerilogDocumentSymbolProvider] [VerilogSymbol] Symbols Requested: file:///home/sgass/Projects/kepler/hdl/rtl/ethernet/ethernet_point_to_multipoint_hub.sv
2025-03-14 11:46:47.659 [info] [VerilogDocumentSymbolProvider] 1 top-level symbols returned
2025-03-14 11:46:50.392 [info] [VerilogDocumentSymbolProvider] [VerilogSymbol] Symbols Requested: file:///home/sgass/Projects/kepler/hdl/rtl/ethernet/ethernet_point_to_multipoint_hub.sv
2025-03-14 11:46:50.394 [info] [VerilogDocumentSymbolProvider] 1 top-level symbols returned
2025-03-14 11:46:55.359 [info] [VerilogDocumentSymbolProvider] [VerilogSymbol] Symbols Requested: file:///home/sgass/Projects/kepler/hdl/rtl/ethernet/ethernet_point_to_multipoint_hub.sv
2025-03-14 11:46:55.361 [info] [VerilogDocumentSymbolProvider] 1 top-level symbols returned
2025-03-14 11:46:56.404 [info] [VerilogHoverProvider] Hover requested
2025-03-14 11:46:56.814 [warning] [VerilogHoverProvider] Hover object not found
2025-03-14 11:46:57.906 [info] [VerilogDocumentSymbolProvider] [VerilogSymbol] Symbols Requested: file:///home/sgass/Projects/kepler/hdl/rtl/ethernet/ethernet_point_to_multipoint_hub.sv
2025-03-14 11:46:57.908 [info] [VerilogDocumentSymbolProvider] 1 top-level symbols returned
2025-03-14 11:46:58.708 [info] [VerilogDocumentSymbolProvider] [VerilogSymbol] Symbols Requested: file:///home/sgass/Projects/kepler/hdl/rtl/ethernet/ethernet_point_to_multipoint_hub.sv
2025-03-14 11:46:58.710 [info] [VerilogDocumentSymbolProvider] 1 top-level symbols returned
2025-03-14 11:46:59.932 [info] [VerilogDocumentSymbolProvider] [VerilogSymbol] Symbols Requested: file:///home/sgass/Projects/kepler/hdl/rtl/ethernet/ethernet_point_to_multipoint_hub.sv
2025-03-14 11:46:59.935 [info] [VerilogDocumentSymbolProvider] 1 top-level symbols returned
2025-03-14 11:47:01.228 [info] [VerilogDocumentSymbolProvider] [VerilogSymbol] Symbols Requested: file:///home/sgass/Projects/kepler/hdl/rtl/ethernet/ethernet_point_to_multipoint_hub.sv
2025-03-14 11:47:01.230 [info] [VerilogDocumentSymbolProvider] 1 top-level symbols returned
2025-03-14 11:47:02.175 [info] [VerilogDocumentSymbolProvider] [VerilogSymbol] Symbols Requested: file:///home/sgass/Projects/kepler/hdl/rtl/ethernet/ethernet_point_to_multipoint_hub.sv
2025-03-14 11:47:02.177 [info] [VerilogDocumentSymbolProvider] 1 top-level symbols returned
2025-03-14 11:47:02.561 [info] [VerilogDocumentSymbolProvider] [VerilogSymbol] Symbols Requested: file:///home/sgass/Projects/kepler/hdl/rtl/ethernet/ethernet_point_to_multipoint_hub.sv
2025-03-14 11:47:02.563 [info] [VerilogDocumentSymbolProvider] 1 top-level symbols returned
2025-03-14 11:47:03.028 [info] [VerilogCompletionItemProvider] Completion items requested
2025-03-14 11:47:03.028 [info] [VerilogCompletionItemProvider] 73 items requested
2025-03-14 11:47:04.587 [info] [VerilogDocumentSymbolProvider] [VerilogSymbol] Symbols Requested: file:///home/sgass/Projects/kepler/hdl/rtl/ethernet/ethernet_point_to_multipoint_hub.sv
2025-03-14 11:47:04.589 [info] [VerilogDocumentSymbolProvider] 1 top-level symbols returned
2025-03-14 11:47:04.982 [info] [VerilogDocumentSymbolProvider] [VerilogSymbol] Symbols Requested: file:///home/sgass/Projects/kepler/hdl/rtl/ethernet/ethernet_point_to_multipoint_hub.sv
2025-03-14 11:47:04.984 [info] [VerilogDocumentSymbolProvider] 1 top-level symbols returned
2025-03-14 11:47:05.792 [info] [VerilogDocumentSymbolProvider] [VerilogSymbol] Symbols Requested: file:///home/sgass/Projects/kepler/hdl/rtl/ethernet/ethernet_point_to_multipoint_hub.sv
2025-03-14 11:47:05.794 [info] [VerilogDocumentSymbolProvider] 1 top-level symbols returned
2025-03-14 11:47:07.778 [info] [VerilogDocumentSymbolProvider] [VerilogSymbol] Symbols Requested: file:///home/sgass/Projects/kepler/hdl/rtl/ethernet/ethernet_point_to_multipoint_hub.sv
2025-03-14 11:47:07.780 [info] [VerilogDocumentSymbolProvider] 1 top-level symbols returned
2025-03-14 11:47:09.314 [info] [VerilogDocumentSymbolProvider] [VerilogSymbol] Symbols Requested: file:///home/sgass/Projects/kepler/hdl/rtl/ethernet/ethernet_point_to_multipoint_hub.sv
2025-03-14 11:47:09.316 [info] [VerilogDocumentSymbolProvider] 1 top-level symbols returned
2025-03-14 11:47:10.018 [info] [VerilogDocumentSymbolProvider] [VerilogSymbol] Symbols Requested: file:///home/sgass/Projects/kepler/hdl/rtl/ethernet/ethernet_point_to_multipoint_hub.sv
2025-03-14 11:47:10.020 [info] [VerilogDocumentSymbolProvider] 1 top-level symbols returned
2025-03-14 11:47:11.789 [info] [VerilogDocumentSymbolProvider] [VerilogSymbol] Symbols Requested: file:///home/sgass/Projects/kepler/hdl/rtl/ethernet/ethernet_point_to_multipoint_hub.sv
2025-03-14 11:47:11.791 [info] [VerilogDocumentSymbolProvider] 1 top-level symbols returned
2025-03-14 11:47:13.903 [info] [VerilogDocumentSymbolProvider] [VerilogSymbol] Symbols Requested: file:///home/sgass/Projects/kepler/hdl/rtl/ethernet/ethernet_point_to_multipoint_hub.sv
2025-03-14 11:47:13.905 [info] [VerilogDocumentSymbolProvider] 1 top-level symbols returned
2025-03-14 11:47:15.080 [info] [VerilogDocumentSymbolProvider] [VerilogSymbol] Symbols Requested: file:///home/sgass/Projects/kepler/hdl/rtl/ethernet/ethernet_point_to_multipoint_hub.sv
2025-03-14 11:47:15.081 [info] [VerilogDocumentSymbolProvider] 1 top-level symbols returned
2025-03-14 11:47:15.949 [info] [VerilogDocumentSymbolProvider] [VerilogSymbol] Symbols Requested: file:///home/sgass/Projects/kepler/hdl/rtl/ethernet/ethernet_point_to_multipoint_hub.sv
2025-03-14 11:47:15.951 [info] [VerilogDocumentSymbolProvider] 1 top-level symbols returned
2025-03-14 11:47:16.314 [info] [VerilogDocumentSymbolProvider] [VerilogSymbol] Symbols Requested: file:///home/sgass/Projects/kepler/hdl/rtl/ethernet/ethernet_point_to_multipoint_hub.sv
2025-03-14 11:47:16.316 [info] [VerilogDocumentSymbolProvider] 1 top-level symbols returned
2025-03-14 11:47:17.834 [info] [VerilogDocumentSymbolProvider] [VerilogSymbol] Symbols Requested: file:///home/sgass/Projects/kepler/hdl/rtl/ethernet/ethernet_point_to_multipoint_hub.sv
2025-03-14 11:47:17.835 [info] [VerilogDocumentSymbolProvider] 1 top-level symbols returned
2025-03-14 11:47:18.025 [info] [VerilogCompletionItemProvider] Completion items requested
2025-03-14 11:47:18.025 [info] [VerilogCompletionItemProvider] 73 items requested
2025-03-14 11:47:18.375 [info] [VerilogDocumentSymbolProvider] [VerilogSymbol] Symbols Requested: file:///home/sgass/Projects/kepler/hdl/rtl/ethernet/ethernet_point_to_multipoint_hub.sv
2025-03-14 11:47:18.377 [info] [VerilogDocumentSymbolProvider] 1 top-level symbols returned
2025-03-14 11:47:19.771 [info] [VerilogHoverProvider] Hover requested
2025-03-14 11:47:21.221 [info] [VerilogHoverProvider] Hover requested
2025-03-14 11:47:21.675 [info] [VerilogHoverProvider] Hover object returned
2025-03-14 11:47:25.521 [info] [VerilogHoverProvider] Hover requested
2025-03-14 11:47:26.009 [warning] [VerilogHoverProvider] Hover object not found
2025-03-14 11:47:27.568 [info] [VerilogDocumentSymbolProvider] [VerilogSymbol] Symbols Requested: file:///home/sgass/Projects/kepler/hdl/rtl/ethernet/ethernet_point_to_multipoint_hub.sv
2025-03-14 11:47:27.569 [info] [VerilogDocumentSymbolProvider] 1 top-level symbols returned
2025-03-14 11:47:27.934 [info] [VerilogCompletionItemProvider] Completion items requested
2025-03-14 11:47:27.934 [info] [VerilogCompletionItemProvider] 73 items requested
2025-03-14 11:47:28.617 [info] [VerilogDocumentSymbolProvider] [VerilogSymbol] Symbols Requested: file:///home/sgass/Projects/kepler/hdl/rtl/ethernet/ethernet_point_to_multipoint_hub.sv
2025-03-14 11:47:28.619 [info] [VerilogDocumentSymbolProvider] 1 top-level symbols returned
2025-03-14 11:47:30.480 [info] [VerilogDocumentSymbolProvider] [VerilogSymbol] Symbols Requested: file:///home/sgass/Projects/kepler/hdl/rtl/ethernet/ethernet_point_to_multipoint_hub.sv
2025-03-14 11:47:30.482 [info] [VerilogDocumentSymbolProvider] 1 top-level symbols returned
2025-03-14 11:47:30.977 [info] [VerilogDocumentSymbolProvider] [VerilogSymbol] Symbols Requested: file:///home/sgass/Projects/kepler/hdl/rtl/ethernet/ethernet_point_to_multipoint_hub.sv
2025-03-14 11:47:30.980 [info] [VerilogDocumentSymbolProvider] 1 top-level symbols returned
2025-03-14 11:47:35.448 [info] [VerilogDocumentSymbolProvider] [VerilogSymbol] Symbols Requested: file:///home/sgass/Projects/kepler/hdl/rtl/ethernet/ethernet_point_to_multipoint_hub.sv
2025-03-14 11:47:35.451 [info] [VerilogDocumentSymbolProvider] 1 top-level symbols returned
2025-03-14 11:47:49.951 [info] [VerilogHoverProvider] Hover requested
2025-03-14 11:47:50.350 [warning] [VerilogHoverProvider] Hover object not found
2025-03-14 11:47:52.369 [info] [VerilogDefinitionProvider] Definitions Requested: file:///home/sgass/Projects/kepler/hdl/rtl/ethernet/ethernet_point_to_multipoint_hub.sv
2025-03-14 11:47:52.803 [info] [VerilogDefinitionProvider] 0 definitions returned
2025-03-14 11:47:53.021 [info] [VerilogDocumentSymbolProvider] [VerilogSymbol] Symbols Requested: file:///home/sgass/Projects/kepler/hdl/rtl/ethernet/ethernet_point_to_multipoint_hub.sv
2025-03-14 11:47:53.024 [info] [VerilogDocumentSymbolProvider] 1 top-level symbols returned
2025-03-14 11:47:53.620 [info] [VerilogHoverProvider] Hover requested
2025-03-14 11:47:55.853 [info] [VerilogHoverProvider] Hover requested
2025-03-14 11:47:56.069 [info] [VerilogHoverProvider] Hover requested
2025-03-14 11:47:56.341 [warning] [VerilogHoverProvider] Hover object not found
2025-03-14 11:47:56.460 [warning] [VerilogHoverProvider] Hover object not found
2025-03-14 11:47:56.583 [info] [VerilogHoverProvider] Hover requested
2025-03-14 11:47:57.015 [warning] [VerilogHoverProvider] Hover object not found
2025-03-14 11:47:58.531 [info] [VerilogCompletionItemProvider] Completion items requested
2025-03-14 11:47:58.531 [info] [VerilogCompletionItemProvider] 73 items requested
2025-03-14 11:47:59.454 [info] [VerilogDocumentSymbolProvider] [VerilogSymbol] Symbols Requested: file:///home/sgass/Projects/kepler/hdl/rtl/ethernet/ethernet_point_to_multipoint_hub.sv
2025-03-14 11:47:59.456 [info] [VerilogDocumentSymbolProvider] 1 top-level symbols returned
2025-03-14 11:47:59.905 [info] [VerilogDocumentSymbolProvider] [VerilogSymbol] Symbols Requested: file:///home/sgass/Projects/kepler/hdl/rtl/ethernet/ethernet_point_to_multipoint_hub.sv
2025-03-14 11:47:59.907 [info] [VerilogDocumentSymbolProvider] 1 top-level symbols returned
2025-03-14 11:48:00.449 [info] [VerilogDocumentSymbolProvider] [VerilogSymbol] Symbols Requested: file:///home/sgass/Projects/kepler/hdl/rtl/ethernet/ethernet_point_to_multipoint_hub.sv
2025-03-14 11:48:00.451 [info] [VerilogDocumentSymbolProvider] 1 top-level symbols returned
2025-03-14 11:48:01.690 [info] [VerilogDocumentSymbolProvider] [VerilogSymbol] Symbols Requested: file:///home/sgass/Projects/kepler/hdl/rtl/ethernet/ethernet_point_to_multipoint_hub.sv
2025-03-14 11:48:01.693 [info] [VerilogDocumentSymbolProvider] 1 top-level symbols returned
2025-03-14 11:48:03.653 [info] [VerilogHoverProvider] Hover requested
2025-03-14 11:48:04.088 [info] [VerilogHoverProvider] Hover requested
2025-03-14 11:48:04.437 [info] [VerilogHoverProvider] Hover requested
2025-03-14 11:48:04.838 [info] [VerilogHoverProvider] Hover requested
2025-03-14 11:48:05.268 [info] [VerilogHoverProvider] Hover requested
2025-03-14 11:48:05.350 [info] [VerilogHoverProvider] Hover object returned
2025-03-14 11:48:22.985 [info] [VerilogHoverProvider] Hover requested
2025-03-14 11:48:23.863 [info] [VerilogHoverProvider] Hover requested
2025-03-14 11:48:32.137 [info] [VerilogHoverProvider] Hover requested
2025-03-14 11:48:34.540 [info] [VerilogCompletionItemProvider] Completion items requested
2025-03-14 11:48:34.540 [info] [VerilogCompletionItemProvider] 73 items requested
2025-03-14 11:48:35.747 [info] [VerilogDocumentSymbolProvider] [VerilogSymbol] Symbols Requested: file:///home/sgass/Projects/kepler/hdl/rtl/ethernet/ethernet_point_to_multipoint_hub.sv
2025-03-14 11:48:35.749 [info] [VerilogDocumentSymbolProvider] 1 top-level symbols returned
2025-03-14 11:48:40.877 [info] [VerilogDocumentSymbolProvider] [VerilogSymbol] Symbols Requested: file:///home/sgass/Projects/kepler/hdl/rtl/ethernet/ethernet_point_to_multipoint_hub.sv
2025-03-14 11:48:40.879 [info] [VerilogDocumentSymbolProvider] 1 top-level symbols returned
2025-03-14 11:48:42.688 [info] [VerilogDocumentSymbolProvider] [VerilogSymbol] Symbols Requested: file:///home/sgass/Projects/kepler/hdl/rtl/ethernet/ethernet_point_to_multipoint_hub.sv
2025-03-14 11:48:42.690 [info] [VerilogDocumentSymbolProvider] 1 top-level symbols returned
2025-03-14 11:48:45.425 [info] [VerilogCompletionItemProvider] Completion items requested
2025-03-14 11:48:45.425 [info] [VerilogCompletionItemProvider] 73 items requested
2025-03-14 11:48:46.482 [info] [VerilogDocumentSymbolProvider] [VerilogSymbol] Symbols Requested: file:///home/sgass/Projects/kepler/hdl/rtl/ethernet/ethernet_point_to_multipoint_hub.sv
2025-03-14 11:48:46.484 [info] [VerilogDocumentSymbolProvider] 1 top-level symbols returned
2025-03-14 11:48:47.502 [info] [VerilogDocumentSymbolProvider] [VerilogSymbol] Symbols Requested: file:///home/sgass/Projects/kepler/hdl/rtl/ethernet/ethernet_point_to_multipoint_hub.sv
2025-03-14 11:48:47.504 [info] [VerilogDocumentSymbolProvider] 1 top-level symbols returned
2025-03-14 11:48:49.979 [info] [VerilogDocumentSymbolProvider] [VerilogSymbol] Symbols Requested: file:///home/sgass/Projects/kepler/hdl/rtl/ethernet/ethernet_point_to_multipoint_hub.sv
2025-03-14 11:48:49.981 [info] [VerilogDocumentSymbolProvider] 1 top-level symbols returned
2025-03-14 11:48:52.738 [info] [VerilogHoverProvider] Hover requested
2025-03-14 11:48:53.148 [info] [VerilogHoverProvider] Hover object returned
2025-03-14 11:48:56.470 [info] [VerilogHoverProvider] Hover requested
2025-03-14 11:48:56.906 [warning] [VerilogHoverProvider] Hover object not found
2025-03-14 11:48:57.621 [info] [VerilogHoverProvider] Hover requested
2025-03-14 11:48:58.420 [info] [VerilogHoverProvider] Hover requested
2025-03-14 11:48:59.656 [info] [VerilogHoverProvider] Hover requested
2025-03-14 11:49:00.157 [warning] [VerilogHoverProvider] Hover object not found
2025-03-14 11:49:02.020 [info] [VerilogHoverProvider] Hover requested
2025-03-14 11:49:02.429 [info] [VerilogHoverProvider] Hover object returned
2025-03-14 11:49:02.551 [info] [VerilogHoverProvider] Hover requested
2025-03-14 11:49:02.968 [warning] [VerilogHoverProvider] Hover object not found
2025-03-14 11:49:03.221 [info] [VerilogHoverProvider] Hover requested
2025-03-14 11:49:03.681 [warning] [VerilogHoverProvider] Hover object not found
2025-03-14 11:49:05.921 [info] [VerilogHoverProvider] Hover requested
2025-03-14 11:49:06.364 [warning] [VerilogHoverProvider] Hover object not found
2025-03-14 11:49:06.636 [info] [VerilogHoverProvider] Hover requested
2025-03-14 11:49:07.063 [warning] [VerilogHoverProvider] Hover object not found
2025-03-14 11:49:19.922 [info] [VerilogHoverProvider] Hover requested
2025-03-14 11:49:20.321 [info] [VerilogHoverProvider] Hover requested
2025-03-14 11:49:20.330 [warning] [VerilogHoverProvider] Hover object not found
2025-03-14 11:49:20.748 [warning] [VerilogHoverProvider] Hover object not found
2025-03-14 11:49:22.159 [info] [VerilogDocumentSymbolProvider] [VerilogSymbol] Symbols Requested: file:///home/sgass/Projects/kepler/hdl/rtl/ethernet/ethernet_point_to_multipoint_hub.sv
2025-03-14 11:49:22.162 [info] [VerilogDocumentSymbolProvider] 1 top-level symbols returned
2025-03-14 11:49:22.920 [info] [VerilogCompletionItemProvider] Completion items requested
2025-03-14 11:49:22.920 [info] [VerilogCompletionItemProvider] 73 items requested
2025-03-14 11:49:23.207 [info] [VerilogCompletionItemProvider] Completion items requested
2025-03-14 11:49:23.207 [info] [VerilogCompletionItemProvider] 73 items requested
2025-03-14 11:49:23.539 [info] [VerilogCompletionItemProvider] Completion items requested
2025-03-14 11:49:23.540 [info] [VerilogCompletionItemProvider] 73 items requested
2025-03-14 11:49:23.878 [info] [VerilogDocumentSymbolProvider] [VerilogSymbol] Symbols Requested: file:///home/sgass/Projects/kepler/hdl/rtl/ethernet/ethernet_point_to_multipoint_hub.sv
2025-03-14 11:49:23.881 [info] [VerilogDocumentSymbolProvider] 1 top-level symbols returned
2025-03-14 11:49:24.200 [info] [VerilogCompletionItemProvider] Completion items requested
2025-03-14 11:49:24.200 [info] [VerilogCompletionItemProvider] 73 items requested
2025-03-14 11:49:24.314 [info] [VerilogCompletionItemProvider] Completion items requested
2025-03-14 11:49:24.314 [info] [VerilogCompletionItemProvider] 73 items requested
2025-03-14 11:49:24.596 [info] [VerilogCompletionItemProvider] Completion items requested
2025-03-14 11:49:24.596 [info] [VerilogCompletionItemProvider] 73 items requested
2025-03-14 11:49:24.827 [info] [VerilogCompletionItemProvider] Completion items requested
2025-03-14 11:49:24.827 [info] [VerilogCompletionItemProvider] 73 items requested
2025-03-14 11:49:24.988 [info] [VerilogCompletionItemProvider] Completion items requested
2025-03-14 11:49:24.988 [info] [VerilogCompletionItemProvider] 73 items requested
2025-03-14 11:49:25.113 [info] [VerilogCompletionItemProvider] Completion items requested
2025-03-14 11:49:25.113 [info] [VerilogCompletionItemProvider] 73 items requested
2025-03-14 11:49:25.310 [info] [VerilogCompletionItemProvider] Completion items requested
2025-03-14 11:49:25.310 [info] [VerilogCompletionItemProvider] 73 items requested
2025-03-14 11:49:25.358 [info] [VerilogCompletionItemProvider] Completion items requested
2025-03-14 11:49:25.358 [info] [VerilogCompletionItemProvider] 73 items requested
2025-03-14 11:49:25.563 [info] [VerilogCompletionItemProvider] Completion items requested
2025-03-14 11:49:25.563 [info] [VerilogCompletionItemProvider] 73 items requested
2025-03-14 11:49:25.709 [info] [VerilogCompletionItemProvider] Completion items requested
2025-03-14 11:49:25.709 [info] [VerilogCompletionItemProvider] 73 items requested
2025-03-14 11:49:26.050 [info] [VerilogDocumentSymbolProvider] [VerilogSymbol] Symbols Requested: file:///home/sgass/Projects/kepler/hdl/rtl/ethernet/ethernet_point_to_multipoint_hub.sv
2025-03-14 11:49:26.052 [info] [VerilogDocumentSymbolProvider] 1 top-level symbols returned
2025-03-14 11:49:35.411 [info] [VerilogDocumentSymbolProvider] [VerilogSymbol] Symbols Requested: file:///home/sgass/Projects/kepler/hdl/rtl/ethernet/ethernet_point_to_multipoint_hub.sv
2025-03-14 11:49:35.413 [info] [VerilogDocumentSymbolProvider] 1 top-level symbols returned
2025-03-14 11:49:38.476 [info] [VerilogDocumentSymbolProvider] [VerilogSymbol] Symbols Requested: file:///home/sgass/Projects/kepler/hdl/rtl/ethernet/ethernet_point_to_multipoint_hub.sv
2025-03-14 11:49:38.478 [info] [VerilogDocumentSymbolProvider] 1 top-level symbols returned
2025-03-14 11:49:39.684 [info] [VerilogDocumentSymbolProvider] [VerilogSymbol] Symbols Requested: file:///home/sgass/Projects/kepler/hdl/rtl/ethernet/ethernet_point_to_multipoint_hub.sv
2025-03-14 11:49:39.686 [info] [VerilogDocumentSymbolProvider] 1 top-level symbols returned
2025-03-14 11:49:44.471 [info] [VerilogDocumentSymbolProvider] [VerilogSymbol] Symbols Requested: file:///home/sgass/Projects/kepler/hdl/rtl/ethernet/ethernet_point_to_multipoint_hub.sv
2025-03-14 11:49:44.473 [info] [VerilogDocumentSymbolProvider] 1 top-level symbols returned
2025-03-14 11:49:46.679 [info] [VerilogDocumentSymbolProvider] [VerilogSymbol] Symbols Requested: file:///home/sgass/Projects/kepler/hdl/rtl/ethernet/ethernet_point_to_multipoint_hub.sv
2025-03-14 11:49:46.681 [info] [VerilogDocumentSymbolProvider] 1 top-level symbols returned
2025-03-14 11:49:47.139 [info] [VerilogCompletionItemProvider] Completion items requested
2025-03-14 11:49:47.139 [info] [VerilogCompletionItemProvider] 73 items requested
2025-03-14 11:49:48.533 [info] [VerilogDocumentSymbolProvider] [VerilogSymbol] Symbols Requested: file:///home/sgass/Projects/kepler/hdl/rtl/ethernet/ethernet_point_to_multipoint_hub.sv
2025-03-14 11:49:48.536 [info] [VerilogDocumentSymbolProvider] 1 top-level symbols returned
2025-03-14 11:49:50.798 [info] [VerilogDocumentSymbolProvider] [VerilogSymbol] Symbols Requested: file:///home/sgass/Projects/kepler/hdl/rtl/ethernet/ethernet_point_to_multipoint_hub.sv
2025-03-14 11:49:50.800 [info] [VerilogDocumentSymbolProvider] 1 top-level symbols returned
2025-03-14 11:49:54.008 [info] [VerilogDocumentSymbolProvider] [VerilogSymbol] Symbols Requested: file:///home/sgass/Projects/kepler/hdl/rtl/ethernet/ethernet_point_to_multipoint_hub.sv
2025-03-14 11:49:54.010 [info] [VerilogDocumentSymbolProvider] 1 top-level symbols returned
2025-03-14 11:49:54.764 [info] [VerilogDocumentSymbolProvider] [VerilogSymbol] Symbols Requested: file:///home/sgass/Projects/kepler/hdl/rtl/ethernet/ethernet_point_to_multipoint_hub.sv
2025-03-14 11:49:54.766 [info] [VerilogDocumentSymbolProvider] 1 top-level symbols returned
2025-03-14 11:49:55.690 [info] [VerilogHoverProvider] Hover requested
2025-03-14 11:49:56.135 [warning] [VerilogHoverProvider] Hover object not found
2025-03-14 11:50:00.008 [info] [VerilogHoverProvider] Hover requested
2025-03-14 11:50:00.420 [warning] [VerilogHoverProvider] Hover object not found
2025-03-14 11:50:01.195 [info] [VerilogHoverProvider] Hover requested
2025-03-14 11:50:01.405 [info] [VerilogHoverProvider] Hover requested
2025-03-14 11:50:01.601 [warning] [VerilogHoverProvider] Hover object not found
2025-03-14 11:50:01.811 [warning] [VerilogHoverProvider] Hover object not found
2025-03-14 11:50:05.014 [info] [VerilogCompletionItemProvider] Completion items requested
2025-03-14 11:50:05.014 [info] [VerilogCompletionItemProvider] 73 items requested
2025-03-14 11:50:06.083 [info] [VerilogDocumentSymbolProvider] [VerilogSymbol] Symbols Requested: file:///home/sgass/Projects/kepler/hdl/rtl/ethernet/ethernet_point_to_multipoint_hub.sv
2025-03-14 11:50:06.085 [info] [VerilogDocumentSymbolProvider] 1 top-level symbols returned
2025-03-14 11:50:06.970 [info] [VerilogDocumentSymbolProvider] [VerilogSymbol] Symbols Requested: file:///home/sgass/Projects/kepler/hdl/rtl/ethernet/ethernet_point_to_multipoint_hub.sv
2025-03-14 11:50:06.972 [info] [VerilogDocumentSymbolProvider] 1 top-level symbols returned
2025-03-14 11:50:09.779 [info] [VerilogDocumentSymbolProvider] [VerilogSymbol] Symbols Requested: file:///home/sgass/Projects/kepler/hdl/rtl/ethernet/ethernet_point_to_multipoint_hub.sv
2025-03-14 11:50:09.781 [info] [VerilogDocumentSymbolProvider] 1 top-level symbols returned
2025-03-14 11:50:11.013 [info] [VerilogDocumentSymbolProvider] [VerilogSymbol] Symbols Requested: file:///home/sgass/Projects/kepler/hdl/rtl/ethernet/ethernet_point_to_multipoint_hub.sv
2025-03-14 11:50:11.015 [info] [VerilogDocumentSymbolProvider] 1 top-level symbols returned
2025-03-14 11:50:11.182 [info] [VerilogCompletionItemProvider] Completion items requested
2025-03-14 11:50:11.182 [info] [VerilogCompletionItemProvider] 73 items requested
2025-03-14 11:50:13.085 [info] [VerilogDocumentSymbolProvider] [VerilogSymbol] Symbols Requested: file:///home/sgass/Projects/kepler/hdl/rtl/ethernet/ethernet_point_to_multipoint_hub.sv
2025-03-14 11:50:13.086 [info] [VerilogDocumentSymbolProvider] 1 top-level symbols returned
2025-03-14 11:50:13.503 [info] [VerilogDocumentSymbolProvider] [VerilogSymbol] Symbols Requested: file:///home/sgass/Projects/kepler/hdl/rtl/ethernet/ethernet_point_to_multipoint_hub.sv
2025-03-14 11:50:13.506 [info] [VerilogDocumentSymbolProvider] 1 top-level symbols returned
2025-03-14 11:50:13.939 [info] [VerilogDocumentSymbolProvider] [VerilogSymbol] Symbols Requested: file:///home/sgass/Projects/kepler/hdl/rtl/ethernet/ethernet_point_to_multipoint_hub.sv
2025-03-14 11:50:13.941 [info] [VerilogDocumentSymbolProvider] 1 top-level symbols returned
2025-03-14 11:50:15.411 [info] [VerilogDocumentSymbolProvider] [VerilogSymbol] Symbols Requested: file:///home/sgass/Projects/kepler/hdl/rtl/ethernet/ethernet_point_to_multipoint_hub.sv
2025-03-14 11:50:15.413 [info] [VerilogDocumentSymbolProvider] 1 top-level symbols returned
2025-03-14 11:50:19.211 [info] [VerilogDocumentSymbolProvider] [VerilogSymbol] Symbols Requested: file:///home/sgass/Projects/kepler/hdl/rtl/ethernet/ethernet_point_to_multipoint_hub.sv
2025-03-14 11:50:19.213 [info] [VerilogDocumentSymbolProvider] 1 top-level symbols returned
2025-03-14 11:50:19.658 [info] [VerilogHoverProvider] Hover requested
2025-03-14 11:50:20.100 [info] [VerilogHoverProvider] Hover object returned
2025-03-14 11:50:26.725 [info] [VerilogHoverProvider] Hover requested
2025-03-14 11:50:27.034 [info] [VerilogDefinitionProvider] Definitions Requested: file:///home/sgass/Projects/kepler/hdl/rtl/ethernet/ethernet_point_to_multipoint_hub.sv
2025-03-14 11:50:27.157 [info] [VerilogHoverProvider] Hover object returned
2025-03-14 11:50:27.245 [info] on save
2025-03-14 11:50:27.436 [info] [VerilogDefinitionProvider] 1 definitions returned
2025-03-14 11:51:20.791 [info] [VerilogHoverProvider] Hover requested
2025-03-14 11:51:20.791 [info] indexing "/home/sgass/Projects/kepler/hdl/rtl/ethernet/ethernet_point_to_multipoint_hub.sv"
2025-03-14 11:51:20.791 [info] executing ctags
2025-03-14 11:51:20.791 [info] Executing Command: ctags -f - --fields=+K --sort=no --excmd=n --fields-SystemVerilog=+{parameter} "/home/sgass/Projects/kepler/hdl/rtl/ethernet/ethernet_point_to_multipoint_hub.sv"
2025-03-14 11:51:20.804 [info] building symbols
2025-03-14 11:51:21.288 [info] [VerilogHoverProvider] Hover object returned
2025-03-14 11:51:21.412 [info] [VerilogHoverProvider] Hover requested
2025-03-14 11:51:21.746 [info] [VerilogHoverProvider] Hover requested
2025-03-14 11:51:21.843 [info] [VerilogHoverProvider] Hover object returned
2025-03-14 11:51:21.959 [info] [VerilogHoverProvider] Hover requested
2025-03-14 11:51:22.164 [info] [VerilogHoverProvider] Hover object returned
2025-03-14 11:51:22.193 [info] [VerilogHoverProvider] Hover requested
2025-03-14 11:51:22.376 [info] [VerilogHoverProvider] Hover requested
2025-03-14 11:51:22.385 [info] [VerilogHoverProvider] Hover object returned
2025-03-14 11:51:22.593 [info] [VerilogHoverProvider] Hover requested
2025-03-14 11:51:22.622 [info] [VerilogHoverProvider] Hover object returned
2025-03-14 11:51:22.808 [info] [VerilogHoverProvider] Hover object returned
2025-03-14 11:51:23.004 [info] [VerilogHoverProvider] Hover object returned
2025-03-14 11:51:23.468 [info] [VerilogHoverProvider] Hover requested
2025-03-14 11:51:23.777 [info] [VerilogHoverProvider] Hover requested
2025-03-14 11:51:23.902 [info] [VerilogHoverProvider] Hover object returned
2025-03-14 11:51:24.158 [info] [VerilogHoverProvider] Hover requested
2025-03-14 11:51:24.190 [info] [VerilogHoverProvider] Hover object returned
2025-03-14 11:51:24.602 [info] [VerilogHoverProvider] Hover object returned
2025-03-14 11:51:38.255 [info] [VerilogHoverProvider] Hover requested
2025-03-14 11:51:38.523 [info] [VerilogHoverProvider] Hover requested
2025-03-14 11:51:40.227 [info] [VerilogDocumentSymbolProvider] [VerilogSymbol] Symbols Requested: file:///home/sgass/Projects/kepler/hdl/rtl/ethernet/ethernet_point_to_multipoint_hub.sv
2025-03-14 11:51:40.229 [info] [VerilogDocumentSymbolProvider] 1 top-level symbols returned
2025-03-14 11:51:40.966 [info] [VerilogDocumentSymbolProvider] [VerilogSymbol] Symbols Requested: file:///home/sgass/Projects/kepler/hdl/rtl/ethernet/ethernet_point_to_multipoint_hub.sv
2025-03-14 11:51:40.969 [info] [VerilogDocumentSymbolProvider] 1 top-level symbols returned
2025-03-14 11:51:53.095 [info] [VerilogHoverProvider] Hover requested
2025-03-14 11:51:53.461 [info] [VerilogHoverProvider] Hover requested
2025-03-14 11:51:53.536 [warning] [VerilogHoverProvider] Hover object not found
2025-03-14 11:51:53.897 [warning] [VerilogHoverProvider] Hover object not found
2025-03-14 11:51:54.644 [info] [VerilogHoverProvider] Hover requested
2025-03-14 11:51:57.690 [info] [VerilogDocumentSymbolProvider] [VerilogSymbol] Symbols Requested: file:///home/sgass/Projects/kepler/hdl/rtl/ethernet/ethernet_point_to_multipoint_hub.sv
2025-03-14 11:51:57.692 [info] [VerilogDocumentSymbolProvider] 1 top-level symbols returned
2025-03-14 11:51:58.087 [info] [VerilogCompletionItemProvider] Completion items requested
2025-03-14 11:51:58.088 [info] [VerilogCompletionItemProvider] 74 items requested
2025-03-14 11:51:58.936 [info] [VerilogDocumentSymbolProvider] [VerilogSymbol] Symbols Requested: file:///home/sgass/Projects/kepler/hdl/rtl/ethernet/ethernet_point_to_multipoint_hub.sv
2025-03-14 11:51:58.938 [info] [VerilogDocumentSymbolProvider] 1 top-level symbols returned
2025-03-14 11:52:00.380 [info] [VerilogDocumentSymbolProvider] [VerilogSymbol] Symbols Requested: file:///home/sgass/Projects/kepler/hdl/rtl/ethernet/ethernet_point_to_multipoint_hub.sv
2025-03-14 11:52:00.382 [info] [VerilogDocumentSymbolProvider] 1 top-level symbols returned
2025-03-14 11:52:00.946 [info] [VerilogDocumentSymbolProvider] [VerilogSymbol] Symbols Requested: file:///home/sgass/Projects/kepler/hdl/rtl/ethernet/ethernet_point_to_multipoint_hub.sv
2025-03-14 11:52:00.947 [info] [VerilogDocumentSymbolProvider] 1 top-level symbols returned
2025-03-14 11:52:01.678 [info] [VerilogHoverProvider] Hover requested
2025-03-14 11:52:02.122 [info] [VerilogHoverProvider] Hover object returned
2025-03-14 11:52:10.937 [info] [VerilogHoverProvider] Hover requested
2025-03-14 11:52:11.419 [warning] [VerilogHoverProvider] Hover object not found
2025-03-14 11:52:33.799 [info] [VerilogHoverProvider] Hover requested
2025-03-14 11:52:34.207 [warning] [VerilogHoverProvider] Hover object not found
2025-03-14 11:52:34.763 [info] [VerilogHoverProvider] Hover requested
2025-03-14 11:52:35.203 [info] [VerilogHoverProvider] Hover object returned
2025-03-14 11:52:37.864 [info] [VerilogHoverProvider] Hover requested
2025-03-14 11:52:38.292 [info] [VerilogHoverProvider] Hover object returned
2025-03-14 11:52:39.246 [info] [VerilogHoverProvider] Hover requested
2025-03-14 11:52:39.696 [warning] [VerilogHoverProvider] Hover object not found
2025-03-14 11:52:40.664 [info] [VerilogHoverProvider] Hover requested
2025-03-14 11:52:41.104 [info] [VerilogHoverProvider] Hover object returned
2025-03-14 11:52:45.018 [info] [VerilogHoverProvider] Hover requested
2025-03-14 11:52:45.181 [info] [VerilogHoverProvider] Hover requested
2025-03-14 11:52:45.438 [info] [VerilogHoverProvider] Hover object returned
2025-03-14 11:52:45.592 [info] [VerilogHoverProvider] Hover object returned
2025-03-14 11:52:46.082 [info] [VerilogHoverProvider] Hover requested
2025-03-14 11:52:46.395 [info] [VerilogHoverProvider] Hover requested
2025-03-14 11:52:46.495 [info] [VerilogHoverProvider] Hover object returned
2025-03-14 11:52:46.808 [info] [VerilogHoverProvider] Hover object returned
2025-03-14 11:52:50.488 [info] [VerilogHoverProvider] Hover requested
2025-03-14 11:52:50.903 [info] [VerilogHoverProvider] Hover object returned
2025-03-14 11:52:51.746 [info] [VerilogHoverProvider] Hover requested
2025-03-14 11:52:52.220 [warning] [VerilogHoverProvider] Hover object not found
2025-03-14 11:52:52.747 [info] [VerilogHoverProvider] Hover requested
2025-03-14 11:52:53.205 [info] [VerilogHoverProvider] Hover object returned
2025-03-14 11:52:53.951 [info] [VerilogHoverProvider] Hover requested
2025-03-14 11:52:54.281 [info] [VerilogHoverProvider] Hover requested
2025-03-14 11:52:54.565 [info] [VerilogHoverProvider] Hover requested
2025-03-14 11:52:54.969 [warning] [VerilogHoverProvider] Hover object not found
2025-03-14 11:52:59.417 [info] [VerilogHoverProvider] Hover requested
2025-03-14 11:52:59.854 [warning] [VerilogHoverProvider] Hover object not found
2025-03-14 11:53:00.561 [info] [VerilogDocumentSymbolProvider] [VerilogSymbol] Symbols Requested: file:///home/sgass/Projects/kepler/hdl/rtl/ethernet/ethernet_point_to_multipoint_hub.sv
2025-03-14 11:53:00.562 [info] [VerilogDocumentSymbolProvider] 1 top-level symbols returned
2025-03-14 11:53:00.965 [info] [VerilogCompletionItemProvider] Completion items requested
2025-03-14 11:53:00.965 [info] [VerilogCompletionItemProvider] 74 items requested
2025-03-14 11:53:01.305 [info] [VerilogDocumentSymbolProvider] [VerilogSymbol] Symbols Requested: file:///home/sgass/Projects/kepler/hdl/rtl/ethernet/ethernet_point_to_multipoint_hub.sv
2025-03-14 11:53:01.308 [info] [VerilogDocumentSymbolProvider] 1 top-level symbols returned
2025-03-14 11:53:02.039 [info] [VerilogDocumentSymbolProvider] [VerilogSymbol] Symbols Requested: file:///home/sgass/Projects/kepler/hdl/rtl/ethernet/ethernet_point_to_multipoint_hub.sv
2025-03-14 11:53:02.042 [info] [VerilogDocumentSymbolProvider] 1 top-level symbols returned
2025-03-14 11:53:02.405 [info] [VerilogDocumentSymbolProvider] [VerilogSymbol] Symbols Requested: file:///home/sgass/Projects/kepler/hdl/rtl/ethernet/ethernet_point_to_multipoint_hub.sv
2025-03-14 11:53:02.407 [info] [VerilogDocumentSymbolProvider] 1 top-level symbols returned
2025-03-14 11:53:03.832 [info] [VerilogHoverProvider] Hover requested
2025-03-14 11:53:04.278 [warning] [VerilogHoverProvider] Hover object not found
2025-03-14 11:53:04.998 [info] [VerilogDocumentSymbolProvider] [VerilogSymbol] Symbols Requested: file:///home/sgass/Projects/kepler/hdl/rtl/ethernet/ethernet_point_to_multipoint_hub.sv
2025-03-14 11:53:05.001 [info] [VerilogDocumentSymbolProvider] 1 top-level symbols returned
2025-03-14 11:53:05.191 [info] [VerilogCompletionItemProvider] Completion items requested
2025-03-14 11:53:05.191 [info] [VerilogCompletionItemProvider] 74 items requested
2025-03-14 11:53:06.225 [info] [VerilogDocumentSymbolProvider] [VerilogSymbol] Symbols Requested: file:///home/sgass/Projects/kepler/hdl/rtl/ethernet/ethernet_point_to_multipoint_hub.sv
2025-03-14 11:53:06.227 [info] [VerilogDocumentSymbolProvider] 1 top-level symbols returned
2025-03-14 11:53:06.772 [info] [VerilogDocumentSymbolProvider] [VerilogSymbol] Symbols Requested: file:///home/sgass/Projects/kepler/hdl/rtl/ethernet/ethernet_point_to_multipoint_hub.sv
2025-03-14 11:53:06.774 [info] [VerilogDocumentSymbolProvider] 1 top-level symbols returned
2025-03-14 11:53:07.629 [info] [VerilogHoverProvider] Hover requested
2025-03-14 11:53:08.063 [warning] [VerilogHoverProvider] Hover object not found
2025-03-14 11:53:08.973 [info] [VerilogDocumentSymbolProvider] [VerilogSymbol] Symbols Requested: file:///home/sgass/Projects/kepler/hdl/rtl/ethernet/ethernet_point_to_multipoint_hub.sv
2025-03-14 11:53:08.975 [info] [VerilogDocumentSymbolProvider] 1 top-level symbols returned
2025-03-14 11:53:09.043 [info] [VerilogCompletionItemProvider] Completion items requested
2025-03-14 11:53:09.044 [info] [VerilogCompletionItemProvider] 74 items requested
2025-03-14 11:53:10.058 [info] [VerilogDocumentSymbolProvider] [VerilogSymbol] Symbols Requested: file:///home/sgass/Projects/kepler/hdl/rtl/ethernet/ethernet_point_to_multipoint_hub.sv
2025-03-14 11:53:10.060 [info] [VerilogDocumentSymbolProvider] 1 top-level symbols returned
2025-03-14 11:53:10.569 [info] [VerilogDocumentSymbolProvider] [VerilogSymbol] Symbols Requested: file:///home/sgass/Projects/kepler/hdl/rtl/ethernet/ethernet_point_to_multipoint_hub.sv
2025-03-14 11:53:10.571 [info] [VerilogDocumentSymbolProvider] 1 top-level symbols returned
2025-03-14 11:53:11.130 [info] [VerilogHoverProvider] Hover requested
2025-03-14 11:53:11.382 [info] [VerilogHoverProvider] Hover requested
2025-03-14 11:53:11.615 [info] [VerilogHoverProvider] Hover object returned
2025-03-14 11:53:11.784 [warning] [VerilogHoverProvider] Hover object not found
2025-03-14 11:53:11.944 [info] [VerilogHoverProvider] Hover requested
2025-03-14 11:53:12.376 [warning] [VerilogHoverProvider] Hover object not found
2025-03-14 11:53:13.002 [info] [VerilogDocumentSymbolProvider] [VerilogSymbol] Symbols Requested: file:///home/sgass/Projects/kepler/hdl/rtl/ethernet/ethernet_point_to_multipoint_hub.sv
2025-03-14 11:53:13.004 [info] [VerilogDocumentSymbolProvider] 1 top-level symbols returned
2025-03-14 11:53:13.083 [info] [VerilogCompletionItemProvider] Completion items requested
2025-03-14 11:53:13.083 [info] [VerilogCompletionItemProvider] 74 items requested
2025-03-14 11:53:14.008 [info] [VerilogDocumentSymbolProvider] [VerilogSymbol] Symbols Requested: file:///home/sgass/Projects/kepler/hdl/rtl/ethernet/ethernet_point_to_multipoint_hub.sv
2025-03-14 11:53:14.010 [info] [VerilogDocumentSymbolProvider] 1 top-level symbols returned
2025-03-14 11:53:15.313 [info] [VerilogDocumentSymbolProvider] [VerilogSymbol] Symbols Requested: file:///home/sgass/Projects/kepler/hdl/rtl/ethernet/ethernet_point_to_multipoint_hub.sv
2025-03-14 11:53:15.315 [info] [VerilogDocumentSymbolProvider] 1 top-level symbols returned
2025-03-14 11:53:19.169 [info] on save
2025-03-14 11:53:30.450 [info] on save
2025-03-14 11:55:13.800 [info] [VerilogHoverProvider] Hover requested
2025-03-14 11:55:14.232 [info] [VerilogHoverProvider] Hover requested
2025-03-14 11:55:57.345 [info] [VerilogHoverProvider] Hover requested
2025-03-14 11:55:57.345 [info] indexing "/home/sgass/Projects/kepler/hdl/rtl/ethernet/ethernet_point_to_multipoint_hub.sv"
2025-03-14 11:55:57.345 [info] executing ctags
2025-03-14 11:55:57.345 [info] Executing Command: ctags -f - --fields=+K --sort=no --excmd=n --fields-SystemVerilog=+{parameter} "/home/sgass/Projects/kepler/hdl/rtl/ethernet/ethernet_point_to_multipoint_hub.sv"
2025-03-14 11:55:57.358 [info] building symbols
2025-03-14 11:55:57.754 [info] [VerilogHoverProvider] Hover object returned
2025-03-14 11:56:01.395 [info] [VerilogHoverProvider] Hover requested
2025-03-14 11:56:01.823 [info] [VerilogHoverProvider] Hover object returned
2025-03-14 11:56:53.875 [info] [VerilogHoverProvider] Hover requested
2025-03-14 11:56:54.474 [info] [VerilogHoverProvider] Hover requested
2025-03-14 11:56:54.474 [info] indexing "/home/sgass/Projects/kepler/hdl/rtl/ethernet/ethernet_to_axis.sv"
2025-03-14 11:56:54.474 [info] executing ctags
2025-03-14 11:56:54.474 [info] Executing Command: ctags -f - --fields=+K --sort=no --excmd=n --fields-SystemVerilog=+{parameter} "/home/sgass/Projects/kepler/hdl/rtl/ethernet/ethernet_to_axis.sv"
2025-03-14 11:56:54.488 [info] building symbols
2025-03-14 11:56:54.986 [warning] [VerilogHoverProvider] Hover object not found
2025-03-14 11:56:58.642 [info] [VerilogCompletionItemProvider] Completion items requested
2025-03-14 11:56:58.642 [info] [VerilogCompletionItemProvider] 74 items requested
2025-03-14 11:57:00.459 [info] [VerilogDocumentSymbolProvider] [VerilogSymbol] Symbols Requested: file:///home/sgass/Projects/kepler/hdl/rtl/ethernet/ethernet_to_axis.sv
2025-03-14 11:57:00.462 [info] [VerilogDocumentSymbolProvider] 1 top-level symbols returned
2025-03-14 11:57:01.035 [info] [VerilogDocumentSymbolProvider] [VerilogSymbol] Symbols Requested: file:///home/sgass/Projects/kepler/hdl/rtl/ethernet/ethernet_to_axis.sv
2025-03-14 11:57:01.037 [info] [VerilogDocumentSymbolProvider] 1 top-level symbols returned
2025-03-14 11:57:03.558 [info] on save
2025-03-14 11:57:05.497 [info] [VerilogHoverProvider] Hover requested
2025-03-14 11:57:05.936 [warning] [VerilogHoverProvider] Hover object not found
2025-03-14 11:57:10.819 [info] [VerilogHoverProvider] Hover requested
2025-03-14 11:57:11.845 [info] [VerilogDocumentSymbolProvider] [VerilogSymbol] Symbols Requested: file:///home/sgass/Projects/kepler/hdl/rtl/ethernet/ethernet_to_axis.sv
2025-03-14 11:57:11.845 [info] indexing "/home/sgass/Projects/kepler/hdl/rtl/ethernet/ethernet_to_axis.sv"
2025-03-14 11:57:11.845 [info] executing ctags
2025-03-14 11:57:11.845 [info] Executing Command: ctags -f - --fields=+K --sort=no --excmd=n --fields-SystemVerilog=+{parameter} "/home/sgass/Projects/kepler/hdl/rtl/ethernet/ethernet_to_axis.sv"
2025-03-14 11:57:11.851 [info] building symbols
2025-03-14 11:57:11.852 [info] [VerilogDocumentSymbolProvider] 1 top-level symbols returned
2025-03-14 11:57:12.235 [info] [VerilogDocumentSymbolProvider] [VerilogSymbol] Symbols Requested: file:///home/sgass/Projects/kepler/hdl/rtl/ethernet/ethernet_to_axis.sv
2025-03-14 11:57:12.237 [info] [VerilogDocumentSymbolProvider] 1 top-level symbols returned
2025-03-14 11:57:12.808 [info] [VerilogHoverProvider] Hover requested
2025-03-14 11:57:27.693 [info] [VerilogHoverProvider] Hover requested
2025-03-14 11:57:28.058 [info] [VerilogHoverProvider] Hover requested
2025-03-14 11:57:28.109 [warning] [VerilogHoverProvider] Hover object not found
2025-03-14 11:57:28.244 [info] [VerilogHoverProvider] Hover requested
2025-03-14 11:57:28.473 [warning] [VerilogHoverProvider] Hover object not found
2025-03-14 11:57:28.693 [info] [VerilogHoverProvider] Hover requested
2025-03-14 11:57:30.683 [info] [VerilogHoverProvider] Hover requested
2025-03-14 11:57:31.125 [info] [VerilogHoverProvider] Hover object returned
2025-03-14 11:57:41.983 [info] [VerilogHoverProvider] Hover requested
2025-03-14 11:57:41.983 [info] indexing "/home/sgass/Projects/kepler/hdl/rtl/ethernet/ethernet_crossbar.sv"
2025-03-14 11:57:41.983 [info] executing ctags
2025-03-14 11:57:41.983 [info] Executing Command: ctags -f - --fields=+K --sort=no --excmd=n --fields-SystemVerilog=+{parameter} "/home/sgass/Projects/kepler/hdl/rtl/ethernet/ethernet_crossbar.sv"
2025-03-14 11:57:42.002 [info] building symbols
2025-03-14 11:57:42.512 [info] [VerilogHoverProvider] Hover object returned
2025-03-14 11:57:44.378 [info] [VerilogHoverProvider] Hover requested
2025-03-14 11:57:44.684 [info] [VerilogHoverProvider] Hover requested
2025-03-14 11:57:44.865 [info] [VerilogHoverProvider] Hover object returned
2025-03-14 11:57:45.104 [info] [VerilogHoverProvider] Hover object returned
2025-03-14 11:57:48.904 [info] [VerilogHoverProvider] Hover requested
2025-03-14 11:57:49.412 [info] [VerilogHoverProvider] Hover object returned
2025-03-14 11:57:50.116 [info] [VerilogHoverProvider] Hover requested
2025-03-14 11:57:50.420 [info] [VerilogHoverProvider] Hover requested
2025-03-14 11:57:50.581 [warning] [VerilogHoverProvider] Hover object not found
2025-03-14 11:57:50.834 [warning] [VerilogHoverProvider] Hover object not found
2025-03-14 11:57:51.937 [info] [VerilogCompletionItemProvider] Completion items requested
2025-03-14 11:57:51.937 [info] [VerilogCompletionItemProvider] 108 items requested
2025-03-14 11:57:53.551 [info] [VerilogDocumentSymbolProvider] [VerilogSymbol] Symbols Requested: file:///home/sgass/Projects/kepler/hdl/rtl/ethernet/ethernet_crossbar.sv
2025-03-14 11:57:53.556 [info] [VerilogDocumentSymbolProvider] 1 top-level symbols returned
2025-03-14 11:57:57.821 [info] [VerilogDocumentSymbolProvider] [VerilogSymbol] Symbols Requested: file:///home/sgass/Projects/kepler/hdl/rtl/ethernet/ethernet_crossbar.sv
2025-03-14 11:57:57.826 [info] [VerilogDocumentSymbolProvider] 1 top-level symbols returned
2025-03-14 11:57:58.610 [info] [VerilogDocumentSymbolProvider] [VerilogSymbol] Symbols Requested: file:///home/sgass/Projects/kepler/hdl/rtl/ethernet/ethernet_crossbar.sv
2025-03-14 11:57:58.616 [info] [VerilogDocumentSymbolProvider] 1 top-level symbols returned
2025-03-14 11:58:10.250 [info] on save
2025-03-14 11:58:30.587 [info] [VerilogHoverProvider] Hover requested
2025-03-14 11:58:30.587 [info] indexing "/home/sgass/Projects/kepler/hdl/rtl/ethernet/ethernet_crossbar.sv"
2025-03-14 11:58:30.587 [info] executing ctags
2025-03-14 11:58:30.587 [info] Executing Command: ctags -f - --fields=+K --sort=no --excmd=n --fields-SystemVerilog=+{parameter} "/home/sgass/Projects/kepler/hdl/rtl/ethernet/ethernet_crossbar.sv"
2025-03-14 11:58:30.600 [info] building symbols
2025-03-14 11:58:30.995 [warning] [VerilogHoverProvider] Hover object not found
2025-03-14 11:58:33.861 [info] [VerilogHoverProvider] Hover requested
2025-03-14 11:58:34.332 [warning] [VerilogHoverProvider] Hover object not found
2025-03-14 11:58:36.125 [info] [VerilogDocumentSymbolProvider] [VerilogSymbol] Symbols Requested: file:///home/sgass/Projects/kepler/hdl/rtl/ethernet/ethernet_crossbar.sv
2025-03-14 11:58:36.131 [info] [VerilogDocumentSymbolProvider] 1 top-level symbols returned
2025-03-14 11:58:36.631 [info] [VerilogDocumentSymbolProvider] [VerilogSymbol] Symbols Requested: file:///home/sgass/Projects/kepler/hdl/rtl/ethernet/ethernet_crossbar.sv
2025-03-14 11:58:36.636 [info] [VerilogDocumentSymbolProvider] 1 top-level symbols returned
2025-03-14 11:58:37.067 [info] on save
2025-03-14 11:58:52.386 [info] [VerilogHoverProvider] Hover requested
2025-03-14 11:58:52.832 [info] [VerilogHoverProvider] Hover object returned
2025-03-14 11:58:52.951 [info] [VerilogHoverProvider] Hover requested
2025-03-14 11:58:53.358 [info] [VerilogHoverProvider] Hover object returned
2025-03-14 11:58:54.748 [info] [VerilogDocumentSymbolProvider] [VerilogSymbol] Symbols Requested: file:///home/sgass/Projects/kepler/hdl/rtl/ethernet/ethernet_to_axis.sv
2025-03-14 11:58:54.750 [info] [VerilogDocumentSymbolProvider] 1 top-level symbols returned
2025-03-14 11:58:55.598 [info] on save
2025-03-14 11:59:00.336 [info] [VerilogHoverProvider] Hover requested
2025-03-14 11:59:01.819 [info] [VerilogDocumentSymbolProvider] [VerilogSymbol] Symbols Requested: file:///home/sgass/Projects/kepler/hdl/rtl/ethernet/ethernet_to_axis.sv
2025-03-14 11:59:01.819 [info] indexing "/home/sgass/Projects/kepler/hdl/rtl/ethernet/ethernet_to_axis.sv"
2025-03-14 11:59:01.819 [info] executing ctags
2025-03-14 11:59:01.819 [info] Executing Command: ctags -f - --fields=+K --sort=no --excmd=n --fields-SystemVerilog=+{parameter} "/home/sgass/Projects/kepler/hdl/rtl/ethernet/ethernet_to_axis.sv"
2025-03-14 11:59:01.826 [info] building symbols
2025-03-14 11:59:01.827 [info] [VerilogDocumentSymbolProvider] 1 top-level symbols returned
2025-03-14 11:59:02.603 [info] [VerilogHoverProvider] Hover requested
2025-03-14 11:59:03.085 [info] [VerilogHoverProvider] Hover object returned
2025-03-14 11:59:29.883 [info] on save
2025-03-14 11:59:30.669 [info] [VerilogHoverProvider] Hover requested
2025-03-14 11:59:30.669 [info] indexing "/home/sgass/Projects/kepler/hdl/rtl/ethernet/ethernet_to_axis.sv"
2025-03-14 11:59:30.669 [info] executing ctags
2025-03-14 11:59:30.669 [info] Executing Command: ctags -f - --fields=+K --sort=no --excmd=n --fields-SystemVerilog=+{parameter} "/home/sgass/Projects/kepler/hdl/rtl/ethernet/ethernet_to_axis.sv"
2025-03-14 11:59:30.694 [info] building symbols
2025-03-14 11:59:31.210 [info] [VerilogHoverProvider] Hover object returned
2025-03-14 11:59:35.242 [info] [VerilogHoverProvider] Hover requested
2025-03-14 11:59:35.641 [info] [VerilogHoverProvider] Hover requested
2025-03-14 11:59:35.690 [info] [VerilogHoverProvider] Hover object returned
2025-03-14 11:59:36.412 [info] [VerilogHoverProvider] Hover requested
2025-03-14 11:59:36.628 [info] [VerilogHoverProvider] Hover requested
2025-03-14 11:59:36.898 [info] [VerilogHoverProvider] Hover object returned
2025-03-14 11:59:37.040 [info] [VerilogHoverProvider] Hover object returned
2025-03-14 11:59:38.265 [info] [VerilogHoverProvider] Hover requested
2025-03-14 11:59:39.283 [info] [VerilogHoverProvider] Hover requested
2025-03-14 11:59:39.725 [warning] [VerilogHoverProvider] Hover object not found
2025-03-14 11:59:48.568 [info] [VerilogHoverProvider] Hover requested
2025-03-14 11:59:55.815 [info] [VerilogHoverProvider] Hover requested
2025-03-14 12:00:11.615 [info] [VerilogDocumentSymbolProvider] [VerilogSymbol] Symbols Requested: file:///home/sgass/Projects/kepler/hdl/rtl/ethernet/ethernet_point_to_multipoint_hub.sv
2025-03-14 12:00:11.617 [info] [VerilogDocumentSymbolProvider] 1 top-level symbols returned
2025-03-14 12:00:12.836 [info] on save
2025-03-14 12:00:19.164 [info] on save
2025-03-14 12:00:19.188 [info] [VerilogDocumentSymbolProvider] [VerilogSymbol] Symbols Requested: file:///home/sgass/Projects/kepler/hdl/rtl/ethernet/ethernet_to_axis.sv
2025-03-14 12:00:19.188 [info] indexing "/home/sgass/Projects/kepler/hdl/rtl/ethernet/ethernet_to_axis.sv"
2025-03-14 12:00:19.188 [info] executing ctags
2025-03-14 12:00:19.188 [info] Executing Command: ctags -f - --fields=+K --sort=no --excmd=n --fields-SystemVerilog=+{parameter} "/home/sgass/Projects/kepler/hdl/rtl/ethernet/ethernet_to_axis.sv"
2025-03-14 12:00:19.197 [info] building symbols
2025-03-14 12:00:19.198 [info] [VerilogDocumentSymbolProvider] 1 top-level symbols returned
2025-03-14 12:00:32.803 [info] [VerilogHoverProvider] Hover requested
2025-03-14 12:00:45.779 [info] [VerilogHoverProvider] Hover requested
2025-03-14 12:00:45.779 [info] indexing "/home/sgass/Projects/kepler/hdl/rtl/ethernet/ethernet_point_to_multipoint_hub.sv"
2025-03-14 12:00:45.779 [info] executing ctags
2025-03-14 12:00:45.779 [info] Executing Command: ctags -f - --fields=+K --sort=no --excmd=n --fields-SystemVerilog=+{parameter} "/home/sgass/Projects/kepler/hdl/rtl/ethernet/ethernet_point_to_multipoint_hub.sv"
2025-03-14 12:00:45.793 [info] building symbols
2025-03-14 12:00:46.181 [warning] [VerilogHoverProvider] Hover object not found
2025-03-14 12:00:52.925 [info] [VerilogHoverProvider] Hover requested
2025-03-14 12:00:53.377 [warning] [VerilogHoverProvider] Hover object not found
2025-03-14 12:01:10.005 [info] [VerilogHoverProvider] Hover requested
2025-03-14 12:01:14.570 [info] [VerilogHoverProvider] Hover requested
2025-03-14 12:01:17.689 [info] [VerilogDocumentSymbolProvider] [VerilogSymbol] Symbols Requested: file:///home/sgass/Projects/kepler/hdl/rtl/ethernet/ethernet_point_to_multipoint_hub.sv
2025-03-14 12:01:17.691 [info] [VerilogDocumentSymbolProvider] 1 top-level symbols returned
2025-03-14 12:01:18.472 [info] [VerilogHoverProvider] Hover requested
2025-03-14 12:01:23.344 [info] on save
2025-03-14 12:01:27.299 [info] [VerilogHoverProvider] Hover requested
2025-03-14 12:01:27.299 [info] indexing "/home/sgass/Projects/kepler/hdl/rtl/ethernet/ethernet_point_to_multipoint_hub.sv"
2025-03-14 12:01:27.299 [info] executing ctags
2025-03-14 12:01:27.299 [info] Executing Command: ctags -f - --fields=+K --sort=no --excmd=n --fields-SystemVerilog=+{parameter} "/home/sgass/Projects/kepler/hdl/rtl/ethernet/ethernet_point_to_multipoint_hub.sv"
2025-03-14 12:01:27.313 [info] building symbols
2025-03-14 12:01:27.800 [info] [VerilogHoverProvider] Hover object returned
2025-03-14 12:01:29.623 [info] [VerilogHoverProvider] Hover requested
2025-03-14 12:01:29.822 [info] [VerilogHoverProvider] Hover requested
2025-03-14 12:01:30.043 [warning] [VerilogHoverProvider] Hover object not found
2025-03-14 12:01:30.173 [info] [VerilogHoverProvider] Hover requested
2025-03-14 12:01:30.248 [warning] [VerilogHoverProvider] Hover object not found
2025-03-14 12:01:30.555 [warning] [VerilogHoverProvider] Hover object not found
2025-03-14 12:01:34.437 [info] [VerilogHoverProvider] Hover requested
2025-03-14 12:01:34.905 [warning] [VerilogHoverProvider] Hover object not found
2025-03-14 12:01:38.283 [info] [VerilogDocumentSymbolProvider] [VerilogSymbol] Symbols Requested: file:///home/sgass/Projects/kepler/hdl/rtl/ethernet/ethernet_point_to_multipoint_hub.sv
2025-03-14 12:01:38.285 [info] [VerilogDocumentSymbolProvider] 1 top-level symbols returned
2025-03-14 12:01:38.625 [info] [VerilogCompletionItemProvider] Completion items requested
2025-03-14 12:01:38.625 [info] [VerilogCompletionItemProvider] 74 items requested
2025-03-14 12:01:39.435 [info] [VerilogDocumentSymbolProvider] [VerilogSymbol] Symbols Requested: file:///home/sgass/Projects/kepler/hdl/rtl/ethernet/ethernet_point_to_multipoint_hub.sv
2025-03-14 12:01:39.437 [info] [VerilogDocumentSymbolProvider] 1 top-level symbols returned
2025-03-14 12:01:40.242 [info] [VerilogDocumentSymbolProvider] [VerilogSymbol] Symbols Requested: file:///home/sgass/Projects/kepler/hdl/rtl/ethernet/ethernet_point_to_multipoint_hub.sv
2025-03-14 12:01:40.244 [info] [VerilogDocumentSymbolProvider] 1 top-level symbols returned
2025-03-14 12:01:44.717 [info] [VerilogDocumentSymbolProvider] [VerilogSymbol] Symbols Requested: file:///home/sgass/Projects/kepler/hdl/rtl/ethernet/ethernet_point_to_multipoint_hub.sv
2025-03-14 12:01:44.719 [info] [VerilogDocumentSymbolProvider] 1 top-level symbols returned
2025-03-14 12:01:45.127 [info] [VerilogDocumentSymbolProvider] [VerilogSymbol] Symbols Requested: file:///home/sgass/Projects/kepler/hdl/rtl/ethernet/ethernet_point_to_multipoint_hub.sv
2025-03-14 12:01:45.130 [info] [VerilogDocumentSymbolProvider] 1 top-level symbols returned
2025-03-14 12:01:45.717 [info] [VerilogDocumentSymbolProvider] [VerilogSymbol] Symbols Requested: file:///home/sgass/Projects/kepler/hdl/rtl/ethernet/ethernet_point_to_multipoint_hub.sv
2025-03-14 12:01:45.720 [info] [VerilogDocumentSymbolProvider] 1 top-level symbols returned
2025-03-14 12:01:47.287 [info] [VerilogHoverProvider] Hover requested
2025-03-14 12:01:47.728 [warning] [VerilogHoverProvider] Hover object not found
2025-03-14 12:01:48.770 [info] [VerilogHoverProvider] Hover requested
2025-03-14 12:01:48.992 [info] [VerilogHoverProvider] Hover requested
2025-03-14 12:01:50.672 [info] [VerilogHoverProvider] Hover requested
2025-03-14 12:01:51.102 [warning] [VerilogHoverProvider] Hover object not found
2025-03-14 12:01:51.421 [info] [VerilogHoverProvider] Hover requested
2025-03-14 12:02:06.189 [info] [VerilogHoverProvider] Hover requested
2025-03-14 12:02:06.615 [info] [VerilogHoverProvider] Hover object returned
2025-03-14 12:02:07.607 [info] [VerilogHoverProvider] Hover requested
2025-03-14 12:02:08.040 [info] [VerilogHoverProvider] Hover object returned
2025-03-14 12:02:08.274 [info] [VerilogHoverProvider] Hover requested
2025-03-14 12:02:10.622 [info] [VerilogHoverProvider] Hover requested
2025-03-14 12:02:11.063 [warning] [VerilogHoverProvider] Hover object not found
2025-03-14 12:02:11.371 [info] [VerilogHoverProvider] Hover requested
2025-03-14 12:02:11.653 [info] [VerilogHoverProvider] Hover requested
2025-03-14 12:02:11.837 [info] [VerilogHoverProvider] Hover requested
2025-03-14 12:02:11.871 [info] [VerilogHoverProvider] Hover object returned
2025-03-14 12:02:12.120 [info] [VerilogHoverProvider] Hover requested
2025-03-14 12:02:12.470 [info] [VerilogHoverProvider] Hover requested
2025-03-14 12:02:12.615 [info] [VerilogHoverProvider] Hover object returned
2025-03-14 12:02:12.856 [info] [VerilogHoverProvider] Hover object returned
2025-03-14 12:02:13.958 [info] [VerilogHoverProvider] Hover requested
2025-03-14 12:02:14.274 [info] [VerilogHoverProvider] Hover requested
2025-03-14 12:02:14.425 [info] [VerilogHoverProvider] Hover object returned
2025-03-14 12:02:14.685 [info] [VerilogHoverProvider] Hover requested
2025-03-14 12:02:14.695 [info] [VerilogHoverProvider] Hover object returned
2025-03-14 12:02:15.088 [info] [VerilogHoverProvider] Hover object returned
2025-03-14 12:02:15.554 [info] [VerilogHoverProvider] Hover requested
2025-03-14 12:02:15.989 [info] [VerilogHoverProvider] Hover requested
2025-03-14 12:02:16.008 [info] [VerilogHoverProvider] Hover object returned
2025-03-14 12:02:16.419 [info] [VerilogHoverProvider] Hover object returned
2025-03-14 12:02:16.887 [info] [VerilogHoverProvider] Hover requested
2025-03-14 12:02:17.485 [info] [VerilogHoverProvider] Hover object returned
2025-03-14 12:02:17.854 [info] [VerilogHoverProvider] Hover requested
2025-03-14 12:02:18.533 [info] [VerilogHoverProvider] Hover object returned
2025-03-14 12:02:18.837 [info] [VerilogHoverProvider] Hover requested
2025-03-14 12:02:19.153 [info] [VerilogHoverProvider] Hover requested
2025-03-14 12:02:19.551 [info] [VerilogHoverProvider] Hover object returned
2025-03-14 12:02:19.965 [info] [VerilogHoverProvider] Hover object returned
2025-03-14 12:02:20.990 [info] [VerilogHoverProvider] Hover requested
2025-03-14 12:02:21.416 [info] [VerilogHoverProvider] Hover object returned
2025-03-14 12:02:22.537 [info] [VerilogHoverProvider] Hover requested
2025-03-14 12:02:22.955 [info] [VerilogHoverProvider] Hover object returned
2025-03-14 12:02:23.053 [info] [VerilogHoverProvider] Hover requested
2025-03-14 12:02:23.730 [info] [VerilogHoverProvider] Hover object returned
2025-03-14 12:03:38.328 [info] [VerilogHoverProvider] Hover requested
2025-03-14 12:03:38.764 [warning] [VerilogHoverProvider] Hover object not found
2025-03-14 12:03:42.053 [info] [VerilogHoverProvider] Hover requested
2025-03-14 12:03:42.472 [info] [VerilogHoverProvider] Hover object returned
2025-03-14 12:03:47.530 [info] [VerilogDocumentSymbolProvider] [VerilogSymbol] Symbols Requested: file:///home/sgass/Projects/kepler/hdl/rtl/ethernet/ethernet_point_to_multipoint_hub.sv
2025-03-14 12:03:47.532 [info] [VerilogDocumentSymbolProvider] 1 top-level symbols returned
2025-03-14 12:03:51.317 [info] [VerilogCompletionItemProvider] Completion items requested
2025-03-14 12:03:51.317 [info] [VerilogCompletionItemProvider] 74 items requested
2025-03-14 12:03:51.868 [info] [VerilogDocumentSymbolProvider] [VerilogSymbol] Symbols Requested: file:///home/sgass/Projects/kepler/hdl/rtl/ethernet/ethernet_point_to_multipoint_hub.sv
2025-03-14 12:03:51.870 [info] [VerilogDocumentSymbolProvider] 1 top-level symbols returned
2025-03-14 12:03:54.905 [info] [VerilogDocumentSymbolProvider] [VerilogSymbol] Symbols Requested: file:///home/sgass/Projects/kepler/hdl/rtl/ethernet/ethernet_point_to_multipoint_hub.sv
2025-03-14 12:03:54.907 [info] [VerilogDocumentSymbolProvider] 1 top-level symbols returned
2025-03-14 12:03:55.436 [info] [VerilogCompletionItemProvider] Completion items requested
2025-03-14 12:03:55.436 [info] [VerilogCompletionItemProvider] 74 items requested
2025-03-14 12:03:55.787 [info] [VerilogDocumentSymbolProvider] [VerilogSymbol] Symbols Requested: file:///home/sgass/Projects/kepler/hdl/rtl/ethernet/ethernet_point_to_multipoint_hub.sv
2025-03-14 12:03:55.789 [info] [VerilogDocumentSymbolProvider] 1 top-level symbols returned
2025-03-14 12:03:57.169 [info] [VerilogDocumentSymbolProvider] [VerilogSymbol] Symbols Requested: file:///home/sgass/Projects/kepler/hdl/rtl/ethernet/ethernet_point_to_multipoint_hub.sv
2025-03-14 12:03:57.171 [info] [VerilogDocumentSymbolProvider] 1 top-level symbols returned
2025-03-14 12:03:59.430 [info] [VerilogDocumentSymbolProvider] [VerilogSymbol] Symbols Requested: file:///home/sgass/Projects/kepler/hdl/rtl/ethernet/ethernet_point_to_multipoint_hub.sv
2025-03-14 12:03:59.433 [info] [VerilogDocumentSymbolProvider] 1 top-level symbols returned
2025-03-14 12:04:00.760 [info] [VerilogDocumentSymbolProvider] [VerilogSymbol] Symbols Requested: file:///home/sgass/Projects/kepler/hdl/rtl/ethernet/ethernet_point_to_multipoint_hub.sv
2025-03-14 12:04:00.763 [info] [VerilogDocumentSymbolProvider] 1 top-level symbols returned
2025-03-14 12:04:03.707 [info] [VerilogCompletionItemProvider] Completion items requested
2025-03-14 12:04:03.707 [info] [VerilogCompletionItemProvider] 74 items requested
2025-03-14 12:04:04.377 [info] [VerilogDocumentSymbolProvider] [VerilogSymbol] Symbols Requested: file:///home/sgass/Projects/kepler/hdl/rtl/ethernet/ethernet_point_to_multipoint_hub.sv
2025-03-14 12:04:04.380 [info] [VerilogDocumentSymbolProvider] 1 top-level symbols returned
2025-03-14 12:04:04.946 [info] [VerilogDocumentSymbolProvider] [VerilogSymbol] Symbols Requested: file:///home/sgass/Projects/kepler/hdl/rtl/ethernet/ethernet_point_to_multipoint_hub.sv
2025-03-14 12:04:04.948 [info] [VerilogDocumentSymbolProvider] 1 top-level symbols returned
2025-03-14 12:04:05.811 [info] [VerilogDocumentSymbolProvider] [VerilogSymbol] Symbols Requested: file:///home/sgass/Projects/kepler/hdl/rtl/ethernet/ethernet_point_to_multipoint_hub.sv
2025-03-14 12:04:05.813 [info] [VerilogDocumentSymbolProvider] 1 top-level symbols returned
2025-03-14 12:04:07.049 [info] [VerilogDocumentSymbolProvider] [VerilogSymbol] Symbols Requested: file:///home/sgass/Projects/kepler/hdl/rtl/ethernet/ethernet_point_to_multipoint_hub.sv
2025-03-14 12:04:07.052 [info] [VerilogDocumentSymbolProvider] 1 top-level symbols returned
2025-03-14 12:04:07.524 [info] [VerilogCompletionItemProvider] Completion items requested
2025-03-14 12:04:07.525 [info] [VerilogCompletionItemProvider] 74 items requested
2025-03-14 12:04:07.663 [info] [VerilogCompletionItemProvider] Completion items requested
2025-03-14 12:04:07.663 [info] [VerilogCompletionItemProvider] 74 items requested
2025-03-14 12:04:08.130 [info] [VerilogDocumentSymbolProvider] [VerilogSymbol] Symbols Requested: file:///home/sgass/Projects/kepler/hdl/rtl/ethernet/ethernet_point_to_multipoint_hub.sv
2025-03-14 12:04:08.133 [info] [VerilogDocumentSymbolProvider] 1 top-level symbols returned
2025-03-14 12:04:14.670 [info] [VerilogHoverProvider] Hover requested
2025-03-14 12:04:15.127 [warning] [VerilogHoverProvider] Hover object not found
2025-03-14 12:04:16.524 [info] [VerilogDocumentSymbolProvider] [VerilogSymbol] Symbols Requested: file:///home/sgass/Projects/kepler/hdl/rtl/ethernet/ethernet_point_to_multipoint_hub.sv
2025-03-14 12:04:16.526 [info] [VerilogDocumentSymbolProvider] 1 top-level symbols returned
2025-03-14 12:04:27.318 [info] [VerilogDocumentSymbolProvider] [VerilogSymbol] Symbols Requested: file:///home/sgass/Projects/kepler/hdl/rtl/ethernet/ethernet_point_to_multipoint_hub.sv
2025-03-14 12:04:27.320 [info] [VerilogDocumentSymbolProvider] 1 top-level symbols returned
2025-03-14 12:04:31.165 [info] [VerilogDocumentSymbolProvider] [VerilogSymbol] Symbols Requested: file:///home/sgass/Projects/kepler/hdl/rtl/ethernet/ethernet_point_to_multipoint_hub.sv
2025-03-14 12:04:31.167 [info] [VerilogDocumentSymbolProvider] 1 top-level symbols returned
2025-03-14 12:04:32.021 [info] [VerilogHoverProvider] Hover requested
2025-03-14 12:04:32.515 [warning] [VerilogHoverProvider] Hover object not found
2025-03-14 12:04:33.138 [info] [VerilogHoverProvider] Hover requested
2025-03-14 12:04:33.500 [info] [VerilogHoverProvider] Hover requested
2025-03-14 12:04:33.558 [warning] [VerilogHoverProvider] Hover object not found
2025-03-14 12:04:36.945 [info] [VerilogDocumentSymbolProvider] [VerilogSymbol] Symbols Requested: file:///home/sgass/Projects/kepler/hdl/rtl/ethernet/ethernet_point_to_multipoint_hub.sv
2025-03-14 12:04:36.947 [info] [VerilogDocumentSymbolProvider] 1 top-level symbols returned
2025-03-14 12:04:37.311 [info] [VerilogDocumentSymbolProvider] [VerilogSymbol] Symbols Requested: file:///home/sgass/Projects/kepler/hdl/rtl/ethernet/ethernet_point_to_multipoint_hub.sv
2025-03-14 12:04:37.314 [info] [VerilogDocumentSymbolProvider] 1 top-level symbols returned
2025-03-14 12:04:37.996 [info] [VerilogDocumentSymbolProvider] [VerilogSymbol] Symbols Requested: file:///home/sgass/Projects/kepler/hdl/rtl/ethernet/ethernet_point_to_multipoint_hub.sv
2025-03-14 12:04:37.998 [info] [VerilogDocumentSymbolProvider] 1 top-level symbols returned
2025-03-14 12:04:38.152 [info] [VerilogCompletionItemProvider] Completion items requested
2025-03-14 12:04:38.152 [info] [VerilogCompletionItemProvider] 74 items requested
2025-03-14 12:04:38.778 [info] [VerilogDocumentSymbolProvider] [VerilogSymbol] Symbols Requested: file:///home/sgass/Projects/kepler/hdl/rtl/ethernet/ethernet_point_to_multipoint_hub.sv
2025-03-14 12:04:38.780 [info] [VerilogDocumentSymbolProvider] 1 top-level symbols returned
2025-03-14 12:04:40.219 [info] [VerilogHoverProvider] Hover requested
2025-03-14 12:04:40.913 [info] on save
2025-03-14 12:04:47.570 [info] [VerilogHoverProvider] Hover requested
2025-03-14 12:04:52.466 [info] [VerilogHoverProvider] Hover requested
2025-03-14 12:04:52.467 [info] indexing "/home/sgass/Projects/kepler/hdl/rtl/ethernet/ethernet_point_to_multipoint_hub.sv"
2025-03-14 12:04:52.467 [info] executing ctags
2025-03-14 12:04:52.467 [info] Executing Command: ctags -f - --fields=+K --sort=no --excmd=n --fields-SystemVerilog=+{parameter} "/home/sgass/Projects/kepler/hdl/rtl/ethernet/ethernet_point_to_multipoint_hub.sv"
2025-03-14 12:04:52.481 [info] building symbols
2025-03-14 12:04:52.889 [warning] [VerilogHoverProvider] Hover object not found
2025-03-14 12:05:44.055 [info] [VerilogHoverProvider] Hover requested
2025-03-14 12:05:44.507 [warning] [VerilogHoverProvider] Hover object not found
2025-03-14 12:05:52.686 [info] [VerilogDocumentSymbolProvider] [VerilogSymbol] Symbols Requested: file:///home/sgass/Projects/kepler/hdl/rtl/ethernet/ethernet_point_to_multipoint_hub.sv
2025-03-14 12:05:52.688 [info] [VerilogDocumentSymbolProvider] 1 top-level symbols returned
2025-03-14 12:05:53.054 [info] [VerilogCompletionItemProvider] Completion items requested
2025-03-14 12:05:53.054 [info] [VerilogCompletionItemProvider] 74 items requested
2025-03-14 12:05:53.780 [info] [VerilogDocumentSymbolProvider] [VerilogSymbol] Symbols Requested: file:///home/sgass/Projects/kepler/hdl/rtl/ethernet/ethernet_point_to_multipoint_hub.sv
2025-03-14 12:05:53.782 [info] [VerilogDocumentSymbolProvider] 1 top-level symbols returned
2025-03-14 12:05:59.330 [info] [VerilogCompletionItemProvider] Completion items requested
2025-03-14 12:05:59.331 [info] [VerilogCompletionItemProvider] 74 items requested
2025-03-14 12:06:00.006 [info] [VerilogDocumentSymbolProvider] [VerilogSymbol] Symbols Requested: file:///home/sgass/Projects/kepler/hdl/rtl/ethernet/ethernet_point_to_multipoint_hub.sv
2025-03-14 12:06:00.008 [info] [VerilogDocumentSymbolProvider] 1 top-level symbols returned
2025-03-14 12:06:00.795 [info] [VerilogDocumentSymbolProvider] [VerilogSymbol] Symbols Requested: file:///home/sgass/Projects/kepler/hdl/rtl/ethernet/ethernet_point_to_multipoint_hub.sv
2025-03-14 12:06:00.798 [info] [VerilogDocumentSymbolProvider] 1 top-level symbols returned
2025-03-14 12:06:02.198 [info] [VerilogDocumentSymbolProvider] [VerilogSymbol] Symbols Requested: file:///home/sgass/Projects/kepler/hdl/rtl/ethernet/ethernet_point_to_multipoint_hub.sv
2025-03-14 12:06:02.200 [info] [VerilogDocumentSymbolProvider] 1 top-level symbols returned
2025-03-14 12:06:02.724 [info] [VerilogDocumentSymbolProvider] [VerilogSymbol] Symbols Requested: file:///home/sgass/Projects/kepler/hdl/rtl/ethernet/ethernet_point_to_multipoint_hub.sv
2025-03-14 12:06:02.726 [info] [VerilogDocumentSymbolProvider] 1 top-level symbols returned
2025-03-14 12:06:04.227 [info] [VerilogDocumentSymbolProvider] [VerilogSymbol] Symbols Requested: file:///home/sgass/Projects/kepler/hdl/rtl/ethernet/ethernet_point_to_multipoint_hub.sv
2025-03-14 12:06:04.229 [info] [VerilogDocumentSymbolProvider] 1 top-level symbols returned
2025-03-14 12:06:09.368 [info] [VerilogCompletionItemProvider] Completion items requested
2025-03-14 12:06:09.368 [info] [VerilogCompletionItemProvider] 74 items requested
2025-03-14 12:06:09.708 [info] [VerilogDocumentSymbolProvider] [VerilogSymbol] Symbols Requested: file:///home/sgass/Projects/kepler/hdl/rtl/ethernet/ethernet_point_to_multipoint_hub.sv
2025-03-14 12:06:09.710 [info] [VerilogDocumentSymbolProvider] 1 top-level symbols returned
2025-03-14 12:06:10.261 [info] [VerilogDocumentSymbolProvider] [VerilogSymbol] Symbols Requested: file:///home/sgass/Projects/kepler/hdl/rtl/ethernet/ethernet_point_to_multipoint_hub.sv
2025-03-14 12:06:10.263 [info] [VerilogDocumentSymbolProvider] 1 top-level symbols returned
2025-03-14 12:06:10.297 [info] [VerilogCompletionItemProvider] Completion items requested
2025-03-14 12:06:10.298 [info] [VerilogCompletionItemProvider] 74 items requested
2025-03-14 12:06:11.215 [info] [VerilogDocumentSymbolProvider] [VerilogSymbol] Symbols Requested: file:///home/sgass/Projects/kepler/hdl/rtl/ethernet/ethernet_point_to_multipoint_hub.sv
2025-03-14 12:06:11.217 [info] [VerilogDocumentSymbolProvider] 1 top-level symbols returned
2025-03-14 12:06:13.998 [info] [VerilogDocumentSymbolProvider] [VerilogSymbol] Symbols Requested: file:///home/sgass/Projects/kepler/hdl/rtl/ethernet/ethernet_point_to_multipoint_hub.sv
2025-03-14 12:06:14.001 [info] [VerilogDocumentSymbolProvider] 1 top-level symbols returned
2025-03-14 12:06:15.106 [info] [VerilogCompletionItemProvider] Completion items requested
2025-03-14 12:06:15.107 [info] [VerilogCompletionItemProvider] 74 items requested
2025-03-14 12:06:16.044 [info] [VerilogDocumentSymbolProvider] [VerilogSymbol] Symbols Requested: file:///home/sgass/Projects/kepler/hdl/rtl/ethernet/ethernet_point_to_multipoint_hub.sv
2025-03-14 12:06:16.046 [info] [VerilogDocumentSymbolProvider] 1 top-level symbols returned
2025-03-14 12:06:17.283 [info] [VerilogDocumentSymbolProvider] [VerilogSymbol] Symbols Requested: file:///home/sgass/Projects/kepler/hdl/rtl/ethernet/ethernet_point_to_multipoint_hub.sv
2025-03-14 12:06:17.285 [info] [VerilogDocumentSymbolProvider] 1 top-level symbols returned
2025-03-14 12:06:18.493 [info] [VerilogDocumentSymbolProvider] [VerilogSymbol] Symbols Requested: file:///home/sgass/Projects/kepler/hdl/rtl/ethernet/ethernet_point_to_multipoint_hub.sv
2025-03-14 12:06:18.496 [info] [VerilogDocumentSymbolProvider] 1 top-level symbols returned
2025-03-14 12:06:18.928 [info] [VerilogDocumentSymbolProvider] [VerilogSymbol] Symbols Requested: file:///home/sgass/Projects/kepler/hdl/rtl/ethernet/ethernet_point_to_multipoint_hub.sv
2025-03-14 12:06:18.930 [info] [VerilogDocumentSymbolProvider] 1 top-level symbols returned
2025-03-14 12:06:19.090 [info] [VerilogCompletionItemProvider] Completion items requested
2025-03-14 12:06:19.090 [info] [VerilogCompletionItemProvider] 74 items requested
2025-03-14 12:06:19.879 [info] [VerilogDocumentSymbolProvider] [VerilogSymbol] Symbols Requested: file:///home/sgass/Projects/kepler/hdl/rtl/ethernet/ethernet_point_to_multipoint_hub.sv
2025-03-14 12:06:19.882 [info] [VerilogDocumentSymbolProvider] 1 top-level symbols returned
2025-03-14 12:06:20.735 [info] [VerilogDocumentSymbolProvider] [VerilogSymbol] Symbols Requested: file:///home/sgass/Projects/kepler/hdl/rtl/ethernet/ethernet_point_to_multipoint_hub.sv
2025-03-14 12:06:20.737 [info] [VerilogDocumentSymbolProvider] 1 top-level symbols returned
2025-03-14 12:06:21.016 [info] [VerilogCompletionItemProvider] Completion items requested
2025-03-14 12:06:21.017 [info] [VerilogCompletionItemProvider] 74 items requested
2025-03-14 12:06:21.245 [info] [VerilogCompletionItemProvider] Completion items requested
2025-03-14 12:06:21.245 [info] [VerilogCompletionItemProvider] 74 items requested
2025-03-14 12:06:21.585 [info] [VerilogDocumentSymbolProvider] [VerilogSymbol] Symbols Requested: file:///home/sgass/Projects/kepler/hdl/rtl/ethernet/ethernet_point_to_multipoint_hub.sv
2025-03-14 12:06:21.587 [info] [VerilogDocumentSymbolProvider] 1 top-level symbols returned
2025-03-14 12:06:21.968 [info] [VerilogCompletionItemProvider] Completion items requested
2025-03-14 12:06:21.969 [info] [VerilogCompletionItemProvider] 74 items requested
2025-03-14 12:06:22.130 [info] [VerilogCompletionItemProvider] Completion items requested
2025-03-14 12:06:22.131 [info] [VerilogCompletionItemProvider] 74 items requested
2025-03-14 12:06:22.251 [info] [VerilogCompletionItemProvider] Completion items requested
2025-03-14 12:06:22.251 [info] [VerilogCompletionItemProvider] 74 items requested
2025-03-14 12:06:22.591 [info] [VerilogDocumentSymbolProvider] [VerilogSymbol] Symbols Requested: file:///home/sgass/Projects/kepler/hdl/rtl/ethernet/ethernet_point_to_multipoint_hub.sv
2025-03-14 12:06:22.593 [info] [VerilogDocumentSymbolProvider] 1 top-level symbols returned
2025-03-14 12:06:22.728 [info] [VerilogCompletionItemProvider] Completion items requested
2025-03-14 12:06:22.728 [info] [VerilogCompletionItemProvider] 74 items requested
2025-03-14 12:06:23.067 [info] [VerilogDocumentSymbolProvider] [VerilogSymbol] Symbols Requested: file:///home/sgass/Projects/kepler/hdl/rtl/ethernet/ethernet_point_to_multipoint_hub.sv
2025-03-14 12:06:23.069 [info] [VerilogDocumentSymbolProvider] 1 top-level symbols returned
2025-03-14 12:06:23.288 [info] [VerilogCompletionItemProvider] Completion items requested
2025-03-14 12:06:23.289 [info] [VerilogCompletionItemProvider] 74 items requested
2025-03-14 12:06:23.479 [info] [VerilogCompletionItemProvider] Completion items requested
2025-03-14 12:06:23.479 [info] [VerilogCompletionItemProvider] 74 items requested
2025-03-14 12:06:23.691 [info] [VerilogCompletionItemProvider] Completion items requested
2025-03-14 12:06:23.691 [info] [VerilogCompletionItemProvider] 74 items requested
2025-03-14 12:06:24.031 [info] [VerilogDocumentSymbolProvider] [VerilogSymbol] Symbols Requested: file:///home/sgass/Projects/kepler/hdl/rtl/ethernet/ethernet_point_to_multipoint_hub.sv
2025-03-14 12:06:24.034 [info] [VerilogDocumentSymbolProvider] 1 top-level symbols returned
2025-03-14 12:06:25.225 [info] [VerilogCompletionItemProvider] Completion items requested
2025-03-14 12:06:25.225 [info] [VerilogCompletionItemProvider] 74 items requested
2025-03-14 12:06:25.494 [info] [VerilogCompletionItemProvider] Completion items requested
2025-03-14 12:06:25.494 [info] [VerilogCompletionItemProvider] 74 items requested
2025-03-14 12:06:25.774 [info] [VerilogCompletionItemProvider] Completion items requested
2025-03-14 12:06:25.774 [info] [VerilogCompletionItemProvider] 74 items requested
2025-03-14 12:06:26.114 [info] [VerilogDocumentSymbolProvider] [VerilogSymbol] Symbols Requested: file:///home/sgass/Projects/kepler/hdl/rtl/ethernet/ethernet_point_to_multipoint_hub.sv
2025-03-14 12:06:26.116 [info] [VerilogDocumentSymbolProvider] 1 top-level symbols returned
2025-03-14 12:06:26.240 [info] [VerilogCompletionItemProvider] Completion items requested
2025-03-14 12:06:26.240 [info] [VerilogCompletionItemProvider] 74 items requested
2025-03-14 12:06:26.394 [info] [VerilogCompletionItemProvider] Completion items requested
2025-03-14 12:06:26.394 [info] [VerilogCompletionItemProvider] 74 items requested
2025-03-14 12:06:26.621 [info] [VerilogCompletionItemProvider] Completion items requested
2025-03-14 12:06:26.621 [info] [VerilogCompletionItemProvider] 74 items requested
2025-03-14 12:06:26.728 [info] [VerilogCompletionItemProvider] Completion items requested
2025-03-14 12:06:26.729 [info] [VerilogCompletionItemProvider] 74 items requested
2025-03-14 12:06:26.898 [info] [VerilogCompletionItemProvider] Completion items requested
2025-03-14 12:06:26.898 [info] [VerilogCompletionItemProvider] 74 items requested
2025-03-14 12:06:27.238 [info] [VerilogDocumentSymbolProvider] [VerilogSymbol] Symbols Requested: file:///home/sgass/Projects/kepler/hdl/rtl/ethernet/ethernet_point_to_multipoint_hub.sv
2025-03-14 12:06:27.240 [info] [VerilogDocumentSymbolProvider] 1 top-level symbols returned
2025-03-14 12:06:28.488 [info] [VerilogHoverProvider] Hover requested
2025-03-14 12:06:33.752 [info] [VerilogDocumentSymbolProvider] [VerilogSymbol] Symbols Requested: file:///home/sgass/Projects/kepler/hdl/rtl/ethernet/ethernet_point_to_multipoint_hub.sv
2025-03-14 12:06:33.754 [info] [VerilogDocumentSymbolProvider] 1 top-level symbols returned
2025-03-14 12:06:36.489 [info] [VerilogHoverProvider] Hover requested
2025-03-14 12:06:36.933 [warning] [VerilogHoverProvider] Hover object not found
2025-03-14 12:06:51.594 [info] [VerilogCompletionItemProvider] Completion items requested
2025-03-14 12:06:51.594 [info] [VerilogCompletionItemProvider] 74 items requested
2025-03-14 12:06:52.083 [info] [VerilogDocumentSymbolProvider] [VerilogSymbol] Symbols Requested: file:///home/sgass/Projects/kepler/hdl/rtl/ethernet/ethernet_point_to_multipoint_hub.sv
2025-03-14 12:06:52.085 [info] [VerilogDocumentSymbolProvider] 1 top-level symbols returned
2025-03-14 12:06:52.649 [info] [VerilogCompletionItemProvider] Completion items requested
2025-03-14 12:06:52.650 [info] [VerilogCompletionItemProvider] 74 items requested
2025-03-14 12:06:53.425 [info] [VerilogDocumentSymbolProvider] [VerilogSymbol] Symbols Requested: file:///home/sgass/Projects/kepler/hdl/rtl/ethernet/ethernet_point_to_multipoint_hub.sv
2025-03-14 12:06:53.427 [info] [VerilogDocumentSymbolProvider] 1 top-level symbols returned
2025-03-14 12:06:53.877 [info] [VerilogDocumentSymbolProvider] [VerilogSymbol] Symbols Requested: file:///home/sgass/Projects/kepler/hdl/rtl/ethernet/ethernet_point_to_multipoint_hub.sv
2025-03-14 12:06:53.879 [info] [VerilogDocumentSymbolProvider] 1 top-level symbols returned
2025-03-14 12:06:57.599 [info] [VerilogCompletionItemProvider] Completion items requested
2025-03-14 12:06:57.599 [info] [VerilogCompletionItemProvider] 74 items requested
2025-03-14 12:06:58.254 [info] [VerilogDocumentSymbolProvider] [VerilogSymbol] Symbols Requested: file:///home/sgass/Projects/kepler/hdl/rtl/ethernet/ethernet_point_to_multipoint_hub.sv
2025-03-14 12:06:58.256 [info] [VerilogDocumentSymbolProvider] 1 top-level symbols returned
2025-03-14 12:07:00.410 [info] [VerilogDocumentSymbolProvider] [VerilogSymbol] Symbols Requested: file:///home/sgass/Projects/kepler/hdl/rtl/ethernet/ethernet_point_to_multipoint_hub.sv
2025-03-14 12:07:00.412 [info] [VerilogDocumentSymbolProvider] 1 top-level symbols returned
2025-03-14 12:07:15.851 [info] [VerilogDocumentSymbolProvider] [VerilogSymbol] Symbols Requested: file:///home/sgass/Projects/kepler/hdl/rtl/ethernet/ethernet_point_to_multipoint_hub.sv
2025-03-14 12:07:15.853 [info] [VerilogDocumentSymbolProvider] 1 top-level symbols returned
2025-03-14 12:07:17.036 [info] [VerilogDocumentSymbolProvider] [VerilogSymbol] Symbols Requested: file:///home/sgass/Projects/kepler/hdl/rtl/ethernet/ethernet_point_to_multipoint_hub.sv
2025-03-14 12:07:17.038 [info] [VerilogDocumentSymbolProvider] 1 top-level symbols returned
2025-03-14 12:07:19.322 [info] [VerilogCompletionItemProvider] Completion items requested
2025-03-14 12:07:19.323 [info] [VerilogCompletionItemProvider] 74 items requested
2025-03-14 12:07:20.116 [info] [VerilogDocumentSymbolProvider] [VerilogSymbol] Symbols Requested: file:///home/sgass/Projects/kepler/hdl/rtl/ethernet/ethernet_point_to_multipoint_hub.sv
2025-03-14 12:07:20.119 [info] [VerilogDocumentSymbolProvider] 1 top-level symbols returned
2025-03-14 12:07:20.762 [info] [VerilogDocumentSymbolProvider] [VerilogSymbol] Symbols Requested: file:///home/sgass/Projects/kepler/hdl/rtl/ethernet/ethernet_point_to_multipoint_hub.sv
2025-03-14 12:07:20.764 [info] [VerilogDocumentSymbolProvider] 1 top-level symbols returned
2025-03-14 12:07:22.194 [info] [VerilogDocumentSymbolProvider] [VerilogSymbol] Symbols Requested: file:///home/sgass/Projects/kepler/hdl/rtl/ethernet/ethernet_point_to_multipoint_hub.sv
2025-03-14 12:07:22.195 [info] [VerilogDocumentSymbolProvider] 1 top-level symbols returned
2025-03-14 12:07:24.862 [info] [VerilogCompletionItemProvider] Completion items requested
2025-03-14 12:07:24.863 [info] [VerilogCompletionItemProvider] 74 items requested
2025-03-14 12:07:27.074 [info] [VerilogDocumentSymbolProvider] [VerilogSymbol] Symbols Requested: file:///home/sgass/Projects/kepler/hdl/rtl/ethernet/ethernet_point_to_multipoint_hub.sv
2025-03-14 12:07:27.076 [info] [VerilogDocumentSymbolProvider] 1 top-level symbols returned
2025-03-14 12:07:29.875 [info] [VerilogCompletionItemProvider] Completion items requested
2025-03-14 12:07:29.875 [info] [VerilogCompletionItemProvider] 74 items requested
2025-03-14 12:07:30.367 [info] [VerilogDocumentSymbolProvider] [VerilogSymbol] Symbols Requested: file:///home/sgass/Projects/kepler/hdl/rtl/ethernet/ethernet_point_to_multipoint_hub.sv
2025-03-14 12:07:30.369 [info] [VerilogDocumentSymbolProvider] 1 top-level symbols returned
2025-03-14 12:07:31.921 [info] [VerilogDocumentSymbolProvider] [VerilogSymbol] Symbols Requested: file:///home/sgass/Projects/kepler/hdl/rtl/ethernet/ethernet_point_to_multipoint_hub.sv
2025-03-14 12:07:31.923 [info] [VerilogDocumentSymbolProvider] 1 top-level symbols returned
2025-03-14 12:07:33.467 [info] [VerilogDocumentSymbolProvider] [VerilogSymbol] Symbols Requested: file:///home/sgass/Projects/kepler/hdl/rtl/ethernet/ethernet_point_to_multipoint_hub.sv
2025-03-14 12:07:33.469 [info] [VerilogDocumentSymbolProvider] 1 top-level symbols returned
2025-03-14 12:07:34.256 [info] [VerilogDocumentSymbolProvider] [VerilogSymbol] Symbols Requested: file:///home/sgass/Projects/kepler/hdl/rtl/ethernet/ethernet_point_to_multipoint_hub.sv
2025-03-14 12:07:34.259 [info] [VerilogDocumentSymbolProvider] 1 top-level symbols returned
2025-03-14 12:07:34.369 [info] [VerilogCompletionItemProvider] Completion items requested
2025-03-14 12:07:34.369 [info] [VerilogCompletionItemProvider] 74 items requested
2025-03-14 12:07:34.814 [info] [VerilogCompletionItemProvider] Completion items requested
2025-03-14 12:07:34.814 [info] [VerilogCompletionItemProvider] 74 items requested
2025-03-14 12:07:34.926 [info] [VerilogCompletionItemProvider] Completion items requested
2025-03-14 12:07:34.926 [info] [VerilogCompletionItemProvider] 74 items requested
2025-03-14 12:07:35.432 [info] [VerilogDocumentSymbolProvider] [VerilogSymbol] Symbols Requested: file:///home/sgass/Projects/kepler/hdl/rtl/ethernet/ethernet_point_to_multipoint_hub.sv
2025-03-14 12:07:35.435 [info] [VerilogDocumentSymbolProvider] 1 top-level symbols returned
2025-03-14 12:07:40.714 [info] [VerilogDocumentSymbolProvider] [VerilogSymbol] Symbols Requested: file:///home/sgass/Projects/kepler/hdl/rtl/ethernet/ethernet_point_to_multipoint_hub.sv
2025-03-14 12:07:40.717 [info] [VerilogDocumentSymbolProvider] 1 top-level symbols returned
2025-03-14 12:07:47.508 [info] [VerilogCompletionItemProvider] Completion items requested
2025-03-14 12:07:47.509 [info] [VerilogCompletionItemProvider] 74 items requested
2025-03-14 12:07:48.554 [info] [VerilogDocumentSymbolProvider] [VerilogSymbol] Symbols Requested: file:///home/sgass/Projects/kepler/hdl/rtl/ethernet/ethernet_point_to_multipoint_hub.sv
2025-03-14 12:07:48.556 [info] [VerilogDocumentSymbolProvider] 1 top-level symbols returned
2025-03-14 12:07:49.569 [info] [VerilogDocumentSymbolProvider] [VerilogSymbol] Symbols Requested: file:///home/sgass/Projects/kepler/hdl/rtl/ethernet/ethernet_point_to_multipoint_hub.sv
2025-03-14 12:07:49.571 [info] [VerilogDocumentSymbolProvider] 1 top-level symbols returned
2025-03-14 12:07:53.504 [info] [VerilogDocumentSymbolProvider] [VerilogSymbol] Symbols Requested: file:///home/sgass/Projects/kepler/hdl/rtl/ethernet/ethernet_point_to_multipoint_hub.sv
2025-03-14 12:07:53.506 [info] [VerilogDocumentSymbolProvider] 1 top-level symbols returned
2025-03-14 12:07:55.854 [info] [VerilogDocumentSymbolProvider] [VerilogSymbol] Symbols Requested: file:///home/sgass/Projects/kepler/hdl/rtl/ethernet/ethernet_point_to_multipoint_hub.sv
2025-03-14 12:07:55.856 [info] [VerilogDocumentSymbolProvider] 1 top-level symbols returned
2025-03-14 12:08:00.005 [info] [VerilogCompletionItemProvider] Completion items requested
2025-03-14 12:08:00.005 [info] [VerilogCompletionItemProvider] 74 items requested
2025-03-14 12:08:00.343 [info] [VerilogDocumentSymbolProvider] [VerilogSymbol] Symbols Requested: file:///home/sgass/Projects/kepler/hdl/rtl/ethernet/ethernet_point_to_multipoint_hub.sv
2025-03-14 12:08:00.345 [info] [VerilogDocumentSymbolProvider] 1 top-level symbols returned
2025-03-14 12:08:00.415 [info] [VerilogCompletionItemProvider] Completion items requested
2025-03-14 12:08:00.416 [info] [VerilogCompletionItemProvider] 74 items requested
2025-03-14 12:08:00.507 [info] [VerilogCompletionItemProvider] Completion items requested
2025-03-14 12:08:00.507 [info] [VerilogCompletionItemProvider] 74 items requested
2025-03-14 12:08:00.828 [info] [VerilogCompletionItemProvider] Completion items requested
2025-03-14 12:08:00.828 [info] [VerilogCompletionItemProvider] 74 items requested
2025-03-14 12:08:01.004 [info] [VerilogCompletionItemProvider] Completion items requested
2025-03-14 12:08:01.004 [info] [VerilogCompletionItemProvider] 74 items requested
2025-03-14 12:08:01.125 [info] [VerilogCompletionItemProvider] Completion items requested
2025-03-14 12:08:01.125 [info] [VerilogCompletionItemProvider] 74 items requested
2025-03-14 12:08:01.354 [info] [VerilogCompletionItemProvider] Completion items requested
2025-03-14 12:08:01.354 [info] [VerilogCompletionItemProvider] 74 items requested
2025-03-14 12:08:01.550 [info] [VerilogCompletionItemProvider] Completion items requested
2025-03-14 12:08:01.551 [info] [VerilogCompletionItemProvider] 74 items requested
2025-03-14 12:08:01.891 [info] [VerilogDocumentSymbolProvider] [VerilogSymbol] Symbols Requested: file:///home/sgass/Projects/kepler/hdl/rtl/ethernet/ethernet_point_to_multipoint_hub.sv
2025-03-14 12:08:01.893 [info] [VerilogDocumentSymbolProvider] 1 top-level symbols returned
2025-03-14 12:08:03.351 [info] [VerilogCompletionItemProvider] Completion items requested
2025-03-14 12:08:03.352 [info] [VerilogCompletionItemProvider] 74 items requested
2025-03-14 12:08:03.515 [info] [VerilogCompletionItemProvider] Completion items requested
2025-03-14 12:08:03.515 [info] [VerilogCompletionItemProvider] 74 items requested
2025-03-14 12:08:03.615 [info] [VerilogCompletionItemProvider] Completion items requested
2025-03-14 12:08:03.615 [info] [VerilogCompletionItemProvider] 74 items requested
2025-03-14 12:08:03.954 [info] [VerilogDocumentSymbolProvider] [VerilogSymbol] Symbols Requested: file:///home/sgass/Projects/kepler/hdl/rtl/ethernet/ethernet_point_to_multipoint_hub.sv
2025-03-14 12:08:03.956 [info] [VerilogDocumentSymbolProvider] 1 top-level symbols returned
2025-03-14 12:08:06.642 [info] [VerilogCompletionItemProvider] Completion items requested
2025-03-14 12:08:06.642 [info] [VerilogCompletionItemProvider] 74 items requested
2025-03-14 12:08:07.328 [info] [VerilogCompletionItemProvider] Completion items requested
2025-03-14 12:08:07.329 [info] [VerilogCompletionItemProvider] 74 items requested
2025-03-14 12:08:07.819 [info] [VerilogDocumentSymbolProvider] [VerilogSymbol] Symbols Requested: file:///home/sgass/Projects/kepler/hdl/rtl/ethernet/ethernet_point_to_multipoint_hub.sv
2025-03-14 12:08:07.821 [info] [VerilogDocumentSymbolProvider] 1 top-level symbols returned
2025-03-14 12:08:09.713 [info] [VerilogCompletionItemProvider] Completion items requested
2025-03-14 12:08:09.713 [info] [VerilogCompletionItemProvider] 74 items requested
2025-03-14 12:08:10.052 [info] [VerilogDocumentSymbolProvider] [VerilogSymbol] Symbols Requested: file:///home/sgass/Projects/kepler/hdl/rtl/ethernet/ethernet_point_to_multipoint_hub.sv
2025-03-14 12:08:10.054 [info] [VerilogDocumentSymbolProvider] 1 top-level symbols returned
2025-03-14 12:08:10.875 [info] [VerilogDocumentSymbolProvider] [VerilogSymbol] Symbols Requested: file:///home/sgass/Projects/kepler/hdl/rtl/ethernet/ethernet_point_to_multipoint_hub.sv
2025-03-14 12:08:10.878 [info] [VerilogDocumentSymbolProvider] 1 top-level symbols returned
2025-03-14 12:08:14.217 [info] [VerilogDocumentSymbolProvider] [VerilogSymbol] Symbols Requested: file:///home/sgass/Projects/kepler/hdl/rtl/ethernet/ethernet_point_to_multipoint_hub.sv
2025-03-14 12:08:14.219 [info] [VerilogDocumentSymbolProvider] 1 top-level symbols returned
2025-03-14 12:08:24.431 [info] [VerilogDocumentSymbolProvider] [VerilogSymbol] Symbols Requested: file:///home/sgass/Projects/kepler/hdl/rtl/ethernet/ethernet_point_to_multipoint_hub.sv
2025-03-14 12:08:24.434 [info] [VerilogDocumentSymbolProvider] 1 top-level symbols returned
2025-03-14 12:08:24.592 [info] [VerilogCompletionItemProvider] Completion items requested
2025-03-14 12:08:24.592 [info] [VerilogCompletionItemProvider] 74 items requested
2025-03-14 12:08:25.484 [info] [VerilogDocumentSymbolProvider] [VerilogSymbol] Symbols Requested: file:///home/sgass/Projects/kepler/hdl/rtl/ethernet/ethernet_point_to_multipoint_hub.sv
2025-03-14 12:08:25.486 [info] [VerilogDocumentSymbolProvider] 1 top-level symbols returned
2025-03-14 12:08:25.928 [info] [VerilogDocumentSymbolProvider] [VerilogSymbol] Symbols Requested: file:///home/sgass/Projects/kepler/hdl/rtl/ethernet/ethernet_point_to_multipoint_hub.sv
2025-03-14 12:08:25.930 [info] [VerilogDocumentSymbolProvider] 1 top-level symbols returned
2025-03-14 12:08:27.905 [info] [VerilogDocumentSymbolProvider] [VerilogSymbol] Symbols Requested: file:///home/sgass/Projects/kepler/hdl/rtl/ethernet/ethernet_point_to_multipoint_hub.sv
2025-03-14 12:08:27.908 [info] [VerilogDocumentSymbolProvider] 1 top-level symbols returned
2025-03-14 12:08:32.855 [info] [VerilogCompletionItemProvider] Completion items requested
2025-03-14 12:08:32.856 [info] [VerilogCompletionItemProvider] 74 items requested
2025-03-14 12:08:33.373 [info] [VerilogDocumentSymbolProvider] [VerilogSymbol] Symbols Requested: file:///home/sgass/Projects/kepler/hdl/rtl/ethernet/ethernet_point_to_multipoint_hub.sv
2025-03-14 12:08:33.375 [info] [VerilogDocumentSymbolProvider] 1 top-level symbols returned
2025-03-14 12:08:33.625 [info] [VerilogCompletionItemProvider] Completion items requested
2025-03-14 12:08:33.625 [info] [VerilogCompletionItemProvider] 74 items requested
2025-03-14 12:08:33.976 [info] [VerilogDocumentSymbolProvider] [VerilogSymbol] Symbols Requested: file:///home/sgass/Projects/kepler/hdl/rtl/ethernet/ethernet_point_to_multipoint_hub.sv
2025-03-14 12:08:33.978 [info] [VerilogDocumentSymbolProvider] 1 top-level symbols returned
2025-03-14 12:08:39.009 [info] [VerilogDocumentSymbolProvider] [VerilogSymbol] Symbols Requested: file:///home/sgass/Projects/kepler/hdl/rtl/ethernet/ethernet_point_to_multipoint_hub.sv
2025-03-14 12:08:39.012 [info] [VerilogDocumentSymbolProvider] 1 top-level symbols returned
2025-03-14 12:08:39.990 [info] [VerilogDocumentSymbolProvider] [VerilogSymbol] Symbols Requested: file:///home/sgass/Projects/kepler/hdl/rtl/ethernet/ethernet_point_to_multipoint_hub.sv
2025-03-14 12:08:39.992 [info] [VerilogDocumentSymbolProvider] 1 top-level symbols returned
2025-03-14 12:08:41.691 [info] [VerilogDocumentSymbolProvider] [VerilogSymbol] Symbols Requested: file:///home/sgass/Projects/kepler/hdl/rtl/ethernet/ethernet_point_to_multipoint_hub.sv
2025-03-14 12:08:41.694 [info] [VerilogDocumentSymbolProvider] 1 top-level symbols returned
2025-03-14 12:08:42.662 [info] [VerilogDocumentSymbolProvider] [VerilogSymbol] Symbols Requested: file:///home/sgass/Projects/kepler/hdl/rtl/ethernet/ethernet_point_to_multipoint_hub.sv
2025-03-14 12:08:42.664 [info] [VerilogDocumentSymbolProvider] 1 top-level symbols returned
2025-03-14 12:08:43.025 [info] [VerilogCompletionItemProvider] Completion items requested
2025-03-14 12:08:43.026 [info] [VerilogCompletionItemProvider] 74 items requested
2025-03-14 12:08:43.192 [info] [VerilogCompletionItemProvider] Completion items requested
2025-03-14 12:08:43.192 [info] [VerilogCompletionItemProvider] 74 items requested
2025-03-14 12:08:43.676 [info] [VerilogDocumentSymbolProvider] [VerilogSymbol] Symbols Requested: file:///home/sgass/Projects/kepler/hdl/rtl/ethernet/ethernet_point_to_multipoint_hub.sv
2025-03-14 12:08:43.678 [info] [VerilogDocumentSymbolProvider] 1 top-level symbols returned
2025-03-14 12:08:44.732 [info] [VerilogDocumentSymbolProvider] [VerilogSymbol] Symbols Requested: file:///home/sgass/Projects/kepler/hdl/rtl/ethernet/ethernet_point_to_multipoint_hub.sv
2025-03-14 12:08:44.734 [info] [VerilogDocumentSymbolProvider] 1 top-level symbols returned
2025-03-14 12:08:45.801 [info] [VerilogHoverProvider] Hover requested
2025-03-14 12:08:46.251 [warning] [VerilogHoverProvider] Hover object not found
2025-03-14 12:08:49.387 [info] [VerilogDocumentSymbolProvider] [VerilogSymbol] Symbols Requested: file:///home/sgass/Projects/kepler/hdl/rtl/ethernet/ethernet_point_to_multipoint_hub.sv
2025-03-14 12:08:49.389 [info] [VerilogDocumentSymbolProvider] 1 top-level symbols returned
2025-03-14 12:08:51.524 [info] [VerilogDocumentSymbolProvider] [VerilogSymbol] Symbols Requested: file:///home/sgass/Projects/kepler/hdl/rtl/ethernet/ethernet_point_to_multipoint_hub.sv
2025-03-14 12:08:51.526 [info] [VerilogDocumentSymbolProvider] 1 top-level symbols returned
2025-03-14 12:08:57.100 [info] [VerilogDocumentSymbolProvider] [VerilogSymbol] Symbols Requested: file:///home/sgass/Projects/kepler/hdl/rtl/ethernet/ethernet_point_to_multipoint_hub.sv
2025-03-14 12:08:57.102 [info] [VerilogDocumentSymbolProvider] 1 top-level symbols returned
2025-03-14 12:08:58.311 [info] [VerilogDocumentSymbolProvider] [VerilogSymbol] Symbols Requested: file:///home/sgass/Projects/kepler/hdl/rtl/ethernet/ethernet_point_to_multipoint_hub.sv
2025-03-14 12:08:58.312 [info] [VerilogDocumentSymbolProvider] 1 top-level symbols returned
2025-03-14 12:08:58.652 [info] [VerilogCompletionItemProvider] Completion items requested
2025-03-14 12:08:58.652 [info] [VerilogCompletionItemProvider] 74 items requested
2025-03-14 12:08:59.926 [info] [VerilogDocumentSymbolProvider] [VerilogSymbol] Symbols Requested: file:///home/sgass/Projects/kepler/hdl/rtl/ethernet/ethernet_point_to_multipoint_hub.sv
2025-03-14 12:08:59.929 [info] [VerilogDocumentSymbolProvider] 1 top-level symbols returned
2025-03-14 12:09:00.144 [info] [VerilogCompletionItemProvider] Completion items requested
2025-03-14 12:09:00.144 [info] [VerilogCompletionItemProvider] 74 items requested
2025-03-14 12:09:00.375 [info] [VerilogCompletionItemProvider] Completion items requested
2025-03-14 12:09:00.375 [info] [VerilogCompletionItemProvider] 74 items requested
2025-03-14 12:09:00.443 [info] [VerilogCompletionItemProvider] Completion items requested
2025-03-14 12:09:00.443 [info] [VerilogCompletionItemProvider] 74 items requested
2025-03-14 12:09:00.658 [info] [VerilogCompletionItemProvider] Completion items requested
2025-03-14 12:09:00.658 [info] [VerilogCompletionItemProvider] 74 items requested
2025-03-14 12:09:00.994 [info] [VerilogDocumentSymbolProvider] [VerilogSymbol] Symbols Requested: file:///home/sgass/Projects/kepler/hdl/rtl/ethernet/ethernet_point_to_multipoint_hub.sv
2025-03-14 12:09:00.997 [info] [VerilogDocumentSymbolProvider] 1 top-level symbols returned
2025-03-14 12:09:01.199 [info] [VerilogCompletionItemProvider] Completion items requested
2025-03-14 12:09:01.199 [info] [VerilogCompletionItemProvider] 74 items requested
2025-03-14 12:09:01.312 [info] [VerilogCompletionItemProvider] Completion items requested
2025-03-14 12:09:01.313 [info] [VerilogCompletionItemProvider] 74 items requested
2025-03-14 12:09:01.900 [info] [VerilogDocumentSymbolProvider] [VerilogSymbol] Symbols Requested: file:///home/sgass/Projects/kepler/hdl/rtl/ethernet/ethernet_point_to_multipoint_hub.sv
2025-03-14 12:09:01.902 [info] [VerilogDocumentSymbolProvider] 1 top-level symbols returned
2025-03-14 12:09:05.838 [info] [VerilogCompletionItemProvider] Completion items requested
2025-03-14 12:09:05.838 [info] [VerilogCompletionItemProvider] 74 items requested
2025-03-14 12:09:06.298 [info] [VerilogDocumentSymbolProvider] [VerilogSymbol] Symbols Requested: file:///home/sgass/Projects/kepler/hdl/rtl/ethernet/ethernet_point_to_multipoint_hub.sv
2025-03-14 12:09:06.300 [info] [VerilogDocumentSymbolProvider] 1 top-level symbols returned
2025-03-14 12:09:07.584 [info] [VerilogCompletionItemProvider] Completion items requested
2025-03-14 12:09:07.584 [info] [VerilogCompletionItemProvider] 74 items requested
2025-03-14 12:09:07.747 [info] [VerilogCompletionItemProvider] Completion items requested
2025-03-14 12:09:07.747 [info] [VerilogCompletionItemProvider] 74 items requested
2025-03-14 12:09:07.847 [info] [VerilogCompletionItemProvider] Completion items requested
2025-03-14 12:09:07.847 [info] [VerilogCompletionItemProvider] 74 items requested
2025-03-14 12:09:08.185 [info] [VerilogDocumentSymbolProvider] [VerilogSymbol] Symbols Requested: file:///home/sgass/Projects/kepler/hdl/rtl/ethernet/ethernet_point_to_multipoint_hub.sv
2025-03-14 12:09:08.187 [info] [VerilogDocumentSymbolProvider] 1 top-level symbols returned
2025-03-14 12:09:10.173 [info] [VerilogCompletionItemProvider] Completion items requested
2025-03-14 12:09:10.174 [info] [VerilogCompletionItemProvider] 74 items requested
2025-03-14 12:09:11.769 [info] [VerilogDocumentSymbolProvider] [VerilogSymbol] Symbols Requested: file:///home/sgass/Projects/kepler/hdl/rtl/ethernet/ethernet_point_to_multipoint_hub.sv
2025-03-14 12:09:11.771 [info] [VerilogDocumentSymbolProvider] 1 top-level symbols returned
2025-03-14 12:09:12.385 [info] [VerilogCompletionItemProvider] Completion items requested
2025-03-14 12:09:12.385 [info] [VerilogCompletionItemProvider] 74 items requested
2025-03-14 12:09:12.572 [info] [VerilogCompletionItemProvider] Completion items requested
2025-03-14 12:09:12.572 [info] [VerilogCompletionItemProvider] 74 items requested
2025-03-14 12:09:12.639 [info] [VerilogCompletionItemProvider] Completion items requested
2025-03-14 12:09:12.640 [info] [VerilogCompletionItemProvider] 74 items requested
2025-03-14 12:09:12.980 [info] [VerilogDocumentSymbolProvider] [VerilogSymbol] Symbols Requested: file:///home/sgass/Projects/kepler/hdl/rtl/ethernet/ethernet_point_to_multipoint_hub.sv
2025-03-14 12:09:12.982 [info] [VerilogDocumentSymbolProvider] 1 top-level symbols returned
2025-03-14 12:09:14.095 [info] [VerilogDocumentSymbolProvider] [VerilogSymbol] Symbols Requested: file:///home/sgass/Projects/kepler/hdl/rtl/ethernet/ethernet_point_to_multipoint_hub.sv
2025-03-14 12:09:14.097 [info] [VerilogDocumentSymbolProvider] 1 top-level symbols returned
2025-03-14 12:09:14.904 [info] [VerilogDocumentSymbolProvider] [VerilogSymbol] Symbols Requested: file:///home/sgass/Projects/kepler/hdl/rtl/ethernet/ethernet_point_to_multipoint_hub.sv
2025-03-14 12:09:14.907 [info] [VerilogDocumentSymbolProvider] 1 top-level symbols returned
2025-03-14 12:09:17.023 [info] [VerilogCompletionItemProvider] Completion items requested
2025-03-14 12:09:17.023 [info] [VerilogCompletionItemProvider] 74 items requested
2025-03-14 12:09:17.703 [info] [VerilogDocumentSymbolProvider] [VerilogSymbol] Symbols Requested: file:///home/sgass/Projects/kepler/hdl/rtl/ethernet/ethernet_point_to_multipoint_hub.sv
2025-03-14 12:09:17.705 [info] [VerilogDocumentSymbolProvider] 1 top-level symbols returned
2025-03-14 12:09:19.712 [info] [VerilogDocumentSymbolProvider] [VerilogSymbol] Symbols Requested: file:///home/sgass/Projects/kepler/hdl/rtl/ethernet/ethernet_point_to_multipoint_hub.sv
2025-03-14 12:09:19.715 [info] [VerilogDocumentSymbolProvider] 1 top-level symbols returned
2025-03-14 12:09:23.997 [info] [VerilogCompletionItemProvider] Completion items requested
2025-03-14 12:09:23.998 [info] [VerilogCompletionItemProvider] 74 items requested
2025-03-14 12:09:25.192 [info] [VerilogDocumentSymbolProvider] [VerilogSymbol] Symbols Requested: file:///home/sgass/Projects/kepler/hdl/rtl/ethernet/ethernet_point_to_multipoint_hub.sv
2025-03-14 12:09:25.194 [info] [VerilogDocumentSymbolProvider] 1 top-level symbols returned
2025-03-14 12:09:25.292 [info] [VerilogCompletionItemProvider] Completion items requested
2025-03-14 12:09:25.292 [info] [VerilogCompletionItemProvider] 74 items requested
2025-03-14 12:09:25.484 [info] [VerilogCompletionItemProvider] Completion items requested
2025-03-14 12:09:25.484 [info] [VerilogCompletionItemProvider] 74 items requested
2025-03-14 12:09:25.824 [info] [VerilogDocumentSymbolProvider] [VerilogSymbol] Symbols Requested: file:///home/sgass/Projects/kepler/hdl/rtl/ethernet/ethernet_point_to_multipoint_hub.sv
2025-03-14 12:09:25.826 [info] [VerilogDocumentSymbolProvider] 1 top-level symbols returned
2025-03-14 12:09:28.411 [info] [VerilogDocumentSymbolProvider] [VerilogSymbol] Symbols Requested: file:///home/sgass/Projects/kepler/hdl/rtl/ethernet/ethernet_point_to_multipoint_hub.sv
2025-03-14 12:09:28.413 [info] [VerilogDocumentSymbolProvider] 1 top-level symbols returned
2025-03-14 12:09:29.157 [info] [VerilogDocumentSymbolProvider] [VerilogSymbol] Symbols Requested: file:///home/sgass/Projects/kepler/hdl/rtl/ethernet/ethernet_point_to_multipoint_hub.sv
2025-03-14 12:09:29.159 [info] [VerilogDocumentSymbolProvider] 1 top-level symbols returned
2025-03-14 12:09:31.241 [info] [VerilogDocumentSymbolProvider] [VerilogSymbol] Symbols Requested: file:///home/sgass/Projects/kepler/hdl/rtl/ethernet/ethernet_point_to_multipoint_hub.sv
2025-03-14 12:09:31.243 [info] [VerilogDocumentSymbolProvider] 1 top-level symbols returned
2025-03-14 12:09:31.344 [info] [VerilogCompletionItemProvider] Completion items requested
2025-03-14 12:09:31.344 [info] [VerilogCompletionItemProvider] 74 items requested
2025-03-14 12:09:31.565 [info] [VerilogCompletionItemProvider] Completion items requested
2025-03-14 12:09:31.565 [info] [VerilogCompletionItemProvider] 74 items requested
2025-03-14 12:09:31.702 [info] [VerilogCompletionItemProvider] Completion items requested
2025-03-14 12:09:31.702 [info] [VerilogCompletionItemProvider] 74 items requested
2025-03-14 12:09:31.842 [info] [VerilogCompletionItemProvider] Completion items requested
2025-03-14 12:09:31.843 [info] [VerilogCompletionItemProvider] 74 items requested
2025-03-14 12:09:31.917 [info] [VerilogCompletionItemProvider] Completion items requested
2025-03-14 12:09:31.917 [info] [VerilogCompletionItemProvider] 74 items requested
2025-03-14 12:09:33.279 [info] [VerilogDocumentSymbolProvider] [VerilogSymbol] Symbols Requested: file:///home/sgass/Projects/kepler/hdl/rtl/ethernet/ethernet_point_to_multipoint_hub.sv
2025-03-14 12:09:33.281 [info] [VerilogDocumentSymbolProvider] 1 top-level symbols returned
2025-03-14 12:09:41.503 [info] [VerilogHoverProvider] Hover requested
2025-03-14 12:09:42.337 [info] [VerilogHoverProvider] Hover requested
2025-03-14 12:09:42.787 [info] [VerilogHoverProvider] Hover object returned
2025-03-14 12:09:45.334 [info] [VerilogCompletionItemProvider] Completion items requested
2025-03-14 12:09:45.334 [info] [VerilogCompletionItemProvider] 74 items requested
2025-03-14 12:09:46.273 [info] [VerilogDocumentSymbolProvider] [VerilogSymbol] Symbols Requested: file:///home/sgass/Projects/kepler/hdl/rtl/ethernet/ethernet_point_to_multipoint_hub.sv
2025-03-14 12:09:46.275 [info] [VerilogDocumentSymbolProvider] 1 top-level symbols returned
2025-03-14 12:09:47.511 [info] [VerilogDocumentSymbolProvider] [VerilogSymbol] Symbols Requested: file:///home/sgass/Projects/kepler/hdl/rtl/ethernet/ethernet_point_to_multipoint_hub.sv
2025-03-14 12:09:47.513 [info] [VerilogDocumentSymbolProvider] 1 top-level symbols returned
2025-03-14 12:09:48.888 [info] [VerilogDocumentSymbolProvider] [VerilogSymbol] Symbols Requested: file:///home/sgass/Projects/kepler/hdl/rtl/ethernet/ethernet_point_to_multipoint_hub.sv
2025-03-14 12:09:48.890 [info] [VerilogDocumentSymbolProvider] 1 top-level symbols returned
2025-03-14 12:09:49.252 [info] [VerilogDocumentSymbolProvider] [VerilogSymbol] Symbols Requested: file:///home/sgass/Projects/kepler/hdl/rtl/ethernet/ethernet_point_to_multipoint_hub.sv
2025-03-14 12:09:49.254 [info] [VerilogDocumentSymbolProvider] 1 top-level symbols returned
2025-03-14 12:09:50.371 [info] [VerilogDocumentSymbolProvider] [VerilogSymbol] Symbols Requested: file:///home/sgass/Projects/kepler/hdl/rtl/ethernet/ethernet_point_to_multipoint_hub.sv
2025-03-14 12:09:50.373 [info] [VerilogDocumentSymbolProvider] 1 top-level symbols returned
2025-03-14 12:09:51.278 [info] [VerilogDocumentSymbolProvider] [VerilogSymbol] Symbols Requested: file:///home/sgass/Projects/kepler/hdl/rtl/ethernet/ethernet_point_to_multipoint_hub.sv
2025-03-14 12:09:51.280 [info] [VerilogDocumentSymbolProvider] 1 top-level symbols returned
2025-03-14 12:09:53.519 [info] [VerilogDocumentSymbolProvider] [VerilogSymbol] Symbols Requested: file:///home/sgass/Projects/kepler/hdl/rtl/ethernet/ethernet_point_to_multipoint_hub.sv
2025-03-14 12:09:53.521 [info] [VerilogDocumentSymbolProvider] 1 top-level symbols returned
2025-03-14 12:09:55.032 [info] [VerilogCompletionItemProvider] Completion items requested
2025-03-14 12:09:55.032 [info] [VerilogCompletionItemProvider] 74 items requested
2025-03-14 12:09:55.382 [info] [VerilogDocumentSymbolProvider] [VerilogSymbol] Symbols Requested: file:///home/sgass/Projects/kepler/hdl/rtl/ethernet/ethernet_point_to_multipoint_hub.sv
2025-03-14 12:09:55.384 [info] [VerilogDocumentSymbolProvider] 1 top-level symbols returned
2025-03-14 12:09:58.018 [info] [VerilogDocumentSymbolProvider] [VerilogSymbol] Symbols Requested: file:///home/sgass/Projects/kepler/hdl/rtl/ethernet/ethernet_point_to_multipoint_hub.sv
2025-03-14 12:09:58.020 [info] [VerilogDocumentSymbolProvider] 1 top-level symbols returned
2025-03-14 12:09:59.839 [info] [VerilogDocumentSymbolProvider] [VerilogSymbol] Symbols Requested: file:///home/sgass/Projects/kepler/hdl/rtl/ethernet/ethernet_point_to_multipoint_hub.sv
2025-03-14 12:09:59.841 [info] [VerilogDocumentSymbolProvider] 1 top-level symbols returned
2025-03-14 12:10:03.290 [info] [VerilogDocumentSymbolProvider] [VerilogSymbol] Symbols Requested: file:///home/sgass/Projects/kepler/hdl/rtl/ethernet/ethernet_point_to_multipoint_hub.sv
2025-03-14 12:10:03.292 [info] [VerilogDocumentSymbolProvider] 1 top-level symbols returned
2025-03-14 12:10:03.424 [info] [VerilogCompletionItemProvider] Completion items requested
2025-03-14 12:10:03.424 [info] [VerilogCompletionItemProvider] 74 items requested
2025-03-14 12:10:03.765 [info] [VerilogDocumentSymbolProvider] [VerilogSymbol] Symbols Requested: file:///home/sgass/Projects/kepler/hdl/rtl/ethernet/ethernet_point_to_multipoint_hub.sv
2025-03-14 12:10:03.767 [info] [VerilogDocumentSymbolProvider] 1 top-level symbols returned
2025-03-14 12:10:04.837 [info] [VerilogCompletionItemProvider] Completion items requested
2025-03-14 12:10:04.838 [info] [VerilogCompletionItemProvider] 74 items requested
2025-03-14 12:10:05.044 [info] [VerilogCompletionItemProvider] Completion items requested
2025-03-14 12:10:05.044 [info] [VerilogCompletionItemProvider] 74 items requested
2025-03-14 12:10:05.117 [info] [VerilogCompletionItemProvider] Completion items requested
2025-03-14 12:10:05.117 [info] [VerilogCompletionItemProvider] 74 items requested
2025-03-14 12:10:05.455 [info] [VerilogDocumentSymbolProvider] [VerilogSymbol] Symbols Requested: file:///home/sgass/Projects/kepler/hdl/rtl/ethernet/ethernet_point_to_multipoint_hub.sv
2025-03-14 12:10:05.457 [info] [VerilogDocumentSymbolProvider] 1 top-level symbols returned
2025-03-14 12:10:08.037 [info] [VerilogHoverProvider] Hover requested
2025-03-14 12:10:16.485 [info] [VerilogHoverProvider] Hover requested
2025-03-14 12:10:16.956 [warning] [VerilogHoverProvider] Hover object not found
2025-03-14 12:10:17.453 [info] [VerilogHoverProvider] Hover requested
2025-03-14 12:10:17.923 [warning] [VerilogHoverProvider] Hover object not found
2025-03-14 12:10:19.383 [info] [VerilogDocumentSymbolProvider] [VerilogSymbol] Symbols Requested: file:///home/sgass/Projects/kepler/hdl/rtl/ethernet/ethernet_point_to_multipoint_hub.sv
2025-03-14 12:10:19.385 [info] [VerilogDocumentSymbolProvider] 1 top-level symbols returned
2025-03-14 12:10:19.790 [info] [VerilogDocumentSymbolProvider] [VerilogSymbol] Symbols Requested: file:///home/sgass/Projects/kepler/hdl/rtl/ethernet/ethernet_point_to_multipoint_hub.sv
2025-03-14 12:10:19.791 [info] [VerilogDocumentSymbolProvider] 1 top-level symbols returned
2025-03-14 12:10:20.797 [info] [VerilogDocumentSymbolProvider] [VerilogSymbol] Symbols Requested: file:///home/sgass/Projects/kepler/hdl/rtl/ethernet/ethernet_point_to_multipoint_hub.sv
2025-03-14 12:10:20.799 [info] [VerilogDocumentSymbolProvider] 1 top-level symbols returned
2025-03-14 12:10:22.603 [info] [VerilogHoverProvider] Hover requested
2025-03-14 12:10:23.021 [warning] [VerilogHoverProvider] Hover object not found
2025-03-14 12:10:26.034 [info] [VerilogDocumentSymbolProvider] [VerilogSymbol] Symbols Requested: file:///home/sgass/Projects/kepler/hdl/rtl/ethernet/ethernet_point_to_multipoint_hub.sv
2025-03-14 12:10:26.035 [info] [VerilogDocumentSymbolProvider] 1 top-level symbols returned
2025-03-14 12:10:31.438 [info] [VerilogDocumentSymbolProvider] [VerilogSymbol] Symbols Requested: file:///home/sgass/Projects/kepler/hdl/rtl/ethernet/ethernet_point_to_multipoint_hub.sv
2025-03-14 12:10:31.440 [info] [VerilogDocumentSymbolProvider] 1 top-level symbols returned
2025-03-14 12:10:32.235 [info] [VerilogHoverProvider] Hover requested
2025-03-14 12:10:32.672 [warning] [VerilogHoverProvider] Hover object not found
2025-03-14 12:10:37.070 [info] [VerilogHoverProvider] Hover requested
2025-03-14 12:10:37.512 [warning] [VerilogHoverProvider] Hover object not found
2025-03-14 12:10:37.701 [info] [VerilogHoverProvider] Hover requested
2025-03-14 12:10:38.137 [info] [VerilogHoverProvider] Hover object returned
2025-03-14 12:10:38.851 [info] [VerilogCompletionItemProvider] Completion items requested
2025-03-14 12:10:38.851 [info] [VerilogCompletionItemProvider] 74 items requested
2025-03-14 12:10:39.191 [info] [VerilogDocumentSymbolProvider] [VerilogSymbol] Symbols Requested: file:///home/sgass/Projects/kepler/hdl/rtl/ethernet/ethernet_point_to_multipoint_hub.sv
2025-03-14 12:10:39.194 [info] [VerilogDocumentSymbolProvider] 1 top-level symbols returned
2025-03-14 12:10:39.546 [info] [VerilogCompletionItemProvider] Completion items requested
2025-03-14 12:10:39.546 [info] [VerilogCompletionItemProvider] 74 items requested
2025-03-14 12:10:39.775 [info] [VerilogCompletionItemProvider] Completion items requested
2025-03-14 12:10:39.775 [info] [VerilogCompletionItemProvider] 74 items requested
2025-03-14 12:10:40.008 [info] [VerilogCompletionItemProvider] Completion items requested
2025-03-14 12:10:40.008 [info] [VerilogCompletionItemProvider] 74 items requested
2025-03-14 12:10:40.346 [info] [VerilogDocumentSymbolProvider] [VerilogSymbol] Symbols Requested: file:///home/sgass/Projects/kepler/hdl/rtl/ethernet/ethernet_point_to_multipoint_hub.sv
2025-03-14 12:10:40.348 [info] [VerilogDocumentSymbolProvider] 1 top-level symbols returned
2025-03-14 12:10:41.451 [info] [VerilogHoverProvider] Hover requested
2025-03-14 12:10:41.927 [warning] [VerilogHoverProvider] Hover object not found
2025-03-14 12:10:43.118 [info] [VerilogHoverProvider] Hover requested
2025-03-14 12:10:43.535 [warning] [VerilogHoverProvider] Hover object not found
2025-03-14 12:10:44.869 [info] [VerilogDocumentSymbolProvider] [VerilogSymbol] Symbols Requested: file:///home/sgass/Projects/kepler/hdl/rtl/ethernet/ethernet_point_to_multipoint_hub.sv
2025-03-14 12:10:44.871 [info] [VerilogDocumentSymbolProvider] 1 top-level symbols returned
2025-03-14 12:10:46.546 [info] [VerilogDocumentSymbolProvider] [VerilogSymbol] Symbols Requested: file:///home/sgass/Projects/kepler/hdl/rtl/ethernet/ethernet_point_to_multipoint_hub.sv
2025-03-14 12:10:46.548 [info] [VerilogDocumentSymbolProvider] 1 top-level symbols returned
2025-03-14 12:10:47.701 [info] [VerilogHoverProvider] Hover requested
2025-03-14 12:10:48.133 [warning] [VerilogHoverProvider] Hover object not found
2025-03-14 12:10:49.353 [info] [VerilogCompletionItemProvider] Completion items requested
2025-03-14 12:10:49.353 [info] [VerilogCompletionItemProvider] 74 items requested
2025-03-14 12:10:49.607 [info] [VerilogCompletionItemProvider] Completion items requested
2025-03-14 12:10:49.607 [info] [VerilogCompletionItemProvider] 74 items requested
2025-03-14 12:10:49.825 [info] [VerilogCompletionItemProvider] Completion items requested
2025-03-14 12:10:49.825 [info] [VerilogCompletionItemProvider] 74 items requested
2025-03-14 12:10:50.027 [info] [VerilogCompletionItemProvider] Completion items requested
2025-03-14 12:10:50.027 [info] [VerilogCompletionItemProvider] 74 items requested
2025-03-14 12:10:50.367 [info] [VerilogDocumentSymbolProvider] [VerilogSymbol] Symbols Requested: file:///home/sgass/Projects/kepler/hdl/rtl/ethernet/ethernet_point_to_multipoint_hub.sv
2025-03-14 12:10:50.369 [info] [VerilogDocumentSymbolProvider] 1 top-level symbols returned
2025-03-14 12:10:58.189 [info] [VerilogDocumentSymbolProvider] [VerilogSymbol] Symbols Requested: file:///home/sgass/Projects/kepler/hdl/rtl/ethernet/ethernet_point_to_multipoint_hub.sv
2025-03-14 12:10:58.191 [info] [VerilogDocumentSymbolProvider] 1 top-level symbols returned
2025-03-14 12:11:00.535 [info] [VerilogHoverProvider] Hover requested
2025-03-14 12:11:00.917 [info] [VerilogHoverProvider] Hover requested
2025-03-14 12:11:00.977 [info] [VerilogHoverProvider] Hover object returned
2025-03-14 12:11:01.342 [info] [VerilogHoverProvider] Hover object returned
2025-03-14 12:11:01.402 [info] [VerilogHoverProvider] Hover requested
2025-03-14 12:11:01.863 [info] [VerilogHoverProvider] Hover object returned
2025-03-14 12:11:02.318 [info] [VerilogHoverProvider] Hover requested
2025-03-14 12:11:02.592 [info] [VerilogDefinitionProvider] Definitions Requested: file:///home/sgass/Projects/kepler/hdl/rtl/ethernet/ethernet_point_to_multipoint_hub.sv
2025-03-14 12:11:02.800 [info] [VerilogHoverProvider] Hover object returned
2025-03-14 12:11:03.017 [info] [VerilogDefinitionProvider] 1 definitions returned
2025-03-14 12:11:03.303 [info] [VerilogDocumentSymbolProvider] [VerilogSymbol] Symbols Requested: file:///home/sgass/Projects/kepler/hdl/rtl/ethernet/ethernet_point_to_multipoint_hub.sv
2025-03-14 12:11:03.305 [info] [VerilogDocumentSymbolProvider] 1 top-level symbols returned
2025-03-14 12:11:05.202 [info] [VerilogHoverProvider] Hover requested
2025-03-14 12:11:20.479 [info] [VerilogDocumentSymbolProvider] [VerilogSymbol] Symbols Requested: file:///home/sgass/Projects/kepler/hdl/rtl/ethernet/ethernet_point_to_multipoint_hub.sv
2025-03-14 12:11:20.481 [info] [VerilogDocumentSymbolProvider] 1 top-level symbols returned
2025-03-14 12:11:22.942 [info] [VerilogDocumentSymbolProvider] [VerilogSymbol] Symbols Requested: file:///home/sgass/Projects/kepler/hdl/rtl/ethernet/ethernet_point_to_multipoint_hub.sv
2025-03-14 12:11:22.944 [info] [VerilogDocumentSymbolProvider] 1 top-level symbols returned
2025-03-14 12:11:23.960 [info] [VerilogDocumentSymbolProvider] [VerilogSymbol] Symbols Requested: file:///home/sgass/Projects/kepler/hdl/rtl/ethernet/ethernet_point_to_multipoint_hub.sv
2025-03-14 12:11:23.963 [info] [VerilogDocumentSymbolProvider] 1 top-level symbols returned
2025-03-14 12:11:25.131 [info] [VerilogDocumentSymbolProvider] [VerilogSymbol] Symbols Requested: file:///home/sgass/Projects/kepler/hdl/rtl/ethernet/ethernet_point_to_multipoint_hub.sv
2025-03-14 12:11:25.133 [info] [VerilogDocumentSymbolProvider] 1 top-level symbols returned
2025-03-14 12:11:25.524 [info] [VerilogDocumentSymbolProvider] [VerilogSymbol] Symbols Requested: file:///home/sgass/Projects/kepler/hdl/rtl/ethernet/ethernet_point_to_multipoint_hub.sv
2025-03-14 12:11:25.526 [info] [VerilogDocumentSymbolProvider] 1 top-level symbols returned
2025-03-14 12:11:26.285 [info] [VerilogCompletionItemProvider] Completion items requested
2025-03-14 12:11:26.285 [info] [VerilogCompletionItemProvider] 74 items requested
2025-03-14 12:11:29.056 [info] [VerilogDocumentSymbolProvider] [VerilogSymbol] Symbols Requested: file:///home/sgass/Projects/kepler/hdl/rtl/ethernet/ethernet_point_to_multipoint_hub.sv
2025-03-14 12:11:29.058 [info] [VerilogDocumentSymbolProvider] 1 top-level symbols returned
2025-03-14 12:11:30.923 [info] [VerilogDocumentSymbolProvider] [VerilogSymbol] Symbols Requested: file:///home/sgass/Projects/kepler/hdl/rtl/ethernet/ethernet_point_to_multipoint_hub.sv
2025-03-14 12:11:30.926 [info] [VerilogDocumentSymbolProvider] 1 top-level symbols returned
2025-03-14 12:11:34.665 [info] [VerilogDocumentSymbolProvider] [VerilogSymbol] Symbols Requested: file:///home/sgass/Projects/kepler/hdl/rtl/ethernet/ethernet_point_to_multipoint_hub.sv
2025-03-14 12:11:34.666 [info] [VerilogDocumentSymbolProvider] 1 top-level symbols returned
2025-03-14 12:11:38.350 [info] [VerilogCompletionItemProvider] Completion items requested
2025-03-14 12:11:38.350 [info] [VerilogCompletionItemProvider] 74 items requested
2025-03-14 12:11:38.699 [info] [VerilogDocumentSymbolProvider] [VerilogSymbol] Symbols Requested: file:///home/sgass/Projects/kepler/hdl/rtl/ethernet/ethernet_point_to_multipoint_hub.sv
2025-03-14 12:11:38.701 [info] [VerilogDocumentSymbolProvider] 1 top-level symbols returned
2025-03-14 12:11:39.748 [info] [VerilogHoverProvider] Hover requested
2025-03-14 12:11:40.207 [warning] [VerilogHoverProvider] Hover object not found
2025-03-14 12:11:49.351 [info] [VerilogHoverProvider] Hover requested
2025-03-14 12:11:49.806 [warning] [VerilogHoverProvider] Hover object not found
2025-03-14 12:11:51.690 [info] [VerilogDocumentSymbolProvider] [VerilogSymbol] Symbols Requested: file:///home/sgass/Projects/kepler/hdl/rtl/ethernet/ethernet_point_to_multipoint_hub.sv
2025-03-14 12:11:51.692 [info] [VerilogDocumentSymbolProvider] 1 top-level symbols returned
2025-03-14 12:11:52.399 [info] [VerilogHoverProvider] Hover requested
2025-03-14 12:11:52.634 [info] [VerilogHoverProvider] Hover requested
2025-03-14 12:11:52.842 [warning] [VerilogHoverProvider] Hover object not found
2025-03-14 12:11:53.049 [warning] [VerilogHoverProvider] Hover object not found
2025-03-14 12:11:53.366 [info] [VerilogDefinitionProvider] Definitions Requested: file:///home/sgass/Projects/kepler/hdl/rtl/ethernet/ethernet_point_to_multipoint_hub.sv
2025-03-14 12:11:53.854 [info] [VerilogDefinitionProvider] 0 definitions returned
2025-03-14 12:11:55.250 [info] [VerilogDocumentSymbolProvider] [VerilogSymbol] Symbols Requested: file:///home/sgass/Projects/kepler/hdl/rtl/ethernet/ethernet_point_to_multipoint_hub.sv
2025-03-14 12:11:55.252 [info] [VerilogDocumentSymbolProvider] 1 top-level symbols returned
2025-03-14 12:11:55.639 [info] [VerilogDocumentSymbolProvider] [VerilogSymbol] Symbols Requested: file:///home/sgass/Projects/kepler/hdl/rtl/ethernet/ethernet_point_to_multipoint_hub.sv
2025-03-14 12:11:55.641 [info] [VerilogDocumentSymbolProvider] 1 top-level symbols returned
2025-03-14 12:11:57.769 [info] [VerilogDocumentSymbolProvider] [VerilogSymbol] Symbols Requested: file:///home/sgass/Projects/kepler/hdl/rtl/ethernet/ethernet_point_to_multipoint_hub.sv
2025-03-14 12:11:57.771 [info] [VerilogDocumentSymbolProvider] 1 top-level symbols returned
2025-03-14 12:12:00.190 [info] [VerilogDocumentSymbolProvider] [VerilogSymbol] Symbols Requested: file:///home/sgass/Projects/kepler/hdl/rtl/ethernet/ethernet_point_to_multipoint_hub.sv
2025-03-14 12:12:00.192 [info] [VerilogDocumentSymbolProvider] 1 top-level symbols returned
2025-03-14 12:12:05.818 [info] [VerilogHoverProvider] Hover requested
2025-03-14 12:12:06.259 [warning] [VerilogHoverProvider] Hover object not found
2025-03-14 12:12:06.653 [info] [VerilogHoverProvider] Hover requested
2025-03-14 12:12:07.059 [warning] [VerilogHoverProvider] Hover object not found
2025-03-14 12:12:07.847 [info] [VerilogHoverProvider] Hover requested
2025-03-14 12:12:08.261 [warning] [VerilogHoverProvider] Hover object not found
2025-03-14 12:12:09.218 [info] [VerilogHoverProvider] Hover requested
2025-03-14 12:12:09.440 [info] [VerilogDefinitionProvider] Definitions Requested: file:///home/sgass/Projects/kepler/hdl/rtl/ethernet/ethernet_point_to_multipoint_hub.sv
2025-03-14 12:12:09.653 [warning] [VerilogHoverProvider] Hover object not found
2025-03-14 12:12:09.847 [info] [VerilogDefinitionProvider] 0 definitions returned
2025-03-14 12:12:11.189 [info] [VerilogDocumentSymbolProvider] [VerilogSymbol] Symbols Requested: file:///home/sgass/Projects/kepler/hdl/rtl/ethernet/ethernet_point_to_multipoint_hub.sv
2025-03-14 12:12:11.191 [info] [VerilogDocumentSymbolProvider] 1 top-level symbols returned
2025-03-14 12:12:16.960 [info] [VerilogDocumentSymbolProvider] [VerilogSymbol] Symbols Requested: file:///home/sgass/Projects/kepler/hdl/rtl/ethernet/ethernet_point_to_multipoint_hub.sv
2025-03-14 12:12:16.962 [info] [VerilogDocumentSymbolProvider] 1 top-level symbols returned
2025-03-14 12:12:17.382 [info] [VerilogDocumentSymbolProvider] [VerilogSymbol] Symbols Requested: file:///home/sgass/Projects/kepler/hdl/rtl/ethernet/ethernet_point_to_multipoint_hub.sv
2025-03-14 12:12:17.384 [info] [VerilogDocumentSymbolProvider] 1 top-level symbols returned
2025-03-14 12:12:17.685 [info] [VerilogHoverProvider] Hover requested
2025-03-14 12:12:18.147 [info] [VerilogHoverProvider] Hover object returned
2025-03-14 12:12:25.575 [info] [VerilogCompletionItemProvider] Completion items requested
2025-03-14 12:12:25.575 [info] [VerilogCompletionItemProvider] 74 items requested
2025-03-14 12:12:25.782 [info] [VerilogCompletionItemProvider] Completion items requested
2025-03-14 12:12:25.782 [info] [VerilogCompletionItemProvider] 74 items requested
2025-03-14 12:12:26.115 [info] [VerilogDocumentSymbolProvider] [VerilogSymbol] Symbols Requested: file:///home/sgass/Projects/kepler/hdl/rtl/ethernet/ethernet_point_to_multipoint_hub.sv
2025-03-14 12:12:26.117 [info] [VerilogDocumentSymbolProvider] 1 top-level symbols returned
2025-03-14 12:12:27.496 [info] [VerilogDocumentSymbolProvider] [VerilogSymbol] Symbols Requested: file:///home/sgass/Projects/kepler/hdl/rtl/ethernet/ethernet_point_to_multipoint_hub.sv
2025-03-14 12:12:27.498 [info] [VerilogDocumentSymbolProvider] 1 top-level symbols returned
2025-03-14 12:12:27.892 [info] on save
2025-03-14 12:12:28.234 [info] [VerilogDocumentSymbolProvider] [VerilogSymbol] Symbols Requested: file:///home/sgass/Projects/kepler/hdl/rtl/ethernet/ethernet_point_to_multipoint_hub.sv
2025-03-14 12:12:28.234 [info] indexing "/home/sgass/Projects/kepler/hdl/rtl/ethernet/ethernet_point_to_multipoint_hub.sv"
2025-03-14 12:12:28.234 [info] executing ctags
2025-03-14 12:12:28.234 [info] Executing Command: ctags -f - --fields=+K --sort=no --excmd=n --fields-SystemVerilog=+{parameter} "/home/sgass/Projects/kepler/hdl/rtl/ethernet/ethernet_point_to_multipoint_hub.sv"
2025-03-14 12:12:28.241 [info] building symbols
2025-03-14 12:12:28.242 [info] [VerilogDocumentSymbolProvider] 1 top-level symbols returned
2025-03-14 12:12:37.650 [info] [VerilogHoverProvider] Hover requested
2025-03-14 12:12:55.134 [info] [VerilogHoverProvider] Hover requested
2025-03-14 12:13:00.808 [info] [VerilogHoverProvider] Hover requested
2025-03-14 12:13:09.237 [info] [VerilogHoverProvider] Hover requested
2025-03-14 12:13:09.404 [info] [VerilogHoverProvider] Hover requested
2025-03-14 12:13:09.814 [info] [VerilogHoverProvider] Hover object returned
2025-03-14 12:13:10.037 [info] [VerilogHoverProvider] Hover requested
2025-03-14 12:13:10.372 [info] [VerilogHoverProvider] Hover requested
2025-03-14 12:13:14.085 [info] [VerilogHoverProvider] Hover requested
2025-03-14 12:13:14.311 [info] [VerilogDefinitionProvider] Definitions Requested: file:///home/sgass/Projects/kepler/hdl/rtl/ethernet/ethernet_point_to_multipoint_hub.sv
2025-03-14 12:13:14.588 [info] indexing "/home/sgass/Projects/kepler/hdl/rtl/axis/axis_arb_mux_wrapper.sv"
2025-03-14 12:13:14.588 [info] executing ctags
2025-03-14 12:13:14.588 [info] Executing Command: ctags -f - --fields=+K --sort=no --excmd=n --fields-SystemVerilog=+{parameter} "/home/sgass/Projects/kepler/hdl/rtl/axis/axis_arb_mux_wrapper.sv"
2025-03-14 12:13:14.591 [info] building symbols
2025-03-14 12:13:14.591 [info] [VerilogHoverProvider] Hover object returned
2025-03-14 12:13:14.719 [info] indexing "/home/sgass/Projects/kepler/hdl/vivado/workspace/p4_router_util/p4_router_util.srcs/sources_1/imports/hdl/rtl/axis/axis_arb_mux_wrapper.sv"
2025-03-14 12:13:14.719 [info] executing ctags
2025-03-14 12:13:14.719 [info] Executing Command: ctags -f - --fields=+K --sort=no --excmd=n --fields-SystemVerilog=+{parameter} "/home/sgass/Projects/kepler/hdl/vivado/workspace/p4_router_util/p4_router_util.srcs/sources_1/imports/hdl/rtl/axis/axis_arb_mux_wrapper.sv"
2025-03-14 12:13:14.721 [info] building symbols
2025-03-14 12:13:14.721 [info] [VerilogDefinitionProvider] 1 definitions returned
2025-03-14 12:13:16.067 [info] [VerilogHoverProvider] Hover requested
2025-03-14 12:13:16.507 [info] [VerilogHoverProvider] Hover object returned
2025-03-14 12:13:17.849 [info] [VerilogHoverProvider] Hover requested
2025-03-14 12:13:21.084 [info] [VerilogHoverProvider] Hover requested
2025-03-14 12:13:22.114 [info] [VerilogDocumentSymbolProvider] [VerilogSymbol] Symbols Requested: file:///home/sgass/Projects/kepler/hdl/rtl/ethernet/ethernet_point_to_multipoint_hub.sv
2025-03-14 12:13:22.116 [info] [VerilogDocumentSymbolProvider] 1 top-level symbols returned
2025-03-14 12:13:22.741 [info] on save
2025-03-14 12:13:25.596 [info] [VerilogHoverProvider] Hover requested
2025-03-14 12:13:25.596 [info] indexing "/home/sgass/Projects/kepler/hdl/rtl/ethernet/ethernet_point_to_multipoint_hub.sv"
2025-03-14 12:13:25.596 [info] executing ctags
2025-03-14 12:13:25.596 [info] Executing Command: ctags -f - --fields=+K --sort=no --excmd=n --fields-SystemVerilog=+{parameter} "/home/sgass/Projects/kepler/hdl/rtl/ethernet/ethernet_point_to_multipoint_hub.sv"
2025-03-14 12:13:25.611 [info] building symbols
2025-03-14 12:13:25.868 [info] [VerilogHoverProvider] Hover requested
2025-03-14 12:13:26.075 [warning] [VerilogHoverProvider] Hover object not found
2025-03-14 12:13:26.296 [warning] [VerilogHoverProvider] Hover object not found
2025-03-14 12:13:27.073 [info] [VerilogHoverProvider] Hover requested
2025-03-14 12:13:27.265 [info] [VerilogHoverProvider] Hover requested
2025-03-14 12:13:27.785 [info] [VerilogHoverProvider] Hover requested
2025-03-14 12:13:41.035 [info] [VerilogHoverProvider] Hover requested
2025-03-14 12:13:41.340 [info] [VerilogHoverProvider] Hover requested
2025-03-14 12:13:41.477 [info] [VerilogHoverProvider] Hover object returned
2025-03-14 12:13:41.750 [info] [VerilogHoverProvider] Hover requested
2025-03-14 12:13:41.772 [info] [VerilogHoverProvider] Hover object returned
2025-03-14 12:13:47.633 [info] [VerilogHoverProvider] Hover requested
2025-03-14 12:13:47.834 [info] [VerilogHoverProvider] Hover requested
2025-03-14 12:13:48.034 [info] [VerilogHoverProvider] Hover requested
2025-03-14 12:13:49.907 [info] [VerilogDocumentSymbolProvider] [VerilogSymbol] Symbols Requested: file:///home/sgass/Projects/kepler/hdl/rtl/ethernet/ethernet_point_to_multipoint_hub.sv
2025-03-14 12:13:49.909 [info] [VerilogDocumentSymbolProvider] 1 top-level symbols returned
2025-03-14 12:13:54.091 [info] [VerilogDocumentSymbolProvider] [VerilogSymbol] Symbols Requested: file:///home/sgass/Projects/kepler/hdl/rtl/ethernet/ethernet_point_to_multipoint_hub.sv
2025-03-14 12:13:54.094 [info] [VerilogDocumentSymbolProvider] 1 top-level symbols returned
2025-03-14 12:13:56.508 [info] [VerilogDocumentSymbolProvider] [VerilogSymbol] Symbols Requested: file:///home/sgass/Projects/kepler/hdl/rtl/ethernet/ethernet_point_to_multipoint_hub.sv
2025-03-14 12:13:56.510 [info] [VerilogDocumentSymbolProvider] 1 top-level symbols returned
2025-03-14 12:13:58.148 [info] [VerilogHoverProvider] Hover requested
2025-03-14 12:14:01.298 [info] [VerilogDocumentSymbolProvider] [VerilogSymbol] Symbols Requested: file:///home/sgass/Projects/kepler/hdl/rtl/ethernet/ethernet_point_to_multipoint_hub.sv
2025-03-14 12:14:01.299 [info] [VerilogDocumentSymbolProvider] 1 top-level symbols returned
2025-03-14 12:14:04.083 [info] [VerilogHoverProvider] Hover requested
2025-03-14 12:14:04.862 [info] on save
2025-03-14 16:20:29.160 [info] Deactivated
