2025-03-11 09:30:25.053 [info] Extension host with pid 583962 started
2025-03-11 09:30:25.053 [info] Skipping acquiring lock for /home/sgass/.config/Code/User/workspaceStorage/be4431b632324a99dd6ba989b491fedf.
2025-03-11 09:30:25.190 [info] ExtensionService#_doActivateExtension mechatroner.rainbow-csv, startup: false, activationEvent: 'onLanguage:plaintext'
2025-03-11 09:30:25.195 [info] ExtensionService#_doActivateExtension vscode.emmet, startup: false, activationEvent: 'onLanguage'
2025-03-11 09:30:26.124 [info] ExtensionService#_doActivateExtension vscode.git-base, startup: true, activationEvent: '*', root cause: vscode.git
2025-03-11 09:30:26.127 [info] ExtensionService#_doActivateExtension vscode.git, startup: true, activationEvent: '*'
2025-03-11 09:30:26.145 [info] ExtensionService#_doActivateExtension vscode.github, startup: true, activationEvent: '*'
2025-03-11 09:30:26.178 [info] Eager extensions activated
2025-03-11 09:30:26.188 [info] ExtensionService#_doActivateExtension vscode.debug-auto-launch, startup: false, activationEvent: 'onStartupFinished'
2025-03-11 09:30:26.190 [info] ExtensionService#_doActivateExtension vscode.merge-conflict, startup: false, activationEvent: 'onStartupFinished'
2025-03-11 09:30:27.531 [info] ExtensionService#_doActivateExtension vscode.github-authentication, startup: false, activationEvent: 'onAuthenticationRequest:github'
2025-03-11 16:49:29.297 [info] ExtensionService#_doActivateExtension mshr-h.veriloghdl, startup: false, activationEvent: 'onLanguage:systemverilog'
2025-03-11 16:50:25.874 [error] [mshr-h.veriloghdl] provider FAILED
2025-03-11 16:50:25.877 [error] TypeError: n is not iterable
	at K_.provideHover (/home/sgass/.vscode/extensions/mshr-h.veriloghdl-1.16.0/dist/main.js:588:7681)
	at async C.provideHover (/usr/share/code/resources/app/out/vs/workbench/api/node/extensionHostProcess.js:161:106493)
2025-03-11 16:50:36.608 [error] [mshr-h.veriloghdl] provider FAILED
2025-03-11 16:50:36.608 [error] TypeError: n is not iterable
	at K_.provideHover (/home/sgass/.vscode/extensions/mshr-h.veriloghdl-1.16.0/dist/main.js:588:7681)
	at async C.provideHover (/usr/share/code/resources/app/out/vs/workbench/api/node/extensionHostProcess.js:161:106493)
2025-03-11 16:51:42.709 [error] [mshr-h.veriloghdl] provider FAILED
2025-03-11 16:51:42.710 [error] TypeError: n is not iterable
	at K_.provideHover (/home/sgass/.vscode/extensions/mshr-h.veriloghdl-1.16.0/dist/main.js:588:7681)
	at async C.provideHover (/usr/share/code/resources/app/out/vs/workbench/api/node/extensionHostProcess.js:161:106493)
2025-03-11 16:51:44.870 [error] [mshr-h.veriloghdl] provider FAILED
2025-03-11 16:51:44.870 [error] TypeError: n is not iterable
	at K_.provideHover (/home/sgass/.vscode/extensions/mshr-h.veriloghdl-1.16.0/dist/main.js:588:7681)
	at async C.provideHover (/usr/share/code/resources/app/out/vs/workbench/api/node/extensionHostProcess.js:161:106493)
2025-03-11 16:52:13.325 [error] [mshr-h.veriloghdl] provider FAILED
2025-03-11 16:52:13.325 [error] TypeError: n is not iterable
	at K_.provideHover (/home/sgass/.vscode/extensions/mshr-h.veriloghdl-1.16.0/dist/main.js:588:7681)
	at async C.provideHover (/usr/share/code/resources/app/out/vs/workbench/api/node/extensionHostProcess.js:161:106493)
2025-03-11 16:52:25.337 [error] [mshr-h.veriloghdl] provider FAILED
2025-03-11 16:52:25.338 [error] TypeError: n is not iterable
	at K_.provideHover (/home/sgass/.vscode/extensions/mshr-h.veriloghdl-1.16.0/dist/main.js:588:7681)
	at async C.provideHover (/usr/share/code/resources/app/out/vs/workbench/api/node/extensionHostProcess.js:161:106493)
2025-03-11 16:52:43.876 [error] [mshr-h.veriloghdl] provider FAILED
2025-03-11 16:52:43.876 [error] TypeError: n is not iterable
	at K_.provideHover (/home/sgass/.vscode/extensions/mshr-h.veriloghdl-1.16.0/dist/main.js:588:7681)
	at async C.provideHover (/usr/share/code/resources/app/out/vs/workbench/api/node/extensionHostProcess.js:161:106493)
2025-03-11 16:57:55.337 [error] [mshr-h.veriloghdl] provider FAILED
2025-03-11 16:57:55.337 [error] TypeError: n is not iterable
	at K_.provideHover (/home/sgass/.vscode/extensions/mshr-h.veriloghdl-1.16.0/dist/main.js:588:7681)
	at async C.provideHover (/usr/share/code/resources/app/out/vs/workbench/api/node/extensionHostProcess.js:161:106493)
2025-03-11 16:59:16.311 [error] [mshr-h.veriloghdl] provider FAILED
2025-03-11 16:59:16.311 [error] TypeError: n is not iterable
	at K_.provideHover (/home/sgass/.vscode/extensions/mshr-h.veriloghdl-1.16.0/dist/main.js:588:7681)
	at async C.provideHover (/usr/share/code/resources/app/out/vs/workbench/api/node/extensionHostProcess.js:161:106493)
2025-03-11 16:59:17.996 [error] [mshr-h.veriloghdl] provider FAILED
2025-03-11 16:59:17.998 [error] TypeError: n is not iterable
	at K_.provideHover (/home/sgass/.vscode/extensions/mshr-h.veriloghdl-1.16.0/dist/main.js:588:7681)
	at async C.provideHover (/usr/share/code/resources/app/out/vs/workbench/api/node/extensionHostProcess.js:161:106493)
2025-03-11 16:59:19.192 [error] [mshr-h.veriloghdl] provider FAILED
2025-03-11 16:59:19.192 [error] TypeError: n is not iterable
	at K_.provideHover (/home/sgass/.vscode/extensions/mshr-h.veriloghdl-1.16.0/dist/main.js:588:7681)
	at async C.provideHover (/usr/share/code/resources/app/out/vs/workbench/api/node/extensionHostProcess.js:161:106493)
2025-03-11 16:59:19.556 [error] [mshr-h.veriloghdl] provider FAILED
2025-03-11 16:59:19.556 [error] TypeError: n is not iterable
	at K_.provideHover (/home/sgass/.vscode/extensions/mshr-h.veriloghdl-1.16.0/dist/main.js:588:7681)
	at async C.provideHover (/usr/share/code/resources/app/out/vs/workbench/api/node/extensionHostProcess.js:161:106493)
2025-03-11 16:59:50.758 [error] [mshr-h.veriloghdl] provider FAILED
2025-03-11 16:59:50.758 [error] TypeError: n is not iterable
	at K_.provideHover (/home/sgass/.vscode/extensions/mshr-h.veriloghdl-1.16.0/dist/main.js:588:7681)
	at async C.provideHover (/usr/share/code/resources/app/out/vs/workbench/api/node/extensionHostProcess.js:161:106493)
2025-03-11 16:59:55.456 [error] [mshr-h.veriloghdl] provider FAILED
2025-03-11 16:59:55.456 [error] TypeError: n is not iterable
	at K_.provideHover (/home/sgass/.vscode/extensions/mshr-h.veriloghdl-1.16.0/dist/main.js:588:7681)
	at async C.provideHover (/usr/share/code/resources/app/out/vs/workbench/api/node/extensionHostProcess.js:161:106493)
2025-03-11 17:00:22.261 [error] [mshr-h.veriloghdl] provider FAILED
2025-03-11 17:00:22.261 [error] TypeError: n is not iterable
	at K_.provideHover (/home/sgass/.vscode/extensions/mshr-h.veriloghdl-1.16.0/dist/main.js:588:7681)
	at async C.provideHover (/usr/share/code/resources/app/out/vs/workbench/api/node/extensionHostProcess.js:161:106493)
2025-03-11 17:00:34.904 [error] [mshr-h.veriloghdl] provider FAILED
2025-03-11 17:00:34.904 [error] TypeError: n is not iterable
	at K_.provideHover (/home/sgass/.vscode/extensions/mshr-h.veriloghdl-1.16.0/dist/main.js:588:7681)
	at async C.provideHover (/usr/share/code/resources/app/out/vs/workbench/api/node/extensionHostProcess.js:161:106493)
2025-03-11 17:00:35.370 [error] [mshr-h.veriloghdl] provider FAILED
2025-03-11 17:00:35.370 [error] TypeError: n is not iterable
	at K_.provideHover (/home/sgass/.vscode/extensions/mshr-h.veriloghdl-1.16.0/dist/main.js:588:7681)
	at async C.provideHover (/usr/share/code/resources/app/out/vs/workbench/api/node/extensionHostProcess.js:161:106493)
2025-03-11 17:00:44.178 [error] [mshr-h.veriloghdl] provider FAILED
2025-03-11 17:00:44.178 [error] TypeError: n is not iterable
	at K_.provideHover (/home/sgass/.vscode/extensions/mshr-h.veriloghdl-1.16.0/dist/main.js:588:7681)
	at async C.provideHover (/usr/share/code/resources/app/out/vs/workbench/api/node/extensionHostProcess.js:161:106493)
2025-03-12 08:43:31.201 [info] Extension host terminating: renderer closed the MessagePort
2025-03-12 08:43:31.216 [error] Canceled: Canceled
	at new D (/usr/share/code/resources/app/out/vs/workbench/api/node/extensionHostProcess.js:151:35235)
	at y.U (/usr/share/code/resources/app/out/vs/workbench/api/node/extensionHostProcess.js:158:6005)
	at V.<computed>.F.charCodeAt.A.CharCode.DollarSign.V.<computed> (/usr/share/code/resources/app/out/vs/workbench/api/node/extensionHostProcess.js:158:3107)
	at h.g (/usr/share/code/resources/app/out/vs/workbench/api/node/extensionHostProcess.js:161:210015)
	at h.executeCommand (/usr/share/code/resources/app/out/vs/workbench/api/node/extensionHostProcess.js:161:209453)
	at C.registerCommand.description (/usr/share/code/resources/app/out/vs/workbench/api/node/extensionHostProcess.js:161:208777)
	at h (/usr/share/code/resources/app/out/vs/workbench/api/node/extensionHostProcess.js:161:210554)
	at h.g (/usr/share/code/resources/app/out/vs/workbench/api/node/extensionHostProcess.js:161:209546)
	at h.executeCommand (/usr/share/code/resources/app/out/vs/workbench/api/node/extensionHostProcess.js:161:209453)
	at Object.executeCommand (/usr/share/code/resources/app/out/vs/workbench/api/node/extensionHostProcess.js:171:30683)
	at i.O [as value] (/usr/share/code/resources/app/extensions/git/dist/main.js:2:952009)
	at r.B (/usr/share/code/resources/app/out/vs/workbench/api/node/extensionHostProcess.js:90:732)
	at r.C (/usr/share/code/resources/app/out/vs/workbench/api/node/extensionHostProcess.js:90:802)
	at r.fire (/usr/share/code/resources/app/out/vs/workbench/api/node/extensionHostProcess.js:90:1018)
	at Object.p [as dispose] (/usr/share/code/resources/app/extensions/git/dist/main.js:2:972587)
	at /usr/share/code/resources/app/extensions/git/dist/main.js:2:978709
	at Array.forEach (<anonymous>)
	at f.dispose (/usr/share/code/resources/app/extensions/git/dist/main.js:2:978695)
	at o.<anonymous> (/usr/share/code/resources/app/out/vs/workbench/api/node/extensionHostProcess.js:159:4176)
	at o.dispose (/usr/share/code/resources/app/out/vs/workbench/api/node/extensionHostProcess.js:159:4273)
	at o.<anonymous> (/usr/share/code/resources/app/extensions/git/dist/main.js:2:954307)
	at o.dispose (/usr/share/code/resources/app/out/vs/workbench/api/node/extensionHostProcess.js:159:4273)
	at $ (/usr/share/code/resources/app/out/vs/workbench/api/node/extensionHostProcess.js:30:744)
	at /usr/share/code/resources/app/out/vs/workbench/api/node/extensionHostProcess.js:167:13607
	at /usr/share/code/resources/app/out/vs/workbench/api/node/extensionHostProcess.js:30:1112
	at Object.dispose (/usr/share/code/resources/app/out/vs/workbench/api/node/extensionHostProcess.js:11:11463)
	at m.eb (/usr/share/code/resources/app/out/vs/workbench/api/node/extensionHostProcess.js:167:10282)
	at /usr/share/code/resources/app/out/vs/workbench/api/node/extensionHostProcess.js:167:8153
	at Array.map (<anonymous>)
	at m.$ (/usr/share/code/resources/app/out/vs/workbench/api/node/extensionHostProcess.js:167:8140)
	at m.terminate (/usr/share/code/resources/app/out/vs/workbench/api/node/extensionHostProcess.js:167:8413)
	at $.terminate (/usr/share/code/resources/app/out/vs/workbench/api/node/extensionHostProcess.js:171:1513)
	at n (/usr/share/code/resources/app/out/vs/workbench/api/node/extensionHostProcess.js:184:10613)
	at MessagePortMain.<anonymous> (/usr/share/code/resources/app/out/vs/workbench/api/node/extensionHostProcess.js:184:6805)
	at MessagePortMain.emit (node:events:519:28)
	at MessagePortMain._internalPort.emit (node:electron/js2c/utility_init:2:2619) setContext undefined
2025-03-12 08:43:31.216 [error] Canceled: Canceled
	at new D (/usr/share/code/resources/app/out/vs/workbench/api/node/extensionHostProcess.js:151:35235)
	at y.U (/usr/share/code/resources/app/out/vs/workbench/api/node/extensionHostProcess.js:158:6005)
	at V.<computed>.F.charCodeAt.A.CharCode.DollarSign.V.<computed> (/usr/share/code/resources/app/out/vs/workbench/api/node/extensionHostProcess.js:158:3107)
	at h.g (/usr/share/code/resources/app/out/vs/workbench/api/node/extensionHostProcess.js:161:210015)
	at h.executeCommand (/usr/share/code/resources/app/out/vs/workbench/api/node/extensionHostProcess.js:161:209453)
	at C.registerCommand.description (/usr/share/code/resources/app/out/vs/workbench/api/node/extensionHostProcess.js:161:208777)
	at h (/usr/share/code/resources/app/out/vs/workbench/api/node/extensionHostProcess.js:161:210554)
	at h.g (/usr/share/code/resources/app/out/vs/workbench/api/node/extensionHostProcess.js:161:209546)
	at h.executeCommand (/usr/share/code/resources/app/out/vs/workbench/api/node/extensionHostProcess.js:161:209453)
	at Object.executeCommand (/usr/share/code/resources/app/out/vs/workbench/api/node/extensionHostProcess.js:171:30683)
	at i.O [as value] (/usr/share/code/resources/app/extensions/git/dist/main.js:2:952009)
	at r.B (/usr/share/code/resources/app/out/vs/workbench/api/node/extensionHostProcess.js:90:732)
	at r.C (/usr/share/code/resources/app/out/vs/workbench/api/node/extensionHostProcess.js:90:802)
	at r.fire (/usr/share/code/resources/app/out/vs/workbench/api/node/extensionHostProcess.js:90:1018)
	at Object.p [as dispose] (/usr/share/code/resources/app/extensions/git/dist/main.js:2:972587)
	at /usr/share/code/resources/app/extensions/git/dist/main.js:2:978709
	at Array.forEach (<anonymous>)
	at f.dispose (/usr/share/code/resources/app/extensions/git/dist/main.js:2:978695)
	at o.<anonymous> (/usr/share/code/resources/app/out/vs/workbench/api/node/extensionHostProcess.js:159:4176)
	at o.dispose (/usr/share/code/resources/app/out/vs/workbench/api/node/extensionHostProcess.js:159:4273)
	at o.<anonymous> (/usr/share/code/resources/app/extensions/git/dist/main.js:2:954307)
	at o.dispose (/usr/share/code/resources/app/out/vs/workbench/api/node/extensionHostProcess.js:159:4273)
	at $ (/usr/share/code/resources/app/out/vs/workbench/api/node/extensionHostProcess.js:30:744)
	at /usr/share/code/resources/app/out/vs/workbench/api/node/extensionHostProcess.js:167:13607
	at /usr/share/code/resources/app/out/vs/workbench/api/node/extensionHostProcess.js:30:1112
	at Object.dispose (/usr/share/code/resources/app/out/vs/workbench/api/node/extensionHostProcess.js:11:11463)
	at m.eb (/usr/share/code/resources/app/out/vs/workbench/api/node/extensionHostProcess.js:167:10282)
	at /usr/share/code/resources/app/out/vs/workbench/api/node/extensionHostProcess.js:167:8153
	at Array.map (<anonymous>)
	at m.$ (/usr/share/code/resources/app/out/vs/workbench/api/node/extensionHostProcess.js:167:8140)
	at m.terminate (/usr/share/code/resources/app/out/vs/workbench/api/node/extensionHostProcess.js:167:8413)
	at $.terminate (/usr/share/code/resources/app/out/vs/workbench/api/node/extensionHostProcess.js:171:1513)
	at n (/usr/share/code/resources/app/out/vs/workbench/api/node/extensionHostProcess.js:184:10613)
	at MessagePortMain.<anonymous> (/usr/share/code/resources/app/out/vs/workbench/api/node/extensionHostProcess.js:184:6805)
	at MessagePortMain.emit (node:events:519:28)
	at MessagePortMain._internalPort.emit (node:electron/js2c/utility_init:2:2619) setContext undefined
2025-03-12 08:43:31.216 [error] Canceled: Canceled
	at new D (/usr/share/code/resources/app/out/vs/workbench/api/node/extensionHostProcess.js:151:35235)
	at y.U (/usr/share/code/resources/app/out/vs/workbench/api/node/extensionHostProcess.js:158:6005)
	at V.<computed>.F.charCodeAt.A.CharCode.DollarSign.V.<computed> (/usr/share/code/resources/app/out/vs/workbench/api/node/extensionHostProcess.js:158:3107)
	at h.g (/usr/share/code/resources/app/out/vs/workbench/api/node/extensionHostProcess.js:161:210015)
	at h.executeCommand (/usr/share/code/resources/app/out/vs/workbench/api/node/extensionHostProcess.js:161:209453)
	at C.registerCommand.description (/usr/share/code/resources/app/out/vs/workbench/api/node/extensionHostProcess.js:161:208777)
	at h (/usr/share/code/resources/app/out/vs/workbench/api/node/extensionHostProcess.js:161:210554)
	at h.g (/usr/share/code/resources/app/out/vs/workbench/api/node/extensionHostProcess.js:161:209546)
	at h.executeCommand (/usr/share/code/resources/app/out/vs/workbench/api/node/extensionHostProcess.js:161:209453)
	at Object.executeCommand (/usr/share/code/resources/app/out/vs/workbench/api/node/extensionHostProcess.js:171:30683)
	at i.O [as value] (/usr/share/code/resources/app/extensions/git/dist/main.js:2:952009)
	at r.B (/usr/share/code/resources/app/out/vs/workbench/api/node/extensionHostProcess.js:90:732)
	at r.C (/usr/share/code/resources/app/out/vs/workbench/api/node/extensionHostProcess.js:90:802)
	at r.fire (/usr/share/code/resources/app/out/vs/workbench/api/node/extensionHostProcess.js:90:1018)
	at Object.p [as dispose] (/usr/share/code/resources/app/extensions/git/dist/main.js:2:972587)
	at /usr/share/code/resources/app/extensions/git/dist/main.js:2:978709
	at Array.forEach (<anonymous>)
	at f.dispose (/usr/share/code/resources/app/extensions/git/dist/main.js:2:978695)
	at o.<anonymous> (/usr/share/code/resources/app/out/vs/workbench/api/node/extensionHostProcess.js:159:4176)
	at o.dispose (/usr/share/code/resources/app/out/vs/workbench/api/node/extensionHostProcess.js:159:4273)
	at o.<anonymous> (/usr/share/code/resources/app/extensions/git/dist/main.js:2:954307)
	at o.dispose (/usr/share/code/resources/app/out/vs/workbench/api/node/extensionHostProcess.js:159:4273)
	at $ (/usr/share/code/resources/app/out/vs/workbench/api/node/extensionHostProcess.js:30:744)
	at /usr/share/code/resources/app/out/vs/workbench/api/node/extensionHostProcess.js:167:13607
	at /usr/share/code/resources/app/out/vs/workbench/api/node/extensionHostProcess.js:30:1112
	at Object.dispose (/usr/share/code/resources/app/out/vs/workbench/api/node/extensionHostProcess.js:11:11463)
	at m.eb (/usr/share/code/resources/app/out/vs/workbench/api/node/extensionHostProcess.js:167:10282)
	at /usr/share/code/resources/app/out/vs/workbench/api/node/extensionHostProcess.js:167:8153
	at Array.map (<anonymous>)
	at m.$ (/usr/share/code/resources/app/out/vs/workbench/api/node/extensionHostProcess.js:167:8140)
	at m.terminate (/usr/share/code/resources/app/out/vs/workbench/api/node/extensionHostProcess.js:167:8413)
	at $.terminate (/usr/share/code/resources/app/out/vs/workbench/api/node/extensionHostProcess.js:171:1513)
	at n (/usr/share/code/resources/app/out/vs/workbench/api/node/extensionHostProcess.js:184:10613)
	at MessagePortMain.<anonymous> (/usr/share/code/resources/app/out/vs/workbench/api/node/extensionHostProcess.js:184:6805)
	at MessagePortMain.emit (node:events:519:28)
	at MessagePortMain._internalPort.emit (node:electron/js2c/utility_init:2:2619) setContext undefined
2025-03-12 08:43:31.216 [error] Canceled: Canceled
	at new D (/usr/share/code/resources/app/out/vs/workbench/api/node/extensionHostProcess.js:151:35235)
	at y.U (/usr/share/code/resources/app/out/vs/workbench/api/node/extensionHostProcess.js:158:6005)
	at V.<computed>.F.charCodeAt.A.CharCode.DollarSign.V.<computed> (/usr/share/code/resources/app/out/vs/workbench/api/node/extensionHostProcess.js:158:3107)
	at h.g (/usr/share/code/resources/app/out/vs/workbench/api/node/extensionHostProcess.js:161:210015)
	at h.executeCommand (/usr/share/code/resources/app/out/vs/workbench/api/node/extensionHostProcess.js:161:209453)
	at C.registerCommand.description (/usr/share/code/resources/app/out/vs/workbench/api/node/extensionHostProcess.js:161:208777)
	at h (/usr/share/code/resources/app/out/vs/workbench/api/node/extensionHostProcess.js:161:210554)
	at h.g (/usr/share/code/resources/app/out/vs/workbench/api/node/extensionHostProcess.js:161:209546)
	at h.executeCommand (/usr/share/code/resources/app/out/vs/workbench/api/node/extensionHostProcess.js:161:209453)
	at Object.executeCommand (/usr/share/code/resources/app/out/vs/workbench/api/node/extensionHostProcess.js:171:30683)
	at i.O [as value] (/usr/share/code/resources/app/extensions/git/dist/main.js:2:952009)
	at r.B (/usr/share/code/resources/app/out/vs/workbench/api/node/extensionHostProcess.js:90:732)
	at r.C (/usr/share/code/resources/app/out/vs/workbench/api/node/extensionHostProcess.js:90:802)
	at r.fire (/usr/share/code/resources/app/out/vs/workbench/api/node/extensionHostProcess.js:90:1018)
	at Object.p [as dispose] (/usr/share/code/resources/app/extensions/git/dist/main.js:2:972587)
	at /usr/share/code/resources/app/extensions/git/dist/main.js:2:978709
	at Array.forEach (<anonymous>)
	at f.dispose (/usr/share/code/resources/app/extensions/git/dist/main.js:2:978695)
	at o.<anonymous> (/usr/share/code/resources/app/out/vs/workbench/api/node/extensionHostProcess.js:159:4176)
	at o.dispose (/usr/share/code/resources/app/out/vs/workbench/api/node/extensionHostProcess.js:159:4273)
	at o.<anonymous> (/usr/share/code/resources/app/extensions/git/dist/main.js:2:954307)
	at o.dispose (/usr/share/code/resources/app/out/vs/workbench/api/node/extensionHostProcess.js:159:4273)
	at $ (/usr/share/code/resources/app/out/vs/workbench/api/node/extensionHostProcess.js:30:744)
	at /usr/share/code/resources/app/out/vs/workbench/api/node/extensionHostProcess.js:167:13607
	at /usr/share/code/resources/app/out/vs/workbench/api/node/extensionHostProcess.js:30:1112
	at Object.dispose (/usr/share/code/resources/app/out/vs/workbench/api/node/extensionHostProcess.js:11:11463)
	at m.eb (/usr/share/code/resources/app/out/vs/workbench/api/node/extensionHostProcess.js:167:10282)
	at /usr/share/code/resources/app/out/vs/workbench/api/node/extensionHostProcess.js:167:8153
	at Array.map (<anonymous>)
	at m.$ (/usr/share/code/resources/app/out/vs/workbench/api/node/extensionHostProcess.js:167:8140)
	at m.terminate (/usr/share/code/resources/app/out/vs/workbench/api/node/extensionHostProcess.js:167:8413)
	at $.terminate (/usr/share/code/resources/app/out/vs/workbench/api/node/extensionHostProcess.js:171:1513)
	at n (/usr/share/code/resources/app/out/vs/workbench/api/node/extensionHostProcess.js:184:10613)
	at MessagePortMain.<anonymous> (/usr/share/code/resources/app/out/vs/workbench/api/node/extensionHostProcess.js:184:6805)
	at MessagePortMain.emit (node:events:519:28)
	at MessagePortMain._internalPort.emit (node:electron/js2c/utility_init:2:2619) setContext undefined
2025-03-12 08:43:31.216 [error] Canceled: Canceled
	at new D (/usr/share/code/resources/app/out/vs/workbench/api/node/extensionHostProcess.js:151:35235)
	at y.U (/usr/share/code/resources/app/out/vs/workbench/api/node/extensionHostProcess.js:158:6005)
	at V.<computed>.F.charCodeAt.A.CharCode.DollarSign.V.<computed> (/usr/share/code/resources/app/out/vs/workbench/api/node/extensionHostProcess.js:158:3107)
	at h.g (/usr/share/code/resources/app/out/vs/workbench/api/node/extensionHostProcess.js:161:210015)
	at h.executeCommand (/usr/share/code/resources/app/out/vs/workbench/api/node/extensionHostProcess.js:161:209453)
	at C.registerCommand.description (/usr/share/code/resources/app/out/vs/workbench/api/node/extensionHostProcess.js:161:208777)
	at h (/usr/share/code/resources/app/out/vs/workbench/api/node/extensionHostProcess.js:161:210554)
	at h.g (/usr/share/code/resources/app/out/vs/workbench/api/node/extensionHostProcess.js:161:209546)
	at h.executeCommand (/usr/share/code/resources/app/out/vs/workbench/api/node/extensionHostProcess.js:161:209453)
	at Object.executeCommand (/usr/share/code/resources/app/out/vs/workbench/api/node/extensionHostProcess.js:171:30683)
	at i.O [as value] (/usr/share/code/resources/app/extensions/git/dist/main.js:2:952009)
	at r.B (/usr/share/code/resources/app/out/vs/workbench/api/node/extensionHostProcess.js:90:732)
	at r.C (/usr/share/code/resources/app/out/vs/workbench/api/node/extensionHostProcess.js:90:802)
	at r.fire (/usr/share/code/resources/app/out/vs/workbench/api/node/extensionHostProcess.js:90:1018)
	at Object.p [as dispose] (/usr/share/code/resources/app/extensions/git/dist/main.js:2:972587)
	at /usr/share/code/resources/app/extensions/git/dist/main.js:2:978709
	at Array.forEach (<anonymous>)
	at f.dispose (/usr/share/code/resources/app/extensions/git/dist/main.js:2:978695)
	at o.<anonymous> (/usr/share/code/resources/app/out/vs/workbench/api/node/extensionHostProcess.js:159:4176)
	at o.dispose (/usr/share/code/resources/app/out/vs/workbench/api/node/extensionHostProcess.js:159:4273)
	at o.<anonymous> (/usr/share/code/resources/app/extensions/git/dist/main.js:2:954307)
	at o.dispose (/usr/share/code/resources/app/out/vs/workbench/api/node/extensionHostProcess.js:159:4273)
	at $ (/usr/share/code/resources/app/out/vs/workbench/api/node/extensionHostProcess.js:30:744)
	at /usr/share/code/resources/app/out/vs/workbench/api/node/extensionHostProcess.js:167:13607
	at /usr/share/code/resources/app/out/vs/workbench/api/node/extensionHostProcess.js:30:1112
	at Object.dispose (/usr/share/code/resources/app/out/vs/workbench/api/node/extensionHostProcess.js:11:11463)
	at m.eb (/usr/share/code/resources/app/out/vs/workbench/api/node/extensionHostProcess.js:167:10282)
	at /usr/share/code/resources/app/out/vs/workbench/api/node/extensionHostProcess.js:167:8153
	at Array.map (<anonymous>)
	at m.$ (/usr/share/code/resources/app/out/vs/workbench/api/node/extensionHostProcess.js:167:8140)
	at m.terminate (/usr/share/code/resources/app/out/vs/workbench/api/node/extensionHostProcess.js:167:8413)
	at $.terminate (/usr/share/code/resources/app/out/vs/workbench/api/node/extensionHostProcess.js:171:1513)
	at n (/usr/share/code/resources/app/out/vs/workbench/api/node/extensionHostProcess.js:184:10613)
	at MessagePortMain.<anonymous> (/usr/share/code/resources/app/out/vs/workbench/api/node/extensionHostProcess.js:184:6805)
	at MessagePortMain.emit (node:events:519:28)
	at MessagePortMain._internalPort.emit (node:electron/js2c/utility_init:2:2619) setContext undefined
2025-03-12 08:43:31.216 [error] Canceled: Canceled
	at new D (/usr/share/code/resources/app/out/vs/workbench/api/node/extensionHostProcess.js:151:35235)
	at y.U (/usr/share/code/resources/app/out/vs/workbench/api/node/extensionHostProcess.js:158:6005)
	at V.<computed>.F.charCodeAt.A.CharCode.DollarSign.V.<computed> (/usr/share/code/resources/app/out/vs/workbench/api/node/extensionHostProcess.js:158:3107)
	at h.g (/usr/share/code/resources/app/out/vs/workbench/api/node/extensionHostProcess.js:161:210015)
	at h.executeCommand (/usr/share/code/resources/app/out/vs/workbench/api/node/extensionHostProcess.js:161:209453)
	at C.registerCommand.description (/usr/share/code/resources/app/out/vs/workbench/api/node/extensionHostProcess.js:161:208777)
	at h (/usr/share/code/resources/app/out/vs/workbench/api/node/extensionHostProcess.js:161:210554)
	at h.g (/usr/share/code/resources/app/out/vs/workbench/api/node/extensionHostProcess.js:161:209546)
	at h.executeCommand (/usr/share/code/resources/app/out/vs/workbench/api/node/extensionHostProcess.js:161:209453)
	at Object.executeCommand (/usr/share/code/resources/app/out/vs/workbench/api/node/extensionHostProcess.js:171:30683)
	at i.O [as value] (/usr/share/code/resources/app/extensions/git/dist/main.js:2:952009)
	at r.B (/usr/share/code/resources/app/out/vs/workbench/api/node/extensionHostProcess.js:90:732)
	at r.C (/usr/share/code/resources/app/out/vs/workbench/api/node/extensionHostProcess.js:90:802)
	at r.fire (/usr/share/code/resources/app/out/vs/workbench/api/node/extensionHostProcess.js:90:1018)
	at Object.p [as dispose] (/usr/share/code/resources/app/extensions/git/dist/main.js:2:972587)
	at /usr/share/code/resources/app/extensions/git/dist/main.js:2:978709
	at Array.forEach (<anonymous>)
	at f.dispose (/usr/share/code/resources/app/extensions/git/dist/main.js:2:978695)
	at o.<anonymous> (/usr/share/code/resources/app/out/vs/workbench/api/node/extensionHostProcess.js:159:4176)
	at o.dispose (/usr/share/code/resources/app/out/vs/workbench/api/node/extensionHostProcess.js:159:4273)
	at o.<anonymous> (/usr/share/code/resources/app/extensions/git/dist/main.js:2:954307)
	at o.dispose (/usr/share/code/resources/app/out/vs/workbench/api/node/extensionHostProcess.js:159:4273)
	at $ (/usr/share/code/resources/app/out/vs/workbench/api/node/extensionHostProcess.js:30:744)
	at /usr/share/code/resources/app/out/vs/workbench/api/node/extensionHostProcess.js:167:13607
	at /usr/share/code/resources/app/out/vs/workbench/api/node/extensionHostProcess.js:30:1112
	at Object.dispose (/usr/share/code/resources/app/out/vs/workbench/api/node/extensionHostProcess.js:11:11463)
	at m.eb (/usr/share/code/resources/app/out/vs/workbench/api/node/extensionHostProcess.js:167:10282)
	at /usr/share/code/resources/app/out/vs/workbench/api/node/extensionHostProcess.js:167:8153
	at Array.map (<anonymous>)
	at m.$ (/usr/share/code/resources/app/out/vs/workbench/api/node/extensionHostProcess.js:167:8140)
	at m.terminate (/usr/share/code/resources/app/out/vs/workbench/api/node/extensionHostProcess.js:167:8413)
	at $.terminate (/usr/share/code/resources/app/out/vs/workbench/api/node/extensionHostProcess.js:171:1513)
	at n (/usr/share/code/resources/app/out/vs/workbench/api/node/extensionHostProcess.js:184:10613)
	at MessagePortMain.<anonymous> (/usr/share/code/resources/app/out/vs/workbench/api/node/extensionHostProcess.js:184:6805)
	at MessagePortMain.emit (node:events:519:28)
	at MessagePortMain._internalPort.emit (node:electron/js2c/utility_init:2:2619) setContext undefined
2025-03-12 08:43:31.216 [error] Canceled: Canceled
	at new D (/usr/share/code/resources/app/out/vs/workbench/api/node/extensionHostProcess.js:151:35235)
	at y.U (/usr/share/code/resources/app/out/vs/workbench/api/node/extensionHostProcess.js:158:6005)
	at V.<computed>.F.charCodeAt.A.CharCode.DollarSign.V.<computed> (/usr/share/code/resources/app/out/vs/workbench/api/node/extensionHostProcess.js:158:3107)
	at h.g (/usr/share/code/resources/app/out/vs/workbench/api/node/extensionHostProcess.js:161:210015)
	at h.executeCommand (/usr/share/code/resources/app/out/vs/workbench/api/node/extensionHostProcess.js:161:209453)
	at C.registerCommand.description (/usr/share/code/resources/app/out/vs/workbench/api/node/extensionHostProcess.js:161:208777)
	at h (/usr/share/code/resources/app/out/vs/workbench/api/node/extensionHostProcess.js:161:210554)
	at h.g (/usr/share/code/resources/app/out/vs/workbench/api/node/extensionHostProcess.js:161:209546)
	at h.executeCommand (/usr/share/code/resources/app/out/vs/workbench/api/node/extensionHostProcess.js:161:209453)
	at Object.executeCommand (/usr/share/code/resources/app/out/vs/workbench/api/node/extensionHostProcess.js:171:30683)
	at i.O [as value] (/usr/share/code/resources/app/extensions/git/dist/main.js:2:952009)
	at r.B (/usr/share/code/resources/app/out/vs/workbench/api/node/extensionHostProcess.js:90:732)
	at r.C (/usr/share/code/resources/app/out/vs/workbench/api/node/extensionHostProcess.js:90:802)
	at r.fire (/usr/share/code/resources/app/out/vs/workbench/api/node/extensionHostProcess.js:90:1018)
	at Object.p [as dispose] (/usr/share/code/resources/app/extensions/git/dist/main.js:2:972587)
	at /usr/share/code/resources/app/extensions/git/dist/main.js:2:978709
	at Array.forEach (<anonymous>)
	at f.dispose (/usr/share/code/resources/app/extensions/git/dist/main.js:2:978695)
	at o.<anonymous> (/usr/share/code/resources/app/out/vs/workbench/api/node/extensionHostProcess.js:159:4176)
	at o.dispose (/usr/share/code/resources/app/out/vs/workbench/api/node/extensionHostProcess.js:159:4273)
	at o.<anonymous> (/usr/share/code/resources/app/extensions/git/dist/main.js:2:954307)
	at o.dispose (/usr/share/code/resources/app/out/vs/workbench/api/node/extensionHostProcess.js:159:4273)
	at $ (/usr/share/code/resources/app/out/vs/workbench/api/node/extensionHostProcess.js:30:744)
	at /usr/share/code/resources/app/out/vs/workbench/api/node/extensionHostProcess.js:167:13607
	at /usr/share/code/resources/app/out/vs/workbench/api/node/extensionHostProcess.js:30:1112
	at Object.dispose (/usr/share/code/resources/app/out/vs/workbench/api/node/extensionHostProcess.js:11:11463)
	at m.eb (/usr/share/code/resources/app/out/vs/workbench/api/node/extensionHostProcess.js:167:10282)
	at /usr/share/code/resources/app/out/vs/workbench/api/node/extensionHostProcess.js:167:8153
	at Array.map (<anonymous>)
	at m.$ (/usr/share/code/resources/app/out/vs/workbench/api/node/extensionHostProcess.js:167:8140)
	at m.terminate (/usr/share/code/resources/app/out/vs/workbench/api/node/extensionHostProcess.js:167:8413)
	at $.terminate (/usr/share/code/resources/app/out/vs/workbench/api/node/extensionHostProcess.js:171:1513)
	at n (/usr/share/code/resources/app/out/vs/workbench/api/node/extensionHostProcess.js:184:10613)
	at MessagePortMain.<anonymous> (/usr/share/code/resources/app/out/vs/workbench/api/node/extensionHostProcess.js:184:6805)
	at MessagePortMain.emit (node:events:519:28)
	at MessagePortMain._internalPort.emit (node:electron/js2c/utility_init:2:2619) setContext undefined
2025-03-12 08:43:31.216 [error] Canceled: Canceled
	at new D (/usr/share/code/resources/app/out/vs/workbench/api/node/extensionHostProcess.js:151:35235)
	at y.U (/usr/share/code/resources/app/out/vs/workbench/api/node/extensionHostProcess.js:158:6005)
	at V.<computed>.F.charCodeAt.A.CharCode.DollarSign.V.<computed> (/usr/share/code/resources/app/out/vs/workbench/api/node/extensionHostProcess.js:158:3107)
	at h.g (/usr/share/code/resources/app/out/vs/workbench/api/node/extensionHostProcess.js:161:210015)
	at h.executeCommand (/usr/share/code/resources/app/out/vs/workbench/api/node/extensionHostProcess.js:161:209453)
	at C.registerCommand.description (/usr/share/code/resources/app/out/vs/workbench/api/node/extensionHostProcess.js:161:208777)
	at h (/usr/share/code/resources/app/out/vs/workbench/api/node/extensionHostProcess.js:161:210554)
	at h.g (/usr/share/code/resources/app/out/vs/workbench/api/node/extensionHostProcess.js:161:209546)
	at h.executeCommand (/usr/share/code/resources/app/out/vs/workbench/api/node/extensionHostProcess.js:161:209453)
	at Object.executeCommand (/usr/share/code/resources/app/out/vs/workbench/api/node/extensionHostProcess.js:171:30683)
	at i.O [as value] (/usr/share/code/resources/app/extensions/git/dist/main.js:2:952009)
	at r.B (/usr/share/code/resources/app/out/vs/workbench/api/node/extensionHostProcess.js:90:732)
	at r.C (/usr/share/code/resources/app/out/vs/workbench/api/node/extensionHostProcess.js:90:802)
	at r.fire (/usr/share/code/resources/app/out/vs/workbench/api/node/extensionHostProcess.js:90:1018)
	at Object.p [as dispose] (/usr/share/code/resources/app/extensions/git/dist/main.js:2:972587)
	at /usr/share/code/resources/app/extensions/git/dist/main.js:2:978709
	at Array.forEach (<anonymous>)
	at f.dispose (/usr/share/code/resources/app/extensions/git/dist/main.js:2:978695)
	at o.<anonymous> (/usr/share/code/resources/app/out/vs/workbench/api/node/extensionHostProcess.js:159:4176)
	at o.dispose (/usr/share/code/resources/app/out/vs/workbench/api/node/extensionHostProcess.js:159:4273)
	at o.<anonymous> (/usr/share/code/resources/app/extensions/git/dist/main.js:2:954307)
	at o.dispose (/usr/share/code/resources/app/out/vs/workbench/api/node/extensionHostProcess.js:159:4273)
	at $ (/usr/share/code/resources/app/out/vs/workbench/api/node/extensionHostProcess.js:30:744)
	at /usr/share/code/resources/app/out/vs/workbench/api/node/extensionHostProcess.js:167:13607
	at /usr/share/code/resources/app/out/vs/workbench/api/node/extensionHostProcess.js:30:1112
	at Object.dispose (/usr/share/code/resources/app/out/vs/workbench/api/node/extensionHostProcess.js:11:11463)
	at m.eb (/usr/share/code/resources/app/out/vs/workbench/api/node/extensionHostProcess.js:167:10282)
	at /usr/share/code/resources/app/out/vs/workbench/api/node/extensionHostProcess.js:167:8153
	at Array.map (<anonymous>)
	at m.$ (/usr/share/code/resources/app/out/vs/workbench/api/node/extensionHostProcess.js:167:8140)
	at m.terminate (/usr/share/code/resources/app/out/vs/workbench/api/node/extensionHostProcess.js:167:8413)
	at $.terminate (/usr/share/code/resources/app/out/vs/workbench/api/node/extensionHostProcess.js:171:1513)
	at n (/usr/share/code/resources/app/out/vs/workbench/api/node/extensionHostProcess.js:184:10613)
	at MessagePortMain.<anonymous> (/usr/share/code/resources/app/out/vs/workbench/api/node/extensionHostProcess.js:184:6805)
	at MessagePortMain.emit (node:events:519:28)
	at MessagePortMain._internalPort.emit (node:electron/js2c/utility_init:2:2619) setContext undefined
2025-03-12 08:43:31.216 [error] Canceled: Canceled
	at new D (/usr/share/code/resources/app/out/vs/workbench/api/node/extensionHostProcess.js:151:35235)
	at y.U (/usr/share/code/resources/app/out/vs/workbench/api/node/extensionHostProcess.js:158:6005)
	at V.<computed>.F.charCodeAt.A.CharCode.DollarSign.V.<computed> (/usr/share/code/resources/app/out/vs/workbench/api/node/extensionHostProcess.js:158:3107)
	at h.g (/usr/share/code/resources/app/out/vs/workbench/api/node/extensionHostProcess.js:161:210015)
	at h.executeCommand (/usr/share/code/resources/app/out/vs/workbench/api/node/extensionHostProcess.js:161:209453)
	at C.registerCommand.description (/usr/share/code/resources/app/out/vs/workbench/api/node/extensionHostProcess.js:161:208777)
	at h (/usr/share/code/resources/app/out/vs/workbench/api/node/extensionHostProcess.js:161:210554)
	at h.g (/usr/share/code/resources/app/out/vs/workbench/api/node/extensionHostProcess.js:161:209546)
	at h.executeCommand (/usr/share/code/resources/app/out/vs/workbench/api/node/extensionHostProcess.js:161:209453)
	at Object.executeCommand (/usr/share/code/resources/app/out/vs/workbench/api/node/extensionHostProcess.js:171:30683)
	at set hasGitHubRepositories (/usr/share/code/resources/app/extensions/github/dist/extension.js:2:322969)
	at /usr/share/code/resources/app/extensions/github/dist/extension.js:2:323928
	at i.value (/usr/share/code/resources/app/extensions/git/dist/main.js:2:1060944)
	at r.B (/usr/share/code/resources/app/out/vs/workbench/api/node/extensionHostProcess.js:90:732)
	at r.C (/usr/share/code/resources/app/out/vs/workbench/api/node/extensionHostProcess.js:90:802)
	at r.fire (/usr/share/code/resources/app/out/vs/workbench/api/node/extensionHostProcess.js:90:1018)
	at Object.p [as dispose] (/usr/share/code/resources/app/extensions/git/dist/main.js:2:972587)
	at /usr/share/code/resources/app/extensions/git/dist/main.js:2:978709
	at Array.forEach (<anonymous>)
	at f.dispose (/usr/share/code/resources/app/extensions/git/dist/main.js:2:978695)
	at o.<anonymous> (/usr/share/code/resources/app/out/vs/workbench/api/node/extensionHostProcess.js:159:4176)
	at o.dispose (/usr/share/code/resources/app/out/vs/workbench/api/node/extensionHostProcess.js:159:4273)
	at o.<anonymous> (/usr/share/code/resources/app/extensions/git/dist/main.js:2:954307)
	at o.dispose (/usr/share/code/resources/app/out/vs/workbench/api/node/extensionHostProcess.js:159:4273)
	at $ (/usr/share/code/resources/app/out/vs/workbench/api/node/extensionHostProcess.js:30:744)
	at /usr/share/code/resources/app/out/vs/workbench/api/node/extensionHostProcess.js:167:13607
	at /usr/share/code/resources/app/out/vs/workbench/api/node/extensionHostProcess.js:30:1112
	at Object.dispose (/usr/share/code/resources/app/out/vs/workbench/api/node/extensionHostProcess.js:11:11463)
	at m.eb (/usr/share/code/resources/app/out/vs/workbench/api/node/extensionHostProcess.js:167:10282)
	at /usr/share/code/resources/app/out/vs/workbench/api/node/extensionHostProcess.js:167:8153
	at Array.map (<anonymous>)
	at m.$ (/usr/share/code/resources/app/out/vs/workbench/api/node/extensionHostProcess.js:167:8140)
	at m.terminate (/usr/share/code/resources/app/out/vs/workbench/api/node/extensionHostProcess.js:167:8413)
	at $.terminate (/usr/share/code/resources/app/out/vs/workbench/api/node/extensionHostProcess.js:171:1513)
	at n (/usr/share/code/resources/app/out/vs/workbench/api/node/extensionHostProcess.js:184:10613)
	at MessagePortMain.<anonymous> (/usr/share/code/resources/app/out/vs/workbench/api/node/extensionHostProcess.js:184:6805)
	at MessagePortMain.emit (node:events:519:28)
	at MessagePortMain._internalPort.emit (node:electron/js2c/utility_init:2:2619) setContext undefined
2025-03-12 08:43:31.216 [error] Canceled: Canceled
	at new D (/usr/share/code/resources/app/out/vs/workbench/api/node/extensionHostProcess.js:151:35235)
	at y.U (/usr/share/code/resources/app/out/vs/workbench/api/node/extensionHostProcess.js:158:6005)
	at V.<computed>.F.charCodeAt.A.CharCode.DollarSign.V.<computed> (/usr/share/code/resources/app/out/vs/workbench/api/node/extensionHostProcess.js:158:3107)
	at h.g (/usr/share/code/resources/app/out/vs/workbench/api/node/extensionHostProcess.js:161:210015)
	at h.executeCommand (/usr/share/code/resources/app/out/vs/workbench/api/node/extensionHostProcess.js:161:209453)
	at C.registerCommand.description (/usr/share/code/resources/app/out/vs/workbench/api/node/extensionHostProcess.js:161:208777)
	at h (/usr/share/code/resources/app/out/vs/workbench/api/node/extensionHostProcess.js:161:210554)
	at h.g (/usr/share/code/resources/app/out/vs/workbench/api/node/extensionHostProcess.js:161:209546)
	at h.executeCommand (/usr/share/code/resources/app/out/vs/workbench/api/node/extensionHostProcess.js:161:209453)
	at Object.executeCommand (/usr/share/code/resources/app/out/vs/workbench/api/node/extensionHostProcess.js:171:30683)
	at i.O [as value] (/usr/share/code/resources/app/extensions/git/dist/main.js:2:952009)
	at r.B (/usr/share/code/resources/app/out/vs/workbench/api/node/extensionHostProcess.js:90:732)
	at r.C (/usr/share/code/resources/app/out/vs/workbench/api/node/extensionHostProcess.js:90:802)
	at r.fire (/usr/share/code/resources/app/out/vs/workbench/api/node/extensionHostProcess.js:90:1018)
	at Object.p [as dispose] (/usr/share/code/resources/app/extensions/git/dist/main.js:2:972587)
	at /usr/share/code/resources/app/extensions/git/dist/main.js:2:978709
	at Array.forEach (<anonymous>)
	at f.dispose (/usr/share/code/resources/app/extensions/git/dist/main.js:2:978695)
	at o.<anonymous> (/usr/share/code/resources/app/out/vs/workbench/api/node/extensionHostProcess.js:159:4176)
	at o.dispose (/usr/share/code/resources/app/out/vs/workbench/api/node/extensionHostProcess.js:159:4273)
	at o.<anonymous> (/usr/share/code/resources/app/extensions/git/dist/main.js:2:954307)
	at o.dispose (/usr/share/code/resources/app/out/vs/workbench/api/node/extensionHostProcess.js:159:4273)
	at $ (/usr/share/code/resources/app/out/vs/workbench/api/node/extensionHostProcess.js:30:744)
	at /usr/share/code/resources/app/out/vs/workbench/api/node/extensionHostProcess.js:167:13607
	at /usr/share/code/resources/app/out/vs/workbench/api/node/extensionHostProcess.js:30:1112
	at Object.dispose (/usr/share/code/resources/app/out/vs/workbench/api/node/extensionHostProcess.js:11:11463)
	at m.eb (/usr/share/code/resources/app/out/vs/workbench/api/node/extensionHostProcess.js:167:10282)
	at /usr/share/code/resources/app/out/vs/workbench/api/node/extensionHostProcess.js:167:8153
	at Array.map (<anonymous>)
	at m.$ (/usr/share/code/resources/app/out/vs/workbench/api/node/extensionHostProcess.js:167:8140)
	at m.terminate (/usr/share/code/resources/app/out/vs/workbench/api/node/extensionHostProcess.js:167:8413)
	at $.terminate (/usr/share/code/resources/app/out/vs/workbench/api/node/extensionHostProcess.js:171:1513)
	at n (/usr/share/code/resources/app/out/vs/workbench/api/node/extensionHostProcess.js:184:10613)
	at MessagePortMain.<anonymous> (/usr/share/code/resources/app/out/vs/workbench/api/node/extensionHostProcess.js:184:6805)
	at MessagePortMain.emit (node:events:519:28)
	at MessagePortMain._internalPort.emit (node:electron/js2c/utility_init:2:2619) setContext undefined
2025-03-12 08:43:31.216 [error] Canceled: Canceled
	at new D (/usr/share/code/resources/app/out/vs/workbench/api/node/extensionHostProcess.js:151:35235)
	at y.U (/usr/share/code/resources/app/out/vs/workbench/api/node/extensionHostProcess.js:158:6005)
	at V.<computed>.F.charCodeAt.A.CharCode.DollarSign.V.<computed> (/usr/share/code/resources/app/out/vs/workbench/api/node/extensionHostProcess.js:158:3107)
	at h.g (/usr/share/code/resources/app/out/vs/workbench/api/node/extensionHostProcess.js:161:210015)
	at h.executeCommand (/usr/share/code/resources/app/out/vs/workbench/api/node/extensionHostProcess.js:161:209453)
	at C.registerCommand.description (/usr/share/code/resources/app/out/vs/workbench/api/node/extensionHostProcess.js:161:208777)
	at h (/usr/share/code/resources/app/out/vs/workbench/api/node/extensionHostProcess.js:161:210554)
	at h.g (/usr/share/code/resources/app/out/vs/workbench/api/node/extensionHostProcess.js:161:209546)
	at h.executeCommand (/usr/share/code/resources/app/out/vs/workbench/api/node/extensionHostProcess.js:161:209453)
	at Object.executeCommand (/usr/share/code/resources/app/out/vs/workbench/api/node/extensionHostProcess.js:171:30683)
	at set hasGitHubRepositories (/usr/share/code/resources/app/extensions/github/dist/extension.js:2:322969)
	at /usr/share/code/resources/app/extensions/github/dist/extension.js:2:323928
	at i.value (/usr/share/code/resources/app/extensions/git/dist/main.js:2:1060944)
	at r.B (/usr/share/code/resources/app/out/vs/workbench/api/node/extensionHostProcess.js:90:732)
	at r.C (/usr/share/code/resources/app/out/vs/workbench/api/node/extensionHostProcess.js:90:802)
	at r.fire (/usr/share/code/resources/app/out/vs/workbench/api/node/extensionHostProcess.js:90:1018)
	at Object.p [as dispose] (/usr/share/code/resources/app/extensions/git/dist/main.js:2:972587)
	at /usr/share/code/resources/app/extensions/git/dist/main.js:2:978709
	at Array.forEach (<anonymous>)
	at f.dispose (/usr/share/code/resources/app/extensions/git/dist/main.js:2:978695)
	at o.<anonymous> (/usr/share/code/resources/app/out/vs/workbench/api/node/extensionHostProcess.js:159:4176)
	at o.dispose (/usr/share/code/resources/app/out/vs/workbench/api/node/extensionHostProcess.js:159:4273)
	at o.<anonymous> (/usr/share/code/resources/app/extensions/git/dist/main.js:2:954307)
	at o.dispose (/usr/share/code/resources/app/out/vs/workbench/api/node/extensionHostProcess.js:159:4273)
	at $ (/usr/share/code/resources/app/out/vs/workbench/api/node/extensionHostProcess.js:30:744)
	at /usr/share/code/resources/app/out/vs/workbench/api/node/extensionHostProcess.js:167:13607
	at /usr/share/code/resources/app/out/vs/workbench/api/node/extensionHostProcess.js:30:1112
	at Object.dispose (/usr/share/code/resources/app/out/vs/workbench/api/node/extensionHostProcess.js:11:11463)
	at m.eb (/usr/share/code/resources/app/out/vs/workbench/api/node/extensionHostProcess.js:167:10282)
	at /usr/share/code/resources/app/out/vs/workbench/api/node/extensionHostProcess.js:167:8153
	at Array.map (<anonymous>)
	at m.$ (/usr/share/code/resources/app/out/vs/workbench/api/node/extensionHostProcess.js:167:8140)
	at m.terminate (/usr/share/code/resources/app/out/vs/workbench/api/node/extensionHostProcess.js:167:8413)
	at $.terminate (/usr/share/code/resources/app/out/vs/workbench/api/node/extensionHostProcess.js:171:1513)
	at n (/usr/share/code/resources/app/out/vs/workbench/api/node/extensionHostProcess.js:184:10613)
	at MessagePortMain.<anonymous> (/usr/share/code/resources/app/out/vs/workbench/api/node/extensionHostProcess.js:184:6805)
	at MessagePortMain.emit (node:events:519:28)
	at MessagePortMain._internalPort.emit (node:electron/js2c/utility_init:2:2619) setContext undefined
2025-03-12 08:43:31.217 [error] Canceled: Canceled
	at new D (/usr/share/code/resources/app/out/vs/workbench/api/node/extensionHostProcess.js:151:35235)
	at y.U (/usr/share/code/resources/app/out/vs/workbench/api/node/extensionHostProcess.js:158:6005)
	at V.<computed>.F.charCodeAt.A.CharCode.DollarSign.V.<computed> (/usr/share/code/resources/app/out/vs/workbench/api/node/extensionHostProcess.js:158:3107)
	at h.g (/usr/share/code/resources/app/out/vs/workbench/api/node/extensionHostProcess.js:161:210015)
	at h.executeCommand (/usr/share/code/resources/app/out/vs/workbench/api/node/extensionHostProcess.js:161:209453)
	at C.registerCommand.description (/usr/share/code/resources/app/out/vs/workbench/api/node/extensionHostProcess.js:161:208777)
	at h (/usr/share/code/resources/app/out/vs/workbench/api/node/extensionHostProcess.js:161:210554)
	at h.g (/usr/share/code/resources/app/out/vs/workbench/api/node/extensionHostProcess.js:161:209546)
	at h.executeCommand (/usr/share/code/resources/app/out/vs/workbench/api/node/extensionHostProcess.js:161:209453)
	at Object.executeCommand (/usr/share/code/resources/app/out/vs/workbench/api/node/extensionHostProcess.js:171:30683)
	at i.O [as value] (/usr/share/code/resources/app/extensions/git/dist/main.js:2:952009)
	at r.B (/usr/share/code/resources/app/out/vs/workbench/api/node/extensionHostProcess.js:90:732)
	at r.C (/usr/share/code/resources/app/out/vs/workbench/api/node/extensionHostProcess.js:90:802)
	at r.fire (/usr/share/code/resources/app/out/vs/workbench/api/node/extensionHostProcess.js:90:1018)
	at Object.p [as dispose] (/usr/share/code/resources/app/extensions/git/dist/main.js:2:972587)
	at /usr/share/code/resources/app/extensions/git/dist/main.js:2:978709
	at Array.forEach (<anonymous>)
	at f.dispose (/usr/share/code/resources/app/extensions/git/dist/main.js:2:978695)
	at o.<anonymous> (/usr/share/code/resources/app/out/vs/workbench/api/node/extensionHostProcess.js:159:4176)
	at o.dispose (/usr/share/code/resources/app/out/vs/workbench/api/node/extensionHostProcess.js:159:4273)
	at o.<anonymous> (/usr/share/code/resources/app/extensions/git/dist/main.js:2:954307)
	at o.dispose (/usr/share/code/resources/app/out/vs/workbench/api/node/extensionHostProcess.js:159:4273)
	at $ (/usr/share/code/resources/app/out/vs/workbench/api/node/extensionHostProcess.js:30:744)
	at /usr/share/code/resources/app/out/vs/workbench/api/node/extensionHostProcess.js:167:13607
	at /usr/share/code/resources/app/out/vs/workbench/api/node/extensionHostProcess.js:30:1112
	at Object.dispose (/usr/share/code/resources/app/out/vs/workbench/api/node/extensionHostProcess.js:11:11463)
	at m.eb (/usr/share/code/resources/app/out/vs/workbench/api/node/extensionHostProcess.js:167:10282)
	at /usr/share/code/resources/app/out/vs/workbench/api/node/extensionHostProcess.js:167:8153
	at Array.map (<anonymous>)
	at m.$ (/usr/share/code/resources/app/out/vs/workbench/api/node/extensionHostProcess.js:167:8140)
	at m.terminate (/usr/share/code/resources/app/out/vs/workbench/api/node/extensionHostProcess.js:167:8413)
	at $.terminate (/usr/share/code/resources/app/out/vs/workbench/api/node/extensionHostProcess.js:171:1513)
	at n (/usr/share/code/resources/app/out/vs/workbench/api/node/extensionHostProcess.js:184:10613)
	at MessagePortMain.<anonymous> (/usr/share/code/resources/app/out/vs/workbench/api/node/extensionHostProcess.js:184:6805)
	at MessagePortMain.emit (node:events:519:28)
	at MessagePortMain._internalPort.emit (node:electron/js2c/utility_init:2:2619) setContext undefined
2025-03-12 08:43:31.217 [error] Canceled: Canceled
	at new D (/usr/share/code/resources/app/out/vs/workbench/api/node/extensionHostProcess.js:151:35235)
	at y.U (/usr/share/code/resources/app/out/vs/workbench/api/node/extensionHostProcess.js:158:6005)
	at V.<computed>.F.charCodeAt.A.CharCode.DollarSign.V.<computed> (/usr/share/code/resources/app/out/vs/workbench/api/node/extensionHostProcess.js:158:3107)
	at h.g (/usr/share/code/resources/app/out/vs/workbench/api/node/extensionHostProcess.js:161:210015)
	at h.executeCommand (/usr/share/code/resources/app/out/vs/workbench/api/node/extensionHostProcess.js:161:209453)
	at C.registerCommand.description (/usr/share/code/resources/app/out/vs/workbench/api/node/extensionHostProcess.js:161:208777)
	at h (/usr/share/code/resources/app/out/vs/workbench/api/node/extensionHostProcess.js:161:210554)
	at h.g (/usr/share/code/resources/app/out/vs/workbench/api/node/extensionHostProcess.js:161:209546)
	at h.executeCommand (/usr/share/code/resources/app/out/vs/workbench/api/node/extensionHostProcess.js:161:209453)
	at Object.executeCommand (/usr/share/code/resources/app/out/vs/workbench/api/node/extensionHostProcess.js:171:30683)
	at set hasGitHubRepositories (/usr/share/code/resources/app/extensions/github/dist/extension.js:2:322969)
	at /usr/share/code/resources/app/extensions/github/dist/extension.js:2:323928
	at i.value (/usr/share/code/resources/app/extensions/git/dist/main.js:2:1060944)
	at r.B (/usr/share/code/resources/app/out/vs/workbench/api/node/extensionHostProcess.js:90:732)
	at r.C (/usr/share/code/resources/app/out/vs/workbench/api/node/extensionHostProcess.js:90:802)
	at r.fire (/usr/share/code/resources/app/out/vs/workbench/api/node/extensionHostProcess.js:90:1018)
	at Object.p [as dispose] (/usr/share/code/resources/app/extensions/git/dist/main.js:2:972587)
	at /usr/share/code/resources/app/extensions/git/dist/main.js:2:978709
	at Array.forEach (<anonymous>)
	at f.dispose (/usr/share/code/resources/app/extensions/git/dist/main.js:2:978695)
	at o.<anonymous> (/usr/share/code/resources/app/out/vs/workbench/api/node/extensionHostProcess.js:159:4176)
	at o.dispose (/usr/share/code/resources/app/out/vs/workbench/api/node/extensionHostProcess.js:159:4273)
	at o.<anonymous> (/usr/share/code/resources/app/extensions/git/dist/main.js:2:954307)
	at o.dispose (/usr/share/code/resources/app/out/vs/workbench/api/node/extensionHostProcess.js:159:4273)
	at $ (/usr/share/code/resources/app/out/vs/workbench/api/node/extensionHostProcess.js:30:744)
	at /usr/share/code/resources/app/out/vs/workbench/api/node/extensionHostProcess.js:167:13607
	at /usr/share/code/resources/app/out/vs/workbench/api/node/extensionHostProcess.js:30:1112
	at Object.dispose (/usr/share/code/resources/app/out/vs/workbench/api/node/extensionHostProcess.js:11:11463)
	at m.eb (/usr/share/code/resources/app/out/vs/workbench/api/node/extensionHostProcess.js:167:10282)
	at /usr/share/code/resources/app/out/vs/workbench/api/node/extensionHostProcess.js:167:8153
	at Array.map (<anonymous>)
	at m.$ (/usr/share/code/resources/app/out/vs/workbench/api/node/extensionHostProcess.js:167:8140)
	at m.terminate (/usr/share/code/resources/app/out/vs/workbench/api/node/extensionHostProcess.js:167:8413)
	at $.terminate (/usr/share/code/resources/app/out/vs/workbench/api/node/extensionHostProcess.js:171:1513)
	at n (/usr/share/code/resources/app/out/vs/workbench/api/node/extensionHostProcess.js:184:10613)
	at MessagePortMain.<anonymous> (/usr/share/code/resources/app/out/vs/workbench/api/node/extensionHostProcess.js:184:6805)
	at MessagePortMain.emit (node:events:519:28)
	at MessagePortMain._internalPort.emit (node:electron/js2c/utility_init:2:2619) setContext undefined
2025-03-12 08:43:31.217 [info] Extension host with pid 583962 exiting with code 0
2025-03-12 08:43:32.193 [info] Extension host with pid 766464 started
2025-03-12 08:43:32.193 [info] Skipping acquiring lock for /home/sgass/.config/Code/User/workspaceStorage/5630d409c2d9688af845ddb14535c882.
2025-03-12 08:43:32.292 [info] ExtensionService#_doActivateExtension mechatroner.rainbow-csv, startup: false, activationEvent: 'onLanguage:plaintext'
2025-03-12 08:43:32.295 [info] ExtensionService#_doActivateExtension vscode.emmet, startup: false, activationEvent: 'onLanguage'
2025-03-12 08:43:32.299 [info] ExtensionService#_doActivateExtension mshr-h.veriloghdl, startup: false, activationEvent: 'onLanguage:vhdl'
2025-03-12 08:43:33.250 [info] ExtensionService#_doActivateExtension vscode.git-base, startup: true, activationEvent: '*', root cause: vscode.git
2025-03-12 08:43:33.257 [info] ExtensionService#_doActivateExtension vscode.git, startup: true, activationEvent: '*'
2025-03-12 08:43:33.282 [info] ExtensionService#_doActivateExtension vscode.github, startup: true, activationEvent: '*'
2025-03-12 08:43:33.305 [info] Eager extensions activated
2025-03-12 08:43:33.317 [info] ExtensionService#_doActivateExtension vscode.debug-auto-launch, startup: false, activationEvent: 'onStartupFinished'
2025-03-12 08:43:33.318 [info] ExtensionService#_doActivateExtension vscode.merge-conflict, startup: false, activationEvent: 'onStartupFinished'
2025-03-12 08:43:33.465 [warning] [Decorations] CAPPING events from decorations provider vscode.git 730
2025-03-12 08:43:33.568 [warning] [Decorations] CAPPING events from decorations provider vscode.git 730
2025-03-12 08:43:34.695 [warning] [Decorations] CAPPING events from decorations provider vscode.git 730
2025-03-12 09:14:13.631 [warning] [Decorations] CAPPING events from decorations provider vscode.git 6130
2025-03-12 09:14:13.926 [warning] [Decorations] CAPPING events from decorations provider vscode.git 6130
2025-03-12 09:14:14.142 [error] Error: spawn git ENOENT
	at ChildProcess._handle.onexit (node:internal/child_process:286:19)
	at onErrorNT (node:internal/child_process:484:16)
	at process.processTicksAndRejections (node:internal/process/task_queues:82:21)
2025-03-12 09:14:15.145 [error] Error: spawn git ENOENT
	at ChildProcess._handle.onexit (node:internal/child_process:286:19)
	at onErrorNT (node:internal/child_process:484:16)
	at process.processTicksAndRejections (node:internal/process/task_queues:82:21)
2025-03-12 09:17:12.121 [warning] [Decorations] CAPPING events from decorations provider vscode.git 274
2025-03-12 09:17:12.380 [warning] [Decorations] CAPPING events from decorations provider vscode.git 274
2025-03-12 09:17:12.507 [error] Error: spawn git ENOENT
	at ChildProcess._handle.onexit (node:internal/child_process:286:19)
	at onErrorNT (node:internal/child_process:484:16)
	at process.processTicksAndRejections (node:internal/process/task_queues:82:21)
2025-03-12 09:17:13.509 [error] Error: spawn git ENOENT
	at ChildProcess._handle.onexit (node:internal/child_process:286:19)
	at onErrorNT (node:internal/child_process:484:16)
	at process.processTicksAndRejections (node:internal/process/task_queues:82:21)
2025-03-12 09:29:13.725 [warning] [Decorations] CAPPING events from decorations provider vscode.git 6118
2025-03-12 09:29:19.134 [warning] [Decorations] CAPPING events from decorations provider vscode.git 393
2025-03-12 09:29:21.084 [info] Extension host terminating: renderer closed the MessagePort
2025-03-12 09:29:21.096 [error] Canceled: Canceled
	at new D (/usr/share/code/resources/app/out/vs/workbench/api/node/extensionHostProcess.js:151:35235)
	at y.U (/usr/share/code/resources/app/out/vs/workbench/api/node/extensionHostProcess.js:158:6005)
	at V.<computed>.F.charCodeAt.A.CharCode.DollarSign.V.<computed> (/usr/share/code/resources/app/out/vs/workbench/api/node/extensionHostProcess.js:158:3107)
	at h.g (/usr/share/code/resources/app/out/vs/workbench/api/node/extensionHostProcess.js:161:210015)
	at h.executeCommand (/usr/share/code/resources/app/out/vs/workbench/api/node/extensionHostProcess.js:161:209453)
	at C.registerCommand.description (/usr/share/code/resources/app/out/vs/workbench/api/node/extensionHostProcess.js:161:208777)
	at h (/usr/share/code/resources/app/out/vs/workbench/api/node/extensionHostProcess.js:161:210554)
	at h.g (/usr/share/code/resources/app/out/vs/workbench/api/node/extensionHostProcess.js:161:209546)
	at h.executeCommand (/usr/share/code/resources/app/out/vs/workbench/api/node/extensionHostProcess.js:161:209453)
	at Object.executeCommand (/usr/share/code/resources/app/out/vs/workbench/api/node/extensionHostProcess.js:171:30683)
	at i.O [as value] (/usr/share/code/resources/app/extensions/git/dist/main.js:2:952009)
	at r.B (/usr/share/code/resources/app/out/vs/workbench/api/node/extensionHostProcess.js:90:732)
	at r.C (/usr/share/code/resources/app/out/vs/workbench/api/node/extensionHostProcess.js:90:802)
	at r.fire (/usr/share/code/resources/app/out/vs/workbench/api/node/extensionHostProcess.js:90:1018)
	at Object.p [as dispose] (/usr/share/code/resources/app/extensions/git/dist/main.js:2:972587)
	at /usr/share/code/resources/app/extensions/git/dist/main.js:2:978709
	at Array.forEach (<anonymous>)
	at f.dispose (/usr/share/code/resources/app/extensions/git/dist/main.js:2:978695)
	at o.<anonymous> (/usr/share/code/resources/app/out/vs/workbench/api/node/extensionHostProcess.js:159:4176)
	at o.dispose (/usr/share/code/resources/app/out/vs/workbench/api/node/extensionHostProcess.js:159:4273)
	at o.<anonymous> (/usr/share/code/resources/app/extensions/git/dist/main.js:2:954307)
	at o.dispose (/usr/share/code/resources/app/out/vs/workbench/api/node/extensionHostProcess.js:159:4273)
	at $ (/usr/share/code/resources/app/out/vs/workbench/api/node/extensionHostProcess.js:30:744)
	at /usr/share/code/resources/app/out/vs/workbench/api/node/extensionHostProcess.js:167:13607
	at /usr/share/code/resources/app/out/vs/workbench/api/node/extensionHostProcess.js:30:1112
	at Object.dispose (/usr/share/code/resources/app/out/vs/workbench/api/node/extensionHostProcess.js:11:11463)
	at m.eb (/usr/share/code/resources/app/out/vs/workbench/api/node/extensionHostProcess.js:167:10282)
	at /usr/share/code/resources/app/out/vs/workbench/api/node/extensionHostProcess.js:167:8153
	at Array.map (<anonymous>)
	at m.$ (/usr/share/code/resources/app/out/vs/workbench/api/node/extensionHostProcess.js:167:8140)
	at m.terminate (/usr/share/code/resources/app/out/vs/workbench/api/node/extensionHostProcess.js:167:8413)
	at $.terminate (/usr/share/code/resources/app/out/vs/workbench/api/node/extensionHostProcess.js:171:1513)
	at n (/usr/share/code/resources/app/out/vs/workbench/api/node/extensionHostProcess.js:184:10613)
	at MessagePortMain.<anonymous> (/usr/share/code/resources/app/out/vs/workbench/api/node/extensionHostProcess.js:184:6805)
	at MessagePortMain.emit (node:events:519:28)
	at MessagePortMain._internalPort.emit (node:electron/js2c/utility_init:2:2619) setContext undefined
2025-03-12 09:29:21.097 [error] Canceled: Canceled
	at new D (/usr/share/code/resources/app/out/vs/workbench/api/node/extensionHostProcess.js:151:35235)
	at y.U (/usr/share/code/resources/app/out/vs/workbench/api/node/extensionHostProcess.js:158:6005)
	at V.<computed>.F.charCodeAt.A.CharCode.DollarSign.V.<computed> (/usr/share/code/resources/app/out/vs/workbench/api/node/extensionHostProcess.js:158:3107)
	at h.g (/usr/share/code/resources/app/out/vs/workbench/api/node/extensionHostProcess.js:161:210015)
	at h.executeCommand (/usr/share/code/resources/app/out/vs/workbench/api/node/extensionHostProcess.js:161:209453)
	at C.registerCommand.description (/usr/share/code/resources/app/out/vs/workbench/api/node/extensionHostProcess.js:161:208777)
	at h (/usr/share/code/resources/app/out/vs/workbench/api/node/extensionHostProcess.js:161:210554)
	at h.g (/usr/share/code/resources/app/out/vs/workbench/api/node/extensionHostProcess.js:161:209546)
	at h.executeCommand (/usr/share/code/resources/app/out/vs/workbench/api/node/extensionHostProcess.js:161:209453)
	at Object.executeCommand (/usr/share/code/resources/app/out/vs/workbench/api/node/extensionHostProcess.js:171:30683)
	at set hasGitHubRepositories (/usr/share/code/resources/app/extensions/github/dist/extension.js:2:322969)
	at /usr/share/code/resources/app/extensions/github/dist/extension.js:2:323928
	at i.value (/usr/share/code/resources/app/extensions/git/dist/main.js:2:1060944)
	at r.B (/usr/share/code/resources/app/out/vs/workbench/api/node/extensionHostProcess.js:90:732)
	at r.C (/usr/share/code/resources/app/out/vs/workbench/api/node/extensionHostProcess.js:90:802)
	at r.fire (/usr/share/code/resources/app/out/vs/workbench/api/node/extensionHostProcess.js:90:1018)
	at Object.p [as dispose] (/usr/share/code/resources/app/extensions/git/dist/main.js:2:972587)
	at /usr/share/code/resources/app/extensions/git/dist/main.js:2:978709
	at Array.forEach (<anonymous>)
	at f.dispose (/usr/share/code/resources/app/extensions/git/dist/main.js:2:978695)
	at o.<anonymous> (/usr/share/code/resources/app/out/vs/workbench/api/node/extensionHostProcess.js:159:4176)
	at o.dispose (/usr/share/code/resources/app/out/vs/workbench/api/node/extensionHostProcess.js:159:4273)
	at o.<anonymous> (/usr/share/code/resources/app/extensions/git/dist/main.js:2:954307)
	at o.dispose (/usr/share/code/resources/app/out/vs/workbench/api/node/extensionHostProcess.js:159:4273)
	at $ (/usr/share/code/resources/app/out/vs/workbench/api/node/extensionHostProcess.js:30:744)
	at /usr/share/code/resources/app/out/vs/workbench/api/node/extensionHostProcess.js:167:13607
	at /usr/share/code/resources/app/out/vs/workbench/api/node/extensionHostProcess.js:30:1112
	at Object.dispose (/usr/share/code/resources/app/out/vs/workbench/api/node/extensionHostProcess.js:11:11463)
	at m.eb (/usr/share/code/resources/app/out/vs/workbench/api/node/extensionHostProcess.js:167:10282)
	at /usr/share/code/resources/app/out/vs/workbench/api/node/extensionHostProcess.js:167:8153
	at Array.map (<anonymous>)
	at m.$ (/usr/share/code/resources/app/out/vs/workbench/api/node/extensionHostProcess.js:167:8140)
	at m.terminate (/usr/share/code/resources/app/out/vs/workbench/api/node/extensionHostProcess.js:167:8413)
	at $.terminate (/usr/share/code/resources/app/out/vs/workbench/api/node/extensionHostProcess.js:171:1513)
	at n (/usr/share/code/resources/app/out/vs/workbench/api/node/extensionHostProcess.js:184:10613)
	at MessagePortMain.<anonymous> (/usr/share/code/resources/app/out/vs/workbench/api/node/extensionHostProcess.js:184:6805)
	at MessagePortMain.emit (node:events:519:28)
	at MessagePortMain._internalPort.emit (node:electron/js2c/utility_init:2:2619) setContext undefined
2025-03-12 09:29:21.097 [error] Canceled: Canceled
	at new D (/usr/share/code/resources/app/out/vs/workbench/api/node/extensionHostProcess.js:151:35235)
	at y.U (/usr/share/code/resources/app/out/vs/workbench/api/node/extensionHostProcess.js:158:6005)
	at V.<computed>.F.charCodeAt.A.CharCode.DollarSign.V.<computed> (/usr/share/code/resources/app/out/vs/workbench/api/node/extensionHostProcess.js:158:3107)
	at h.g (/usr/share/code/resources/app/out/vs/workbench/api/node/extensionHostProcess.js:161:210015)
	at h.executeCommand (/usr/share/code/resources/app/out/vs/workbench/api/node/extensionHostProcess.js:161:209453)
	at C.registerCommand.description (/usr/share/code/resources/app/out/vs/workbench/api/node/extensionHostProcess.js:161:208777)
	at h (/usr/share/code/resources/app/out/vs/workbench/api/node/extensionHostProcess.js:161:210554)
	at h.g (/usr/share/code/resources/app/out/vs/workbench/api/node/extensionHostProcess.js:161:209546)
	at h.executeCommand (/usr/share/code/resources/app/out/vs/workbench/api/node/extensionHostProcess.js:161:209453)
	at Object.executeCommand (/usr/share/code/resources/app/out/vs/workbench/api/node/extensionHostProcess.js:171:30683)
	at i.O [as value] (/usr/share/code/resources/app/extensions/git/dist/main.js:2:952009)
	at r.B (/usr/share/code/resources/app/out/vs/workbench/api/node/extensionHostProcess.js:90:732)
	at r.C (/usr/share/code/resources/app/out/vs/workbench/api/node/extensionHostProcess.js:90:802)
	at r.fire (/usr/share/code/resources/app/out/vs/workbench/api/node/extensionHostProcess.js:90:1018)
	at Object.p [as dispose] (/usr/share/code/resources/app/extensions/git/dist/main.js:2:972587)
	at /usr/share/code/resources/app/extensions/git/dist/main.js:2:978709
	at Array.forEach (<anonymous>)
	at f.dispose (/usr/share/code/resources/app/extensions/git/dist/main.js:2:978695)
	at o.<anonymous> (/usr/share/code/resources/app/out/vs/workbench/api/node/extensionHostProcess.js:159:4176)
	at o.dispose (/usr/share/code/resources/app/out/vs/workbench/api/node/extensionHostProcess.js:159:4273)
	at o.<anonymous> (/usr/share/code/resources/app/extensions/git/dist/main.js:2:954307)
	at o.dispose (/usr/share/code/resources/app/out/vs/workbench/api/node/extensionHostProcess.js:159:4273)
	at $ (/usr/share/code/resources/app/out/vs/workbench/api/node/extensionHostProcess.js:30:744)
	at /usr/share/code/resources/app/out/vs/workbench/api/node/extensionHostProcess.js:167:13607
	at /usr/share/code/resources/app/out/vs/workbench/api/node/extensionHostProcess.js:30:1112
	at Object.dispose (/usr/share/code/resources/app/out/vs/workbench/api/node/extensionHostProcess.js:11:11463)
	at m.eb (/usr/share/code/resources/app/out/vs/workbench/api/node/extensionHostProcess.js:167:10282)
	at /usr/share/code/resources/app/out/vs/workbench/api/node/extensionHostProcess.js:167:8153
	at Array.map (<anonymous>)
	at m.$ (/usr/share/code/resources/app/out/vs/workbench/api/node/extensionHostProcess.js:167:8140)
	at m.terminate (/usr/share/code/resources/app/out/vs/workbench/api/node/extensionHostProcess.js:167:8413)
	at $.terminate (/usr/share/code/resources/app/out/vs/workbench/api/node/extensionHostProcess.js:171:1513)
	at n (/usr/share/code/resources/app/out/vs/workbench/api/node/extensionHostProcess.js:184:10613)
	at MessagePortMain.<anonymous> (/usr/share/code/resources/app/out/vs/workbench/api/node/extensionHostProcess.js:184:6805)
	at MessagePortMain.emit (node:events:519:28)
	at MessagePortMain._internalPort.emit (node:electron/js2c/utility_init:2:2619) setContext undefined
2025-03-12 09:29:21.097 [error] Canceled: Canceled
	at new D (/usr/share/code/resources/app/out/vs/workbench/api/node/extensionHostProcess.js:151:35235)
	at y.U (/usr/share/code/resources/app/out/vs/workbench/api/node/extensionHostProcess.js:158:6005)
	at V.<computed>.F.charCodeAt.A.CharCode.DollarSign.V.<computed> (/usr/share/code/resources/app/out/vs/workbench/api/node/extensionHostProcess.js:158:3107)
	at h.g (/usr/share/code/resources/app/out/vs/workbench/api/node/extensionHostProcess.js:161:210015)
	at h.executeCommand (/usr/share/code/resources/app/out/vs/workbench/api/node/extensionHostProcess.js:161:209453)
	at C.registerCommand.description (/usr/share/code/resources/app/out/vs/workbench/api/node/extensionHostProcess.js:161:208777)
	at h (/usr/share/code/resources/app/out/vs/workbench/api/node/extensionHostProcess.js:161:210554)
	at h.g (/usr/share/code/resources/app/out/vs/workbench/api/node/extensionHostProcess.js:161:209546)
	at h.executeCommand (/usr/share/code/resources/app/out/vs/workbench/api/node/extensionHostProcess.js:161:209453)
	at Object.executeCommand (/usr/share/code/resources/app/out/vs/workbench/api/node/extensionHostProcess.js:171:30683)
	at set hasGitHubRepositories (/usr/share/code/resources/app/extensions/github/dist/extension.js:2:322969)
	at /usr/share/code/resources/app/extensions/github/dist/extension.js:2:323928
	at i.value (/usr/share/code/resources/app/extensions/git/dist/main.js:2:1060944)
	at r.B (/usr/share/code/resources/app/out/vs/workbench/api/node/extensionHostProcess.js:90:732)
	at r.C (/usr/share/code/resources/app/out/vs/workbench/api/node/extensionHostProcess.js:90:802)
	at r.fire (/usr/share/code/resources/app/out/vs/workbench/api/node/extensionHostProcess.js:90:1018)
	at Object.p [as dispose] (/usr/share/code/resources/app/extensions/git/dist/main.js:2:972587)
	at /usr/share/code/resources/app/extensions/git/dist/main.js:2:978709
	at Array.forEach (<anonymous>)
	at f.dispose (/usr/share/code/resources/app/extensions/git/dist/main.js:2:978695)
	at o.<anonymous> (/usr/share/code/resources/app/out/vs/workbench/api/node/extensionHostProcess.js:159:4176)
	at o.dispose (/usr/share/code/resources/app/out/vs/workbench/api/node/extensionHostProcess.js:159:4273)
	at o.<anonymous> (/usr/share/code/resources/app/extensions/git/dist/main.js:2:954307)
	at o.dispose (/usr/share/code/resources/app/out/vs/workbench/api/node/extensionHostProcess.js:159:4273)
	at $ (/usr/share/code/resources/app/out/vs/workbench/api/node/extensionHostProcess.js:30:744)
	at /usr/share/code/resources/app/out/vs/workbench/api/node/extensionHostProcess.js:167:13607
	at /usr/share/code/resources/app/out/vs/workbench/api/node/extensionHostProcess.js:30:1112
	at Object.dispose (/usr/share/code/resources/app/out/vs/workbench/api/node/extensionHostProcess.js:11:11463)
	at m.eb (/usr/share/code/resources/app/out/vs/workbench/api/node/extensionHostProcess.js:167:10282)
	at /usr/share/code/resources/app/out/vs/workbench/api/node/extensionHostProcess.js:167:8153
	at Array.map (<anonymous>)
	at m.$ (/usr/share/code/resources/app/out/vs/workbench/api/node/extensionHostProcess.js:167:8140)
	at m.terminate (/usr/share/code/resources/app/out/vs/workbench/api/node/extensionHostProcess.js:167:8413)
	at $.terminate (/usr/share/code/resources/app/out/vs/workbench/api/node/extensionHostProcess.js:171:1513)
	at n (/usr/share/code/resources/app/out/vs/workbench/api/node/extensionHostProcess.js:184:10613)
	at MessagePortMain.<anonymous> (/usr/share/code/resources/app/out/vs/workbench/api/node/extensionHostProcess.js:184:6805)
	at MessagePortMain.emit (node:events:519:28)
	at MessagePortMain._internalPort.emit (node:electron/js2c/utility_init:2:2619) setContext undefined
2025-03-12 09:29:21.097 [info] Extension host with pid 766464 exiting with code 0
2025-03-12 09:29:22.027 [info] Extension host with pid 774517 started
2025-03-12 09:29:22.027 [info] Skipping acquiring lock for /home/sgass/.config/Code/User/workspaceStorage/be4431b632324a99dd6ba989b491fedf.
2025-03-12 09:29:22.135 [info] ExtensionService#_doActivateExtension mechatroner.rainbow-csv, startup: false, activationEvent: 'onLanguage:plaintext'
2025-03-12 09:29:22.138 [info] ExtensionService#_doActivateExtension vscode.emmet, startup: false, activationEvent: 'onLanguage'
2025-03-12 09:29:22.140 [info] ExtensionService#_doActivateExtension mshr-h.veriloghdl, startup: false, activationEvent: 'onLanguage:systemverilog'
2025-03-12 09:29:23.083 [info] ExtensionService#_doActivateExtension vscode.git-base, startup: true, activationEvent: '*', root cause: vscode.git
2025-03-12 09:29:23.085 [info] ExtensionService#_doActivateExtension vscode.git, startup: true, activationEvent: '*'
2025-03-12 09:29:23.098 [info] ExtensionService#_doActivateExtension vscode.github, startup: true, activationEvent: '*'
2025-03-12 09:29:23.126 [info] Eager extensions activated
2025-03-12 09:29:23.152 [info] ExtensionService#_doActivateExtension vscode.debug-auto-launch, startup: false, activationEvent: 'onStartupFinished'
2025-03-12 09:29:23.152 [info] ExtensionService#_doActivateExtension vscode.merge-conflict, startup: false, activationEvent: 'onStartupFinished'
2025-03-12 09:29:24.040 [info] ExtensionService#_doActivateExtension vscode.github-authentication, startup: false, activationEvent: 'onAuthenticationRequest:github'
2025-03-12 09:29:26.913 [error] [mshr-h.veriloghdl] provider FAILED
2025-03-12 09:29:26.916 [error] TypeError: n is not iterable
	at K_.provideHover (/home/sgass/.vscode/extensions/mshr-h.veriloghdl-1.16.0/dist/main.js:588:7681)
	at async C.provideHover (/usr/share/code/resources/app/out/vs/workbench/api/node/extensionHostProcess.js:161:106493)
2025-03-12 09:29:27.414 [error] [mshr-h.veriloghdl] provider FAILED
2025-03-12 09:29:27.414 [error] TypeError: n is not iterable
	at K_.provideHover (/home/sgass/.vscode/extensions/mshr-h.veriloghdl-1.16.0/dist/main.js:588:7681)
	at async C.provideHover (/usr/share/code/resources/app/out/vs/workbench/api/node/extensionHostProcess.js:161:106493)
2025-03-12 09:29:28.541 [error] [mshr-h.veriloghdl] provider FAILED
2025-03-12 09:29:28.542 [error] TypeError: n is not iterable
	at K_.provideHover (/home/sgass/.vscode/extensions/mshr-h.veriloghdl-1.16.0/dist/main.js:588:7681)
	at async C.provideHover (/usr/share/code/resources/app/out/vs/workbench/api/node/extensionHostProcess.js:161:106493)
2025-03-12 09:30:00.784 [error] [mshr-h.veriloghdl] provider FAILED
2025-03-12 09:30:00.784 [error] TypeError: n is not iterable
	at K_.provideHover (/home/sgass/.vscode/extensions/mshr-h.veriloghdl-1.16.0/dist/main.js:588:7681)
	at async C.provideHover (/usr/share/code/resources/app/out/vs/workbench/api/node/extensionHostProcess.js:161:106493)
2025-03-12 09:30:06.304 [error] [mshr-h.veriloghdl] provider FAILED
2025-03-12 09:30:06.304 [error] TypeError: n is not iterable
	at K_.provideHover (/home/sgass/.vscode/extensions/mshr-h.veriloghdl-1.16.0/dist/main.js:588:7681)
	at async C.provideHover (/usr/share/code/resources/app/out/vs/workbench/api/node/extensionHostProcess.js:161:106493)
2025-03-12 09:31:18.308 [error] [mshr-h.veriloghdl] provider FAILED
2025-03-12 09:31:18.308 [error] TypeError: n is not iterable
	at K_.provideHover (/home/sgass/.vscode/extensions/mshr-h.veriloghdl-1.16.0/dist/main.js:588:7681)
	at async C.provideHover (/usr/share/code/resources/app/out/vs/workbench/api/node/extensionHostProcess.js:161:106493)
2025-03-12 09:33:31.242 [error] [mshr-h.veriloghdl] provider FAILED
2025-03-12 09:33:31.243 [error] TypeError: n is not iterable
	at K_.provideHover (/home/sgass/.vscode/extensions/mshr-h.veriloghdl-1.16.0/dist/main.js:588:7681)
	at async C.provideHover (/usr/share/code/resources/app/out/vs/workbench/api/node/extensionHostProcess.js:161:106493)
2025-03-12 09:33:31.606 [error] [mshr-h.veriloghdl] provider FAILED
2025-03-12 09:33:31.606 [error] TypeError: n is not iterable
	at K_.provideHover (/home/sgass/.vscode/extensions/mshr-h.veriloghdl-1.16.0/dist/main.js:588:7681)
	at async C.provideHover (/usr/share/code/resources/app/out/vs/workbench/api/node/extensionHostProcess.js:161:106493)
2025-03-12 09:33:35.395 [error] [mshr-h.veriloghdl] provider FAILED
2025-03-12 09:33:35.396 [error] TypeError: n is not iterable
	at K_.provideHover (/home/sgass/.vscode/extensions/mshr-h.veriloghdl-1.16.0/dist/main.js:588:7681)
	at async C.provideHover (/usr/share/code/resources/app/out/vs/workbench/api/node/extensionHostProcess.js:161:106493)
2025-03-12 09:34:04.337 [error] [mshr-h.veriloghdl] provider FAILED
2025-03-12 09:34:04.338 [error] TypeError: n is not iterable
	at K_.provideHover (/home/sgass/.vscode/extensions/mshr-h.veriloghdl-1.16.0/dist/main.js:588:7681)
	at async C.provideHover (/usr/share/code/resources/app/out/vs/workbench/api/node/extensionHostProcess.js:161:106493)
2025-03-12 09:35:12.420 [error] [mshr-h.veriloghdl] provider FAILED
2025-03-12 09:35:12.420 [error] TypeError: n is not iterable
	at K_.provideHover (/home/sgass/.vscode/extensions/mshr-h.veriloghdl-1.16.0/dist/main.js:588:7681)
	at async C.provideHover (/usr/share/code/resources/app/out/vs/workbench/api/node/extensionHostProcess.js:161:106493)
2025-03-12 09:35:17.426 [error] [mshr-h.veriloghdl] provider FAILED
2025-03-12 09:35:17.426 [error] TypeError: n is not iterable
	at K_.provideHover (/home/sgass/.vscode/extensions/mshr-h.veriloghdl-1.16.0/dist/main.js:588:7681)
	at async C.provideHover (/usr/share/code/resources/app/out/vs/workbench/api/node/extensionHostProcess.js:161:106493)
2025-03-12 09:35:29.235 [error] [mshr-h.veriloghdl] provider FAILED
2025-03-12 09:35:29.236 [error] TypeError: n is not iterable
	at K_.provideHover (/home/sgass/.vscode/extensions/mshr-h.veriloghdl-1.16.0/dist/main.js:588:7681)
	at async C.provideHover (/usr/share/code/resources/app/out/vs/workbench/api/node/extensionHostProcess.js:161:106493)
2025-03-12 09:36:39.949 [error] [mshr-h.veriloghdl] provider FAILED
2025-03-12 09:36:39.949 [error] TypeError: n is not iterable
	at K_.provideHover (/home/sgass/.vscode/extensions/mshr-h.veriloghdl-1.16.0/dist/main.js:588:7681)
	at async C.provideHover (/usr/share/code/resources/app/out/vs/workbench/api/node/extensionHostProcess.js:161:106493)
2025-03-12 09:36:53.944 [error] [mshr-h.veriloghdl] provider FAILED
2025-03-12 09:36:53.944 [error] TypeError: n is not iterable
	at K_.provideHover (/home/sgass/.vscode/extensions/mshr-h.veriloghdl-1.16.0/dist/main.js:588:7681)
	at async C.provideHover (/usr/share/code/resources/app/out/vs/workbench/api/node/extensionHostProcess.js:161:106493)
2025-03-12 09:37:29.950 [error] [mshr-h.veriloghdl] provider FAILED
2025-03-12 09:37:29.950 [error] TypeError: n is not iterable
	at K_.provideHover (/home/sgass/.vscode/extensions/mshr-h.veriloghdl-1.16.0/dist/main.js:588:7681)
	at async C.provideHover (/usr/share/code/resources/app/out/vs/workbench/api/node/extensionHostProcess.js:161:106493)
2025-03-12 09:37:53.621 [error] [mshr-h.veriloghdl] provider FAILED
2025-03-12 09:37:53.621 [error] TypeError: n is not iterable
	at K_.provideHover (/home/sgass/.vscode/extensions/mshr-h.veriloghdl-1.16.0/dist/main.js:588:7681)
	at async C.provideHover (/usr/share/code/resources/app/out/vs/workbench/api/node/extensionHostProcess.js:161:106493)
2025-03-12 09:38:11.149 [error] [mshr-h.veriloghdl] provider FAILED
2025-03-12 09:38:11.149 [error] TypeError: n is not iterable
	at K_.provideHover (/home/sgass/.vscode/extensions/mshr-h.veriloghdl-1.16.0/dist/main.js:588:7681)
	at async C.provideHover (/usr/share/code/resources/app/out/vs/workbench/api/node/extensionHostProcess.js:161:106493)
2025-03-12 09:38:13.171 [error] [mshr-h.veriloghdl] provider FAILED
2025-03-12 09:38:13.171 [error] TypeError: n is not iterable
	at K_.provideHover (/home/sgass/.vscode/extensions/mshr-h.veriloghdl-1.16.0/dist/main.js:588:7681)
	at async C.provideHover (/usr/share/code/resources/app/out/vs/workbench/api/node/extensionHostProcess.js:161:106493)
2025-03-12 09:38:37.432 [error] [mshr-h.veriloghdl] provider FAILED
2025-03-12 09:38:37.432 [error] TypeError: n is not iterable
	at K_.provideHover (/home/sgass/.vscode/extensions/mshr-h.veriloghdl-1.16.0/dist/main.js:588:7681)
	at async C.provideHover (/usr/share/code/resources/app/out/vs/workbench/api/node/extensionHostProcess.js:161:106493)
2025-03-12 09:39:02.244 [error] [mshr-h.veriloghdl] provider FAILED
2025-03-12 09:39:02.244 [error] TypeError: n is not iterable
	at K_.provideHover (/home/sgass/.vscode/extensions/mshr-h.veriloghdl-1.16.0/dist/main.js:588:7681)
	at async C.provideHover (/usr/share/code/resources/app/out/vs/workbench/api/node/extensionHostProcess.js:161:106493)
2025-03-12 10:58:12.670 [error] [mshr-h.veriloghdl] provider FAILED
2025-03-12 10:58:12.670 [error] TypeError: n is not iterable
	at K_.provideHover (/home/sgass/.vscode/extensions/mshr-h.veriloghdl-1.16.0/dist/main.js:588:7681)
	at async C.provideHover (/usr/share/code/resources/app/out/vs/workbench/api/node/extensionHostProcess.js:161:106493)
2025-03-12 10:59:31.746 [error] [mshr-h.veriloghdl] provider FAILED
2025-03-12 10:59:31.746 [error] TypeError: n is not iterable
	at K_.provideHover (/home/sgass/.vscode/extensions/mshr-h.veriloghdl-1.16.0/dist/main.js:588:7681)
	at async C.provideHover (/usr/share/code/resources/app/out/vs/workbench/api/node/extensionHostProcess.js:161:106493)
2025-03-12 10:59:37.663 [error] [mshr-h.veriloghdl] provider FAILED
2025-03-12 10:59:37.664 [error] TypeError: n is not iterable
	at K_.provideHover (/home/sgass/.vscode/extensions/mshr-h.veriloghdl-1.16.0/dist/main.js:588:7681)
	at async C.provideHover (/usr/share/code/resources/app/out/vs/workbench/api/node/extensionHostProcess.js:161:106493)
2025-03-12 11:00:08.954 [error] [mshr-h.veriloghdl] provider FAILED
2025-03-12 11:00:08.954 [error] TypeError: n is not iterable
	at K_.provideHover (/home/sgass/.vscode/extensions/mshr-h.veriloghdl-1.16.0/dist/main.js:588:7681)
	at async C.provideHover (/usr/share/code/resources/app/out/vs/workbench/api/node/extensionHostProcess.js:161:106493)
2025-03-12 11:01:30.141 [error] [mshr-h.veriloghdl] provider FAILED
2025-03-12 11:01:30.141 [error] TypeError: n is not iterable
	at K_.provideHover (/home/sgass/.vscode/extensions/mshr-h.veriloghdl-1.16.0/dist/main.js:588:7681)
	at async C.provideHover (/usr/share/code/resources/app/out/vs/workbench/api/node/extensionHostProcess.js:161:106493)
2025-03-12 11:01:57.815 [error] [mshr-h.veriloghdl] provider FAILED
2025-03-12 11:01:57.815 [error] TypeError: n is not iterable
	at K_.provideHover (/home/sgass/.vscode/extensions/mshr-h.veriloghdl-1.16.0/dist/main.js:588:7681)
	at async C.provideHover (/usr/share/code/resources/app/out/vs/workbench/api/node/extensionHostProcess.js:161:106493)
2025-03-12 11:02:13.677 [error] [mshr-h.veriloghdl] provider FAILED
2025-03-12 11:02:13.677 [error] TypeError: n is not iterable
	at K_.provideHover (/home/sgass/.vscode/extensions/mshr-h.veriloghdl-1.16.0/dist/main.js:588:7681)
	at async C.provideHover (/usr/share/code/resources/app/out/vs/workbench/api/node/extensionHostProcess.js:161:106493)
2025-03-12 11:02:21.774 [error] [mshr-h.veriloghdl] provider FAILED
2025-03-12 11:02:21.774 [error] TypeError: n is not iterable
	at K_.provideHover (/home/sgass/.vscode/extensions/mshr-h.veriloghdl-1.16.0/dist/main.js:588:7681)
	at async C.provideHover (/usr/share/code/resources/app/out/vs/workbench/api/node/extensionHostProcess.js:161:106493)
2025-03-12 11:02:24.889 [error] [mshr-h.veriloghdl] provider FAILED
2025-03-12 11:02:24.889 [error] TypeError: n is not iterable
	at K_.provideHover (/home/sgass/.vscode/extensions/mshr-h.veriloghdl-1.16.0/dist/main.js:588:7681)
	at async C.provideHover (/usr/share/code/resources/app/out/vs/workbench/api/node/extensionHostProcess.js:161:106493)
2025-03-12 11:02:30.124 [error] [mshr-h.veriloghdl] provider FAILED
2025-03-12 11:02:30.124 [error] TypeError: n is not iterable
	at K_.provideHover (/home/sgass/.vscode/extensions/mshr-h.veriloghdl-1.16.0/dist/main.js:588:7681)
	at async C.provideHover (/usr/share/code/resources/app/out/vs/workbench/api/node/extensionHostProcess.js:161:106493)
2025-03-12 11:02:30.602 [error] [mshr-h.veriloghdl] provider FAILED
2025-03-12 11:02:30.602 [error] TypeError: n is not iterable
	at K_.provideHover (/home/sgass/.vscode/extensions/mshr-h.veriloghdl-1.16.0/dist/main.js:588:7681)
	at async C.provideHover (/usr/share/code/resources/app/out/vs/workbench/api/node/extensionHostProcess.js:161:106493)
2025-03-12 11:02:31.605 [error] [mshr-h.veriloghdl] provider FAILED
2025-03-12 11:02:31.605 [error] TypeError: n is not iterable
	at K_.provideHover (/home/sgass/.vscode/extensions/mshr-h.veriloghdl-1.16.0/dist/main.js:588:7681)
	at async C.provideHover (/usr/share/code/resources/app/out/vs/workbench/api/node/extensionHostProcess.js:161:106493)
2025-03-12 11:03:13.655 [error] [mshr-h.veriloghdl] provider FAILED
2025-03-12 11:03:13.655 [error] TypeError: n is not iterable
	at K_.provideHover (/home/sgass/.vscode/extensions/mshr-h.veriloghdl-1.16.0/dist/main.js:588:7681)
	at async C.provideHover (/usr/share/code/resources/app/out/vs/workbench/api/node/extensionHostProcess.js:161:106493)
2025-03-12 11:06:39.995 [error] [mshr-h.veriloghdl] provider FAILED
2025-03-12 11:06:39.995 [error] TypeError: n is not iterable
	at K_.provideHover (/home/sgass/.vscode/extensions/mshr-h.veriloghdl-1.16.0/dist/main.js:588:7681)
	at async C.provideHover (/usr/share/code/resources/app/out/vs/workbench/api/node/extensionHostProcess.js:161:106493)
2025-03-12 11:07:28.658 [error] [mshr-h.veriloghdl] provider FAILED
2025-03-12 11:07:28.658 [error] TypeError: n is not iterable
	at K_.provideHover (/home/sgass/.vscode/extensions/mshr-h.veriloghdl-1.16.0/dist/main.js:588:7681)
	at async C.provideHover (/usr/share/code/resources/app/out/vs/workbench/api/node/extensionHostProcess.js:161:106493)
2025-03-12 14:53:55.113 [error] [mshr-h.veriloghdl] provider FAILED
2025-03-12 14:53:55.113 [error] TypeError: n is not iterable
	at K_.provideHover (/home/sgass/.vscode/extensions/mshr-h.veriloghdl-1.16.0/dist/main.js:588:7681)
	at async C.provideHover (/usr/share/code/resources/app/out/vs/workbench/api/node/extensionHostProcess.js:161:106493)
2025-03-12 14:54:04.897 [error] [mshr-h.veriloghdl] provider FAILED
2025-03-12 14:54:04.897 [error] TypeError: n is not iterable
	at K_.provideHover (/home/sgass/.vscode/extensions/mshr-h.veriloghdl-1.16.0/dist/main.js:588:7681)
	at async C.provideHover (/usr/share/code/resources/app/out/vs/workbench/api/node/extensionHostProcess.js:161:106493)
2025-03-12 14:54:09.099 [error] [mshr-h.veriloghdl] provider FAILED
2025-03-12 14:54:09.106 [error] TypeError: n is not iterable
	at K_.provideHover (/home/sgass/.vscode/extensions/mshr-h.veriloghdl-1.16.0/dist/main.js:588:7681)
	at async C.provideHover (/usr/share/code/resources/app/out/vs/workbench/api/node/extensionHostProcess.js:161:106493)
2025-03-12 15:07:40.899 [error] [mshr-h.veriloghdl] provider FAILED
2025-03-12 15:07:40.899 [error] TypeError: n is not iterable
	at K_.provideHover (/home/sgass/.vscode/extensions/mshr-h.veriloghdl-1.16.0/dist/main.js:588:7681)
	at async C.provideHover (/usr/share/code/resources/app/out/vs/workbench/api/node/extensionHostProcess.js:161:106493)
2025-03-12 15:07:43.297 [error] [mshr-h.veriloghdl] provider FAILED
2025-03-12 15:07:43.300 [error] TypeError: n is not iterable
	at K_.provideHover (/home/sgass/.vscode/extensions/mshr-h.veriloghdl-1.16.0/dist/main.js:588:7681)
	at async C.provideHover (/usr/share/code/resources/app/out/vs/workbench/api/node/extensionHostProcess.js:161:106493)
2025-03-12 15:11:27.299 [error] [mshr-h.veriloghdl] provider FAILED
2025-03-12 15:11:27.299 [error] TypeError: n is not iterable
	at K_.provideHover (/home/sgass/.vscode/extensions/mshr-h.veriloghdl-1.16.0/dist/main.js:588:7681)
	at async C.provideHover (/usr/share/code/resources/app/out/vs/workbench/api/node/extensionHostProcess.js:161:106493)
2025-03-12 15:11:35.349 [error] [mshr-h.veriloghdl] provider FAILED
2025-03-12 15:11:35.349 [error] TypeError: n is not iterable
	at K_.provideHover (/home/sgass/.vscode/extensions/mshr-h.veriloghdl-1.16.0/dist/main.js:588:7681)
	at async C.provideHover (/usr/share/code/resources/app/out/vs/workbench/api/node/extensionHostProcess.js:161:106493)
2025-03-12 15:11:41.781 [error] [mshr-h.veriloghdl] provider FAILED
2025-03-12 15:11:41.781 [error] TypeError: n is not iterable
	at K_.provideHover (/home/sgass/.vscode/extensions/mshr-h.veriloghdl-1.16.0/dist/main.js:588:7681)
	at async C.provideHover (/usr/share/code/resources/app/out/vs/workbench/api/node/extensionHostProcess.js:161:106493)
2025-03-12 15:11:53.463 [error] [mshr-h.veriloghdl] provider FAILED
2025-03-12 15:11:53.463 [error] TypeError: n is not iterable
	at K_.provideHover (/home/sgass/.vscode/extensions/mshr-h.veriloghdl-1.16.0/dist/main.js:588:7681)
	at async C.provideHover (/usr/share/code/resources/app/out/vs/workbench/api/node/extensionHostProcess.js:161:106493)
2025-03-12 15:11:53.653 [error] [mshr-h.veriloghdl] provider FAILED
2025-03-12 15:11:53.653 [error] TypeError: n is not iterable
	at K_.provideHover (/home/sgass/.vscode/extensions/mshr-h.veriloghdl-1.16.0/dist/main.js:588:7681)
	at async C.provideHover (/usr/share/code/resources/app/out/vs/workbench/api/node/extensionHostProcess.js:161:106493)
2025-03-12 15:11:54.264 [error] [mshr-h.veriloghdl] provider FAILED
2025-03-12 15:11:54.264 [error] TypeError: n is not iterable
	at K_.provideHover (/home/sgass/.vscode/extensions/mshr-h.veriloghdl-1.16.0/dist/main.js:588:7681)
	at async C.provideHover (/usr/share/code/resources/app/out/vs/workbench/api/node/extensionHostProcess.js:161:106493)
2025-03-12 15:11:54.464 [error] [mshr-h.veriloghdl] provider FAILED
2025-03-12 15:11:54.464 [error] TypeError: n is not iterable
	at K_.provideHover (/home/sgass/.vscode/extensions/mshr-h.veriloghdl-1.16.0/dist/main.js:588:7681)
	at async C.provideHover (/usr/share/code/resources/app/out/vs/workbench/api/node/extensionHostProcess.js:161:106493)
2025-03-12 15:12:59.080 [error] [mshr-h.veriloghdl] provider FAILED
2025-03-12 15:12:59.080 [error] TypeError: n is not iterable
	at K_.provideHover (/home/sgass/.vscode/extensions/mshr-h.veriloghdl-1.16.0/dist/main.js:588:7681)
	at async C.provideHover (/usr/share/code/resources/app/out/vs/workbench/api/node/extensionHostProcess.js:161:106493)
2025-03-12 15:12:59.298 [error] [mshr-h.veriloghdl] provider FAILED
2025-03-12 15:12:59.298 [error] TypeError: n is not iterable
	at K_.provideHover (/home/sgass/.vscode/extensions/mshr-h.veriloghdl-1.16.0/dist/main.js:588:7681)
	at async C.provideHover (/usr/share/code/resources/app/out/vs/workbench/api/node/extensionHostProcess.js:161:106493)
2025-03-12 15:13:43.403 [error] [mshr-h.veriloghdl] provider FAILED
2025-03-12 15:13:43.403 [error] TypeError: n is not iterable
	at K_.provideHover (/home/sgass/.vscode/extensions/mshr-h.veriloghdl-1.16.0/dist/main.js:588:7681)
	at async C.provideHover (/usr/share/code/resources/app/out/vs/workbench/api/node/extensionHostProcess.js:161:106493)
2025-03-12 15:14:00.517 [error] [mshr-h.veriloghdl] provider FAILED
2025-03-12 15:14:00.517 [error] TypeError: n is not iterable
	at K_.provideHover (/home/sgass/.vscode/extensions/mshr-h.veriloghdl-1.16.0/dist/main.js:588:7681)
	at async C.provideHover (/usr/share/code/resources/app/out/vs/workbench/api/node/extensionHostProcess.js:161:106493)
2025-03-12 15:14:43.816 [error] [mshr-h.veriloghdl] provider FAILED
2025-03-12 15:14:43.816 [error] TypeError: n is not iterable
	at K_.provideHover (/home/sgass/.vscode/extensions/mshr-h.veriloghdl-1.16.0/dist/main.js:588:7681)
	at async C.provideHover (/usr/share/code/resources/app/out/vs/workbench/api/node/extensionHostProcess.js:161:106493)
2025-03-12 15:14:44.334 [error] [mshr-h.veriloghdl] provider FAILED
2025-03-12 15:14:44.334 [error] TypeError: n is not iterable
	at K_.provideHover (/home/sgass/.vscode/extensions/mshr-h.veriloghdl-1.16.0/dist/main.js:588:7681)
	at async C.provideHover (/usr/share/code/resources/app/out/vs/workbench/api/node/extensionHostProcess.js:161:106493)
2025-03-12 15:15:25.824 [error] [mshr-h.veriloghdl] provider FAILED
2025-03-12 15:15:25.824 [error] TypeError: n is not iterable
	at K_.provideHover (/home/sgass/.vscode/extensions/mshr-h.veriloghdl-1.16.0/dist/main.js:588:7681)
	at async C.provideHover (/usr/share/code/resources/app/out/vs/workbench/api/node/extensionHostProcess.js:161:106493)
2025-03-12 15:17:52.304 [error] [mshr-h.veriloghdl] provider FAILED
2025-03-12 15:17:52.305 [error] TypeError: n is not iterable
	at K_.provideHover (/home/sgass/.vscode/extensions/mshr-h.veriloghdl-1.16.0/dist/main.js:588:7681)
	at async C.provideHover (/usr/share/code/resources/app/out/vs/workbench/api/node/extensionHostProcess.js:161:106493)
2025-03-12 15:17:59.169 [error] [mshr-h.veriloghdl] provider FAILED
2025-03-12 15:17:59.169 [error] TypeError: n is not iterable
	at K_.provideHover (/home/sgass/.vscode/extensions/mshr-h.veriloghdl-1.16.0/dist/main.js:588:7681)
	at async C.provideHover (/usr/share/code/resources/app/out/vs/workbench/api/node/extensionHostProcess.js:161:106493)
2025-03-12 15:18:07.544 [error] [mshr-h.veriloghdl] provider FAILED
2025-03-12 15:18:07.545 [error] TypeError: n is not iterable
	at K_.provideHover (/home/sgass/.vscode/extensions/mshr-h.veriloghdl-1.16.0/dist/main.js:588:7681)
	at async C.provideHover (/usr/share/code/resources/app/out/vs/workbench/api/node/extensionHostProcess.js:161:106493)
2025-03-12 15:18:10.100 [error] [mshr-h.veriloghdl] provider FAILED
2025-03-12 15:18:10.100 [error] TypeError: n is not iterable
	at K_.provideHover (/home/sgass/.vscode/extensions/mshr-h.veriloghdl-1.16.0/dist/main.js:588:7681)
	at async C.provideHover (/usr/share/code/resources/app/out/vs/workbench/api/node/extensionHostProcess.js:161:106493)
2025-03-12 15:18:12.237 [error] [mshr-h.veriloghdl] provider FAILED
2025-03-12 15:18:12.237 [error] TypeError: n is not iterable
	at K_.provideHover (/home/sgass/.vscode/extensions/mshr-h.veriloghdl-1.16.0/dist/main.js:588:7681)
	at async C.provideHover (/usr/share/code/resources/app/out/vs/workbench/api/node/extensionHostProcess.js:161:106493)
2025-03-12 15:18:20.929 [error] [mshr-h.veriloghdl] provider FAILED
2025-03-12 15:18:20.929 [error] TypeError: n is not iterable
	at K_.provideHover (/home/sgass/.vscode/extensions/mshr-h.veriloghdl-1.16.0/dist/main.js:588:7681)
	at async C.provideHover (/usr/share/code/resources/app/out/vs/workbench/api/node/extensionHostProcess.js:161:106493)
2025-03-12 15:18:29.486 [error] [mshr-h.veriloghdl] provider FAILED
2025-03-12 15:18:29.487 [error] TypeError: n is not iterable
	at K_.provideHover (/home/sgass/.vscode/extensions/mshr-h.veriloghdl-1.16.0/dist/main.js:588:7681)
	at async C.provideHover (/usr/share/code/resources/app/out/vs/workbench/api/node/extensionHostProcess.js:161:106493)
2025-03-12 15:22:35.591 [error] [mshr-h.veriloghdl] provider FAILED
2025-03-12 15:22:35.591 [error] TypeError: n is not iterable
	at K_.provideHover (/home/sgass/.vscode/extensions/mshr-h.veriloghdl-1.16.0/dist/main.js:588:7681)
	at async C.provideHover (/usr/share/code/resources/app/out/vs/workbench/api/node/extensionHostProcess.js:161:106493)
2025-03-12 15:22:41.416 [error] [mshr-h.veriloghdl] provider FAILED
2025-03-12 15:22:41.416 [error] TypeError: n is not iterable
	at K_.provideHover (/home/sgass/.vscode/extensions/mshr-h.veriloghdl-1.16.0/dist/main.js:588:7681)
	at async C.provideHover (/usr/share/code/resources/app/out/vs/workbench/api/node/extensionHostProcess.js:161:106493)
2025-03-12 15:23:09.605 [error] [mshr-h.veriloghdl] provider FAILED
2025-03-12 15:23:09.605 [error] TypeError: n is not iterable
	at K_.provideHover (/home/sgass/.vscode/extensions/mshr-h.veriloghdl-1.16.0/dist/main.js:588:7681)
	at async C.provideHover (/usr/share/code/resources/app/out/vs/workbench/api/node/extensionHostProcess.js:161:106493)
2025-03-12 15:23:33.642 [error] [mshr-h.veriloghdl] provider FAILED
2025-03-12 15:23:33.642 [error] TypeError: n is not iterable
	at K_.provideHover (/home/sgass/.vscode/extensions/mshr-h.veriloghdl-1.16.0/dist/main.js:588:7681)
	at async C.provideHover (/usr/share/code/resources/app/out/vs/workbench/api/node/extensionHostProcess.js:161:106493)
2025-03-12 15:28:17.705 [error] [mshr-h.veriloghdl] provider FAILED
2025-03-12 15:28:17.706 [error] TypeError: n is not iterable
	at K_.provideHover (/home/sgass/.vscode/extensions/mshr-h.veriloghdl-1.16.0/dist/main.js:588:7681)
	at async C.provideHover (/usr/share/code/resources/app/out/vs/workbench/api/node/extensionHostProcess.js:161:106493)
2025-03-12 15:28:17.994 [error] [mshr-h.veriloghdl] provider FAILED
2025-03-12 15:28:17.994 [error] TypeError: n is not iterable
	at K_.provideHover (/home/sgass/.vscode/extensions/mshr-h.veriloghdl-1.16.0/dist/main.js:588:7681)
	at async C.provideHover (/usr/share/code/resources/app/out/vs/workbench/api/node/extensionHostProcess.js:161:106493)
2025-03-12 15:28:39.262 [error] [mshr-h.veriloghdl] provider FAILED
2025-03-12 15:28:39.262 [error] TypeError: n is not iterable
	at K_.provideHover (/home/sgass/.vscode/extensions/mshr-h.veriloghdl-1.16.0/dist/main.js:588:7681)
	at async C.provideHover (/usr/share/code/resources/app/out/vs/workbench/api/node/extensionHostProcess.js:161:106493)
2025-03-12 15:28:58.325 [error] [mshr-h.veriloghdl] provider FAILED
2025-03-12 15:28:58.325 [error] TypeError: n is not iterable
	at K_.provideHover (/home/sgass/.vscode/extensions/mshr-h.veriloghdl-1.16.0/dist/main.js:588:7681)
	at async C.provideHover (/usr/share/code/resources/app/out/vs/workbench/api/node/extensionHostProcess.js:161:106493)
2025-03-12 15:29:16.741 [error] [mshr-h.veriloghdl] provider FAILED
2025-03-12 15:29:16.741 [error] TypeError: n is not iterable
	at K_.provideHover (/home/sgass/.vscode/extensions/mshr-h.veriloghdl-1.16.0/dist/main.js:588:7681)
	at async C.provideHover (/usr/share/code/resources/app/out/vs/workbench/api/node/extensionHostProcess.js:161:106493)
2025-03-12 15:30:00.222 [error] [mshr-h.veriloghdl] provider FAILED
2025-03-12 15:30:00.222 [error] TypeError: n is not iterable
	at K_.provideHover (/home/sgass/.vscode/extensions/mshr-h.veriloghdl-1.16.0/dist/main.js:588:7681)
	at async C.provideHover (/usr/share/code/resources/app/out/vs/workbench/api/node/extensionHostProcess.js:161:106493)
2025-03-12 15:34:21.687 [error] [mshr-h.veriloghdl] provider FAILED
2025-03-12 15:34:21.687 [error] TypeError: n is not iterable
	at K_.provideHover (/home/sgass/.vscode/extensions/mshr-h.veriloghdl-1.16.0/dist/main.js:588:7681)
	at async C.provideHover (/usr/share/code/resources/app/out/vs/workbench/api/node/extensionHostProcess.js:161:106493)
2025-03-12 15:34:34.930 [error] [mshr-h.veriloghdl] provider FAILED
2025-03-12 15:34:34.931 [error] TypeError: n is not iterable
	at K_.provideHover (/home/sgass/.vscode/extensions/mshr-h.veriloghdl-1.16.0/dist/main.js:588:7681)
	at async C.provideHover (/usr/share/code/resources/app/out/vs/workbench/api/node/extensionHostProcess.js:161:106493)
2025-03-12 15:35:08.563 [error] [mshr-h.veriloghdl] provider FAILED
2025-03-12 15:35:08.563 [error] TypeError: n is not iterable
	at K_.provideHover (/home/sgass/.vscode/extensions/mshr-h.veriloghdl-1.16.0/dist/main.js:588:7681)
	at async C.provideHover (/usr/share/code/resources/app/out/vs/workbench/api/node/extensionHostProcess.js:161:106493)
2025-03-12 15:35:27.781 [error] [mshr-h.veriloghdl] provider FAILED
2025-03-12 15:35:27.781 [error] TypeError: n is not iterable
	at K_.provideHover (/home/sgass/.vscode/extensions/mshr-h.veriloghdl-1.16.0/dist/main.js:588:7681)
	at async C.provideHover (/usr/share/code/resources/app/out/vs/workbench/api/node/extensionHostProcess.js:161:106493)
2025-03-12 15:36:33.570 [error] [mshr-h.veriloghdl] provider FAILED
2025-03-12 15:36:33.571 [error] TypeError: n is not iterable
	at K_.provideHover (/home/sgass/.vscode/extensions/mshr-h.veriloghdl-1.16.0/dist/main.js:588:7681)
	at async C.provideHover (/usr/share/code/resources/app/out/vs/workbench/api/node/extensionHostProcess.js:161:106493)
2025-03-12 15:36:41.043 [error] [mshr-h.veriloghdl] provider FAILED
2025-03-12 15:36:41.043 [error] TypeError: n is not iterable
	at K_.provideHover (/home/sgass/.vscode/extensions/mshr-h.veriloghdl-1.16.0/dist/main.js:588:7681)
	at async C.provideHover (/usr/share/code/resources/app/out/vs/workbench/api/node/extensionHostProcess.js:161:106493)
2025-03-12 15:36:50.065 [error] [mshr-h.veriloghdl] provider FAILED
2025-03-12 15:36:50.065 [error] TypeError: n is not iterable
	at K_.provideHover (/home/sgass/.vscode/extensions/mshr-h.veriloghdl-1.16.0/dist/main.js:588:7681)
	at async C.provideHover (/usr/share/code/resources/app/out/vs/workbench/api/node/extensionHostProcess.js:161:106493)
2025-03-12 15:36:55.587 [error] [mshr-h.veriloghdl] provider FAILED
2025-03-12 15:36:55.588 [error] TypeError: n is not iterable
	at K_.provideHover (/home/sgass/.vscode/extensions/mshr-h.veriloghdl-1.16.0/dist/main.js:588:7681)
	at async C.provideHover (/usr/share/code/resources/app/out/vs/workbench/api/node/extensionHostProcess.js:161:106493)
2025-03-12 15:37:00.873 [error] [mshr-h.veriloghdl] provider FAILED
2025-03-12 15:37:00.873 [error] TypeError: n is not iterable
	at K_.provideHover (/home/sgass/.vscode/extensions/mshr-h.veriloghdl-1.16.0/dist/main.js:588:7681)
	at async C.provideHover (/usr/share/code/resources/app/out/vs/workbench/api/node/extensionHostProcess.js:161:106493)
2025-03-12 15:37:01.180 [error] [mshr-h.veriloghdl] provider FAILED
2025-03-12 15:37:01.180 [error] TypeError: n is not iterable
	at K_.provideHover (/home/sgass/.vscode/extensions/mshr-h.veriloghdl-1.16.0/dist/main.js:588:7681)
	at async C.provideHover (/usr/share/code/resources/app/out/vs/workbench/api/node/extensionHostProcess.js:161:106493)
2025-03-12 15:37:06.899 [error] [mshr-h.veriloghdl] provider FAILED
2025-03-12 15:37:06.899 [error] TypeError: n is not iterable
	at K_.provideHover (/home/sgass/.vscode/extensions/mshr-h.veriloghdl-1.16.0/dist/main.js:588:7681)
	at async C.provideHover (/usr/share/code/resources/app/out/vs/workbench/api/node/extensionHostProcess.js:161:106493)
2025-03-12 15:37:14.722 [error] [mshr-h.veriloghdl] provider FAILED
2025-03-12 15:37:14.722 [error] TypeError: n is not iterable
	at K_.provideHover (/home/sgass/.vscode/extensions/mshr-h.veriloghdl-1.16.0/dist/main.js:588:7681)
	at async C.provideHover (/usr/share/code/resources/app/out/vs/workbench/api/node/extensionHostProcess.js:161:106493)
2025-03-12 15:37:32.802 [error] [mshr-h.veriloghdl] provider FAILED
2025-03-12 15:37:32.802 [error] TypeError: n is not iterable
	at K_.provideHover (/home/sgass/.vscode/extensions/mshr-h.veriloghdl-1.16.0/dist/main.js:588:7681)
	at async C.provideHover (/usr/share/code/resources/app/out/vs/workbench/api/node/extensionHostProcess.js:161:106493)
2025-03-12 15:38:20.813 [error] [mshr-h.veriloghdl] provider FAILED
2025-03-12 15:38:20.813 [error] TypeError: n is not iterable
	at K_.provideHover (/home/sgass/.vscode/extensions/mshr-h.veriloghdl-1.16.0/dist/main.js:588:7681)
	at async C.provideHover (/usr/share/code/resources/app/out/vs/workbench/api/node/extensionHostProcess.js:161:106493)
2025-03-12 15:38:21.109 [error] [mshr-h.veriloghdl] provider FAILED
2025-03-12 15:38:21.109 [error] TypeError: n is not iterable
	at K_.provideHover (/home/sgass/.vscode/extensions/mshr-h.veriloghdl-1.16.0/dist/main.js:588:7681)
	at async C.provideHover (/usr/share/code/resources/app/out/vs/workbench/api/node/extensionHostProcess.js:161:106493)
2025-03-12 15:38:41.261 [error] [mshr-h.veriloghdl] provider FAILED
2025-03-12 15:38:41.261 [error] TypeError: n is not iterable
	at K_.provideHover (/home/sgass/.vscode/extensions/mshr-h.veriloghdl-1.16.0/dist/main.js:588:7681)
	at async C.provideHover (/usr/share/code/resources/app/out/vs/workbench/api/node/extensionHostProcess.js:161:106493)
2025-03-12 15:38:41.459 [error] [mshr-h.veriloghdl] provider FAILED
2025-03-12 15:38:41.459 [error] TypeError: n is not iterable
	at K_.provideHover (/home/sgass/.vscode/extensions/mshr-h.veriloghdl-1.16.0/dist/main.js:588:7681)
	at async C.provideHover (/usr/share/code/resources/app/out/vs/workbench/api/node/extensionHostProcess.js:161:106493)
2025-03-12 15:38:51.071 [error] [mshr-h.veriloghdl] provider FAILED
2025-03-12 15:38:51.071 [error] TypeError: n is not iterable
	at K_.provideHover (/home/sgass/.vscode/extensions/mshr-h.veriloghdl-1.16.0/dist/main.js:588:7681)
	at async C.provideHover (/usr/share/code/resources/app/out/vs/workbench/api/node/extensionHostProcess.js:161:106493)
2025-03-12 15:38:51.323 [error] [mshr-h.veriloghdl] provider FAILED
2025-03-12 15:38:51.323 [error] TypeError: n is not iterable
	at K_.provideHover (/home/sgass/.vscode/extensions/mshr-h.veriloghdl-1.16.0/dist/main.js:588:7681)
	at async C.provideHover (/usr/share/code/resources/app/out/vs/workbench/api/node/extensionHostProcess.js:161:106493)
2025-03-12 15:39:40.290 [error] [mshr-h.veriloghdl] provider FAILED
2025-03-12 15:39:40.290 [error] TypeError: n is not iterable
	at K_.provideHover (/home/sgass/.vscode/extensions/mshr-h.veriloghdl-1.16.0/dist/main.js:588:7681)
	at async C.provideHover (/usr/share/code/resources/app/out/vs/workbench/api/node/extensionHostProcess.js:161:106493)
2025-03-12 15:39:55.435 [error] [mshr-h.veriloghdl] provider FAILED
2025-03-12 15:39:55.435 [error] TypeError: n is not iterable
	at K_.provideHover (/home/sgass/.vscode/extensions/mshr-h.veriloghdl-1.16.0/dist/main.js:588:7681)
	at async C.provideHover (/usr/share/code/resources/app/out/vs/workbench/api/node/extensionHostProcess.js:161:106493)
2025-03-12 15:40:35.317 [error] [mshr-h.veriloghdl] provider FAILED
2025-03-12 15:40:35.317 [error] TypeError: n is not iterable
	at K_.provideHover (/home/sgass/.vscode/extensions/mshr-h.veriloghdl-1.16.0/dist/main.js:588:7681)
	at async C.provideHover (/usr/share/code/resources/app/out/vs/workbench/api/node/extensionHostProcess.js:161:106493)
2025-03-12 15:41:35.029 [error] [mshr-h.veriloghdl] provider FAILED
2025-03-12 15:41:35.029 [error] TypeError: n is not iterable
	at K_.provideHover (/home/sgass/.vscode/extensions/mshr-h.veriloghdl-1.16.0/dist/main.js:588:7681)
	at async C.provideHover (/usr/share/code/resources/app/out/vs/workbench/api/node/extensionHostProcess.js:161:106493)
2025-03-12 15:41:35.417 [error] [mshr-h.veriloghdl] provider FAILED
2025-03-12 15:41:35.417 [error] TypeError: n is not iterable
	at K_.provideHover (/home/sgass/.vscode/extensions/mshr-h.veriloghdl-1.16.0/dist/main.js:588:7681)
	at async C.provideHover (/usr/share/code/resources/app/out/vs/workbench/api/node/extensionHostProcess.js:161:106493)
2025-03-12 15:41:59.626 [error] [mshr-h.veriloghdl] provider FAILED
2025-03-12 15:41:59.626 [error] TypeError: n is not iterable
	at K_.provideHover (/home/sgass/.vscode/extensions/mshr-h.veriloghdl-1.16.0/dist/main.js:588:7681)
	at async C.provideHover (/usr/share/code/resources/app/out/vs/workbench/api/node/extensionHostProcess.js:161:106493)
2025-03-12 15:42:31.029 [error] [mshr-h.veriloghdl] provider FAILED
2025-03-12 15:42:31.029 [error] TypeError: n is not iterable
	at K_.provideHover (/home/sgass/.vscode/extensions/mshr-h.veriloghdl-1.16.0/dist/main.js:588:7681)
	at async C.provideHover (/usr/share/code/resources/app/out/vs/workbench/api/node/extensionHostProcess.js:161:106493)
2025-03-12 15:42:32.938 [error] [mshr-h.veriloghdl] provider FAILED
2025-03-12 15:42:32.938 [error] TypeError: n is not iterable
	at K_.provideHover (/home/sgass/.vscode/extensions/mshr-h.veriloghdl-1.16.0/dist/main.js:588:7681)
	at async C.provideHover (/usr/share/code/resources/app/out/vs/workbench/api/node/extensionHostProcess.js:161:106493)
2025-03-12 15:42:40.536 [error] [mshr-h.veriloghdl] provider FAILED
2025-03-12 15:42:40.536 [error] TypeError: n is not iterable
	at K_.provideHover (/home/sgass/.vscode/extensions/mshr-h.veriloghdl-1.16.0/dist/main.js:588:7681)
	at async C.provideHover (/usr/share/code/resources/app/out/vs/workbench/api/node/extensionHostProcess.js:161:106493)
2025-03-12 15:42:43.972 [error] [mshr-h.veriloghdl] provider FAILED
2025-03-12 15:42:43.972 [error] TypeError: n is not iterable
	at K_.provideHover (/home/sgass/.vscode/extensions/mshr-h.veriloghdl-1.16.0/dist/main.js:588:7681)
	at async C.provideHover (/usr/share/code/resources/app/out/vs/workbench/api/node/extensionHostProcess.js:161:106493)
2025-03-12 15:42:44.959 [error] [mshr-h.veriloghdl] provider FAILED
2025-03-12 15:42:44.959 [error] TypeError: n is not iterable
	at K_.provideHover (/home/sgass/.vscode/extensions/mshr-h.veriloghdl-1.16.0/dist/main.js:588:7681)
	at async C.provideHover (/usr/share/code/resources/app/out/vs/workbench/api/node/extensionHostProcess.js:161:106493)
2025-03-12 15:42:46.485 [error] [mshr-h.veriloghdl] provider FAILED
2025-03-12 15:42:46.485 [error] TypeError: n is not iterable
	at K_.provideHover (/home/sgass/.vscode/extensions/mshr-h.veriloghdl-1.16.0/dist/main.js:588:7681)
	at async C.provideHover (/usr/share/code/resources/app/out/vs/workbench/api/node/extensionHostProcess.js:161:106493)
2025-03-12 15:42:49.013 [error] [mshr-h.veriloghdl] provider FAILED
2025-03-12 15:42:49.014 [error] TypeError: n is not iterable
	at K_.provideHover (/home/sgass/.vscode/extensions/mshr-h.veriloghdl-1.16.0/dist/main.js:588:7681)
	at async C.provideHover (/usr/share/code/resources/app/out/vs/workbench/api/node/extensionHostProcess.js:161:106493)
2025-03-12 15:42:56.810 [error] [mshr-h.veriloghdl] provider FAILED
2025-03-12 15:42:56.810 [error] TypeError: n is not iterable
	at K_.provideHover (/home/sgass/.vscode/extensions/mshr-h.veriloghdl-1.16.0/dist/main.js:588:7681)
	at async C.provideHover (/usr/share/code/resources/app/out/vs/workbench/api/node/extensionHostProcess.js:161:106493)
2025-03-12 15:43:45.451 [error] [mshr-h.veriloghdl] provider FAILED
2025-03-12 15:43:45.451 [error] TypeError: n is not iterable
	at K_.provideHover (/home/sgass/.vscode/extensions/mshr-h.veriloghdl-1.16.0/dist/main.js:588:7681)
	at async C.provideHover (/usr/share/code/resources/app/out/vs/workbench/api/node/extensionHostProcess.js:161:106493)
2025-03-12 15:43:49.453 [error] [mshr-h.veriloghdl] provider FAILED
2025-03-12 15:43:49.453 [error] TypeError: n is not iterable
	at K_.provideHover (/home/sgass/.vscode/extensions/mshr-h.veriloghdl-1.16.0/dist/main.js:588:7681)
	at async C.provideHover (/usr/share/code/resources/app/out/vs/workbench/api/node/extensionHostProcess.js:161:106493)
2025-03-12 15:43:59.390 [error] [mshr-h.veriloghdl] provider FAILED
2025-03-12 15:43:59.390 [error] TypeError: n is not iterable
	at K_.provideHover (/home/sgass/.vscode/extensions/mshr-h.veriloghdl-1.16.0/dist/main.js:588:7681)
	at async C.provideHover (/usr/share/code/resources/app/out/vs/workbench/api/node/extensionHostProcess.js:161:106493)
2025-03-12 15:44:00.421 [error] [mshr-h.veriloghdl] provider FAILED
2025-03-12 15:44:00.421 [error] TypeError: n is not iterable
	at K_.provideHover (/home/sgass/.vscode/extensions/mshr-h.veriloghdl-1.16.0/dist/main.js:588:7681)
	at async C.provideHover (/usr/share/code/resources/app/out/vs/workbench/api/node/extensionHostProcess.js:161:106493)
2025-03-12 15:44:08.614 [error] [mshr-h.veriloghdl] provider FAILED
2025-03-12 15:44:08.614 [error] TypeError: n is not iterable
	at K_.provideHover (/home/sgass/.vscode/extensions/mshr-h.veriloghdl-1.16.0/dist/main.js:588:7681)
	at async C.provideHover (/usr/share/code/resources/app/out/vs/workbench/api/node/extensionHostProcess.js:161:106493)
2025-03-12 15:44:10.092 [error] [mshr-h.veriloghdl] provider FAILED
2025-03-12 15:44:10.092 [error] TypeError: n is not iterable
	at K_.provideHover (/home/sgass/.vscode/extensions/mshr-h.veriloghdl-1.16.0/dist/main.js:588:7681)
	at async C.provideHover (/usr/share/code/resources/app/out/vs/workbench/api/node/extensionHostProcess.js:161:106493)
2025-03-12 15:44:16.900 [error] [mshr-h.veriloghdl] provider FAILED
2025-03-12 15:44:16.900 [error] TypeError: n is not iterable
	at K_.provideHover (/home/sgass/.vscode/extensions/mshr-h.veriloghdl-1.16.0/dist/main.js:588:7681)
	at async C.provideHover (/usr/share/code/resources/app/out/vs/workbench/api/node/extensionHostProcess.js:161:106493)
2025-03-12 15:44:17.216 [error] [mshr-h.veriloghdl] provider FAILED
2025-03-12 15:44:17.216 [error] TypeError: n is not iterable
	at K_.provideHover (/home/sgass/.vscode/extensions/mshr-h.veriloghdl-1.16.0/dist/main.js:588:7681)
	at async C.provideHover (/usr/share/code/resources/app/out/vs/workbench/api/node/extensionHostProcess.js:161:106493)
2025-03-12 15:44:27.496 [error] [mshr-h.veriloghdl] provider FAILED
2025-03-12 15:44:27.496 [error] TypeError: n is not iterable
	at K_.provideHover (/home/sgass/.vscode/extensions/mshr-h.veriloghdl-1.16.0/dist/main.js:588:7681)
	at async C.provideHover (/usr/share/code/resources/app/out/vs/workbench/api/node/extensionHostProcess.js:161:106493)
2025-03-12 15:44:50.302 [error] [mshr-h.veriloghdl] provider FAILED
2025-03-12 15:44:50.302 [error] TypeError: n is not iterable
	at K_.provideHover (/home/sgass/.vscode/extensions/mshr-h.veriloghdl-1.16.0/dist/main.js:588:7681)
	at async C.provideHover (/usr/share/code/resources/app/out/vs/workbench/api/node/extensionHostProcess.js:161:106493)
2025-03-12 15:44:53.400 [error] [mshr-h.veriloghdl] provider FAILED
2025-03-12 15:44:53.400 [error] TypeError: n is not iterable
	at K_.provideHover (/home/sgass/.vscode/extensions/mshr-h.veriloghdl-1.16.0/dist/main.js:588:7681)
	at async C.provideHover (/usr/share/code/resources/app/out/vs/workbench/api/node/extensionHostProcess.js:161:106493)
2025-03-12 15:45:33.156 [error] [mshr-h.veriloghdl] provider FAILED
2025-03-12 15:45:33.156 [error] TypeError: n is not iterable
	at K_.provideHover (/home/sgass/.vscode/extensions/mshr-h.veriloghdl-1.16.0/dist/main.js:588:7681)
	at async C.provideHover (/usr/share/code/resources/app/out/vs/workbench/api/node/extensionHostProcess.js:161:106493)
2025-03-12 15:45:34.971 [error] [mshr-h.veriloghdl] provider FAILED
2025-03-12 15:45:34.971 [error] TypeError: n is not iterable
	at K_.provideHover (/home/sgass/.vscode/extensions/mshr-h.veriloghdl-1.16.0/dist/main.js:588:7681)
	at async C.provideHover (/usr/share/code/resources/app/out/vs/workbench/api/node/extensionHostProcess.js:161:106493)
2025-03-12 15:45:35.388 [error] [mshr-h.veriloghdl] provider FAILED
2025-03-12 15:45:35.388 [error] TypeError: n is not iterable
	at K_.provideHover (/home/sgass/.vscode/extensions/mshr-h.veriloghdl-1.16.0/dist/main.js:588:7681)
	at async C.provideHover (/usr/share/code/resources/app/out/vs/workbench/api/node/extensionHostProcess.js:161:106493)
2025-03-12 15:45:38.046 [error] [mshr-h.veriloghdl] provider FAILED
2025-03-12 15:45:38.046 [error] TypeError: n is not iterable
	at K_.provideHover (/home/sgass/.vscode/extensions/mshr-h.veriloghdl-1.16.0/dist/main.js:588:7681)
	at async C.provideHover (/usr/share/code/resources/app/out/vs/workbench/api/node/extensionHostProcess.js:161:106493)
2025-03-12 15:45:38.397 [error] [mshr-h.veriloghdl] provider FAILED
2025-03-12 15:45:38.397 [error] TypeError: n is not iterable
	at K_.provideHover (/home/sgass/.vscode/extensions/mshr-h.veriloghdl-1.16.0/dist/main.js:588:7681)
	at async C.provideHover (/usr/share/code/resources/app/out/vs/workbench/api/node/extensionHostProcess.js:161:106493)
2025-03-12 15:45:38.564 [error] [mshr-h.veriloghdl] provider FAILED
2025-03-12 15:45:38.564 [error] TypeError: n is not iterable
	at K_.provideHover (/home/sgass/.vscode/extensions/mshr-h.veriloghdl-1.16.0/dist/main.js:588:7681)
	at async C.provideHover (/usr/share/code/resources/app/out/vs/workbench/api/node/extensionHostProcess.js:161:106493)
2025-03-12 15:45:38.758 [error] [mshr-h.veriloghdl] provider FAILED
2025-03-12 15:45:38.758 [error] TypeError: n is not iterable
	at K_.provideHover (/home/sgass/.vscode/extensions/mshr-h.veriloghdl-1.16.0/dist/main.js:588:7681)
	at async C.provideHover (/usr/share/code/resources/app/out/vs/workbench/api/node/extensionHostProcess.js:161:106493)
2025-03-12 15:47:25.958 [error] [mshr-h.veriloghdl] provider FAILED
2025-03-12 15:47:25.958 [error] TypeError: n is not iterable
	at K_.provideHover (/home/sgass/.vscode/extensions/mshr-h.veriloghdl-1.16.0/dist/main.js:588:7681)
	at async C.provideHover (/usr/share/code/resources/app/out/vs/workbench/api/node/extensionHostProcess.js:161:106493)
2025-03-12 15:47:34.875 [error] [mshr-h.veriloghdl] provider FAILED
2025-03-12 15:47:34.876 [error] TypeError: n is not iterable
	at K_.provideHover (/home/sgass/.vscode/extensions/mshr-h.veriloghdl-1.16.0/dist/main.js:588:7681)
	at async C.provideHover (/usr/share/code/resources/app/out/vs/workbench/api/node/extensionHostProcess.js:161:106493)
2025-03-12 15:47:55.331 [error] [mshr-h.veriloghdl] provider FAILED
2025-03-12 15:47:55.331 [error] TypeError: n is not iterable
	at K_.provideHover (/home/sgass/.vscode/extensions/mshr-h.veriloghdl-1.16.0/dist/main.js:588:7681)
	at async C.provideHover (/usr/share/code/resources/app/out/vs/workbench/api/node/extensionHostProcess.js:161:106493)
2025-03-12 15:47:55.662 [error] [mshr-h.veriloghdl] provider FAILED
2025-03-12 15:47:55.662 [error] TypeError: n is not iterable
	at K_.provideHover (/home/sgass/.vscode/extensions/mshr-h.veriloghdl-1.16.0/dist/main.js:588:7681)
	at async C.provideHover (/usr/share/code/resources/app/out/vs/workbench/api/node/extensionHostProcess.js:161:106493)
2025-03-12 15:48:54.733 [error] [mshr-h.veriloghdl] provider FAILED
2025-03-12 15:48:54.733 [error] TypeError: n is not iterable
	at K_.provideHover (/home/sgass/.vscode/extensions/mshr-h.veriloghdl-1.16.0/dist/main.js:588:7681)
	at async C.provideHover (/usr/share/code/resources/app/out/vs/workbench/api/node/extensionHostProcess.js:161:106493)
2025-03-12 15:48:55.152 [error] [mshr-h.veriloghdl] provider FAILED
2025-03-12 15:48:55.152 [error] TypeError: n is not iterable
	at K_.provideHover (/home/sgass/.vscode/extensions/mshr-h.veriloghdl-1.16.0/dist/main.js:588:7681)
	at async C.provideHover (/usr/share/code/resources/app/out/vs/workbench/api/node/extensionHostProcess.js:161:106493)
2025-03-12 15:49:24.021 [error] [mshr-h.veriloghdl] provider FAILED
2025-03-12 15:49:24.021 [error] TypeError: n is not iterable
	at K_.provideHover (/home/sgass/.vscode/extensions/mshr-h.veriloghdl-1.16.0/dist/main.js:588:7681)
	at async C.provideHover (/usr/share/code/resources/app/out/vs/workbench/api/node/extensionHostProcess.js:161:106493)
2025-03-12 15:49:55.721 [error] [mshr-h.veriloghdl] provider FAILED
2025-03-12 15:49:55.721 [error] TypeError: n is not iterable
	at K_.provideHover (/home/sgass/.vscode/extensions/mshr-h.veriloghdl-1.16.0/dist/main.js:588:7681)
	at async C.provideHover (/usr/share/code/resources/app/out/vs/workbench/api/node/extensionHostProcess.js:161:106493)
2025-03-12 15:49:59.909 [error] [mshr-h.veriloghdl] provider FAILED
2025-03-12 15:49:59.909 [error] TypeError: n is not iterable
	at K_.provideHover (/home/sgass/.vscode/extensions/mshr-h.veriloghdl-1.16.0/dist/main.js:588:7681)
	at async C.provideHover (/usr/share/code/resources/app/out/vs/workbench/api/node/extensionHostProcess.js:161:106493)
2025-03-12 15:50:00.175 [error] [mshr-h.veriloghdl] provider FAILED
2025-03-12 15:50:00.175 [error] TypeError: n is not iterable
	at K_.provideHover (/home/sgass/.vscode/extensions/mshr-h.veriloghdl-1.16.0/dist/main.js:588:7681)
	at async C.provideHover (/usr/share/code/resources/app/out/vs/workbench/api/node/extensionHostProcess.js:161:106493)
2025-03-12 15:51:31.420 [error] [mshr-h.veriloghdl] provider FAILED
2025-03-12 15:51:31.420 [error] TypeError: n is not iterable
	at K_.provideHover (/home/sgass/.vscode/extensions/mshr-h.veriloghdl-1.16.0/dist/main.js:588:7681)
	at async C.provideHover (/usr/share/code/resources/app/out/vs/workbench/api/node/extensionHostProcess.js:161:106493)
2025-03-12 15:51:50.461 [error] [mshr-h.veriloghdl] provider FAILED
2025-03-12 15:51:50.461 [error] TypeError: n is not iterable
	at K_.provideHover (/home/sgass/.vscode/extensions/mshr-h.veriloghdl-1.16.0/dist/main.js:588:7681)
	at async C.provideHover (/usr/share/code/resources/app/out/vs/workbench/api/node/extensionHostProcess.js:161:106493)
2025-03-12 15:53:36.436 [error] [mshr-h.veriloghdl] provider FAILED
2025-03-12 15:53:36.436 [error] TypeError: n is not iterable
	at K_.provideHover (/home/sgass/.vscode/extensions/mshr-h.veriloghdl-1.16.0/dist/main.js:588:7681)
	at async C.provideHover (/usr/share/code/resources/app/out/vs/workbench/api/node/extensionHostProcess.js:161:106493)
2025-03-12 15:55:11.007 [error] [mshr-h.veriloghdl] provider FAILED
2025-03-12 15:55:11.007 [error] TypeError: n is not iterable
	at K_.provideHover (/home/sgass/.vscode/extensions/mshr-h.veriloghdl-1.16.0/dist/main.js:588:7681)
	at async C.provideHover (/usr/share/code/resources/app/out/vs/workbench/api/node/extensionHostProcess.js:161:106493)
2025-03-12 15:55:31.439 [error] [mshr-h.veriloghdl] provider FAILED
2025-03-12 15:55:31.439 [error] TypeError: n is not iterable
	at K_.provideHover (/home/sgass/.vscode/extensions/mshr-h.veriloghdl-1.16.0/dist/main.js:588:7681)
	at async C.provideHover (/usr/share/code/resources/app/out/vs/workbench/api/node/extensionHostProcess.js:161:106493)
2025-03-12 15:55:59.058 [error] [mshr-h.veriloghdl] provider FAILED
2025-03-12 15:55:59.058 [error] TypeError: n is not iterable
	at K_.provideHover (/home/sgass/.vscode/extensions/mshr-h.veriloghdl-1.16.0/dist/main.js:588:7681)
	at async C.provideHover (/usr/share/code/resources/app/out/vs/workbench/api/node/extensionHostProcess.js:161:106493)
2025-03-12 15:55:59.666 [error] [mshr-h.veriloghdl] provider FAILED
2025-03-12 15:55:59.666 [error] TypeError: n is not iterable
	at K_.provideHover (/home/sgass/.vscode/extensions/mshr-h.veriloghdl-1.16.0/dist/main.js:588:7681)
	at async C.provideHover (/usr/share/code/resources/app/out/vs/workbench/api/node/extensionHostProcess.js:161:106493)
2025-03-12 15:56:26.656 [error] [mshr-h.veriloghdl] provider FAILED
2025-03-12 15:56:26.656 [error] TypeError: n is not iterable
	at K_.provideHover (/home/sgass/.vscode/extensions/mshr-h.veriloghdl-1.16.0/dist/main.js:588:7681)
	at async C.provideHover (/usr/share/code/resources/app/out/vs/workbench/api/node/extensionHostProcess.js:161:106493)
2025-03-12 15:57:22.467 [error] [mshr-h.veriloghdl] provider FAILED
2025-03-12 15:57:22.467 [error] TypeError: n is not iterable
	at K_.provideHover (/home/sgass/.vscode/extensions/mshr-h.veriloghdl-1.16.0/dist/main.js:588:7681)
	at async C.provideHover (/usr/share/code/resources/app/out/vs/workbench/api/node/extensionHostProcess.js:161:106493)
2025-03-12 15:57:35.466 [error] [mshr-h.veriloghdl] provider FAILED
2025-03-12 15:57:35.466 [error] TypeError: n is not iterable
	at K_.provideHover (/home/sgass/.vscode/extensions/mshr-h.veriloghdl-1.16.0/dist/main.js:588:7681)
	at async C.provideHover (/usr/share/code/resources/app/out/vs/workbench/api/node/extensionHostProcess.js:161:106493)
2025-03-12 15:57:48.281 [error] [mshr-h.veriloghdl] provider FAILED
2025-03-12 15:57:48.281 [error] TypeError: n is not iterable
	at K_.provideHover (/home/sgass/.vscode/extensions/mshr-h.veriloghdl-1.16.0/dist/main.js:588:7681)
	at async C.provideHover (/usr/share/code/resources/app/out/vs/workbench/api/node/extensionHostProcess.js:161:106493)
2025-03-12 15:58:23.965 [error] [mshr-h.veriloghdl] provider FAILED
2025-03-12 15:58:23.966 [error] TypeError: n is not iterable
	at K_.provideHover (/home/sgass/.vscode/extensions/mshr-h.veriloghdl-1.16.0/dist/main.js:588:7681)
	at async C.provideHover (/usr/share/code/resources/app/out/vs/workbench/api/node/extensionHostProcess.js:161:106493)
2025-03-12 15:59:23.424 [error] [mshr-h.veriloghdl] provider FAILED
2025-03-12 15:59:23.424 [error] TypeError: n is not iterable
	at K_.provideHover (/home/sgass/.vscode/extensions/mshr-h.veriloghdl-1.16.0/dist/main.js:588:7681)
	at async C.provideHover (/usr/share/code/resources/app/out/vs/workbench/api/node/extensionHostProcess.js:161:106493)
2025-03-12 15:59:24.211 [error] [mshr-h.veriloghdl] provider FAILED
2025-03-12 15:59:24.211 [error] TypeError: n is not iterable
	at K_.provideHover (/home/sgass/.vscode/extensions/mshr-h.veriloghdl-1.16.0/dist/main.js:588:7681)
	at async C.provideHover (/usr/share/code/resources/app/out/vs/workbench/api/node/extensionHostProcess.js:161:106493)
2025-03-12 16:00:00.478 [error] [mshr-h.veriloghdl] provider FAILED
2025-03-12 16:00:00.478 [error] TypeError: n is not iterable
	at K_.provideHover (/home/sgass/.vscode/extensions/mshr-h.veriloghdl-1.16.0/dist/main.js:588:7681)
	at async C.provideHover (/usr/share/code/resources/app/out/vs/workbench/api/node/extensionHostProcess.js:161:106493)
2025-03-12 16:00:01.076 [error] [mshr-h.veriloghdl] provider FAILED
2025-03-12 16:00:01.076 [error] TypeError: n is not iterable
	at K_.provideHover (/home/sgass/.vscode/extensions/mshr-h.veriloghdl-1.16.0/dist/main.js:588:7681)
	at async C.provideHover (/usr/share/code/resources/app/out/vs/workbench/api/node/extensionHostProcess.js:161:106493)
2025-03-12 16:00:29.404 [error] [mshr-h.veriloghdl] provider FAILED
2025-03-12 16:00:29.404 [error] TypeError: n is not iterable
	at K_.provideHover (/home/sgass/.vscode/extensions/mshr-h.veriloghdl-1.16.0/dist/main.js:588:7681)
	at async C.provideHover (/usr/share/code/resources/app/out/vs/workbench/api/node/extensionHostProcess.js:161:106493)
2025-03-12 16:00:34.000 [error] [mshr-h.veriloghdl] provider FAILED
2025-03-12 16:00:34.000 [error] TypeError: n is not iterable
	at K_.provideHover (/home/sgass/.vscode/extensions/mshr-h.veriloghdl-1.16.0/dist/main.js:588:7681)
	at async C.provideHover (/usr/share/code/resources/app/out/vs/workbench/api/node/extensionHostProcess.js:161:106493)
2025-03-12 16:00:35.963 [error] [mshr-h.veriloghdl] provider FAILED
2025-03-12 16:00:35.963 [error] TypeError: n is not iterable
	at K_.provideHover (/home/sgass/.vscode/extensions/mshr-h.veriloghdl-1.16.0/dist/main.js:588:7681)
	at async C.provideHover (/usr/share/code/resources/app/out/vs/workbench/api/node/extensionHostProcess.js:161:106493)
2025-03-12 16:00:36.231 [error] [mshr-h.veriloghdl] provider FAILED
2025-03-12 16:00:36.232 [error] TypeError: n is not iterable
	at K_.provideHover (/home/sgass/.vscode/extensions/mshr-h.veriloghdl-1.16.0/dist/main.js:588:7681)
	at async C.provideHover (/usr/share/code/resources/app/out/vs/workbench/api/node/extensionHostProcess.js:161:106493)
2025-03-12 16:01:15.938 [error] [mshr-h.veriloghdl] provider FAILED
2025-03-12 16:01:15.938 [error] TypeError: n is not iterable
	at K_.provideHover (/home/sgass/.vscode/extensions/mshr-h.veriloghdl-1.16.0/dist/main.js:588:7681)
	at async C.provideHover (/usr/share/code/resources/app/out/vs/workbench/api/node/extensionHostProcess.js:161:106493)
2025-03-12 16:01:16.327 [error] [mshr-h.veriloghdl] provider FAILED
2025-03-12 16:01:16.327 [error] TypeError: n is not iterable
	at K_.provideHover (/home/sgass/.vscode/extensions/mshr-h.veriloghdl-1.16.0/dist/main.js:588:7681)
	at async C.provideHover (/usr/share/code/resources/app/out/vs/workbench/api/node/extensionHostProcess.js:161:106493)
2025-03-12 16:01:29.208 [error] [mshr-h.veriloghdl] provider FAILED
2025-03-12 16:01:29.208 [error] TypeError: n is not iterable
	at K_.provideHover (/home/sgass/.vscode/extensions/mshr-h.veriloghdl-1.16.0/dist/main.js:588:7681)
	at async C.provideHover (/usr/share/code/resources/app/out/vs/workbench/api/node/extensionHostProcess.js:161:106493)
2025-03-12 16:01:29.390 [error] [mshr-h.veriloghdl] provider FAILED
2025-03-12 16:01:29.390 [error] TypeError: n is not iterable
	at K_.provideHover (/home/sgass/.vscode/extensions/mshr-h.veriloghdl-1.16.0/dist/main.js:588:7681)
	at async C.provideHover (/usr/share/code/resources/app/out/vs/workbench/api/node/extensionHostProcess.js:161:106493)
2025-03-12 16:01:29.641 [error] [mshr-h.veriloghdl] provider FAILED
2025-03-12 16:01:29.641 [error] TypeError: n is not iterable
	at K_.provideHover (/home/sgass/.vscode/extensions/mshr-h.veriloghdl-1.16.0/dist/main.js:588:7681)
	at async C.provideHover (/usr/share/code/resources/app/out/vs/workbench/api/node/extensionHostProcess.js:161:106493)
2025-03-12 16:03:28.721 [error] [mshr-h.veriloghdl] provider FAILED
2025-03-12 16:03:28.721 [error] TypeError: n is not iterable
	at K_.provideHover (/home/sgass/.vscode/extensions/mshr-h.veriloghdl-1.16.0/dist/main.js:588:7681)
	at async C.provideHover (/usr/share/code/resources/app/out/vs/workbench/api/node/extensionHostProcess.js:161:106493)
2025-03-12 16:06:15.130 [error] [mshr-h.veriloghdl] provider FAILED
2025-03-12 16:06:15.131 [error] TypeError: n is not iterable
	at K_.provideHover (/home/sgass/.vscode/extensions/mshr-h.veriloghdl-1.16.0/dist/main.js:588:7681)
	at async C.provideHover (/usr/share/code/resources/app/out/vs/workbench/api/node/extensionHostProcess.js:161:106493)
2025-03-12 16:06:38.268 [error] [mshr-h.veriloghdl] provider FAILED
2025-03-12 16:06:38.268 [error] TypeError: n is not iterable
	at K_.provideHover (/home/sgass/.vscode/extensions/mshr-h.veriloghdl-1.16.0/dist/main.js:588:7681)
	at async C.provideHover (/usr/share/code/resources/app/out/vs/workbench/api/node/extensionHostProcess.js:161:106493)
2025-03-12 16:06:54.613 [error] [mshr-h.veriloghdl] provider FAILED
2025-03-12 16:06:54.613 [error] TypeError: n is not iterable
	at K_.provideHover (/home/sgass/.vscode/extensions/mshr-h.veriloghdl-1.16.0/dist/main.js:588:7681)
	at async C.provideHover (/usr/share/code/resources/app/out/vs/workbench/api/node/extensionHostProcess.js:161:106493)
2025-03-12 16:06:59.026 [error] [mshr-h.veriloghdl] provider FAILED
2025-03-12 16:06:59.026 [error] TypeError: n is not iterable
	at K_.provideHover (/home/sgass/.vscode/extensions/mshr-h.veriloghdl-1.16.0/dist/main.js:588:7681)
	at async C.provideHover (/usr/share/code/resources/app/out/vs/workbench/api/node/extensionHostProcess.js:161:106493)
2025-03-12 16:15:21.891 [error] [mshr-h.veriloghdl] provider FAILED
2025-03-12 16:15:21.891 [error] TypeError: n is not iterable
	at K_.provideHover (/home/sgass/.vscode/extensions/mshr-h.veriloghdl-1.16.0/dist/main.js:588:7681)
	at async C.provideHover (/usr/share/code/resources/app/out/vs/workbench/api/node/extensionHostProcess.js:161:106493)
2025-03-12 16:15:31.650 [error] [mshr-h.veriloghdl] provider FAILED
2025-03-12 16:15:31.650 [error] TypeError: n is not iterable
	at K_.provideHover (/home/sgass/.vscode/extensions/mshr-h.veriloghdl-1.16.0/dist/main.js:588:7681)
	at async C.provideHover (/usr/share/code/resources/app/out/vs/workbench/api/node/extensionHostProcess.js:161:106493)
2025-03-12 16:15:33.335 [error] [mshr-h.veriloghdl] provider FAILED
2025-03-12 16:15:33.335 [error] TypeError: n is not iterable
	at K_.provideHover (/home/sgass/.vscode/extensions/mshr-h.veriloghdl-1.16.0/dist/main.js:588:7681)
	at async C.provideHover (/usr/share/code/resources/app/out/vs/workbench/api/node/extensionHostProcess.js:161:106493)
2025-03-12 16:15:35.178 [error] [mshr-h.veriloghdl] provider FAILED
2025-03-12 16:15:35.178 [error] TypeError: n is not iterable
	at K_.provideHover (/home/sgass/.vscode/extensions/mshr-h.veriloghdl-1.16.0/dist/main.js:588:7681)
	at async C.provideHover (/usr/share/code/resources/app/out/vs/workbench/api/node/extensionHostProcess.js:161:106493)
2025-03-12 16:15:36.487 [error] [mshr-h.veriloghdl] provider FAILED
2025-03-12 16:15:36.487 [error] TypeError: n is not iterable
	at K_.provideHover (/home/sgass/.vscode/extensions/mshr-h.veriloghdl-1.16.0/dist/main.js:588:7681)
	at async C.provideHover (/usr/share/code/resources/app/out/vs/workbench/api/node/extensionHostProcess.js:161:106493)
2025-03-12 16:15:47.730 [error] [mshr-h.veriloghdl] provider FAILED
2025-03-12 16:15:47.730 [error] TypeError: n is not iterable
	at K_.provideHover (/home/sgass/.vscode/extensions/mshr-h.veriloghdl-1.16.0/dist/main.js:588:7681)
	at async C.provideHover (/usr/share/code/resources/app/out/vs/workbench/api/node/extensionHostProcess.js:161:106493)
2025-03-12 16:15:47.914 [error] [mshr-h.veriloghdl] provider FAILED
2025-03-12 16:15:47.915 [error] TypeError: n is not iterable
	at K_.provideHover (/home/sgass/.vscode/extensions/mshr-h.veriloghdl-1.16.0/dist/main.js:588:7681)
	at async C.provideHover (/usr/share/code/resources/app/out/vs/workbench/api/node/extensionHostProcess.js:161:106493)
2025-03-12 16:15:49.651 [error] [mshr-h.veriloghdl] provider FAILED
2025-03-12 16:15:49.651 [error] TypeError: n is not iterable
	at K_.provideHover (/home/sgass/.vscode/extensions/mshr-h.veriloghdl-1.16.0/dist/main.js:588:7681)
	at async C.provideHover (/usr/share/code/resources/app/out/vs/workbench/api/node/extensionHostProcess.js:161:106493)
2025-03-12 16:15:49.999 [error] [mshr-h.veriloghdl] provider FAILED
2025-03-12 16:15:49.999 [error] TypeError: n is not iterable
	at K_.provideHover (/home/sgass/.vscode/extensions/mshr-h.veriloghdl-1.16.0/dist/main.js:588:7681)
	at async C.provideHover (/usr/share/code/resources/app/out/vs/workbench/api/node/extensionHostProcess.js:161:106493)
2025-03-12 16:18:18.210 [error] [mshr-h.veriloghdl] provider FAILED
2025-03-12 16:18:18.210 [error] TypeError: n is not iterable
	at K_.provideHover (/home/sgass/.vscode/extensions/mshr-h.veriloghdl-1.16.0/dist/main.js:588:7681)
	at async C.provideHover (/usr/share/code/resources/app/out/vs/workbench/api/node/extensionHostProcess.js:161:106493)
2025-03-12 16:19:06.533 [error] [mshr-h.veriloghdl] provider FAILED
2025-03-12 16:19:06.533 [error] TypeError: n is not iterable
	at K_.provideHover (/home/sgass/.vscode/extensions/mshr-h.veriloghdl-1.16.0/dist/main.js:588:7681)
	at async C.provideHover (/usr/share/code/resources/app/out/vs/workbench/api/node/extensionHostProcess.js:161:106493)
2025-03-12 16:20:18.495 [error] [mshr-h.veriloghdl] provider FAILED
2025-03-12 16:20:18.495 [error] TypeError: n is not iterable
	at K_.provideHover (/home/sgass/.vscode/extensions/mshr-h.veriloghdl-1.16.0/dist/main.js:588:7681)
	at async C.provideHover (/usr/share/code/resources/app/out/vs/workbench/api/node/extensionHostProcess.js:161:106493)
2025-03-12 16:20:24.480 [error] [mshr-h.veriloghdl] provider FAILED
2025-03-12 16:20:24.480 [error] TypeError: n is not iterable
	at K_.provideHover (/home/sgass/.vscode/extensions/mshr-h.veriloghdl-1.16.0/dist/main.js:588:7681)
	at async C.provideHover (/usr/share/code/resources/app/out/vs/workbench/api/node/extensionHostProcess.js:161:106493)
2025-03-12 16:21:18.565 [error] [mshr-h.veriloghdl] provider FAILED
2025-03-12 16:21:18.565 [error] TypeError: n is not iterable
	at K_.provideHover (/home/sgass/.vscode/extensions/mshr-h.veriloghdl-1.16.0/dist/main.js:588:7681)
	at async C.provideHover (/usr/share/code/resources/app/out/vs/workbench/api/node/extensionHostProcess.js:161:106493)
2025-03-12 16:21:44.951 [error] [mshr-h.veriloghdl] provider FAILED
2025-03-12 16:21:44.951 [error] TypeError: n is not iterable
	at K_.provideHover (/home/sgass/.vscode/extensions/mshr-h.veriloghdl-1.16.0/dist/main.js:588:7681)
	at async C.provideHover (/usr/share/code/resources/app/out/vs/workbench/api/node/extensionHostProcess.js:161:106493)
2025-03-12 16:21:46.787 [error] [mshr-h.veriloghdl] provider FAILED
2025-03-12 16:21:46.787 [error] TypeError: n is not iterable
	at K_.provideHover (/home/sgass/.vscode/extensions/mshr-h.veriloghdl-1.16.0/dist/main.js:588:7681)
	at async C.provideHover (/usr/share/code/resources/app/out/vs/workbench/api/node/extensionHostProcess.js:161:106493)
2025-03-12 16:22:06.482 [error] [mshr-h.veriloghdl] provider FAILED
2025-03-12 16:22:06.482 [error] TypeError: n is not iterable
	at K_.provideHover (/home/sgass/.vscode/extensions/mshr-h.veriloghdl-1.16.0/dist/main.js:588:7681)
	at async C.provideHover (/usr/share/code/resources/app/out/vs/workbench/api/node/extensionHostProcess.js:161:106493)
2025-03-12 16:22:27.834 [error] [mshr-h.veriloghdl] provider FAILED
2025-03-12 16:22:27.834 [error] TypeError: n is not iterable
	at K_.provideHover (/home/sgass/.vscode/extensions/mshr-h.veriloghdl-1.16.0/dist/main.js:588:7681)
	at async C.provideHover (/usr/share/code/resources/app/out/vs/workbench/api/node/extensionHostProcess.js:161:106493)
2025-03-12 16:23:49.963 [error] [mshr-h.veriloghdl] provider FAILED
2025-03-12 16:23:49.963 [error] TypeError: n is not iterable
	at K_.provideHover (/home/sgass/.vscode/extensions/mshr-h.veriloghdl-1.16.0/dist/main.js:588:7681)
	at async C.provideHover (/usr/share/code/resources/app/out/vs/workbench/api/node/extensionHostProcess.js:161:106493)
2025-03-12 16:23:54.765 [error] [mshr-h.veriloghdl] provider FAILED
2025-03-12 16:23:54.765 [error] TypeError: n is not iterable
	at K_.provideHover (/home/sgass/.vscode/extensions/mshr-h.veriloghdl-1.16.0/dist/main.js:588:7681)
	at async C.provideHover (/usr/share/code/resources/app/out/vs/workbench/api/node/extensionHostProcess.js:161:106493)
2025-03-12 16:24:15.099 [error] [mshr-h.veriloghdl] provider FAILED
2025-03-12 16:24:15.099 [error] TypeError: n is not iterable
	at K_.provideHover (/home/sgass/.vscode/extensions/mshr-h.veriloghdl-1.16.0/dist/main.js:588:7681)
	at async C.provideHover (/usr/share/code/resources/app/out/vs/workbench/api/node/extensionHostProcess.js:161:106493)
2025-03-12 16:24:21.853 [error] [mshr-h.veriloghdl] provider FAILED
2025-03-12 16:24:21.853 [error] TypeError: n is not iterable
	at K_.provideHover (/home/sgass/.vscode/extensions/mshr-h.veriloghdl-1.16.0/dist/main.js:588:7681)
	at async C.provideHover (/usr/share/code/resources/app/out/vs/workbench/api/node/extensionHostProcess.js:161:106493)
2025-03-12 16:24:27.513 [error] [mshr-h.veriloghdl] provider FAILED
2025-03-12 16:24:27.513 [error] TypeError: n is not iterable
	at K_.provideHover (/home/sgass/.vscode/extensions/mshr-h.veriloghdl-1.16.0/dist/main.js:588:7681)
	at async C.provideHover (/usr/share/code/resources/app/out/vs/workbench/api/node/extensionHostProcess.js:161:106493)
2025-03-12 16:25:39.935 [error] [mshr-h.veriloghdl] provider FAILED
2025-03-12 16:25:39.936 [error] TypeError: n is not iterable
	at K_.provideHover (/home/sgass/.vscode/extensions/mshr-h.veriloghdl-1.16.0/dist/main.js:588:7681)
	at async C.provideHover (/usr/share/code/resources/app/out/vs/workbench/api/node/extensionHostProcess.js:161:106493)
2025-03-12 16:25:41.137 [error] [mshr-h.veriloghdl] provider FAILED
2025-03-12 16:25:41.137 [error] TypeError: n is not iterable
	at K_.provideHover (/home/sgass/.vscode/extensions/mshr-h.veriloghdl-1.16.0/dist/main.js:588:7681)
	at async C.provideHover (/usr/share/code/resources/app/out/vs/workbench/api/node/extensionHostProcess.js:161:106493)
2025-03-12 16:28:37.120 [error] [mshr-h.veriloghdl] provider FAILED
2025-03-12 16:28:37.121 [error] TypeError: n is not iterable
	at K_.provideHover (/home/sgass/.vscode/extensions/mshr-h.veriloghdl-1.16.0/dist/main.js:588:7681)
	at async C.provideHover (/usr/share/code/resources/app/out/vs/workbench/api/node/extensionHostProcess.js:161:106493)
2025-03-12 16:28:42.257 [error] [mshr-h.veriloghdl] provider FAILED
2025-03-12 16:28:42.258 [error] TypeError: n is not iterable
	at K_.provideHover (/home/sgass/.vscode/extensions/mshr-h.veriloghdl-1.16.0/dist/main.js:588:7681)
	at async C.provideHover (/usr/share/code/resources/app/out/vs/workbench/api/node/extensionHostProcess.js:161:106493)
2025-03-12 16:28:46.934 [error] [mshr-h.veriloghdl] provider FAILED
2025-03-12 16:28:46.934 [error] TypeError: n is not iterable
	at K_.provideHover (/home/sgass/.vscode/extensions/mshr-h.veriloghdl-1.16.0/dist/main.js:588:7681)
	at async C.provideHover (/usr/share/code/resources/app/out/vs/workbench/api/node/extensionHostProcess.js:161:106493)
2025-03-12 16:28:50.290 [error] [mshr-h.veriloghdl] provider FAILED
2025-03-12 16:28:50.291 [error] TypeError: n is not iterable
	at K_.provideHover (/home/sgass/.vscode/extensions/mshr-h.veriloghdl-1.16.0/dist/main.js:588:7681)
	at async C.provideHover (/usr/share/code/resources/app/out/vs/workbench/api/node/extensionHostProcess.js:161:106493)
2025-03-12 16:29:17.684 [error] [mshr-h.veriloghdl] provider FAILED
2025-03-12 16:29:17.684 [error] TypeError: n is not iterable
	at K_.provideHover (/home/sgass/.vscode/extensions/mshr-h.veriloghdl-1.16.0/dist/main.js:588:7681)
	at async C.provideHover (/usr/share/code/resources/app/out/vs/workbench/api/node/extensionHostProcess.js:161:106493)
2025-03-12 16:29:55.429 [error] [mshr-h.veriloghdl] provider FAILED
2025-03-12 16:29:55.430 [error] TypeError: n is not iterable
	at K_.provideHover (/home/sgass/.vscode/extensions/mshr-h.veriloghdl-1.16.0/dist/main.js:588:7681)
	at async C.provideHover (/usr/share/code/resources/app/out/vs/workbench/api/node/extensionHostProcess.js:161:106493)
2025-03-12 16:29:56.003 [error] [mshr-h.veriloghdl] provider FAILED
2025-03-12 16:29:56.003 [error] TypeError: n is not iterable
	at K_.provideHover (/home/sgass/.vscode/extensions/mshr-h.veriloghdl-1.16.0/dist/main.js:588:7681)
	at async C.provideHover (/usr/share/code/resources/app/out/vs/workbench/api/node/extensionHostProcess.js:161:106493)
2025-03-12 16:29:59.547 [error] [mshr-h.veriloghdl] provider FAILED
2025-03-12 16:29:59.547 [error] TypeError: n is not iterable
	at K_.provideHover (/home/sgass/.vscode/extensions/mshr-h.veriloghdl-1.16.0/dist/main.js:588:7681)
	at async C.provideHover (/usr/share/code/resources/app/out/vs/workbench/api/node/extensionHostProcess.js:161:106493)
2025-03-12 16:30:00.495 [error] [mshr-h.veriloghdl] provider FAILED
2025-03-12 16:30:00.495 [error] TypeError: n is not iterable
	at K_.provideHover (/home/sgass/.vscode/extensions/mshr-h.veriloghdl-1.16.0/dist/main.js:588:7681)
	at async C.provideHover (/usr/share/code/resources/app/out/vs/workbench/api/node/extensionHostProcess.js:161:106493)
2025-03-12 16:30:02.999 [error] [mshr-h.veriloghdl] provider FAILED
2025-03-12 16:30:02.999 [error] TypeError: n is not iterable
	at K_.provideHover (/home/sgass/.vscode/extensions/mshr-h.veriloghdl-1.16.0/dist/main.js:588:7681)
	at async C.provideHover (/usr/share/code/resources/app/out/vs/workbench/api/node/extensionHostProcess.js:161:106493)
2025-03-12 16:30:12.699 [error] [mshr-h.veriloghdl] provider FAILED
2025-03-12 16:30:12.700 [error] TypeError: n is not iterable
	at K_.provideHover (/home/sgass/.vscode/extensions/mshr-h.veriloghdl-1.16.0/dist/main.js:588:7681)
	at async C.provideHover (/usr/share/code/resources/app/out/vs/workbench/api/node/extensionHostProcess.js:161:106493)
2025-03-12 16:30:35.988 [error] [mshr-h.veriloghdl] provider FAILED
2025-03-12 16:30:35.989 [error] TypeError: n is not iterable
	at K_.provideHover (/home/sgass/.vscode/extensions/mshr-h.veriloghdl-1.16.0/dist/main.js:588:7681)
	at async C.provideHover (/usr/share/code/resources/app/out/vs/workbench/api/node/extensionHostProcess.js:161:106493)
2025-03-12 16:31:06.136 [error] [mshr-h.veriloghdl] provider FAILED
2025-03-12 16:31:06.136 [error] TypeError: n is not iterable
	at K_.provideHover (/home/sgass/.vscode/extensions/mshr-h.veriloghdl-1.16.0/dist/main.js:588:7681)
	at async C.provideHover (/usr/share/code/resources/app/out/vs/workbench/api/node/extensionHostProcess.js:161:106493)
2025-03-12 16:31:08.518 [error] [mshr-h.veriloghdl] provider FAILED
2025-03-12 16:31:08.519 [error] TypeError: n is not iterable
	at K_.provideHover (/home/sgass/.vscode/extensions/mshr-h.veriloghdl-1.16.0/dist/main.js:588:7681)
	at async C.provideHover (/usr/share/code/resources/app/out/vs/workbench/api/node/extensionHostProcess.js:161:106493)
2025-03-12 16:31:49.841 [error] [mshr-h.veriloghdl] provider FAILED
2025-03-12 16:31:49.841 [error] TypeError: n is not iterable
	at K_.provideHover (/home/sgass/.vscode/extensions/mshr-h.veriloghdl-1.16.0/dist/main.js:588:7681)
	at async C.provideHover (/usr/share/code/resources/app/out/vs/workbench/api/node/extensionHostProcess.js:161:106493)
2025-03-12 16:31:52.921 [error] [mshr-h.veriloghdl] provider FAILED
2025-03-12 16:31:52.921 [error] TypeError: n is not iterable
	at K_.provideHover (/home/sgass/.vscode/extensions/mshr-h.veriloghdl-1.16.0/dist/main.js:588:7681)
	at async C.provideHover (/usr/share/code/resources/app/out/vs/workbench/api/node/extensionHostProcess.js:161:106493)
2025-03-12 16:32:01.235 [error] [mshr-h.veriloghdl] provider FAILED
2025-03-12 16:32:01.235 [error] TypeError: n is not iterable
	at K_.provideHover (/home/sgass/.vscode/extensions/mshr-h.veriloghdl-1.16.0/dist/main.js:588:7681)
	at async C.provideHover (/usr/share/code/resources/app/out/vs/workbench/api/node/extensionHostProcess.js:161:106493)
2025-03-12 16:32:15.050 [error] [mshr-h.veriloghdl] provider FAILED
2025-03-12 16:32:15.050 [error] TypeError: n is not iterable
	at K_.provideHover (/home/sgass/.vscode/extensions/mshr-h.veriloghdl-1.16.0/dist/main.js:588:7681)
	at async C.provideHover (/usr/share/code/resources/app/out/vs/workbench/api/node/extensionHostProcess.js:161:106493)
2025-03-12 16:32:15.369 [error] [mshr-h.veriloghdl] provider FAILED
2025-03-12 16:32:15.369 [error] TypeError: n is not iterable
	at K_.provideHover (/home/sgass/.vscode/extensions/mshr-h.veriloghdl-1.16.0/dist/main.js:588:7681)
	at async C.provideHover (/usr/share/code/resources/app/out/vs/workbench/api/node/extensionHostProcess.js:161:106493)
2025-03-12 16:32:20.676 [error] [mshr-h.veriloghdl] provider FAILED
2025-03-12 16:32:20.676 [error] TypeError: n is not iterable
	at K_.provideHover (/home/sgass/.vscode/extensions/mshr-h.veriloghdl-1.16.0/dist/main.js:588:7681)
	at async C.provideHover (/usr/share/code/resources/app/out/vs/workbench/api/node/extensionHostProcess.js:161:106493)
2025-03-12 16:32:20.830 [error] [mshr-h.veriloghdl] provider FAILED
2025-03-12 16:32:20.830 [error] TypeError: n is not iterable
	at K_.provideHover (/home/sgass/.vscode/extensions/mshr-h.veriloghdl-1.16.0/dist/main.js:588:7681)
	at async C.provideHover (/usr/share/code/resources/app/out/vs/workbench/api/node/extensionHostProcess.js:161:106493)
2025-03-12 16:32:21.218 [error] [mshr-h.veriloghdl] provider FAILED
2025-03-12 16:32:21.218 [error] TypeError: n is not iterable
	at K_.provideHover (/home/sgass/.vscode/extensions/mshr-h.veriloghdl-1.16.0/dist/main.js:588:7681)
	at async C.provideHover (/usr/share/code/resources/app/out/vs/workbench/api/node/extensionHostProcess.js:161:106493)
2025-03-12 16:32:28.078 [error] [mshr-h.veriloghdl] provider FAILED
2025-03-12 16:32:28.078 [error] TypeError: n is not iterable
	at K_.provideHover (/home/sgass/.vscode/extensions/mshr-h.veriloghdl-1.16.0/dist/main.js:588:7681)
	at async C.provideHover (/usr/share/code/resources/app/out/vs/workbench/api/node/extensionHostProcess.js:161:106493)
2025-03-12 16:32:41.280 [error] [mshr-h.veriloghdl] provider FAILED
2025-03-12 16:32:41.280 [error] TypeError: n is not iterable
	at K_.provideHover (/home/sgass/.vscode/extensions/mshr-h.veriloghdl-1.16.0/dist/main.js:588:7681)
	at async C.provideHover (/usr/share/code/resources/app/out/vs/workbench/api/node/extensionHostProcess.js:161:106493)
2025-03-12 16:33:59.140 [error] [mshr-h.veriloghdl] provider FAILED
2025-03-12 16:33:59.140 [error] TypeError: n is not iterable
	at K_.provideHover (/home/sgass/.vscode/extensions/mshr-h.veriloghdl-1.16.0/dist/main.js:588:7681)
	at async C.provideHover (/usr/share/code/resources/app/out/vs/workbench/api/node/extensionHostProcess.js:161:106493)
2025-03-12 16:34:34.713 [error] [mshr-h.veriloghdl] provider FAILED
2025-03-12 16:34:34.713 [error] TypeError: n is not iterable
	at K_.provideHover (/home/sgass/.vscode/extensions/mshr-h.veriloghdl-1.16.0/dist/main.js:588:7681)
	at async C.provideHover (/usr/share/code/resources/app/out/vs/workbench/api/node/extensionHostProcess.js:161:106493)
2025-03-12 16:34:37.347 [error] [mshr-h.veriloghdl] provider FAILED
2025-03-12 16:34:37.347 [error] TypeError: n is not iterable
	at K_.provideHover (/home/sgass/.vscode/extensions/mshr-h.veriloghdl-1.16.0/dist/main.js:588:7681)
	at async C.provideHover (/usr/share/code/resources/app/out/vs/workbench/api/node/extensionHostProcess.js:161:106493)
2025-03-12 16:34:48.642 [error] [mshr-h.veriloghdl] provider FAILED
2025-03-12 16:34:48.642 [error] TypeError: n is not iterable
	at K_.provideHover (/home/sgass/.vscode/extensions/mshr-h.veriloghdl-1.16.0/dist/main.js:588:7681)
	at async C.provideHover (/usr/share/code/resources/app/out/vs/workbench/api/node/extensionHostProcess.js:161:106493)
2025-03-12 16:35:13.125 [error] [mshr-h.veriloghdl] provider FAILED
2025-03-12 16:35:13.125 [error] TypeError: n is not iterable
	at K_.provideHover (/home/sgass/.vscode/extensions/mshr-h.veriloghdl-1.16.0/dist/main.js:588:7681)
	at async C.provideHover (/usr/share/code/resources/app/out/vs/workbench/api/node/extensionHostProcess.js:161:106493)
2025-03-12 16:35:15.506 [error] [mshr-h.veriloghdl] provider FAILED
2025-03-12 16:35:15.506 [error] TypeError: n is not iterable
	at K_.provideHover (/home/sgass/.vscode/extensions/mshr-h.veriloghdl-1.16.0/dist/main.js:588:7681)
	at async C.provideHover (/usr/share/code/resources/app/out/vs/workbench/api/node/extensionHostProcess.js:161:106493)
2025-03-12 16:35:15.689 [error] [mshr-h.veriloghdl] provider FAILED
2025-03-12 16:35:15.689 [error] TypeError: n is not iterable
	at K_.provideHover (/home/sgass/.vscode/extensions/mshr-h.veriloghdl-1.16.0/dist/main.js:588:7681)
	at async C.provideHover (/usr/share/code/resources/app/out/vs/workbench/api/node/extensionHostProcess.js:161:106493)
2025-03-12 16:35:57.703 [error] [mshr-h.veriloghdl] provider FAILED
2025-03-12 16:35:57.703 [error] TypeError: n is not iterable
	at K_.provideHover (/home/sgass/.vscode/extensions/mshr-h.veriloghdl-1.16.0/dist/main.js:588:7681)
	at async C.provideHover (/usr/share/code/resources/app/out/vs/workbench/api/node/extensionHostProcess.js:161:106493)
2025-03-12 16:36:10.403 [error] [mshr-h.veriloghdl] provider FAILED
2025-03-12 16:36:10.403 [error] TypeError: n is not iterable
	at K_.provideHover (/home/sgass/.vscode/extensions/mshr-h.veriloghdl-1.16.0/dist/main.js:588:7681)
	at async C.provideHover (/usr/share/code/resources/app/out/vs/workbench/api/node/extensionHostProcess.js:161:106493)
2025-03-12 16:36:17.158 [error] [mshr-h.veriloghdl] provider FAILED
2025-03-12 16:36:17.158 [error] TypeError: n is not iterable
	at K_.provideHover (/home/sgass/.vscode/extensions/mshr-h.veriloghdl-1.16.0/dist/main.js:588:7681)
	at async C.provideHover (/usr/share/code/resources/app/out/vs/workbench/api/node/extensionHostProcess.js:161:106493)
2025-03-12 16:38:24.891 [error] [mshr-h.veriloghdl] provider FAILED
2025-03-12 16:38:24.892 [error] TypeError: n is not iterable
	at K_.provideHover (/home/sgass/.vscode/extensions/mshr-h.veriloghdl-1.16.0/dist/main.js:588:7681)
	at async C.provideHover (/usr/share/code/resources/app/out/vs/workbench/api/node/extensionHostProcess.js:161:106493)
2025-03-12 16:42:22.258 [error] [mshr-h.veriloghdl] provider FAILED
2025-03-12 16:42:22.258 [error] TypeError: n is not iterable
	at K_.provideHover (/home/sgass/.vscode/extensions/mshr-h.veriloghdl-1.16.0/dist/main.js:588:7681)
	at async C.provideHover (/usr/share/code/resources/app/out/vs/workbench/api/node/extensionHostProcess.js:161:106493)
2025-03-12 16:45:21.893 [error] [mshr-h.veriloghdl] provider FAILED
2025-03-12 16:45:21.893 [error] TypeError: n is not iterable
	at K_.provideHover (/home/sgass/.vscode/extensions/mshr-h.veriloghdl-1.16.0/dist/main.js:588:7681)
	at async C.provideHover (/usr/share/code/resources/app/out/vs/workbench/api/node/extensionHostProcess.js:161:106493)
2025-03-12 16:48:03.229 [error] [mshr-h.veriloghdl] provider FAILED
2025-03-12 16:48:03.229 [error] TypeError: n is not iterable
	at K_.provideHover (/home/sgass/.vscode/extensions/mshr-h.veriloghdl-1.16.0/dist/main.js:588:7681)
	at async C.provideHover (/usr/share/code/resources/app/out/vs/workbench/api/node/extensionHostProcess.js:161:106493)
2025-03-12 16:50:53.574 [error] [mshr-h.veriloghdl] provider FAILED
2025-03-12 16:50:53.574 [error] TypeError: n is not iterable
	at K_.provideHover (/home/sgass/.vscode/extensions/mshr-h.veriloghdl-1.16.0/dist/main.js:588:7681)
	at async C.provideHover (/usr/share/code/resources/app/out/vs/workbench/api/node/extensionHostProcess.js:161:106493)
2025-03-12 16:50:53.758 [error] [mshr-h.veriloghdl] provider FAILED
2025-03-12 16:50:53.758 [error] TypeError: n is not iterable
	at K_.provideHover (/home/sgass/.vscode/extensions/mshr-h.veriloghdl-1.16.0/dist/main.js:588:7681)
	at async C.provideHover (/usr/share/code/resources/app/out/vs/workbench/api/node/extensionHostProcess.js:161:106493)
2025-03-12 16:50:54.477 [error] [mshr-h.veriloghdl] provider FAILED
2025-03-12 16:50:54.477 [error] TypeError: n is not iterable
	at K_.provideHover (/home/sgass/.vscode/extensions/mshr-h.veriloghdl-1.16.0/dist/main.js:588:7681)
	at async C.provideHover (/usr/share/code/resources/app/out/vs/workbench/api/node/extensionHostProcess.js:161:106493)
2025-03-12 16:50:55.246 [error] [mshr-h.veriloghdl] provider FAILED
2025-03-12 16:50:55.246 [error] TypeError: n is not iterable
	at K_.provideHover (/home/sgass/.vscode/extensions/mshr-h.veriloghdl-1.16.0/dist/main.js:588:7681)
	at async C.provideHover (/usr/share/code/resources/app/out/vs/workbench/api/node/extensionHostProcess.js:161:106493)
2025-03-12 16:50:55.430 [error] [mshr-h.veriloghdl] provider FAILED
2025-03-12 16:50:55.430 [error] TypeError: n is not iterable
	at K_.provideHover (/home/sgass/.vscode/extensions/mshr-h.veriloghdl-1.16.0/dist/main.js:588:7681)
	at async C.provideHover (/usr/share/code/resources/app/out/vs/workbench/api/node/extensionHostProcess.js:161:106493)
2025-03-12 16:50:55.597 [error] [mshr-h.veriloghdl] provider FAILED
2025-03-12 16:50:55.597 [error] TypeError: n is not iterable
	at K_.provideHover (/home/sgass/.vscode/extensions/mshr-h.veriloghdl-1.16.0/dist/main.js:588:7681)
	at async C.provideHover (/usr/share/code/resources/app/out/vs/workbench/api/node/extensionHostProcess.js:161:106493)
2025-03-12 16:50:55.914 [error] [mshr-h.veriloghdl] provider FAILED
2025-03-12 16:50:55.915 [error] TypeError: n is not iterable
	at K_.provideHover (/home/sgass/.vscode/extensions/mshr-h.veriloghdl-1.16.0/dist/main.js:588:7681)
	at async C.provideHover (/usr/share/code/resources/app/out/vs/workbench/api/node/extensionHostProcess.js:161:106493)
2025-03-12 16:54:19.709 [error] [mshr-h.veriloghdl] provider FAILED
2025-03-12 16:54:19.709 [error] TypeError: n is not iterable
	at K_.provideHover (/home/sgass/.vscode/extensions/mshr-h.veriloghdl-1.16.0/dist/main.js:588:7681)
	at async C.provideHover (/usr/share/code/resources/app/out/vs/workbench/api/node/extensionHostProcess.js:161:106493)
2025-03-13 16:21:16.098 [error] [mshr-h.veriloghdl] provider FAILED
2025-03-13 16:21:16.098 [error] TypeError: n is not iterable
	at K_.provideHover (/home/sgass/.vscode/extensions/mshr-h.veriloghdl-1.16.0/dist/main.js:588:7681)
	at async C.provideHover (/usr/share/code/resources/app/out/vs/workbench/api/node/extensionHostProcess.js:161:106493)
2025-03-13 16:22:59.797 [error] [mshr-h.veriloghdl] provider FAILED
2025-03-13 16:22:59.797 [error] TypeError: n is not iterable
	at K_.provideHover (/home/sgass/.vscode/extensions/mshr-h.veriloghdl-1.16.0/dist/main.js:588:7681)
	at async C.provideHover (/usr/share/code/resources/app/out/vs/workbench/api/node/extensionHostProcess.js:161:106493)
2025-03-13 16:23:08.020 [error] [mshr-h.veriloghdl] provider FAILED
2025-03-13 16:23:08.020 [error] TypeError: n is not iterable
	at K_.provideHover (/home/sgass/.vscode/extensions/mshr-h.veriloghdl-1.16.0/dist/main.js:588:7681)
	at async C.provideHover (/usr/share/code/resources/app/out/vs/workbench/api/node/extensionHostProcess.js:161:106493)
2025-03-13 16:26:22.458 [error] [mshr-h.veriloghdl] provider FAILED
2025-03-13 16:26:22.459 [error] TypeError: n is not iterable
	at K_.provideHover (/home/sgass/.vscode/extensions/mshr-h.veriloghdl-1.16.0/dist/main.js:588:7681)
	at async C.provideHover (/usr/share/code/resources/app/out/vs/workbench/api/node/extensionHostProcess.js:161:106493)
2025-03-13 16:26:27.872 [error] [mshr-h.veriloghdl] provider FAILED
2025-03-13 16:26:27.872 [error] TypeError: n is not iterable
	at K_.provideHover (/home/sgass/.vscode/extensions/mshr-h.veriloghdl-1.16.0/dist/main.js:588:7681)
	at async C.provideHover (/usr/share/code/resources/app/out/vs/workbench/api/node/extensionHostProcess.js:161:106493)
2025-03-13 16:26:29.187 [error] [mshr-h.veriloghdl] provider FAILED
2025-03-13 16:26:29.187 [error] TypeError: n is not iterable
	at K_.provideHover (/home/sgass/.vscode/extensions/mshr-h.veriloghdl-1.16.0/dist/main.js:588:7681)
	at async C.provideHover (/usr/share/code/resources/app/out/vs/workbench/api/node/extensionHostProcess.js:161:106493)
2025-03-13 16:29:20.616 [error] [mshr-h.veriloghdl] provider FAILED
2025-03-13 16:29:20.616 [error] TypeError: n is not iterable
	at K_.provideHover (/home/sgass/.vscode/extensions/mshr-h.veriloghdl-1.16.0/dist/main.js:588:7681)
	at async C.provideHover (/usr/share/code/resources/app/out/vs/workbench/api/node/extensionHostProcess.js:161:106493)
2025-03-13 16:29:25.161 [error] [mshr-h.veriloghdl] provider FAILED
2025-03-13 16:29:25.161 [error] TypeError: n is not iterable
	at K_.provideHover (/home/sgass/.vscode/extensions/mshr-h.veriloghdl-1.16.0/dist/main.js:588:7681)
	at async C.provideHover (/usr/share/code/resources/app/out/vs/workbench/api/node/extensionHostProcess.js:161:106493)
2025-03-13 16:29:41.057 [error] [mshr-h.veriloghdl] provider FAILED
2025-03-13 16:29:41.057 [error] TypeError: n is not iterable
	at K_.provideHover (/home/sgass/.vscode/extensions/mshr-h.veriloghdl-1.16.0/dist/main.js:588:7681)
	at async C.provideHover (/usr/share/code/resources/app/out/vs/workbench/api/node/extensionHostProcess.js:161:106493)
2025-03-13 16:29:41.451 [error] [mshr-h.veriloghdl] provider FAILED
2025-03-13 16:29:41.451 [error] TypeError: n is not iterable
	at K_.provideHover (/home/sgass/.vscode/extensions/mshr-h.veriloghdl-1.16.0/dist/main.js:588:7681)
	at async C.provideHover (/usr/share/code/resources/app/out/vs/workbench/api/node/extensionHostProcess.js:161:106493)
2025-03-13 16:29:41.615 [error] [mshr-h.veriloghdl] provider FAILED
2025-03-13 16:29:41.615 [error] TypeError: n is not iterable
	at K_.provideHover (/home/sgass/.vscode/extensions/mshr-h.veriloghdl-1.16.0/dist/main.js:588:7681)
	at async C.provideHover (/usr/share/code/resources/app/out/vs/workbench/api/node/extensionHostProcess.js:161:106493)
2025-03-13 16:29:42.933 [error] [mshr-h.veriloghdl] provider FAILED
2025-03-13 16:29:42.933 [error] TypeError: n is not iterable
	at K_.provideHover (/home/sgass/.vscode/extensions/mshr-h.veriloghdl-1.16.0/dist/main.js:588:7681)
	at async C.provideHover (/usr/share/code/resources/app/out/vs/workbench/api/node/extensionHostProcess.js:161:106493)
2025-03-13 16:29:50.143 [error] [mshr-h.veriloghdl] provider FAILED
2025-03-13 16:29:50.143 [error] TypeError: n is not iterable
	at K_.provideHover (/home/sgass/.vscode/extensions/mshr-h.veriloghdl-1.16.0/dist/main.js:588:7681)
	at async C.provideHover (/usr/share/code/resources/app/out/vs/workbench/api/node/extensionHostProcess.js:161:106493)
2025-03-13 16:30:28.293 [error] [mshr-h.veriloghdl] provider FAILED
2025-03-13 16:30:28.293 [error] TypeError: n is not iterable
	at K_.provideHover (/home/sgass/.vscode/extensions/mshr-h.veriloghdl-1.16.0/dist/main.js:588:7681)
	at async C.provideHover (/usr/share/code/resources/app/out/vs/workbench/api/node/extensionHostProcess.js:161:106493)
2025-03-13 16:31:07.627 [error] [mshr-h.veriloghdl] provider FAILED
2025-03-13 16:31:07.627 [error] TypeError: n is not iterable
	at K_.provideHover (/home/sgass/.vscode/extensions/mshr-h.veriloghdl-1.16.0/dist/main.js:588:7681)
	at async C.provideHover (/usr/share/code/resources/app/out/vs/workbench/api/node/extensionHostProcess.js:161:106493)
2025-03-13 16:31:11.830 [error] [mshr-h.veriloghdl] provider FAILED
2025-03-13 16:31:11.830 [error] TypeError: n is not iterable
	at K_.provideHover (/home/sgass/.vscode/extensions/mshr-h.veriloghdl-1.16.0/dist/main.js:588:7681)
	at async C.provideHover (/usr/share/code/resources/app/out/vs/workbench/api/node/extensionHostProcess.js:161:106493)
2025-03-13 16:31:18.229 [error] [mshr-h.veriloghdl] provider FAILED
2025-03-13 16:31:18.229 [error] TypeError: n is not iterable
	at K_.provideHover (/home/sgass/.vscode/extensions/mshr-h.veriloghdl-1.16.0/dist/main.js:588:7681)
	at async C.provideHover (/usr/share/code/resources/app/out/vs/workbench/api/node/extensionHostProcess.js:161:106493)
2025-03-13 16:31:28.124 [error] [mshr-h.veriloghdl] provider FAILED
2025-03-13 16:31:28.124 [error] TypeError: n is not iterable
	at K_.provideHover (/home/sgass/.vscode/extensions/mshr-h.veriloghdl-1.16.0/dist/main.js:588:7681)
	at async C.provideHover (/usr/share/code/resources/app/out/vs/workbench/api/node/extensionHostProcess.js:161:106493)
2025-03-13 16:31:32.378 [error] [mshr-h.veriloghdl] provider FAILED
2025-03-13 16:31:32.378 [error] TypeError: n is not iterable
	at K_.provideHover (/home/sgass/.vscode/extensions/mshr-h.veriloghdl-1.16.0/dist/main.js:588:7681)
	at async C.provideHover (/usr/share/code/resources/app/out/vs/workbench/api/node/extensionHostProcess.js:161:106493)
2025-03-13 16:32:15.706 [error] [mshr-h.veriloghdl] provider FAILED
2025-03-13 16:32:15.706 [error] TypeError: n is not iterable
	at K_.provideHover (/home/sgass/.vscode/extensions/mshr-h.veriloghdl-1.16.0/dist/main.js:588:7681)
	at async C.provideHover (/usr/share/code/resources/app/out/vs/workbench/api/node/extensionHostProcess.js:161:106493)
2025-03-13 16:32:16.450 [error] [mshr-h.veriloghdl] provider FAILED
2025-03-13 16:32:16.450 [error] TypeError: n is not iterable
	at K_.provideHover (/home/sgass/.vscode/extensions/mshr-h.veriloghdl-1.16.0/dist/main.js:588:7681)
	at async C.provideHover (/usr/share/code/resources/app/out/vs/workbench/api/node/extensionHostProcess.js:161:106493)
2025-03-13 16:33:32.570 [error] [mshr-h.veriloghdl] provider FAILED
2025-03-13 16:33:32.570 [error] TypeError: n is not iterable
	at K_.provideHover (/home/sgass/.vscode/extensions/mshr-h.veriloghdl-1.16.0/dist/main.js:588:7681)
	at async C.provideHover (/usr/share/code/resources/app/out/vs/workbench/api/node/extensionHostProcess.js:161:106493)
2025-03-13 16:33:52.720 [error] [mshr-h.veriloghdl] provider FAILED
2025-03-13 16:33:52.720 [error] TypeError: n is not iterable
	at K_.provideHover (/home/sgass/.vscode/extensions/mshr-h.veriloghdl-1.16.0/dist/main.js:588:7681)
	at async C.provideHover (/usr/share/code/resources/app/out/vs/workbench/api/node/extensionHostProcess.js:161:106493)
2025-03-13 16:33:53.800 [error] [mshr-h.veriloghdl] provider FAILED
2025-03-13 16:33:53.800 [error] TypeError: n is not iterable
	at K_.provideHover (/home/sgass/.vscode/extensions/mshr-h.veriloghdl-1.16.0/dist/main.js:588:7681)
	at async C.provideHover (/usr/share/code/resources/app/out/vs/workbench/api/node/extensionHostProcess.js:161:106493)
2025-03-13 16:33:54.469 [error] [mshr-h.veriloghdl] provider FAILED
2025-03-13 16:33:54.469 [error] TypeError: n is not iterable
	at K_.provideHover (/home/sgass/.vscode/extensions/mshr-h.veriloghdl-1.16.0/dist/main.js:588:7681)
	at async C.provideHover (/usr/share/code/resources/app/out/vs/workbench/api/node/extensionHostProcess.js:161:106493)
2025-03-13 16:34:02.811 [error] [mshr-h.veriloghdl] provider FAILED
2025-03-13 16:34:02.811 [error] TypeError: n is not iterable
	at K_.provideHover (/home/sgass/.vscode/extensions/mshr-h.veriloghdl-1.16.0/dist/main.js:588:7681)
	at async C.provideHover (/usr/share/code/resources/app/out/vs/workbench/api/node/extensionHostProcess.js:161:106493)
2025-03-13 16:34:03.238 [error] [mshr-h.veriloghdl] provider FAILED
2025-03-13 16:34:03.238 [error] TypeError: n is not iterable
	at K_.provideHover (/home/sgass/.vscode/extensions/mshr-h.veriloghdl-1.16.0/dist/main.js:588:7681)
	at async C.provideHover (/usr/share/code/resources/app/out/vs/workbench/api/node/extensionHostProcess.js:161:106493)
2025-03-13 16:34:14.948 [error] [mshr-h.veriloghdl] provider FAILED
2025-03-13 16:34:14.948 [error] TypeError: n is not iterable
	at K_.provideHover (/home/sgass/.vscode/extensions/mshr-h.veriloghdl-1.16.0/dist/main.js:588:7681)
	at async C.provideHover (/usr/share/code/resources/app/out/vs/workbench/api/node/extensionHostProcess.js:161:106493)
2025-03-13 16:34:21.397 [error] [mshr-h.veriloghdl] provider FAILED
2025-03-13 16:34:21.397 [error] TypeError: n is not iterable
	at K_.provideHover (/home/sgass/.vscode/extensions/mshr-h.veriloghdl-1.16.0/dist/main.js:588:7681)
	at async C.provideHover (/usr/share/code/resources/app/out/vs/workbench/api/node/extensionHostProcess.js:161:106493)
2025-03-13 16:34:22.214 [error] [mshr-h.veriloghdl] provider FAILED
2025-03-13 16:34:22.214 [error] TypeError: n is not iterable
	at K_.provideHover (/home/sgass/.vscode/extensions/mshr-h.veriloghdl-1.16.0/dist/main.js:588:7681)
	at async C.provideHover (/usr/share/code/resources/app/out/vs/workbench/api/node/extensionHostProcess.js:161:106493)
2025-03-13 16:34:22.563 [error] [mshr-h.veriloghdl] provider FAILED
2025-03-13 16:34:22.563 [error] TypeError: n is not iterable
	at K_.provideHover (/home/sgass/.vscode/extensions/mshr-h.veriloghdl-1.16.0/dist/main.js:588:7681)
	at async C.provideHover (/usr/share/code/resources/app/out/vs/workbench/api/node/extensionHostProcess.js:161:106493)
2025-03-13 16:34:26.802 [error] [mshr-h.veriloghdl] provider FAILED
2025-03-13 16:34:26.802 [error] TypeError: n is not iterable
	at K_.provideHover (/home/sgass/.vscode/extensions/mshr-h.veriloghdl-1.16.0/dist/main.js:588:7681)
	at async C.provideHover (/usr/share/code/resources/app/out/vs/workbench/api/node/extensionHostProcess.js:161:106493)
2025-03-13 16:34:27.480 [error] [mshr-h.veriloghdl] provider FAILED
2025-03-13 16:34:27.480 [error] TypeError: n is not iterable
	at K_.provideHover (/home/sgass/.vscode/extensions/mshr-h.veriloghdl-1.16.0/dist/main.js:588:7681)
	at async C.provideHover (/usr/share/code/resources/app/out/vs/workbench/api/node/extensionHostProcess.js:161:106493)
2025-03-13 16:34:31.169 [error] [mshr-h.veriloghdl] provider FAILED
2025-03-13 16:34:31.169 [error] TypeError: n is not iterable
	at K_.provideHover (/home/sgass/.vscode/extensions/mshr-h.veriloghdl-1.16.0/dist/main.js:588:7681)
	at async C.provideHover (/usr/share/code/resources/app/out/vs/workbench/api/node/extensionHostProcess.js:161:106493)
2025-03-13 16:36:25.483 [error] [mshr-h.veriloghdl] provider FAILED
2025-03-13 16:36:25.483 [error] TypeError: n is not iterable
	at K_.provideHover (/home/sgass/.vscode/extensions/mshr-h.veriloghdl-1.16.0/dist/main.js:588:7681)
	at async C.provideHover (/usr/share/code/resources/app/out/vs/workbench/api/node/extensionHostProcess.js:161:106493)
2025-03-13 16:36:25.741 [error] [mshr-h.veriloghdl] provider FAILED
2025-03-13 16:36:25.741 [error] TypeError: n is not iterable
	at K_.provideHover (/home/sgass/.vscode/extensions/mshr-h.veriloghdl-1.16.0/dist/main.js:588:7681)
	at async C.provideHover (/usr/share/code/resources/app/out/vs/workbench/api/node/extensionHostProcess.js:161:106493)
2025-03-13 16:36:33.775 [error] [mshr-h.veriloghdl] provider FAILED
2025-03-13 16:36:33.775 [error] TypeError: n is not iterable
	at K_.provideHover (/home/sgass/.vscode/extensions/mshr-h.veriloghdl-1.16.0/dist/main.js:588:7681)
	at async C.provideHover (/usr/share/code/resources/app/out/vs/workbench/api/node/extensionHostProcess.js:161:106493)
2025-03-13 16:37:23.607 [error] [mshr-h.veriloghdl] provider FAILED
2025-03-13 16:37:23.607 [error] TypeError: n is not iterable
	at K_.provideHover (/home/sgass/.vscode/extensions/mshr-h.veriloghdl-1.16.0/dist/main.js:588:7681)
	at async C.provideHover (/usr/share/code/resources/app/out/vs/workbench/api/node/extensionHostProcess.js:161:106493)
2025-03-13 16:38:21.692 [error] [mshr-h.veriloghdl] provider FAILED
2025-03-13 16:38:21.692 [error] TypeError: n is not iterable
	at K_.provideHover (/home/sgass/.vscode/extensions/mshr-h.veriloghdl-1.16.0/dist/main.js:588:7681)
	at async C.provideHover (/usr/share/code/resources/app/out/vs/workbench/api/node/extensionHostProcess.js:161:106493)
2025-03-13 16:38:22.809 [error] [mshr-h.veriloghdl] provider FAILED
2025-03-13 16:38:22.810 [error] TypeError: n is not iterable
	at K_.provideHover (/home/sgass/.vscode/extensions/mshr-h.veriloghdl-1.16.0/dist/main.js:588:7681)
	at async C.provideHover (/usr/share/code/resources/app/out/vs/workbench/api/node/extensionHostProcess.js:161:106493)
2025-03-13 16:38:26.505 [error] [mshr-h.veriloghdl] provider FAILED
2025-03-13 16:38:26.506 [error] TypeError: n is not iterable
	at K_.provideHover (/home/sgass/.vscode/extensions/mshr-h.veriloghdl-1.16.0/dist/main.js:588:7681)
	at async C.provideHover (/usr/share/code/resources/app/out/vs/workbench/api/node/extensionHostProcess.js:161:106493)
2025-03-13 16:38:32.443 [error] [mshr-h.veriloghdl] provider FAILED
2025-03-13 16:38:32.443 [error] TypeError: n is not iterable
	at K_.provideHover (/home/sgass/.vscode/extensions/mshr-h.veriloghdl-1.16.0/dist/main.js:588:7681)
	at async C.provideHover (/usr/share/code/resources/app/out/vs/workbench/api/node/extensionHostProcess.js:161:106493)
2025-03-13 16:38:33.703 [error] [mshr-h.veriloghdl] provider FAILED
2025-03-13 16:38:33.704 [error] TypeError: n is not iterable
	at K_.provideHover (/home/sgass/.vscode/extensions/mshr-h.veriloghdl-1.16.0/dist/main.js:588:7681)
	at async C.provideHover (/usr/share/code/resources/app/out/vs/workbench/api/node/extensionHostProcess.js:161:106493)
2025-03-13 16:39:01.454 [error] [mshr-h.veriloghdl] provider FAILED
2025-03-13 16:39:01.454 [error] TypeError: n is not iterable
	at K_.provideHover (/home/sgass/.vscode/extensions/mshr-h.veriloghdl-1.16.0/dist/main.js:588:7681)
	at async C.provideHover (/usr/share/code/resources/app/out/vs/workbench/api/node/extensionHostProcess.js:161:106493)
2025-03-13 16:39:02.006 [error] [mshr-h.veriloghdl] provider FAILED
2025-03-13 16:39:02.006 [error] TypeError: n is not iterable
	at K_.provideHover (/home/sgass/.vscode/extensions/mshr-h.veriloghdl-1.16.0/dist/main.js:588:7681)
	at async C.provideHover (/usr/share/code/resources/app/out/vs/workbench/api/node/extensionHostProcess.js:161:106493)
2025-03-13 16:39:27.411 [error] [mshr-h.veriloghdl] provider FAILED
2025-03-13 16:39:27.411 [error] TypeError: n is not iterable
	at K_.provideHover (/home/sgass/.vscode/extensions/mshr-h.veriloghdl-1.16.0/dist/main.js:588:7681)
	at async C.provideHover (/usr/share/code/resources/app/out/vs/workbench/api/node/extensionHostProcess.js:161:106493)
2025-03-13 16:39:31.561 [error] [mshr-h.veriloghdl] provider FAILED
2025-03-13 16:39:31.561 [error] TypeError: n is not iterable
	at K_.provideHover (/home/sgass/.vscode/extensions/mshr-h.veriloghdl-1.16.0/dist/main.js:588:7681)
	at async C.provideHover (/usr/share/code/resources/app/out/vs/workbench/api/node/extensionHostProcess.js:161:106493)
2025-03-13 16:39:36.734 [error] [mshr-h.veriloghdl] provider FAILED
2025-03-13 16:39:36.734 [error] TypeError: n is not iterable
	at K_.provideHover (/home/sgass/.vscode/extensions/mshr-h.veriloghdl-1.16.0/dist/main.js:588:7681)
	at async C.provideHover (/usr/share/code/resources/app/out/vs/workbench/api/node/extensionHostProcess.js:161:106493)
2025-03-13 16:40:09.441 [error] [mshr-h.veriloghdl] provider FAILED
2025-03-13 16:40:09.441 [error] TypeError: n is not iterable
	at K_.provideHover (/home/sgass/.vscode/extensions/mshr-h.veriloghdl-1.16.0/dist/main.js:588:7681)
	at async C.provideHover (/usr/share/code/resources/app/out/vs/workbench/api/node/extensionHostProcess.js:161:106493)
2025-03-13 16:40:15.547 [error] [mshr-h.veriloghdl] provider FAILED
2025-03-13 16:40:15.548 [error] TypeError: n is not iterable
	at K_.provideHover (/home/sgass/.vscode/extensions/mshr-h.veriloghdl-1.16.0/dist/main.js:588:7681)
	at async C.provideHover (/usr/share/code/resources/app/out/vs/workbench/api/node/extensionHostProcess.js:161:106493)
2025-03-13 16:40:19.770 [error] [mshr-h.veriloghdl] provider FAILED
2025-03-13 16:40:19.770 [error] TypeError: n is not iterable
	at K_.provideHover (/home/sgass/.vscode/extensions/mshr-h.veriloghdl-1.16.0/dist/main.js:588:7681)
	at async C.provideHover (/usr/share/code/resources/app/out/vs/workbench/api/node/extensionHostProcess.js:161:106493)
2025-03-13 16:40:37.093 [error] [mshr-h.veriloghdl] provider FAILED
2025-03-13 16:40:37.093 [error] TypeError: n is not iterable
	at K_.provideHover (/home/sgass/.vscode/extensions/mshr-h.veriloghdl-1.16.0/dist/main.js:588:7681)
	at async C.provideHover (/usr/share/code/resources/app/out/vs/workbench/api/node/extensionHostProcess.js:161:106493)
2025-03-13 16:40:38.151 [error] [mshr-h.veriloghdl] provider FAILED
2025-03-13 16:40:38.151 [error] TypeError: n is not iterable
	at K_.provideHover (/home/sgass/.vscode/extensions/mshr-h.veriloghdl-1.16.0/dist/main.js:588:7681)
	at async C.provideHover (/usr/share/code/resources/app/out/vs/workbench/api/node/extensionHostProcess.js:161:106493)
2025-03-13 16:40:56.861 [error] [mshr-h.veriloghdl] provider FAILED
2025-03-13 16:40:56.861 [error] TypeError: n is not iterable
	at K_.provideHover (/home/sgass/.vscode/extensions/mshr-h.veriloghdl-1.16.0/dist/main.js:588:7681)
	at async C.provideHover (/usr/share/code/resources/app/out/vs/workbench/api/node/extensionHostProcess.js:161:106493)
2025-03-13 16:42:24.482 [error] [mshr-h.veriloghdl] provider FAILED
2025-03-13 16:42:24.482 [error] TypeError: n is not iterable
	at K_.provideHover (/home/sgass/.vscode/extensions/mshr-h.veriloghdl-1.16.0/dist/main.js:588:7681)
	at async C.provideHover (/usr/share/code/resources/app/out/vs/workbench/api/node/extensionHostProcess.js:161:106493)
2025-03-13 16:42:25.116 [error] [mshr-h.veriloghdl] provider FAILED
2025-03-13 16:42:25.117 [error] TypeError: n is not iterable
	at K_.provideHover (/home/sgass/.vscode/extensions/mshr-h.veriloghdl-1.16.0/dist/main.js:588:7681)
	at async C.provideHover (/usr/share/code/resources/app/out/vs/workbench/api/node/extensionHostProcess.js:161:106493)
2025-03-13 16:42:32.240 [error] [mshr-h.veriloghdl] provider FAILED
2025-03-13 16:42:32.240 [error] TypeError: n is not iterable
	at K_.provideHover (/home/sgass/.vscode/extensions/mshr-h.veriloghdl-1.16.0/dist/main.js:588:7681)
	at async C.provideHover (/usr/share/code/resources/app/out/vs/workbench/api/node/extensionHostProcess.js:161:106493)
2025-03-13 16:42:33.072 [error] [mshr-h.veriloghdl] provider FAILED
2025-03-13 16:42:33.072 [error] TypeError: n is not iterable
	at K_.provideHover (/home/sgass/.vscode/extensions/mshr-h.veriloghdl-1.16.0/dist/main.js:588:7681)
	at async C.provideHover (/usr/share/code/resources/app/out/vs/workbench/api/node/extensionHostProcess.js:161:106493)
2025-03-13 16:42:35.412 [error] [mshr-h.veriloghdl] provider FAILED
2025-03-13 16:42:35.412 [error] TypeError: n is not iterable
	at K_.provideHover (/home/sgass/.vscode/extensions/mshr-h.veriloghdl-1.16.0/dist/main.js:588:7681)
	at async C.provideHover (/usr/share/code/resources/app/out/vs/workbench/api/node/extensionHostProcess.js:161:106493)
2025-03-13 16:43:37.191 [error] [mshr-h.veriloghdl] provider FAILED
2025-03-13 16:43:37.191 [error] TypeError: n is not iterable
	at K_.provideHover (/home/sgass/.vscode/extensions/mshr-h.veriloghdl-1.16.0/dist/main.js:588:7681)
	at async C.provideHover (/usr/share/code/resources/app/out/vs/workbench/api/node/extensionHostProcess.js:161:106493)
2025-03-13 16:43:37.696 [error] [mshr-h.veriloghdl] provider FAILED
2025-03-13 16:43:37.697 [error] TypeError: n is not iterable
	at K_.provideHover (/home/sgass/.vscode/extensions/mshr-h.veriloghdl-1.16.0/dist/main.js:588:7681)
	at async C.provideHover (/usr/share/code/resources/app/out/vs/workbench/api/node/extensionHostProcess.js:161:106493)
2025-03-13 16:43:48.552 [error] [mshr-h.veriloghdl] provider FAILED
2025-03-13 16:43:48.552 [error] TypeError: n is not iterable
	at K_.provideHover (/home/sgass/.vscode/extensions/mshr-h.veriloghdl-1.16.0/dist/main.js:588:7681)
	at async C.provideHover (/usr/share/code/resources/app/out/vs/workbench/api/node/extensionHostProcess.js:161:106493)
2025-03-13 16:43:48.978 [error] [mshr-h.veriloghdl] provider FAILED
2025-03-13 16:43:48.978 [error] TypeError: n is not iterable
	at K_.provideHover (/home/sgass/.vscode/extensions/mshr-h.veriloghdl-1.16.0/dist/main.js:588:7681)
	at async C.provideHover (/usr/share/code/resources/app/out/vs/workbench/api/node/extensionHostProcess.js:161:106493)
2025-03-13 16:44:21.256 [error] [mshr-h.veriloghdl] provider FAILED
2025-03-13 16:44:21.256 [error] TypeError: n is not iterable
	at K_.provideHover (/home/sgass/.vscode/extensions/mshr-h.veriloghdl-1.16.0/dist/main.js:588:7681)
	at async C.provideHover (/usr/share/code/resources/app/out/vs/workbench/api/node/extensionHostProcess.js:161:106493)
2025-03-13 16:44:25.781 [error] [mshr-h.veriloghdl] provider FAILED
2025-03-13 16:44:25.781 [error] TypeError: n is not iterable
	at K_.provideHover (/home/sgass/.vscode/extensions/mshr-h.veriloghdl-1.16.0/dist/main.js:588:7681)
	at async C.provideHover (/usr/share/code/resources/app/out/vs/workbench/api/node/extensionHostProcess.js:161:106493)
2025-03-13 16:45:42.667 [error] [mshr-h.veriloghdl] provider FAILED
2025-03-13 16:45:42.667 [error] TypeError: n is not iterable
	at K_.provideHover (/home/sgass/.vscode/extensions/mshr-h.veriloghdl-1.16.0/dist/main.js:588:7681)
	at async C.provideHover (/usr/share/code/resources/app/out/vs/workbench/api/node/extensionHostProcess.js:161:106493)
2025-03-13 16:45:54.427 [error] [mshr-h.veriloghdl] provider FAILED
2025-03-13 16:45:54.427 [error] TypeError: n is not iterable
	at K_.provideHover (/home/sgass/.vscode/extensions/mshr-h.veriloghdl-1.16.0/dist/main.js:588:7681)
	at async C.provideHover (/usr/share/code/resources/app/out/vs/workbench/api/node/extensionHostProcess.js:161:106493)
2025-03-13 16:46:01.823 [error] [mshr-h.veriloghdl] provider FAILED
2025-03-13 16:46:01.823 [error] TypeError: n is not iterable
	at K_.provideHover (/home/sgass/.vscode/extensions/mshr-h.veriloghdl-1.16.0/dist/main.js:588:7681)
	at async C.provideHover (/usr/share/code/resources/app/out/vs/workbench/api/node/extensionHostProcess.js:161:106493)
2025-03-13 16:46:25.099 [error] [mshr-h.veriloghdl] provider FAILED
2025-03-13 16:46:25.099 [error] TypeError: n is not iterable
	at K_.provideHover (/home/sgass/.vscode/extensions/mshr-h.veriloghdl-1.16.0/dist/main.js:588:7681)
	at async C.provideHover (/usr/share/code/resources/app/out/vs/workbench/api/node/extensionHostProcess.js:161:106493)
2025-03-13 16:46:30.859 [error] [mshr-h.veriloghdl] provider FAILED
2025-03-13 16:46:30.859 [error] TypeError: n is not iterable
	at K_.provideHover (/home/sgass/.vscode/extensions/mshr-h.veriloghdl-1.16.0/dist/main.js:588:7681)
	at async C.provideHover (/usr/share/code/resources/app/out/vs/workbench/api/node/extensionHostProcess.js:161:106493)
2025-03-13 16:46:34.192 [error] [mshr-h.veriloghdl] provider FAILED
2025-03-13 16:46:34.193 [error] TypeError: n is not iterable
	at K_.provideHover (/home/sgass/.vscode/extensions/mshr-h.veriloghdl-1.16.0/dist/main.js:588:7681)
	at async C.provideHover (/usr/share/code/resources/app/out/vs/workbench/api/node/extensionHostProcess.js:161:106493)
2025-03-13 16:46:40.241 [error] [mshr-h.veriloghdl] provider FAILED
2025-03-13 16:46:40.242 [error] TypeError: n is not iterable
	at K_.provideHover (/home/sgass/.vscode/extensions/mshr-h.veriloghdl-1.16.0/dist/main.js:588:7681)
	at async C.provideHover (/usr/share/code/resources/app/out/vs/workbench/api/node/extensionHostProcess.js:161:106493)
2025-03-13 16:46:49.730 [error] [mshr-h.veriloghdl] provider FAILED
2025-03-13 16:46:49.730 [error] TypeError: n is not iterable
	at K_.provideHover (/home/sgass/.vscode/extensions/mshr-h.veriloghdl-1.16.0/dist/main.js:588:7681)
	at async C.provideHover (/usr/share/code/resources/app/out/vs/workbench/api/node/extensionHostProcess.js:161:106493)
2025-03-13 16:46:49.914 [error] [mshr-h.veriloghdl] provider FAILED
2025-03-13 16:46:49.914 [error] TypeError: n is not iterable
	at K_.provideHover (/home/sgass/.vscode/extensions/mshr-h.veriloghdl-1.16.0/dist/main.js:588:7681)
	at async C.provideHover (/usr/share/code/resources/app/out/vs/workbench/api/node/extensionHostProcess.js:161:106493)
2025-03-13 16:46:50.390 [error] [mshr-h.veriloghdl] provider FAILED
2025-03-13 16:46:50.390 [error] TypeError: n is not iterable
	at K_.provideHover (/home/sgass/.vscode/extensions/mshr-h.veriloghdl-1.16.0/dist/main.js:588:7681)
	at async C.provideHover (/usr/share/code/resources/app/out/vs/workbench/api/node/extensionHostProcess.js:161:106493)
2025-03-13 16:47:12.273 [error] [mshr-h.veriloghdl] provider FAILED
2025-03-13 16:47:12.273 [error] TypeError: n is not iterable
	at K_.provideHover (/home/sgass/.vscode/extensions/mshr-h.veriloghdl-1.16.0/dist/main.js:588:7681)
	at async C.provideHover (/usr/share/code/resources/app/out/vs/workbench/api/node/extensionHostProcess.js:161:106493)
2025-03-13 16:47:12.789 [error] [mshr-h.veriloghdl] provider FAILED
2025-03-13 16:47:12.789 [error] TypeError: n is not iterable
	at K_.provideHover (/home/sgass/.vscode/extensions/mshr-h.veriloghdl-1.16.0/dist/main.js:588:7681)
	at async C.provideHover (/usr/share/code/resources/app/out/vs/workbench/api/node/extensionHostProcess.js:161:106493)
2025-03-13 16:47:15.395 [error] [mshr-h.veriloghdl] provider FAILED
2025-03-13 16:47:15.395 [error] TypeError: n is not iterable
	at K_.provideHover (/home/sgass/.vscode/extensions/mshr-h.veriloghdl-1.16.0/dist/main.js:588:7681)
	at async C.provideHover (/usr/share/code/resources/app/out/vs/workbench/api/node/extensionHostProcess.js:161:106493)
2025-03-13 16:47:25.549 [error] [mshr-h.veriloghdl] provider FAILED
2025-03-13 16:47:25.549 [error] TypeError: n is not iterable
	at K_.provideHover (/home/sgass/.vscode/extensions/mshr-h.veriloghdl-1.16.0/dist/main.js:588:7681)
	at async C.provideHover (/usr/share/code/resources/app/out/vs/workbench/api/node/extensionHostProcess.js:161:106493)
2025-03-13 16:47:42.807 [error] [mshr-h.veriloghdl] provider FAILED
2025-03-13 16:47:42.808 [error] TypeError: n is not iterable
	at K_.provideHover (/home/sgass/.vscode/extensions/mshr-h.veriloghdl-1.16.0/dist/main.js:588:7681)
	at async C.provideHover (/usr/share/code/resources/app/out/vs/workbench/api/node/extensionHostProcess.js:161:106493)
2025-03-13 16:47:45.957 [error] [mshr-h.veriloghdl] provider FAILED
2025-03-13 16:47:45.957 [error] TypeError: n is not iterable
	at K_.provideHover (/home/sgass/.vscode/extensions/mshr-h.veriloghdl-1.16.0/dist/main.js:588:7681)
	at async C.provideHover (/usr/share/code/resources/app/out/vs/workbench/api/node/extensionHostProcess.js:161:106493)
2025-03-13 16:47:51.090 [error] [mshr-h.veriloghdl] provider FAILED
2025-03-13 16:47:51.090 [error] TypeError: n is not iterable
	at K_.provideHover (/home/sgass/.vscode/extensions/mshr-h.veriloghdl-1.16.0/dist/main.js:588:7681)
	at async C.provideHover (/usr/share/code/resources/app/out/vs/workbench/api/node/extensionHostProcess.js:161:106493)
2025-03-13 16:47:51.590 [error] [mshr-h.veriloghdl] provider FAILED
2025-03-13 16:47:51.590 [error] TypeError: n is not iterable
	at K_.provideHover (/home/sgass/.vscode/extensions/mshr-h.veriloghdl-1.16.0/dist/main.js:588:7681)
	at async C.provideHover (/usr/share/code/resources/app/out/vs/workbench/api/node/extensionHostProcess.js:161:106493)
2025-03-13 16:47:52.217 [error] [mshr-h.veriloghdl] provider FAILED
2025-03-13 16:47:52.217 [error] TypeError: n is not iterable
	at K_.provideHover (/home/sgass/.vscode/extensions/mshr-h.veriloghdl-1.16.0/dist/main.js:588:7681)
	at async C.provideHover (/usr/share/code/resources/app/out/vs/workbench/api/node/extensionHostProcess.js:161:106493)
2025-03-13 16:48:19.658 [error] [mshr-h.veriloghdl] provider FAILED
2025-03-13 16:48:19.658 [error] TypeError: n is not iterable
	at K_.provideHover (/home/sgass/.vscode/extensions/mshr-h.veriloghdl-1.16.0/dist/main.js:588:7681)
	at async C.provideHover (/usr/share/code/resources/app/out/vs/workbench/api/node/extensionHostProcess.js:161:106493)
2025-03-13 16:48:20.550 [error] [mshr-h.veriloghdl] provider FAILED
2025-03-13 16:48:20.550 [error] TypeError: n is not iterable
	at K_.provideHover (/home/sgass/.vscode/extensions/mshr-h.veriloghdl-1.16.0/dist/main.js:588:7681)
	at async C.provideHover (/usr/share/code/resources/app/out/vs/workbench/api/node/extensionHostProcess.js:161:106493)
2025-03-13 16:48:27.871 [error] [mshr-h.veriloghdl] provider FAILED
2025-03-13 16:48:27.871 [error] TypeError: n is not iterable
	at K_.provideHover (/home/sgass/.vscode/extensions/mshr-h.veriloghdl-1.16.0/dist/main.js:588:7681)
	at async C.provideHover (/usr/share/code/resources/app/out/vs/workbench/api/node/extensionHostProcess.js:161:106493)
2025-03-13 16:48:53.526 [error] [mshr-h.veriloghdl] provider FAILED
2025-03-13 16:48:53.526 [error] TypeError: n is not iterable
	at K_.provideHover (/home/sgass/.vscode/extensions/mshr-h.veriloghdl-1.16.0/dist/main.js:588:7681)
	at async C.provideHover (/usr/share/code/resources/app/out/vs/workbench/api/node/extensionHostProcess.js:161:106493)
2025-03-13 16:48:53.931 [error] [mshr-h.veriloghdl] provider FAILED
2025-03-13 16:48:53.931 [error] TypeError: n is not iterable
	at K_.provideHover (/home/sgass/.vscode/extensions/mshr-h.veriloghdl-1.16.0/dist/main.js:588:7681)
	at async C.provideHover (/usr/share/code/resources/app/out/vs/workbench/api/node/extensionHostProcess.js:161:106493)
2025-03-13 16:50:38.101 [error] [mshr-h.veriloghdl] provider FAILED
2025-03-13 16:50:38.101 [error] TypeError: n is not iterable
	at K_.provideHover (/home/sgass/.vscode/extensions/mshr-h.veriloghdl-1.16.0/dist/main.js:588:7681)
	at async C.provideHover (/usr/share/code/resources/app/out/vs/workbench/api/node/extensionHostProcess.js:161:106493)
2025-03-13 16:50:45.494 [error] [mshr-h.veriloghdl] provider FAILED
2025-03-13 16:50:45.494 [error] TypeError: n is not iterable
	at K_.provideHover (/home/sgass/.vscode/extensions/mshr-h.veriloghdl-1.16.0/dist/main.js:588:7681)
	at async C.provideHover (/usr/share/code/resources/app/out/vs/workbench/api/node/extensionHostProcess.js:161:106493)
2025-03-13 16:50:46.229 [error] [mshr-h.veriloghdl] provider FAILED
2025-03-13 16:50:46.229 [error] TypeError: n is not iterable
	at K_.provideHover (/home/sgass/.vscode/extensions/mshr-h.veriloghdl-1.16.0/dist/main.js:588:7681)
	at async C.provideHover (/usr/share/code/resources/app/out/vs/workbench/api/node/extensionHostProcess.js:161:106493)
2025-03-13 16:50:51.848 [error] [mshr-h.veriloghdl] provider FAILED
2025-03-13 16:50:51.848 [error] TypeError: n is not iterable
	at K_.provideHover (/home/sgass/.vscode/extensions/mshr-h.veriloghdl-1.16.0/dist/main.js:588:7681)
	at async C.provideHover (/usr/share/code/resources/app/out/vs/workbench/api/node/extensionHostProcess.js:161:106493)
2025-03-13 16:50:52.942 [error] [mshr-h.veriloghdl] provider FAILED
2025-03-13 16:50:52.942 [error] TypeError: n is not iterable
	at K_.provideHover (/home/sgass/.vscode/extensions/mshr-h.veriloghdl-1.16.0/dist/main.js:588:7681)
	at async C.provideHover (/usr/share/code/resources/app/out/vs/workbench/api/node/extensionHostProcess.js:161:106493)
2025-03-13 16:54:31.998 [error] [mshr-h.veriloghdl] provider FAILED
2025-03-13 16:54:31.998 [error] TypeError: n is not iterable
	at K_.provideHover (/home/sgass/.vscode/extensions/mshr-h.veriloghdl-1.16.0/dist/main.js:588:7681)
	at async C.provideHover (/usr/share/code/resources/app/out/vs/workbench/api/node/extensionHostProcess.js:161:106493)
2025-03-13 16:54:53.889 [error] [mshr-h.veriloghdl] provider FAILED
2025-03-13 16:54:53.889 [error] TypeError: n is not iterable
	at K_.provideHover (/home/sgass/.vscode/extensions/mshr-h.veriloghdl-1.16.0/dist/main.js:588:7681)
	at async C.provideHover (/usr/share/code/resources/app/out/vs/workbench/api/node/extensionHostProcess.js:161:106493)
2025-03-13 16:54:54.127 [error] [mshr-h.veriloghdl] provider FAILED
2025-03-13 16:54:54.127 [error] TypeError: n is not iterable
	at K_.provideHover (/home/sgass/.vscode/extensions/mshr-h.veriloghdl-1.16.0/dist/main.js:588:7681)
	at async C.provideHover (/usr/share/code/resources/app/out/vs/workbench/api/node/extensionHostProcess.js:161:106493)
2025-03-13 16:55:17.182 [error] [mshr-h.veriloghdl] provider FAILED
2025-03-13 16:55:17.183 [error] TypeError: n is not iterable
	at K_.provideHover (/home/sgass/.vscode/extensions/mshr-h.veriloghdl-1.16.0/dist/main.js:588:7681)
	at async C.provideHover (/usr/share/code/resources/app/out/vs/workbench/api/node/extensionHostProcess.js:161:106493)
2025-03-13 16:55:18.008 [error] [mshr-h.veriloghdl] provider FAILED
2025-03-13 16:55:18.009 [error] TypeError: n is not iterable
	at K_.provideHover (/home/sgass/.vscode/extensions/mshr-h.veriloghdl-1.16.0/dist/main.js:588:7681)
	at async C.provideHover (/usr/share/code/resources/app/out/vs/workbench/api/node/extensionHostProcess.js:161:106493)
2025-03-13 16:55:18.873 [error] [mshr-h.veriloghdl] provider FAILED
2025-03-13 16:55:18.873 [error] TypeError: n is not iterable
	at K_.provideHover (/home/sgass/.vscode/extensions/mshr-h.veriloghdl-1.16.0/dist/main.js:588:7681)
	at async C.provideHover (/usr/share/code/resources/app/out/vs/workbench/api/node/extensionHostProcess.js:161:106493)
2025-03-13 16:57:29.605 [error] [mshr-h.veriloghdl] provider FAILED
2025-03-13 16:57:29.605 [error] TypeError: n is not iterable
	at K_.provideHover (/home/sgass/.vscode/extensions/mshr-h.veriloghdl-1.16.0/dist/main.js:588:7681)
	at async C.provideHover (/usr/share/code/resources/app/out/vs/workbench/api/node/extensionHostProcess.js:161:106493)
2025-03-13 17:11:19.805 [error] [mshr-h.veriloghdl] provider FAILED
2025-03-13 17:11:19.805 [error] TypeError: n is not iterable
	at K_.provideHover (/home/sgass/.vscode/extensions/mshr-h.veriloghdl-1.16.0/dist/main.js:588:7681)
	at async C.provideHover (/usr/share/code/resources/app/out/vs/workbench/api/node/extensionHostProcess.js:161:106493)
2025-03-13 17:11:20.040 [error] [mshr-h.veriloghdl] provider FAILED
2025-03-13 17:11:20.046 [error] TypeError: n is not iterable
	at K_.provideHover (/home/sgass/.vscode/extensions/mshr-h.veriloghdl-1.16.0/dist/main.js:588:7681)
	at async C.provideHover (/usr/share/code/resources/app/out/vs/workbench/api/node/extensionHostProcess.js:161:106493)
