2025-03-14 09:05:35.893 [info] Started local extension host with pid 1205464.
2025-03-14 09:05:35.978 [error] [/home/sgass/.vscode/extensions/mechatroner.rainbow-csv-3.13.0]: Extension is not compatible with Code 1.93.1. Extension requires: ^1.95.0.
2025-03-14 09:05:35.978 [error] [/home/sgass/.vscode/extensions/mechatroner.rainbow-csv-3.14.0]: Extension is not compatible with Code 1.93.1. Extension requires: ^1.95.0.
2025-03-14 09:05:35.980 [error] [/home/sgass/.vscode/extensions/mechatroner.rainbow-csv-3.15.0]: Extension is not compatible with Code 1.93.1. Extension requires: ^1.95.0.
2025-03-14 09:05:35.983 [error] [/home/sgass/.vscode/extensions/mechatroner.rainbow-csv-3.15.1]: Extension is not compatible with Code 1.93.1. Extension requires: ^1.95.0.
2025-03-14 09:05:35.983 [error] [/home/sgass/.vscode/extensions/mechatroner.rainbow-csv-3.16.0]: Extension is not compatible with Code 1.93.1. Extension requires: ^1.95.0.
2025-03-14 09:05:35.984 [error] [/home/sgass/.vscode/extensions/mechatroner.rainbow-csv-3.17.0]: Extension is not compatible with Code 1.93.1. Extension requires: ^1.95.0.
2025-03-14 09:05:35.984 [error] [/home/sgass/.vscode/extensions/mechatroner.rainbow-csv-3.18.0]: Extension is not compatible with Code 1.93.1. Extension requires: ^1.95.0.
2025-03-14 09:05:36.005 [error] [/home/sgass/.vscode/extensions/ms-python.python-2024.16.0-linux-x64]: Extension is not compatible with Code 1.93.1. Extension requires: ^1.94.0-20240918.
2025-03-14 09:05:36.007 [error] [/home/sgass/.vscode/extensions/ms-python.python-2024.18.0-linux-x64]: Extension is not compatible with Code 1.93.1. Extension requires: ^1.94.0-20240918.
2025-03-14 09:05:36.007 [error] [/home/sgass/.vscode/extensions/ms-python.python-2024.16.1-linux-x64]: Extension is not compatible with Code 1.93.1. Extension requires: ^1.94.0-20240918.
2025-03-14 09:05:36.008 [error] [/home/sgass/.vscode/extensions/ms-python.python-2024.18.1-linux-x64]: Extension is not compatible with Code 1.93.1. Extension requires: ^1.94.0-20240918.
2025-03-14 09:05:36.009 [error] [/home/sgass/.vscode/extensions/ms-python.python-2024.20.0-linux-x64]: Extension is not compatible with Code 1.93.1. Extension requires: ^1.94.0-20240918.
2025-03-14 09:05:36.009 [error] [/home/sgass/.vscode/extensions/ms-python.python-2024.22.0-linux-x64]: Extension is not compatible with Code 1.93.1. Extension requires: ^1.94.0-20240918.
2025-03-14 09:05:36.019 [error] [/home/sgass/.vscode/extensions/ms-python.python-2024.22.1-linux-x64]: Extension is not compatible with Code 1.93.1. Extension requires: ^1.94.0-20240918.
2025-03-14 09:05:36.019 [error] [/home/sgass/.vscode/extensions/ms-python.python-2024.22.2-linux-x64]: Extension is not compatible with Code 1.93.1. Extension requires: ^1.94.0-20240918.
2025-03-14 09:05:36.020 [error] [/home/sgass/.vscode/extensions/ms-python.python-2025.0.0-linux-x64]: Extension is not compatible with Code 1.93.1. Extension requires: ^1.94.0-20240918.
2025-03-14 09:05:36.020 [error] [/home/sgass/.vscode/extensions/ms-python.python-2025.2.0-linux-x64]: Extension is not compatible with Code 1.93.1. Extension requires: ^1.94.0-20240918.
2025-03-14 09:05:38.513 [info] [perf] Render performance baseline is 16ms
2025-03-14 09:06:07.073 [error] Cannot read the extension from /home/sgass/.vscode/extensions/mechatroner.rainbow-csv-3.18.0: ScanningExtension: Cannot read the extension from /home/sgass/.vscode/extensions/mechatroner.rainbow-csv-3.18.0
    at _.scanLocalExtension (/usr/share/code/resources/app/out/vs/code/node/sharedProcess/sharedProcessMain.js:105:127494)
2025-03-14 09:06:07.097 [error] Cannot read the extension from /home/sgass/.vscode/extensions/ms-python.python-2025.2.0-linux-x64: ScanningExtension: Cannot read the extension from /home/sgass/.vscode/extensions/ms-python.python-2025.2.0-linux-x64
    at _.scanLocalExtension (/usr/share/code/resources/app/out/vs/code/node/sharedProcess/sharedProcessMain.js:105:127494)
2025-03-14 09:06:20.731 [error] n is not iterable: TypeError: n is not iterable
	at K_.provideHover (/home/sgass/.vscode/extensions/mshr-h.veriloghdl-1.16.0/dist/main.js:588:7681)
	at async C.provideHover (/usr/share/code/resources/app/out/vs/workbench/api/node/extensionHostProcess.js:161:106493)
2025-03-14 09:06:40.435 [error] n is not iterable: TypeError: n is not iterable
	at K_.provideHover (/home/sgass/.vscode/extensions/mshr-h.veriloghdl-1.16.0/dist/main.js:588:7681)
	at async C.provideHover (/usr/share/code/resources/app/out/vs/workbench/api/node/extensionHostProcess.js:161:106493)
2025-03-14 09:06:46.067 [error] n is not iterable: TypeError: n is not iterable
	at K_.provideHover (/home/sgass/.vscode/extensions/mshr-h.veriloghdl-1.16.0/dist/main.js:588:7681)
	at async C.provideHover (/usr/share/code/resources/app/out/vs/workbench/api/node/extensionHostProcess.js:161:106493)
2025-03-14 09:07:11.940 [error] [File Watcher (parcel)] Inotify limit reached (ENOSPC) (path: /home/sgass/Projects/kepler)
2025-03-14 09:07:13.422 [error] n is not iterable: TypeError: n is not iterable
	at K_.provideHover (/home/sgass/.vscode/extensions/mshr-h.veriloghdl-1.16.0/dist/main.js:588:7681)
	at async C.provideHover (/usr/share/code/resources/app/out/vs/workbench/api/node/extensionHostProcess.js:161:106493)
2025-03-14 09:07:27.938 [error] n is not iterable: TypeError: n is not iterable
	at K_.provideHover (/home/sgass/.vscode/extensions/mshr-h.veriloghdl-1.16.0/dist/main.js:588:7681)
	at async C.provideHover (/usr/share/code/resources/app/out/vs/workbench/api/node/extensionHostProcess.js:161:106493)
2025-03-14 09:07:30.428 [error] n is not iterable: TypeError: n is not iterable
	at K_.provideHover (/home/sgass/.vscode/extensions/mshr-h.veriloghdl-1.16.0/dist/main.js:588:7681)
	at async C.provideHover (/usr/share/code/resources/app/out/vs/workbench/api/node/extensionHostProcess.js:161:106493)
2025-03-14 09:07:36.720 [error] n is not iterable: TypeError: n is not iterable
	at K_.provideHover (/home/sgass/.vscode/extensions/mshr-h.veriloghdl-1.16.0/dist/main.js:588:7681)
	at async C.provideHover (/usr/share/code/resources/app/out/vs/workbench/api/node/extensionHostProcess.js:161:106493)
2025-03-14 09:07:43.235 [error] n is not iterable: TypeError: n is not iterable
	at K_.provideHover (/home/sgass/.vscode/extensions/mshr-h.veriloghdl-1.16.0/dist/main.js:588:7681)
	at async C.provideHover (/usr/share/code/resources/app/out/vs/workbench/api/node/extensionHostProcess.js:161:106493)
2025-03-14 09:07:46.895 [error] n is not iterable: TypeError: n is not iterable
	at K_.provideHover (/home/sgass/.vscode/extensions/mshr-h.veriloghdl-1.16.0/dist/main.js:588:7681)
	at async C.provideHover (/usr/share/code/resources/app/out/vs/workbench/api/node/extensionHostProcess.js:161:106493)
2025-03-14 09:08:27.407 [error] n is not iterable: TypeError: n is not iterable
	at K_.provideHover (/home/sgass/.vscode/extensions/mshr-h.veriloghdl-1.16.0/dist/main.js:588:7681)
	at async C.provideHover (/usr/share/code/resources/app/out/vs/workbench/api/node/extensionHostProcess.js:161:106493)
2025-03-14 09:08:30.025 [error] n is not iterable: TypeError: n is not iterable
	at K_.provideHover (/home/sgass/.vscode/extensions/mshr-h.veriloghdl-1.16.0/dist/main.js:588:7681)
	at async C.provideHover (/usr/share/code/resources/app/out/vs/workbench/api/node/extensionHostProcess.js:161:106493)
2025-03-14 09:08:47.667 [error] n is not iterable: TypeError: n is not iterable
	at K_.provideHover (/home/sgass/.vscode/extensions/mshr-h.veriloghdl-1.16.0/dist/main.js:588:7681)
	at async C.provideHover (/usr/share/code/resources/app/out/vs/workbench/api/node/extensionHostProcess.js:161:106493)
2025-03-14 09:08:52.079 [error] n is not iterable: TypeError: n is not iterable
	at K_.provideHover (/home/sgass/.vscode/extensions/mshr-h.veriloghdl-1.16.0/dist/main.js:588:7681)
	at async C.provideHover (/usr/share/code/resources/app/out/vs/workbench/api/node/extensionHostProcess.js:161:106493)
2025-03-14 09:08:56.698 [error] n is not iterable: TypeError: n is not iterable
	at K_.provideHover (/home/sgass/.vscode/extensions/mshr-h.veriloghdl-1.16.0/dist/main.js:588:7681)
	at async C.provideHover (/usr/share/code/resources/app/out/vs/workbench/api/node/extensionHostProcess.js:161:106493)
2025-03-14 09:08:58.236 [error] n is not iterable: TypeError: n is not iterable
	at K_.provideHover (/home/sgass/.vscode/extensions/mshr-h.veriloghdl-1.16.0/dist/main.js:588:7681)
	at async C.provideHover (/usr/share/code/resources/app/out/vs/workbench/api/node/extensionHostProcess.js:161:106493)
2025-03-14 09:09:04.741 [error] n is not iterable: TypeError: n is not iterable
	at K_.provideHover (/home/sgass/.vscode/extensions/mshr-h.veriloghdl-1.16.0/dist/main.js:588:7681)
	at async C.provideHover (/usr/share/code/resources/app/out/vs/workbench/api/node/extensionHostProcess.js:161:106493)
2025-03-14 09:09:12.723 [error] n is not iterable: TypeError: n is not iterable
	at K_.provideHover (/home/sgass/.vscode/extensions/mshr-h.veriloghdl-1.16.0/dist/main.js:588:7681)
	at async C.provideHover (/usr/share/code/resources/app/out/vs/workbench/api/node/extensionHostProcess.js:161:106493)
2025-03-14 09:09:20.023 [error] n is not iterable: TypeError: n is not iterable
	at K_.provideHover (/home/sgass/.vscode/extensions/mshr-h.veriloghdl-1.16.0/dist/main.js:588:7681)
	at async C.provideHover (/usr/share/code/resources/app/out/vs/workbench/api/node/extensionHostProcess.js:161:106493)
2025-03-14 09:09:22.071 [error] n is not iterable: TypeError: n is not iterable
	at K_.provideHover (/home/sgass/.vscode/extensions/mshr-h.veriloghdl-1.16.0/dist/main.js:588:7681)
	at async C.provideHover (/usr/share/code/resources/app/out/vs/workbench/api/node/extensionHostProcess.js:161:106493)
2025-03-14 09:09:43.856 [error] n is not iterable: TypeError: n is not iterable
	at K_.provideHover (/home/sgass/.vscode/extensions/mshr-h.veriloghdl-1.16.0/dist/main.js:588:7681)
	at async C.provideHover (/usr/share/code/resources/app/out/vs/workbench/api/node/extensionHostProcess.js:161:106493)
2025-03-14 09:09:56.207 [error] n is not iterable: TypeError: n is not iterable
	at K_.provideHover (/home/sgass/.vscode/extensions/mshr-h.veriloghdl-1.16.0/dist/main.js:588:7681)
	at async C.provideHover (/usr/share/code/resources/app/out/vs/workbench/api/node/extensionHostProcess.js:161:106493)
2025-03-14 09:09:58.657 [error] n is not iterable: TypeError: n is not iterable
	at K_.provideHover (/home/sgass/.vscode/extensions/mshr-h.veriloghdl-1.16.0/dist/main.js:588:7681)
	at async C.provideHover (/usr/share/code/resources/app/out/vs/workbench/api/node/extensionHostProcess.js:161:106493)
2025-03-14 09:10:02.339 [error] n is not iterable: TypeError: n is not iterable
	at K_.provideHover (/home/sgass/.vscode/extensions/mshr-h.veriloghdl-1.16.0/dist/main.js:588:7681)
	at async C.provideHover (/usr/share/code/resources/app/out/vs/workbench/api/node/extensionHostProcess.js:161:106493)
2025-03-14 09:10:15.789 [error] n is not iterable: TypeError: n is not iterable
	at K_.provideHover (/home/sgass/.vscode/extensions/mshr-h.veriloghdl-1.16.0/dist/main.js:588:7681)
	at async C.provideHover (/usr/share/code/resources/app/out/vs/workbench/api/node/extensionHostProcess.js:161:106493)
2025-03-14 09:11:38.691 [error] n is not iterable: TypeError: n is not iterable
	at K_.provideHover (/home/sgass/.vscode/extensions/mshr-h.veriloghdl-1.16.0/dist/main.js:588:7681)
	at async C.provideHover (/usr/share/code/resources/app/out/vs/workbench/api/node/extensionHostProcess.js:161:106493)
2025-03-14 09:11:41.296 [error] n is not iterable: TypeError: n is not iterable
	at K_.provideHover (/home/sgass/.vscode/extensions/mshr-h.veriloghdl-1.16.0/dist/main.js:588:7681)
	at async C.provideHover (/usr/share/code/resources/app/out/vs/workbench/api/node/extensionHostProcess.js:161:106493)
2025-03-14 09:12:05.000 [error] n is not iterable: TypeError: n is not iterable
	at K_.provideHover (/home/sgass/.vscode/extensions/mshr-h.veriloghdl-1.16.0/dist/main.js:588:7681)
	at async C.provideHover (/usr/share/code/resources/app/out/vs/workbench/api/node/extensionHostProcess.js:161:106493)
2025-03-14 09:12:17.903 [error] n is not iterable: TypeError: n is not iterable
	at K_.provideHover (/home/sgass/.vscode/extensions/mshr-h.veriloghdl-1.16.0/dist/main.js:588:7681)
	at async C.provideHover (/usr/share/code/resources/app/out/vs/workbench/api/node/extensionHostProcess.js:161:106493)
2025-03-14 09:12:19.750 [error] n is not iterable: TypeError: n is not iterable
	at K_.provideHover (/home/sgass/.vscode/extensions/mshr-h.veriloghdl-1.16.0/dist/main.js:588:7681)
	at async C.provideHover (/usr/share/code/resources/app/out/vs/workbench/api/node/extensionHostProcess.js:161:106493)
2025-03-14 09:12:46.456 [error] n is not iterable: TypeError: n is not iterable
	at K_.provideHover (/home/sgass/.vscode/extensions/mshr-h.veriloghdl-1.16.0/dist/main.js:588:7681)
	at async C.provideHover (/usr/share/code/resources/app/out/vs/workbench/api/node/extensionHostProcess.js:161:106493)
2025-03-14 09:12:55.310 [error] n is not iterable: TypeError: n is not iterable
	at K_.provideHover (/home/sgass/.vscode/extensions/mshr-h.veriloghdl-1.16.0/dist/main.js:588:7681)
	at async C.provideHover (/usr/share/code/resources/app/out/vs/workbench/api/node/extensionHostProcess.js:161:106493)
2025-03-14 09:14:53.031 [error] n is not iterable: TypeError: n is not iterable
	at K_.provideHover (/home/sgass/.vscode/extensions/mshr-h.veriloghdl-1.16.0/dist/main.js:588:7681)
	at async C.provideHover (/usr/share/code/resources/app/out/vs/workbench/api/node/extensionHostProcess.js:161:106493)
2025-03-14 09:17:36.957 [error] n is not iterable: TypeError: n is not iterable
	at K_.provideHover (/home/sgass/.vscode/extensions/mshr-h.veriloghdl-1.16.0/dist/main.js:588:7681)
	at async C.provideHover (/usr/share/code/resources/app/out/vs/workbench/api/node/extensionHostProcess.js:161:106493)
2025-03-14 09:17:45.953 [error] n is not iterable: TypeError: n is not iterable
	at K_.provideHover (/home/sgass/.vscode/extensions/mshr-h.veriloghdl-1.16.0/dist/main.js:588:7681)
	at async C.provideHover (/usr/share/code/resources/app/out/vs/workbench/api/node/extensionHostProcess.js:161:106493)
2025-03-14 09:17:50.351 [error] n is not iterable: TypeError: n is not iterable
	at K_.provideHover (/home/sgass/.vscode/extensions/mshr-h.veriloghdl-1.16.0/dist/main.js:588:7681)
	at async C.provideHover (/usr/share/code/resources/app/out/vs/workbench/api/node/extensionHostProcess.js:161:106493)
2025-03-14 09:17:54.038 [error] n is not iterable: TypeError: n is not iterable
	at K_.provideHover (/home/sgass/.vscode/extensions/mshr-h.veriloghdl-1.16.0/dist/main.js:588:7681)
	at async C.provideHover (/usr/share/code/resources/app/out/vs/workbench/api/node/extensionHostProcess.js:161:106493)
2025-03-14 09:18:13.973 [error] n is not iterable: TypeError: n is not iterable
	at K_.provideHover (/home/sgass/.vscode/extensions/mshr-h.veriloghdl-1.16.0/dist/main.js:588:7681)
	at async C.provideHover (/usr/share/code/resources/app/out/vs/workbench/api/node/extensionHostProcess.js:161:106493)
2025-03-14 09:18:20.669 [error] n is not iterable: TypeError: n is not iterable
	at K_.provideHover (/home/sgass/.vscode/extensions/mshr-h.veriloghdl-1.16.0/dist/main.js:588:7681)
	at async C.provideHover (/usr/share/code/resources/app/out/vs/workbench/api/node/extensionHostProcess.js:161:106493)
2025-03-14 09:18:28.926 [error] n is not iterable: TypeError: n is not iterable
	at K_.provideHover (/home/sgass/.vscode/extensions/mshr-h.veriloghdl-1.16.0/dist/main.js:588:7681)
	at async C.provideHover (/usr/share/code/resources/app/out/vs/workbench/api/node/extensionHostProcess.js:161:106493)
2025-03-14 09:18:30.672 [error] n is not iterable: TypeError: n is not iterable
	at K_.provideHover (/home/sgass/.vscode/extensions/mshr-h.veriloghdl-1.16.0/dist/main.js:588:7681)
	at async C.provideHover (/usr/share/code/resources/app/out/vs/workbench/api/node/extensionHostProcess.js:161:106493)
2025-03-14 09:18:41.935 [error] n is not iterable: TypeError: n is not iterable
	at K_.provideHover (/home/sgass/.vscode/extensions/mshr-h.veriloghdl-1.16.0/dist/main.js:588:7681)
	at async C.provideHover (/usr/share/code/resources/app/out/vs/workbench/api/node/extensionHostProcess.js:161:106493)
2025-03-14 09:18:43.340 [error] n is not iterable: TypeError: n is not iterable
	at K_.provideHover (/home/sgass/.vscode/extensions/mshr-h.veriloghdl-1.16.0/dist/main.js:588:7681)
	at async C.provideHover (/usr/share/code/resources/app/out/vs/workbench/api/node/extensionHostProcess.js:161:106493)
2025-03-14 09:19:07.924 [error] n is not iterable: TypeError: n is not iterable
	at K_.provideHover (/home/sgass/.vscode/extensions/mshr-h.veriloghdl-1.16.0/dist/main.js:588:7681)
	at async C.provideHover (/usr/share/code/resources/app/out/vs/workbench/api/node/extensionHostProcess.js:161:106493)
2025-03-14 09:19:56.040 [error] n is not iterable: TypeError: n is not iterable
	at K_.provideHover (/home/sgass/.vscode/extensions/mshr-h.veriloghdl-1.16.0/dist/main.js:588:7681)
	at async C.provideHover (/usr/share/code/resources/app/out/vs/workbench/api/node/extensionHostProcess.js:161:106493)
2025-03-14 09:20:04.819 [error] n is not iterable: TypeError: n is not iterable
	at K_.provideHover (/home/sgass/.vscode/extensions/mshr-h.veriloghdl-1.16.0/dist/main.js:588:7681)
	at async C.provideHover (/usr/share/code/resources/app/out/vs/workbench/api/node/extensionHostProcess.js:161:106493)
2025-03-14 09:20:28.773 [error] n is not iterable: TypeError: n is not iterable
	at K_.provideHover (/home/sgass/.vscode/extensions/mshr-h.veriloghdl-1.16.0/dist/main.js:588:7681)
	at async C.provideHover (/usr/share/code/resources/app/out/vs/workbench/api/node/extensionHostProcess.js:161:106493)
2025-03-14 09:22:07.105 [error] n is not iterable: TypeError: n is not iterable
	at K_.provideHover (/home/sgass/.vscode/extensions/mshr-h.veriloghdl-1.16.0/dist/main.js:588:7681)
	at async C.provideHover (/usr/share/code/resources/app/out/vs/workbench/api/node/extensionHostProcess.js:161:106493)
2025-03-14 09:22:09.056 [error] n is not iterable: TypeError: n is not iterable
	at K_.provideHover (/home/sgass/.vscode/extensions/mshr-h.veriloghdl-1.16.0/dist/main.js:588:7681)
	at async C.provideHover (/usr/share/code/resources/app/out/vs/workbench/api/node/extensionHostProcess.js:161:106493)
2025-03-14 09:22:18.123 [error] n is not iterable: TypeError: n is not iterable
	at K_.provideHover (/home/sgass/.vscode/extensions/mshr-h.veriloghdl-1.16.0/dist/main.js:588:7681)
	at async C.provideHover (/usr/share/code/resources/app/out/vs/workbench/api/node/extensionHostProcess.js:161:106493)
2025-03-14 09:22:56.272 [error] n is not iterable: TypeError: n is not iterable
	at K_.provideHover (/home/sgass/.vscode/extensions/mshr-h.veriloghdl-1.16.0/dist/main.js:588:7681)
	at async C.provideHover (/usr/share/code/resources/app/out/vs/workbench/api/node/extensionHostProcess.js:161:106493)
2025-03-14 09:23:50.470 [error] n is not iterable: TypeError: n is not iterable
	at K_.provideHover (/home/sgass/.vscode/extensions/mshr-h.veriloghdl-1.16.0/dist/main.js:588:7681)
	at async C.provideHover (/usr/share/code/resources/app/out/vs/workbench/api/node/extensionHostProcess.js:161:106493)
2025-03-14 09:24:01.938 [error] n is not iterable: TypeError: n is not iterable
	at K_.provideHover (/home/sgass/.vscode/extensions/mshr-h.veriloghdl-1.16.0/dist/main.js:588:7681)
	at async C.provideHover (/usr/share/code/resources/app/out/vs/workbench/api/node/extensionHostProcess.js:161:106493)
2025-03-14 09:25:04.686 [error] n is not iterable: TypeError: n is not iterable
	at K_.provideHover (/home/sgass/.vscode/extensions/mshr-h.veriloghdl-1.16.0/dist/main.js:588:7681)
	at async C.provideHover (/usr/share/code/resources/app/out/vs/workbench/api/node/extensionHostProcess.js:161:106493)
2025-03-14 09:25:05.854 [error] n is not iterable: TypeError: n is not iterable
	at K_.provideHover (/home/sgass/.vscode/extensions/mshr-h.veriloghdl-1.16.0/dist/main.js:588:7681)
	at async C.provideHover (/usr/share/code/resources/app/out/vs/workbench/api/node/extensionHostProcess.js:161:106493)
2025-03-14 09:25:14.736 [error] n is not iterable: TypeError: n is not iterable
	at K_.provideHover (/home/sgass/.vscode/extensions/mshr-h.veriloghdl-1.16.0/dist/main.js:588:7681)
	at async C.provideHover (/usr/share/code/resources/app/out/vs/workbench/api/node/extensionHostProcess.js:161:106493)
2025-03-14 09:25:16.303 [error] n is not iterable: TypeError: n is not iterable
	at K_.provideHover (/home/sgass/.vscode/extensions/mshr-h.veriloghdl-1.16.0/dist/main.js:588:7681)
	at async C.provideHover (/usr/share/code/resources/app/out/vs/workbench/api/node/extensionHostProcess.js:161:106493)
2025-03-14 09:25:49.801 [error] n is not iterable: TypeError: n is not iterable
	at K_.provideHover (/home/sgass/.vscode/extensions/mshr-h.veriloghdl-1.16.0/dist/main.js:588:7681)
	at async C.provideHover (/usr/share/code/resources/app/out/vs/workbench/api/node/extensionHostProcess.js:161:106493)
2025-03-14 09:26:12.784 [error] n is not iterable: TypeError: n is not iterable
	at K_.provideHover (/home/sgass/.vscode/extensions/mshr-h.veriloghdl-1.16.0/dist/main.js:588:7681)
	at async C.provideHover (/usr/share/code/resources/app/out/vs/workbench/api/node/extensionHostProcess.js:161:106493)
2025-03-14 09:26:23.155 [error] n is not iterable: TypeError: n is not iterable
	at K_.provideHover (/home/sgass/.vscode/extensions/mshr-h.veriloghdl-1.16.0/dist/main.js:588:7681)
	at async C.provideHover (/usr/share/code/resources/app/out/vs/workbench/api/node/extensionHostProcess.js:161:106493)
2025-03-14 09:26:30.186 [error] n is not iterable: TypeError: n is not iterable
	at K_.provideHover (/home/sgass/.vscode/extensions/mshr-h.veriloghdl-1.16.0/dist/main.js:588:7681)
	at async C.provideHover (/usr/share/code/resources/app/out/vs/workbench/api/node/extensionHostProcess.js:161:106493)
2025-03-14 09:26:36.852 [error] n is not iterable: TypeError: n is not iterable
	at K_.provideHover (/home/sgass/.vscode/extensions/mshr-h.veriloghdl-1.16.0/dist/main.js:588:7681)
	at async C.provideHover (/usr/share/code/resources/app/out/vs/workbench/api/node/extensionHostProcess.js:161:106493)
2025-03-14 09:26:43.601 [error] n is not iterable: TypeError: n is not iterable
	at K_.provideHover (/home/sgass/.vscode/extensions/mshr-h.veriloghdl-1.16.0/dist/main.js:588:7681)
	at async C.provideHover (/usr/share/code/resources/app/out/vs/workbench/api/node/extensionHostProcess.js:161:106493)
2025-03-14 09:26:50.713 [error] n is not iterable: TypeError: n is not iterable
	at K_.provideHover (/home/sgass/.vscode/extensions/mshr-h.veriloghdl-1.16.0/dist/main.js:588:7681)
	at async C.provideHover (/usr/share/code/resources/app/out/vs/workbench/api/node/extensionHostProcess.js:161:106493)
2025-03-14 09:26:55.400 [error] n is not iterable: TypeError: n is not iterable
	at K_.provideHover (/home/sgass/.vscode/extensions/mshr-h.veriloghdl-1.16.0/dist/main.js:588:7681)
	at async C.provideHover (/usr/share/code/resources/app/out/vs/workbench/api/node/extensionHostProcess.js:161:106493)
2025-03-14 09:27:21.080 [error] n is not iterable: TypeError: n is not iterable
	at K_.provideHover (/home/sgass/.vscode/extensions/mshr-h.veriloghdl-1.16.0/dist/main.js:588:7681)
	at async C.provideHover (/usr/share/code/resources/app/out/vs/workbench/api/node/extensionHostProcess.js:161:106493)
2025-03-14 09:27:35.119 [error] n is not iterable: TypeError: n is not iterable
	at K_.provideHover (/home/sgass/.vscode/extensions/mshr-h.veriloghdl-1.16.0/dist/main.js:588:7681)
	at async C.provideHover (/usr/share/code/resources/app/out/vs/workbench/api/node/extensionHostProcess.js:161:106493)
2025-03-14 09:27:46.895 [error] n is not iterable: TypeError: n is not iterable
	at K_.provideHover (/home/sgass/.vscode/extensions/mshr-h.veriloghdl-1.16.0/dist/main.js:588:7681)
	at async C.provideHover (/usr/share/code/resources/app/out/vs/workbench/api/node/extensionHostProcess.js:161:106493)
2025-03-14 09:27:48.225 [error] n is not iterable: TypeError: n is not iterable
	at K_.provideHover (/home/sgass/.vscode/extensions/mshr-h.veriloghdl-1.16.0/dist/main.js:588:7681)
	at async C.provideHover (/usr/share/code/resources/app/out/vs/workbench/api/node/extensionHostProcess.js:161:106493)
2025-03-14 09:29:25.254 [error] n is not iterable: TypeError: n is not iterable
	at K_.provideHover (/home/sgass/.vscode/extensions/mshr-h.veriloghdl-1.16.0/dist/main.js:588:7681)
	at async C.provideHover (/usr/share/code/resources/app/out/vs/workbench/api/node/extensionHostProcess.js:161:106493)
2025-03-14 09:33:33.819 [error] n is not iterable: TypeError: n is not iterable
	at K_.provideHover (/home/sgass/.vscode/extensions/mshr-h.veriloghdl-1.16.0/dist/main.js:588:7681)
	at async C.provideHover (/usr/share/code/resources/app/out/vs/workbench/api/node/extensionHostProcess.js:161:106493)
2025-03-14 09:33:42.125 [error] n is not iterable: TypeError: n is not iterable
	at K_.provideHover (/home/sgass/.vscode/extensions/mshr-h.veriloghdl-1.16.0/dist/main.js:588:7681)
	at async C.provideHover (/usr/share/code/resources/app/out/vs/workbench/api/node/extensionHostProcess.js:161:106493)
2025-03-14 09:34:04.305 [error] n is not iterable: TypeError: n is not iterable
	at K_.provideHover (/home/sgass/.vscode/extensions/mshr-h.veriloghdl-1.16.0/dist/main.js:588:7681)
	at async C.provideHover (/usr/share/code/resources/app/out/vs/workbench/api/node/extensionHostProcess.js:161:106493)
2025-03-14 09:40:19.721 [error] n is not iterable: TypeError: n is not iterable
	at K_.provideHover (/home/sgass/.vscode/extensions/mshr-h.veriloghdl-1.16.0/dist/main.js:588:7681)
	at async C.provideHover (/usr/share/code/resources/app/out/vs/workbench/api/node/extensionHostProcess.js:161:106493)
2025-03-14 09:41:06.486 [error] n is not iterable: TypeError: n is not iterable
	at K_.provideHover (/home/sgass/.vscode/extensions/mshr-h.veriloghdl-1.16.0/dist/main.js:588:7681)
	at async C.provideHover (/usr/share/code/resources/app/out/vs/workbench/api/node/extensionHostProcess.js:161:106493)
2025-03-14 09:41:07.987 [error] n is not iterable: TypeError: n is not iterable
	at K_.provideHover (/home/sgass/.vscode/extensions/mshr-h.veriloghdl-1.16.0/dist/main.js:588:7681)
	at async C.provideHover (/usr/share/code/resources/app/out/vs/workbench/api/node/extensionHostProcess.js:161:106493)
2025-03-14 09:41:16.269 [error] n is not iterable: TypeError: n is not iterable
	at K_.provideHover (/home/sgass/.vscode/extensions/mshr-h.veriloghdl-1.16.0/dist/main.js:588:7681)
	at async C.provideHover (/usr/share/code/resources/app/out/vs/workbench/api/node/extensionHostProcess.js:161:106493)
2025-03-14 09:41:18.638 [error] n is not iterable: TypeError: n is not iterable
	at K_.provideHover (/home/sgass/.vscode/extensions/mshr-h.veriloghdl-1.16.0/dist/main.js:588:7681)
	at async C.provideHover (/usr/share/code/resources/app/out/vs/workbench/api/node/extensionHostProcess.js:161:106493)
2025-03-14 09:41:22.679 [error] n is not iterable: TypeError: n is not iterable
	at K_.provideHover (/home/sgass/.vscode/extensions/mshr-h.veriloghdl-1.16.0/dist/main.js:588:7681)
	at async C.provideHover (/usr/share/code/resources/app/out/vs/workbench/api/node/extensionHostProcess.js:161:106493)
2025-03-14 09:41:29.305 [error] n is not iterable: TypeError: n is not iterable
	at K_.provideHover (/home/sgass/.vscode/extensions/mshr-h.veriloghdl-1.16.0/dist/main.js:588:7681)
	at async C.provideHover (/usr/share/code/resources/app/out/vs/workbench/api/node/extensionHostProcess.js:161:106493)
2025-03-14 09:41:30.543 [error] n is not iterable: TypeError: n is not iterable
	at K_.provideHover (/home/sgass/.vscode/extensions/mshr-h.veriloghdl-1.16.0/dist/main.js:588:7681)
	at async C.provideHover (/usr/share/code/resources/app/out/vs/workbench/api/node/extensionHostProcess.js:161:106493)
2025-03-14 09:44:24.364 [error] n is not iterable: TypeError: n is not iterable
	at K_.provideHover (/home/sgass/.vscode/extensions/mshr-h.veriloghdl-1.16.0/dist/main.js:588:7681)
	at async C.provideHover (/usr/share/code/resources/app/out/vs/workbench/api/node/extensionHostProcess.js:161:106493)
2025-03-14 09:47:02.607 [error] n is not iterable: TypeError: n is not iterable
	at K_.provideHover (/home/sgass/.vscode/extensions/mshr-h.veriloghdl-1.16.0/dist/main.js:588:7681)
	at async C.provideHover (/usr/share/code/resources/app/out/vs/workbench/api/node/extensionHostProcess.js:161:106493)
2025-03-14 09:47:20.655 [error] n is not iterable: TypeError: n is not iterable
	at K_.provideHover (/home/sgass/.vscode/extensions/mshr-h.veriloghdl-1.16.0/dist/main.js:588:7681)
	at async C.provideHover (/usr/share/code/resources/app/out/vs/workbench/api/node/extensionHostProcess.js:161:106493)
2025-03-14 09:47:53.389 [error] n is not iterable: TypeError: n is not iterable
	at K_.provideHover (/home/sgass/.vscode/extensions/mshr-h.veriloghdl-1.16.0/dist/main.js:588:7681)
	at async C.provideHover (/usr/share/code/resources/app/out/vs/workbench/api/node/extensionHostProcess.js:161:106493)
2025-03-14 09:48:01.885 [error] n is not iterable: TypeError: n is not iterable
	at K_.provideHover (/home/sgass/.vscode/extensions/mshr-h.veriloghdl-1.16.0/dist/main.js:588:7681)
	at async C.provideHover (/usr/share/code/resources/app/out/vs/workbench/api/node/extensionHostProcess.js:161:106493)
2025-03-14 09:48:03.902 [error] n is not iterable: TypeError: n is not iterable
	at K_.provideHover (/home/sgass/.vscode/extensions/mshr-h.veriloghdl-1.16.0/dist/main.js:588:7681)
	at async C.provideHover (/usr/share/code/resources/app/out/vs/workbench/api/node/extensionHostProcess.js:161:106493)
2025-03-14 09:48:07.343 [error] n is not iterable: TypeError: n is not iterable
	at K_.provideHover (/home/sgass/.vscode/extensions/mshr-h.veriloghdl-1.16.0/dist/main.js:588:7681)
	at async C.provideHover (/usr/share/code/resources/app/out/vs/workbench/api/node/extensionHostProcess.js:161:106493)
2025-03-14 09:48:22.055 [error] n is not iterable: TypeError: n is not iterable
	at K_.provideHover (/home/sgass/.vscode/extensions/mshr-h.veriloghdl-1.16.0/dist/main.js:588:7681)
	at async C.provideHover (/usr/share/code/resources/app/out/vs/workbench/api/node/extensionHostProcess.js:161:106493)
2025-03-14 09:48:53.331 [error] n is not iterable: TypeError: n is not iterable
	at K_.provideHover (/home/sgass/.vscode/extensions/mshr-h.veriloghdl-1.16.0/dist/main.js:588:7681)
	at async C.provideHover (/usr/share/code/resources/app/out/vs/workbench/api/node/extensionHostProcess.js:161:106493)
2025-03-14 09:49:12.015 [error] n is not iterable: TypeError: n is not iterable
	at K_.provideHover (/home/sgass/.vscode/extensions/mshr-h.veriloghdl-1.16.0/dist/main.js:588:7681)
	at async C.provideHover (/usr/share/code/resources/app/out/vs/workbench/api/node/extensionHostProcess.js:161:106493)
2025-03-14 09:49:36.153 [error] n is not iterable: TypeError: n is not iterable
	at K_.provideHover (/home/sgass/.vscode/extensions/mshr-h.veriloghdl-1.16.0/dist/main.js:588:7681)
	at async C.provideHover (/usr/share/code/resources/app/out/vs/workbench/api/node/extensionHostProcess.js:161:106493)
2025-03-14 09:49:37.238 [error] n is not iterable: TypeError: n is not iterable
	at K_.provideHover (/home/sgass/.vscode/extensions/mshr-h.veriloghdl-1.16.0/dist/main.js:588:7681)
	at async C.provideHover (/usr/share/code/resources/app/out/vs/workbench/api/node/extensionHostProcess.js:161:106493)
2025-03-14 09:49:48.310 [error] n is not iterable: TypeError: n is not iterable
	at K_.provideHover (/home/sgass/.vscode/extensions/mshr-h.veriloghdl-1.16.0/dist/main.js:588:7681)
	at async C.provideHover (/usr/share/code/resources/app/out/vs/workbench/api/node/extensionHostProcess.js:161:106493)
2025-03-14 09:50:08.928 [error] n is not iterable: TypeError: n is not iterable
	at K_.provideHover (/home/sgass/.vscode/extensions/mshr-h.veriloghdl-1.16.0/dist/main.js:588:7681)
	at async C.provideHover (/usr/share/code/resources/app/out/vs/workbench/api/node/extensionHostProcess.js:161:106493)
2025-03-14 09:52:13.546 [error] n is not iterable: TypeError: n is not iterable
	at K_.provideHover (/home/sgass/.vscode/extensions/mshr-h.veriloghdl-1.16.0/dist/main.js:588:7681)
	at async C.provideHover (/usr/share/code/resources/app/out/vs/workbench/api/node/extensionHostProcess.js:161:106493)
2025-03-14 09:52:20.813 [error] n is not iterable: TypeError: n is not iterable
	at K_.provideHover (/home/sgass/.vscode/extensions/mshr-h.veriloghdl-1.16.0/dist/main.js:588:7681)
	at async C.provideHover (/usr/share/code/resources/app/out/vs/workbench/api/node/extensionHostProcess.js:161:106493)
2025-03-14 09:52:42.895 [error] n is not iterable: TypeError: n is not iterable
	at K_.provideHover (/home/sgass/.vscode/extensions/mshr-h.veriloghdl-1.16.0/dist/main.js:588:7681)
	at async C.provideHover (/usr/share/code/resources/app/out/vs/workbench/api/node/extensionHostProcess.js:161:106493)
2025-03-14 09:52:53.342 [error] n is not iterable: TypeError: n is not iterable
	at K_.provideHover (/home/sgass/.vscode/extensions/mshr-h.veriloghdl-1.16.0/dist/main.js:588:7681)
	at async C.provideHover (/usr/share/code/resources/app/out/vs/workbench/api/node/extensionHostProcess.js:161:106493)
2025-03-14 09:52:57.196 [error] n is not iterable: TypeError: n is not iterable
	at K_.provideHover (/home/sgass/.vscode/extensions/mshr-h.veriloghdl-1.16.0/dist/main.js:588:7681)
	at async C.provideHover (/usr/share/code/resources/app/out/vs/workbench/api/node/extensionHostProcess.js:161:106493)
2025-03-14 09:54:10.194 [error] n is not iterable: TypeError: n is not iterable
	at K_.provideHover (/home/sgass/.vscode/extensions/mshr-h.veriloghdl-1.16.0/dist/main.js:588:7681)
	at async C.provideHover (/usr/share/code/resources/app/out/vs/workbench/api/node/extensionHostProcess.js:161:106493)
2025-03-14 09:54:49.624 [error] n is not iterable: TypeError: n is not iterable
	at K_.provideHover (/home/sgass/.vscode/extensions/mshr-h.veriloghdl-1.16.0/dist/main.js:588:7681)
	at async C.provideHover (/usr/share/code/resources/app/out/vs/workbench/api/node/extensionHostProcess.js:161:106493)
2025-03-14 09:55:34.212 [error] n is not iterable: TypeError: n is not iterable
	at K_.provideHover (/home/sgass/.vscode/extensions/mshr-h.veriloghdl-1.16.0/dist/main.js:588:7681)
	at async C.provideHover (/usr/share/code/resources/app/out/vs/workbench/api/node/extensionHostProcess.js:161:106493)
2025-03-14 09:56:19.004 [error] n is not iterable: TypeError: n is not iterable
	at K_.provideHover (/home/sgass/.vscode/extensions/mshr-h.veriloghdl-1.16.0/dist/main.js:588:7681)
	at async C.provideHover (/usr/share/code/resources/app/out/vs/workbench/api/node/extensionHostProcess.js:161:106493)
2025-03-14 09:56:45.958 [error] n is not iterable: TypeError: n is not iterable
	at K_.provideHover (/home/sgass/.vscode/extensions/mshr-h.veriloghdl-1.16.0/dist/main.js:588:7681)
	at async C.provideHover (/usr/share/code/resources/app/out/vs/workbench/api/node/extensionHostProcess.js:161:106493)
2025-03-14 09:56:48.071 [error] n is not iterable: TypeError: n is not iterable
	at K_.provideHover (/home/sgass/.vscode/extensions/mshr-h.veriloghdl-1.16.0/dist/main.js:588:7681)
	at async C.provideHover (/usr/share/code/resources/app/out/vs/workbench/api/node/extensionHostProcess.js:161:106493)
2025-03-14 09:56:53.336 [error] n is not iterable: TypeError: n is not iterable
	at K_.provideHover (/home/sgass/.vscode/extensions/mshr-h.veriloghdl-1.16.0/dist/main.js:588:7681)
	at async C.provideHover (/usr/share/code/resources/app/out/vs/workbench/api/node/extensionHostProcess.js:161:106493)
2025-03-14 09:57:08.820 [error] n is not iterable: TypeError: n is not iterable
	at K_.provideHover (/home/sgass/.vscode/extensions/mshr-h.veriloghdl-1.16.0/dist/main.js:588:7681)
	at async C.provideHover (/usr/share/code/resources/app/out/vs/workbench/api/node/extensionHostProcess.js:161:106493)
2025-03-14 09:57:39.496 [error] n is not iterable: TypeError: n is not iterable
	at K_.provideHover (/home/sgass/.vscode/extensions/mshr-h.veriloghdl-1.16.0/dist/main.js:588:7681)
	at async C.provideHover (/usr/share/code/resources/app/out/vs/workbench/api/node/extensionHostProcess.js:161:106493)
2025-03-14 09:57:45.907 [error] n is not iterable: TypeError: n is not iterable
	at K_.provideHover (/home/sgass/.vscode/extensions/mshr-h.veriloghdl-1.16.0/dist/main.js:588:7681)
	at async C.provideHover (/usr/share/code/resources/app/out/vs/workbench/api/node/extensionHostProcess.js:161:106493)
2025-03-14 09:59:00.135 [error] n is not iterable: TypeError: n is not iterable
	at K_.provideHover (/home/sgass/.vscode/extensions/mshr-h.veriloghdl-1.16.0/dist/main.js:588:7681)
	at async C.provideHover (/usr/share/code/resources/app/out/vs/workbench/api/node/extensionHostProcess.js:161:106493)
2025-03-14 09:59:01.483 [error] n is not iterable: TypeError: n is not iterable
	at K_.provideHover (/home/sgass/.vscode/extensions/mshr-h.veriloghdl-1.16.0/dist/main.js:588:7681)
	at async C.provideHover (/usr/share/code/resources/app/out/vs/workbench/api/node/extensionHostProcess.js:161:106493)
2025-03-14 09:59:07.234 [error] n is not iterable: TypeError: n is not iterable
	at K_.provideHover (/home/sgass/.vscode/extensions/mshr-h.veriloghdl-1.16.0/dist/main.js:588:7681)
	at async C.provideHover (/usr/share/code/resources/app/out/vs/workbench/api/node/extensionHostProcess.js:161:106493)
2025-03-14 10:00:56.160 [error] n is not iterable: TypeError: n is not iterable
	at K_.provideHover (/home/sgass/.vscode/extensions/mshr-h.veriloghdl-1.16.0/dist/main.js:588:7681)
	at async C.provideHover (/usr/share/code/resources/app/out/vs/workbench/api/node/extensionHostProcess.js:161:106493)
2025-03-14 10:02:23.029 [error] n is not iterable: TypeError: n is not iterable
	at K_.provideHover (/home/sgass/.vscode/extensions/mshr-h.veriloghdl-1.16.0/dist/main.js:588:7681)
	at async C.provideHover (/usr/share/code/resources/app/out/vs/workbench/api/node/extensionHostProcess.js:161:106493)
2025-03-14 10:03:06.515 [error] n is not iterable: TypeError: n is not iterable
	at K_.provideHover (/home/sgass/.vscode/extensions/mshr-h.veriloghdl-1.16.0/dist/main.js:588:7681)
	at async C.provideHover (/usr/share/code/resources/app/out/vs/workbench/api/node/extensionHostProcess.js:161:106493)
2025-03-14 10:03:13.378 [error] n is not iterable: TypeError: n is not iterable
	at K_.provideHover (/home/sgass/.vscode/extensions/mshr-h.veriloghdl-1.16.0/dist/main.js:588:7681)
	at async C.provideHover (/usr/share/code/resources/app/out/vs/workbench/api/node/extensionHostProcess.js:161:106493)
2025-03-14 10:04:29.441 [error] n is not iterable: TypeError: n is not iterable
	at K_.provideHover (/home/sgass/.vscode/extensions/mshr-h.veriloghdl-1.16.0/dist/main.js:588:7681)
	at async C.provideHover (/usr/share/code/resources/app/out/vs/workbench/api/node/extensionHostProcess.js:161:106493)
2025-03-14 10:04:35.174 [error] n is not iterable: TypeError: n is not iterable
	at K_.provideHover (/home/sgass/.vscode/extensions/mshr-h.veriloghdl-1.16.0/dist/main.js:588:7681)
	at async C.provideHover (/usr/share/code/resources/app/out/vs/workbench/api/node/extensionHostProcess.js:161:106493)
2025-03-14 10:07:14.388 [error] n is not iterable: TypeError: n is not iterable
	at K_.provideHover (/home/sgass/.vscode/extensions/mshr-h.veriloghdl-1.16.0/dist/main.js:588:7681)
	at async C.provideHover (/usr/share/code/resources/app/out/vs/workbench/api/node/extensionHostProcess.js:161:106493)
2025-03-14 10:07:27.298 [error] n is not iterable: TypeError: n is not iterable
	at K_.provideHover (/home/sgass/.vscode/extensions/mshr-h.veriloghdl-1.16.0/dist/main.js:588:7681)
	at async C.provideHover (/usr/share/code/resources/app/out/vs/workbench/api/node/extensionHostProcess.js:161:106493)
2025-03-14 10:08:02.450 [error] n is not iterable: TypeError: n is not iterable
	at K_.provideHover (/home/sgass/.vscode/extensions/mshr-h.veriloghdl-1.16.0/dist/main.js:588:7681)
	at async C.provideHover (/usr/share/code/resources/app/out/vs/workbench/api/node/extensionHostProcess.js:161:106493)
2025-03-14 10:08:32.701 [error] n is not iterable: TypeError: n is not iterable
	at K_.provideHover (/home/sgass/.vscode/extensions/mshr-h.veriloghdl-1.16.0/dist/main.js:588:7681)
	at async C.provideHover (/usr/share/code/resources/app/out/vs/workbench/api/node/extensionHostProcess.js:161:106493)
2025-03-14 10:08:40.684 [error] n is not iterable: TypeError: n is not iterable
	at K_.provideHover (/home/sgass/.vscode/extensions/mshr-h.veriloghdl-1.16.0/dist/main.js:588:7681)
	at async C.provideHover (/usr/share/code/resources/app/out/vs/workbench/api/node/extensionHostProcess.js:161:106493)
2025-03-14 10:08:47.587 [error] n is not iterable: TypeError: n is not iterable
	at K_.provideHover (/home/sgass/.vscode/extensions/mshr-h.veriloghdl-1.16.0/dist/main.js:588:7681)
	at async C.provideHover (/usr/share/code/resources/app/out/vs/workbench/api/node/extensionHostProcess.js:161:106493)
2025-03-14 10:08:48.788 [error] n is not iterable: TypeError: n is not iterable
	at K_.provideHover (/home/sgass/.vscode/extensions/mshr-h.veriloghdl-1.16.0/dist/main.js:588:7681)
	at async C.provideHover (/usr/share/code/resources/app/out/vs/workbench/api/node/extensionHostProcess.js:161:106493)
2025-03-14 10:09:18.363 [error] n is not iterable: TypeError: n is not iterable
	at K_.provideHover (/home/sgass/.vscode/extensions/mshr-h.veriloghdl-1.16.0/dist/main.js:588:7681)
	at async C.provideHover (/usr/share/code/resources/app/out/vs/workbench/api/node/extensionHostProcess.js:161:106493)
2025-03-14 10:09:21.453 [error] n is not iterable: TypeError: n is not iterable
	at K_.provideHover (/home/sgass/.vscode/extensions/mshr-h.veriloghdl-1.16.0/dist/main.js:588:7681)
	at async C.provideHover (/usr/share/code/resources/app/out/vs/workbench/api/node/extensionHostProcess.js:161:106493)
2025-03-14 10:09:46.651 [error] n is not iterable: TypeError: n is not iterable
	at K_.provideHover (/home/sgass/.vscode/extensions/mshr-h.veriloghdl-1.16.0/dist/main.js:588:7681)
	at async C.provideHover (/usr/share/code/resources/app/out/vs/workbench/api/node/extensionHostProcess.js:161:106493)
2025-03-14 10:10:00.620 [error] n is not iterable: TypeError: n is not iterable
	at K_.provideHover (/home/sgass/.vscode/extensions/mshr-h.veriloghdl-1.16.0/dist/main.js:588:7681)
	at async C.provideHover (/usr/share/code/resources/app/out/vs/workbench/api/node/extensionHostProcess.js:161:106493)
2025-03-14 10:10:15.701 [error] n is not iterable: TypeError: n is not iterable
	at K_.provideHover (/home/sgass/.vscode/extensions/mshr-h.veriloghdl-1.16.0/dist/main.js:588:7681)
	at async C.provideHover (/usr/share/code/resources/app/out/vs/workbench/api/node/extensionHostProcess.js:161:106493)
2025-03-14 10:10:16.706 [error] n is not iterable: TypeError: n is not iterable
	at K_.provideHover (/home/sgass/.vscode/extensions/mshr-h.veriloghdl-1.16.0/dist/main.js:588:7681)
	at async C.provideHover (/usr/share/code/resources/app/out/vs/workbench/api/node/extensionHostProcess.js:161:106493)
2025-03-14 10:10:49.830 [error] n is not iterable: TypeError: n is not iterable
	at K_.provideHover (/home/sgass/.vscode/extensions/mshr-h.veriloghdl-1.16.0/dist/main.js:588:7681)
	at async C.provideHover (/usr/share/code/resources/app/out/vs/workbench/api/node/extensionHostProcess.js:161:106493)
2025-03-14 10:11:10.092 [error] n is not iterable: TypeError: n is not iterable
	at K_.provideHover (/home/sgass/.vscode/extensions/mshr-h.veriloghdl-1.16.0/dist/main.js:588:7681)
	at async C.provideHover (/usr/share/code/resources/app/out/vs/workbench/api/node/extensionHostProcess.js:161:106493)
2025-03-14 10:11:27.625 [error] n is not iterable: TypeError: n is not iterable
	at K_.provideHover (/home/sgass/.vscode/extensions/mshr-h.veriloghdl-1.16.0/dist/main.js:588:7681)
	at async C.provideHover (/usr/share/code/resources/app/out/vs/workbench/api/node/extensionHostProcess.js:161:106493)
2025-03-14 10:11:30.990 [error] n is not iterable: TypeError: n is not iterable
	at K_.provideHover (/home/sgass/.vscode/extensions/mshr-h.veriloghdl-1.16.0/dist/main.js:588:7681)
	at async C.provideHover (/usr/share/code/resources/app/out/vs/workbench/api/node/extensionHostProcess.js:161:106493)
2025-03-14 10:11:33.958 [error] n is not iterable: TypeError: n is not iterable
	at K_.provideHover (/home/sgass/.vscode/extensions/mshr-h.veriloghdl-1.16.0/dist/main.js:588:7681)
	at async C.provideHover (/usr/share/code/resources/app/out/vs/workbench/api/node/extensionHostProcess.js:161:106493)
2025-03-14 10:11:43.274 [error] n is not iterable: TypeError: n is not iterable
	at K_.provideHover (/home/sgass/.vscode/extensions/mshr-h.veriloghdl-1.16.0/dist/main.js:588:7681)
	at async C.provideHover (/usr/share/code/resources/app/out/vs/workbench/api/node/extensionHostProcess.js:161:106493)
2025-03-14 10:12:24.175 [error] n is not iterable: TypeError: n is not iterable
	at K_.provideHover (/home/sgass/.vscode/extensions/mshr-h.veriloghdl-1.16.0/dist/main.js:588:7681)
	at async C.provideHover (/usr/share/code/resources/app/out/vs/workbench/api/node/extensionHostProcess.js:161:106493)
2025-03-14 10:12:29.076 [error] n is not iterable: TypeError: n is not iterable
	at K_.provideHover (/home/sgass/.vscode/extensions/mshr-h.veriloghdl-1.16.0/dist/main.js:588:7681)
	at async C.provideHover (/usr/share/code/resources/app/out/vs/workbench/api/node/extensionHostProcess.js:161:106493)
2025-03-14 10:12:38.875 [error] n is not iterable: TypeError: n is not iterable
	at K_.provideHover (/home/sgass/.vscode/extensions/mshr-h.veriloghdl-1.16.0/dist/main.js:588:7681)
	at async C.provideHover (/usr/share/code/resources/app/out/vs/workbench/api/node/extensionHostProcess.js:161:106493)
2025-03-14 10:12:43.176 [error] n is not iterable: TypeError: n is not iterable
	at K_.provideHover (/home/sgass/.vscode/extensions/mshr-h.veriloghdl-1.16.0/dist/main.js:588:7681)
	at async C.provideHover (/usr/share/code/resources/app/out/vs/workbench/api/node/extensionHostProcess.js:161:106493)
2025-03-14 10:12:51.873 [error] n is not iterable: TypeError: n is not iterable
	at K_.provideHover (/home/sgass/.vscode/extensions/mshr-h.veriloghdl-1.16.0/dist/main.js:588:7681)
	at async C.provideHover (/usr/share/code/resources/app/out/vs/workbench/api/node/extensionHostProcess.js:161:106493)
2025-03-14 10:12:55.529 [error] n is not iterable: TypeError: n is not iterable
	at K_.provideHover (/home/sgass/.vscode/extensions/mshr-h.veriloghdl-1.16.0/dist/main.js:588:7681)
	at async C.provideHover (/usr/share/code/resources/app/out/vs/workbench/api/node/extensionHostProcess.js:161:106493)
2025-03-14 10:12:59.579 [error] n is not iterable: TypeError: n is not iterable
	at K_.provideHover (/home/sgass/.vscode/extensions/mshr-h.veriloghdl-1.16.0/dist/main.js:588:7681)
	at async C.provideHover (/usr/share/code/resources/app/out/vs/workbench/api/node/extensionHostProcess.js:161:106493)
2025-03-14 10:13:08.212 [error] n is not iterable: TypeError: n is not iterable
	at K_.provideHover (/home/sgass/.vscode/extensions/mshr-h.veriloghdl-1.16.0/dist/main.js:588:7681)
	at async C.provideHover (/usr/share/code/resources/app/out/vs/workbench/api/node/extensionHostProcess.js:161:106493)
2025-03-14 10:13:16.364 [error] n is not iterable: TypeError: n is not iterable
	at K_.provideHover (/home/sgass/.vscode/extensions/mshr-h.veriloghdl-1.16.0/dist/main.js:588:7681)
	at async C.provideHover (/usr/share/code/resources/app/out/vs/workbench/api/node/extensionHostProcess.js:161:106493)
2025-03-14 10:13:21.080 [error] n is not iterable: TypeError: n is not iterable
	at K_.provideHover (/home/sgass/.vscode/extensions/mshr-h.veriloghdl-1.16.0/dist/main.js:588:7681)
	at async C.provideHover (/usr/share/code/resources/app/out/vs/workbench/api/node/extensionHostProcess.js:161:106493)
2025-03-14 10:13:41.561 [error] n is not iterable: TypeError: n is not iterable
	at K_.provideHover (/home/sgass/.vscode/extensions/mshr-h.veriloghdl-1.16.0/dist/main.js:588:7681)
	at async C.provideHover (/usr/share/code/resources/app/out/vs/workbench/api/node/extensionHostProcess.js:161:106493)
2025-03-14 10:13:55.578 [error] n is not iterable: TypeError: n is not iterable
	at K_.provideHover (/home/sgass/.vscode/extensions/mshr-h.veriloghdl-1.16.0/dist/main.js:588:7681)
	at async C.provideHover (/usr/share/code/resources/app/out/vs/workbench/api/node/extensionHostProcess.js:161:106493)
2025-03-14 10:14:24.881 [error] n is not iterable: TypeError: n is not iterable
	at K_.provideHover (/home/sgass/.vscode/extensions/mshr-h.veriloghdl-1.16.0/dist/main.js:588:7681)
	at async C.provideHover (/usr/share/code/resources/app/out/vs/workbench/api/node/extensionHostProcess.js:161:106493)
2025-03-14 10:14:35.251 [error] n is not iterable: TypeError: n is not iterable
	at K_.provideHover (/home/sgass/.vscode/extensions/mshr-h.veriloghdl-1.16.0/dist/main.js:588:7681)
	at async C.provideHover (/usr/share/code/resources/app/out/vs/workbench/api/node/extensionHostProcess.js:161:106493)
2025-03-14 10:14:51.165 [error] n is not iterable: TypeError: n is not iterable
	at K_.provideHover (/home/sgass/.vscode/extensions/mshr-h.veriloghdl-1.16.0/dist/main.js:588:7681)
	at async C.provideHover (/usr/share/code/resources/app/out/vs/workbench/api/node/extensionHostProcess.js:161:106493)
2025-03-14 10:14:55.099 [error] n is not iterable: TypeError: n is not iterable
	at K_.provideHover (/home/sgass/.vscode/extensions/mshr-h.veriloghdl-1.16.0/dist/main.js:588:7681)
	at async C.provideHover (/usr/share/code/resources/app/out/vs/workbench/api/node/extensionHostProcess.js:161:106493)
2025-03-14 10:14:57.761 [error] n is not iterable: TypeError: n is not iterable
	at K_.provideHover (/home/sgass/.vscode/extensions/mshr-h.veriloghdl-1.16.0/dist/main.js:588:7681)
	at async C.provideHover (/usr/share/code/resources/app/out/vs/workbench/api/node/extensionHostProcess.js:161:106493)
2025-03-14 10:15:01.038 [error] n is not iterable: TypeError: n is not iterable
	at K_.provideHover (/home/sgass/.vscode/extensions/mshr-h.veriloghdl-1.16.0/dist/main.js:588:7681)
	at async C.provideHover (/usr/share/code/resources/app/out/vs/workbench/api/node/extensionHostProcess.js:161:106493)
2025-03-14 10:15:52.617 [error] n is not iterable: TypeError: n is not iterable
	at K_.provideHover (/home/sgass/.vscode/extensions/mshr-h.veriloghdl-1.16.0/dist/main.js:588:7681)
	at async C.provideHover (/usr/share/code/resources/app/out/vs/workbench/api/node/extensionHostProcess.js:161:106493)
2025-03-14 10:16:01.015 [error] n is not iterable: TypeError: n is not iterable
	at K_.provideHover (/home/sgass/.vscode/extensions/mshr-h.veriloghdl-1.16.0/dist/main.js:588:7681)
	at async C.provideHover (/usr/share/code/resources/app/out/vs/workbench/api/node/extensionHostProcess.js:161:106493)
2025-03-14 10:16:11.650 [error] n is not iterable: TypeError: n is not iterable
	at K_.provideHover (/home/sgass/.vscode/extensions/mshr-h.veriloghdl-1.16.0/dist/main.js:588:7681)
	at async C.provideHover (/usr/share/code/resources/app/out/vs/workbench/api/node/extensionHostProcess.js:161:106493)
2025-03-14 10:16:12.883 [error] n is not iterable: TypeError: n is not iterable
	at K_.provideHover (/home/sgass/.vscode/extensions/mshr-h.veriloghdl-1.16.0/dist/main.js:588:7681)
	at async C.provideHover (/usr/share/code/resources/app/out/vs/workbench/api/node/extensionHostProcess.js:161:106493)
2025-03-14 10:16:22.883 [error] n is not iterable: TypeError: n is not iterable
	at K_.provideHover (/home/sgass/.vscode/extensions/mshr-h.veriloghdl-1.16.0/dist/main.js:588:7681)
	at async C.provideHover (/usr/share/code/resources/app/out/vs/workbench/api/node/extensionHostProcess.js:161:106493)
2025-03-14 10:16:36.734 [error] n is not iterable: TypeError: n is not iterable
	at K_.provideHover (/home/sgass/.vscode/extensions/mshr-h.veriloghdl-1.16.0/dist/main.js:588:7681)
	at async C.provideHover (/usr/share/code/resources/app/out/vs/workbench/api/node/extensionHostProcess.js:161:106493)
2025-03-14 10:16:38.082 [error] n is not iterable: TypeError: n is not iterable
	at K_.provideHover (/home/sgass/.vscode/extensions/mshr-h.veriloghdl-1.16.0/dist/main.js:588:7681)
	at async C.provideHover (/usr/share/code/resources/app/out/vs/workbench/api/node/extensionHostProcess.js:161:106493)
2025-03-14 10:16:42.232 [error] n is not iterable: TypeError: n is not iterable
	at K_.provideHover (/home/sgass/.vscode/extensions/mshr-h.veriloghdl-1.16.0/dist/main.js:588:7681)
	at async C.provideHover (/usr/share/code/resources/app/out/vs/workbench/api/node/extensionHostProcess.js:161:106493)
2025-03-14 10:16:50.433 [error] n is not iterable: TypeError: n is not iterable
	at K_.provideHover (/home/sgass/.vscode/extensions/mshr-h.veriloghdl-1.16.0/dist/main.js:588:7681)
	at async C.provideHover (/usr/share/code/resources/app/out/vs/workbench/api/node/extensionHostProcess.js:161:106493)
2025-03-14 10:17:01.863 [error] n is not iterable: TypeError: n is not iterable
	at K_.provideHover (/home/sgass/.vscode/extensions/mshr-h.veriloghdl-1.16.0/dist/main.js:588:7681)
	at async C.provideHover (/usr/share/code/resources/app/out/vs/workbench/api/node/extensionHostProcess.js:161:106493)
2025-03-14 10:17:27.248 [error] n is not iterable: TypeError: n is not iterable
	at K_.provideHover (/home/sgass/.vscode/extensions/mshr-h.veriloghdl-1.16.0/dist/main.js:588:7681)
	at async C.provideHover (/usr/share/code/resources/app/out/vs/workbench/api/node/extensionHostProcess.js:161:106493)
2025-03-14 10:17:52.633 [error] n is not iterable: TypeError: n is not iterable
	at K_.provideHover (/home/sgass/.vscode/extensions/mshr-h.veriloghdl-1.16.0/dist/main.js:588:7681)
	at async C.provideHover (/usr/share/code/resources/app/out/vs/workbench/api/node/extensionHostProcess.js:161:106493)
2025-03-14 10:18:03.051 [error] n is not iterable: TypeError: n is not iterable
	at K_.provideHover (/home/sgass/.vscode/extensions/mshr-h.veriloghdl-1.16.0/dist/main.js:588:7681)
	at async C.provideHover (/usr/share/code/resources/app/out/vs/workbench/api/node/extensionHostProcess.js:161:106493)
2025-03-14 10:18:21.516 [error] n is not iterable: TypeError: n is not iterable
	at K_.provideHover (/home/sgass/.vscode/extensions/mshr-h.veriloghdl-1.16.0/dist/main.js:588:7681)
	at async C.provideHover (/usr/share/code/resources/app/out/vs/workbench/api/node/extensionHostProcess.js:161:106493)
2025-03-14 10:18:25.231 [error] n is not iterable: TypeError: n is not iterable
	at K_.provideHover (/home/sgass/.vscode/extensions/mshr-h.veriloghdl-1.16.0/dist/main.js:588:7681)
	at async C.provideHover (/usr/share/code/resources/app/out/vs/workbench/api/node/extensionHostProcess.js:161:106493)
2025-03-14 10:18:28.783 [error] n is not iterable: TypeError: n is not iterable
	at K_.provideHover (/home/sgass/.vscode/extensions/mshr-h.veriloghdl-1.16.0/dist/main.js:588:7681)
	at async C.provideHover (/usr/share/code/resources/app/out/vs/workbench/api/node/extensionHostProcess.js:161:106493)
2025-03-14 10:18:36.567 [error] n is not iterable: TypeError: n is not iterable
	at K_.provideHover (/home/sgass/.vscode/extensions/mshr-h.veriloghdl-1.16.0/dist/main.js:588:7681)
	at async C.provideHover (/usr/share/code/resources/app/out/vs/workbench/api/node/extensionHostProcess.js:161:106493)
2025-03-14 10:19:47.782 [error] n is not iterable: TypeError: n is not iterable
	at K_.provideHover (/home/sgass/.vscode/extensions/mshr-h.veriloghdl-1.16.0/dist/main.js:588:7681)
	at async C.provideHover (/usr/share/code/resources/app/out/vs/workbench/api/node/extensionHostProcess.js:161:106493)
2025-03-14 10:20:01.802 [error] n is not iterable: TypeError: n is not iterable
	at K_.provideHover (/home/sgass/.vscode/extensions/mshr-h.veriloghdl-1.16.0/dist/main.js:588:7681)
	at async C.provideHover (/usr/share/code/resources/app/out/vs/workbench/api/node/extensionHostProcess.js:161:106493)
2025-03-14 10:20:20.499 [error] n is not iterable: TypeError: n is not iterable
	at K_.provideHover (/home/sgass/.vscode/extensions/mshr-h.veriloghdl-1.16.0/dist/main.js:588:7681)
	at async C.provideHover (/usr/share/code/resources/app/out/vs/workbench/api/node/extensionHostProcess.js:161:106493)
2025-03-14 10:20:21.500 [error] n is not iterable: TypeError: n is not iterable
	at K_.provideHover (/home/sgass/.vscode/extensions/mshr-h.veriloghdl-1.16.0/dist/main.js:588:7681)
	at async C.provideHover (/usr/share/code/resources/app/out/vs/workbench/api/node/extensionHostProcess.js:161:106493)
2025-03-14 10:30:11.274 [error] n is not iterable: TypeError: n is not iterable
	at K_.provideHover (/home/sgass/.vscode/extensions/mshr-h.veriloghdl-1.16.0/dist/main.js:588:7681)
	at async C.provideHover (/usr/share/code/resources/app/out/vs/workbench/api/node/extensionHostProcess.js:161:106493)
2025-03-14 10:30:22.007 [error] Illegal argument: character must be non-negative: Error: Illegal argument: character must be non-negative
	at P (/usr/share/code/resources/app/out/vs/workbench/api/node/extensionHostProcess.js:10:1144)
	at new m (/usr/share/code/resources/app/out/vs/workbench/api/node/extensionHostProcess.js:159:5074)
	at new $ (/usr/share/code/resources/app/out/vs/workbench/api/node/extensionHostProcess.js:159:6616)
	at qf.findSymbol (/home/sgass/.vscode/extensions/mshr-h.veriloghdl-1.16.0/dist/main.js:65:73657)
	at K_.provideHover (/home/sgass/.vscode/extensions/mshr-h.veriloghdl-1.16.0/dist/main.js:588:7652)
	at C.provideHover (/usr/share/code/resources/app/out/vs/workbench/api/node/extensionHostProcess.js:161:106506)
	at /usr/share/code/resources/app/out/vs/workbench/api/node/extensionHostProcess.js:161:138699
	at We.s (/usr/share/code/resources/app/out/vs/workbench/api/node/extensionHostProcess.js:161:136041)
	at We.$provideHover (/usr/share/code/resources/app/out/vs/workbench/api/node/extensionHostProcess.js:161:138686)
	at y.S (/usr/share/code/resources/app/out/vs/workbench/api/node/extensionHostProcess.js:158:5968)
	at y.Q (/usr/share/code/resources/app/out/vs/workbench/api/node/extensionHostProcess.js:158:5734)
	at y.M (/usr/share/code/resources/app/out/vs/workbench/api/node/extensionHostProcess.js:158:4729)
	at y.L (/usr/share/code/resources/app/out/vs/workbench/api/node/extensionHostProcess.js:158:3602)
	at i.value (/usr/share/code/resources/app/out/vs/workbench/api/node/extensionHostProcess.js:158:2297)
	at r.B (/usr/share/code/resources/app/out/vs/workbench/api/node/extensionHostProcess.js:90:732)
	at r.fire (/usr/share/code/resources/app/out/vs/workbench/api/node/extensionHostProcess.js:90:949)
	at a.fire (/usr/share/code/resources/app/out/vs/workbench/api/node/extensionHostProcess.js:115:14463)
	at i.value (/usr/share/code/resources/app/out/vs/workbench/api/node/extensionHostProcess.js:184:8635)
	at r.B (/usr/share/code/resources/app/out/vs/workbench/api/node/extensionHostProcess.js:90:732)
	at r.fire (/usr/share/code/resources/app/out/vs/workbench/api/node/extensionHostProcess.js:90:949)
	at a.fire (/usr/share/code/resources/app/out/vs/workbench/api/node/extensionHostProcess.js:115:14463)
	at MessagePortMain.<anonymous> (/usr/share/code/resources/app/out/vs/workbench/api/node/extensionHostProcess.js:184:6761)
	at MessagePortMain.emit (node:events:519:28)
	at MessagePortMain._internalPort.emit (node:electron/js2c/utility_init:2:2619)
2025-03-14 10:33:40.017 [error] n is not iterable: TypeError: n is not iterable
	at K_.provideHover (/home/sgass/.vscode/extensions/mshr-h.veriloghdl-1.16.0/dist/main.js:588:7681)
	at async C.provideHover (/usr/share/code/resources/app/out/vs/workbench/api/node/extensionHostProcess.js:161:106493)
2025-03-14 10:33:48.838 [error] n is not iterable: TypeError: n is not iterable
	at K_.provideHover (/home/sgass/.vscode/extensions/mshr-h.veriloghdl-1.16.0/dist/main.js:588:7681)
	at async C.provideHover (/usr/share/code/resources/app/out/vs/workbench/api/node/extensionHostProcess.js:161:106493)
2025-03-14 10:33:55.534 [error] n is not iterable: TypeError: n is not iterable
	at K_.provideHover (/home/sgass/.vscode/extensions/mshr-h.veriloghdl-1.16.0/dist/main.js:588:7681)
	at async C.provideHover (/usr/share/code/resources/app/out/vs/workbench/api/node/extensionHostProcess.js:161:106493)
2025-03-14 10:33:59.833 [error] n is not iterable: TypeError: n is not iterable
	at K_.provideHover (/home/sgass/.vscode/extensions/mshr-h.veriloghdl-1.16.0/dist/main.js:588:7681)
	at async C.provideHover (/usr/share/code/resources/app/out/vs/workbench/api/node/extensionHostProcess.js:161:106493)
2025-03-14 10:34:07.284 [error] n is not iterable: TypeError: n is not iterable
	at K_.provideHover (/home/sgass/.vscode/extensions/mshr-h.veriloghdl-1.16.0/dist/main.js:588:7681)
	at async C.provideHover (/usr/share/code/resources/app/out/vs/workbench/api/node/extensionHostProcess.js:161:106493)
2025-03-14 10:34:08.501 [error] n is not iterable: TypeError: n is not iterable
	at K_.provideHover (/home/sgass/.vscode/extensions/mshr-h.veriloghdl-1.16.0/dist/main.js:588:7681)
	at async C.provideHover (/usr/share/code/resources/app/out/vs/workbench/api/node/extensionHostProcess.js:161:106493)
2025-03-14 10:34:29.051 [error] n is not iterable: TypeError: n is not iterable
	at K_.provideHover (/home/sgass/.vscode/extensions/mshr-h.veriloghdl-1.16.0/dist/main.js:588:7681)
	at async C.provideHover (/usr/share/code/resources/app/out/vs/workbench/api/node/extensionHostProcess.js:161:106493)
2025-03-14 10:34:34.767 [error] n is not iterable: TypeError: n is not iterable
	at K_.provideHover (/home/sgass/.vscode/extensions/mshr-h.veriloghdl-1.16.0/dist/main.js:588:7681)
	at async C.provideHover (/usr/share/code/resources/app/out/vs/workbench/api/node/extensionHostProcess.js:161:106493)
2025-03-14 10:34:59.067 [error] n is not iterable: TypeError: n is not iterable
	at K_.provideHover (/home/sgass/.vscode/extensions/mshr-h.veriloghdl-1.16.0/dist/main.js:588:7681)
	at async C.provideHover (/usr/share/code/resources/app/out/vs/workbench/api/node/extensionHostProcess.js:161:106493)
2025-03-14 10:45:19.304 [error] n is not iterable: TypeError: n is not iterable
	at K_.provideHover (/home/sgass/.vscode/extensions/mshr-h.veriloghdl-1.16.0/dist/main.js:588:7681)
	at async C.provideHover (/usr/share/code/resources/app/out/vs/workbench/api/node/extensionHostProcess.js:161:106493)
2025-03-14 10:45:21.061 [error] Illegal argument: character must be non-negative: Error: Illegal argument: character must be non-negative
	at P (/usr/share/code/resources/app/out/vs/workbench/api/node/extensionHostProcess.js:10:1144)
	at new m (/usr/share/code/resources/app/out/vs/workbench/api/node/extensionHostProcess.js:159:5074)
	at new $ (/usr/share/code/resources/app/out/vs/workbench/api/node/extensionHostProcess.js:159:6616)
	at qf.findSymbol (/home/sgass/.vscode/extensions/mshr-h.veriloghdl-1.16.0/dist/main.js:65:73657)
	at K_.provideHover (/home/sgass/.vscode/extensions/mshr-h.veriloghdl-1.16.0/dist/main.js:588:7652)
	at C.provideHover (/usr/share/code/resources/app/out/vs/workbench/api/node/extensionHostProcess.js:161:106506)
	at /usr/share/code/resources/app/out/vs/workbench/api/node/extensionHostProcess.js:161:138699
	at We.s (/usr/share/code/resources/app/out/vs/workbench/api/node/extensionHostProcess.js:161:136041)
	at We.$provideHover (/usr/share/code/resources/app/out/vs/workbench/api/node/extensionHostProcess.js:161:138686)
	at y.S (/usr/share/code/resources/app/out/vs/workbench/api/node/extensionHostProcess.js:158:5968)
	at y.Q (/usr/share/code/resources/app/out/vs/workbench/api/node/extensionHostProcess.js:158:5734)
	at y.M (/usr/share/code/resources/app/out/vs/workbench/api/node/extensionHostProcess.js:158:4729)
	at y.L (/usr/share/code/resources/app/out/vs/workbench/api/node/extensionHostProcess.js:158:3602)
	at i.value (/usr/share/code/resources/app/out/vs/workbench/api/node/extensionHostProcess.js:158:2297)
	at r.B (/usr/share/code/resources/app/out/vs/workbench/api/node/extensionHostProcess.js:90:732)
	at r.fire (/usr/share/code/resources/app/out/vs/workbench/api/node/extensionHostProcess.js:90:949)
	at a.fire (/usr/share/code/resources/app/out/vs/workbench/api/node/extensionHostProcess.js:115:14463)
	at i.value (/usr/share/code/resources/app/out/vs/workbench/api/node/extensionHostProcess.js:184:8635)
	at r.B (/usr/share/code/resources/app/out/vs/workbench/api/node/extensionHostProcess.js:90:732)
	at r.fire (/usr/share/code/resources/app/out/vs/workbench/api/node/extensionHostProcess.js:90:949)
	at a.fire (/usr/share/code/resources/app/out/vs/workbench/api/node/extensionHostProcess.js:115:14463)
	at MessagePortMain.<anonymous> (/usr/share/code/resources/app/out/vs/workbench/api/node/extensionHostProcess.js:184:6761)
	at MessagePortMain.emit (node:events:519:28)
	at MessagePortMain._internalPort.emit (node:electron/js2c/utility_init:2:2619)
2025-03-14 10:45:47.187 [error] Illegal argument: character must be non-negative: Error: Illegal argument: character must be non-negative
	at P (/usr/share/code/resources/app/out/vs/workbench/api/node/extensionHostProcess.js:10:1144)
	at new m (/usr/share/code/resources/app/out/vs/workbench/api/node/extensionHostProcess.js:159:5074)
	at new $ (/usr/share/code/resources/app/out/vs/workbench/api/node/extensionHostProcess.js:159:6616)
	at qf.findSymbol (/home/sgass/.vscode/extensions/mshr-h.veriloghdl-1.16.0/dist/main.js:65:73657)
	at K_.provideHover (/home/sgass/.vscode/extensions/mshr-h.veriloghdl-1.16.0/dist/main.js:588:7652)
	at C.provideHover (/usr/share/code/resources/app/out/vs/workbench/api/node/extensionHostProcess.js:161:106506)
	at /usr/share/code/resources/app/out/vs/workbench/api/node/extensionHostProcess.js:161:138699
	at We.s (/usr/share/code/resources/app/out/vs/workbench/api/node/extensionHostProcess.js:161:136041)
	at We.$provideHover (/usr/share/code/resources/app/out/vs/workbench/api/node/extensionHostProcess.js:161:138686)
	at y.S (/usr/share/code/resources/app/out/vs/workbench/api/node/extensionHostProcess.js:158:5968)
	at y.Q (/usr/share/code/resources/app/out/vs/workbench/api/node/extensionHostProcess.js:158:5734)
	at y.M (/usr/share/code/resources/app/out/vs/workbench/api/node/extensionHostProcess.js:158:4729)
	at y.L (/usr/share/code/resources/app/out/vs/workbench/api/node/extensionHostProcess.js:158:3602)
	at i.value (/usr/share/code/resources/app/out/vs/workbench/api/node/extensionHostProcess.js:158:2297)
	at r.B (/usr/share/code/resources/app/out/vs/workbench/api/node/extensionHostProcess.js:90:732)
	at r.fire (/usr/share/code/resources/app/out/vs/workbench/api/node/extensionHostProcess.js:90:949)
	at a.fire (/usr/share/code/resources/app/out/vs/workbench/api/node/extensionHostProcess.js:115:14463)
	at i.value (/usr/share/code/resources/app/out/vs/workbench/api/node/extensionHostProcess.js:184:8635)
	at r.B (/usr/share/code/resources/app/out/vs/workbench/api/node/extensionHostProcess.js:90:732)
	at r.fire (/usr/share/code/resources/app/out/vs/workbench/api/node/extensionHostProcess.js:90:949)
	at a.fire (/usr/share/code/resources/app/out/vs/workbench/api/node/extensionHostProcess.js:115:14463)
	at MessagePortMain.<anonymous> (/usr/share/code/resources/app/out/vs/workbench/api/node/extensionHostProcess.js:184:6761)
	at MessagePortMain.emit (node:events:519:28)
	at MessagePortMain._internalPort.emit (node:electron/js2c/utility_init:2:2619)
2025-03-14 10:46:05.568 [error] n is not iterable: TypeError: n is not iterable
	at K_.provideHover (/home/sgass/.vscode/extensions/mshr-h.veriloghdl-1.16.0/dist/main.js:588:7681)
	at async C.provideHover (/usr/share/code/resources/app/out/vs/workbench/api/node/extensionHostProcess.js:161:106493)
2025-03-14 10:46:48.162 [error] n is not iterable: TypeError: n is not iterable
	at K_.provideHover (/home/sgass/.vscode/extensions/mshr-h.veriloghdl-1.16.0/dist/main.js:588:7681)
	at async C.provideHover (/usr/share/code/resources/app/out/vs/workbench/api/node/extensionHostProcess.js:161:106493)
2025-03-14 10:48:11.707 [error] n is not iterable: TypeError: n is not iterable
	at K_.provideHover (/home/sgass/.vscode/extensions/mshr-h.veriloghdl-1.16.0/dist/main.js:588:7681)
	at async C.provideHover (/usr/share/code/resources/app/out/vs/workbench/api/node/extensionHostProcess.js:161:106493)
2025-03-14 10:48:21.642 [error] n is not iterable: TypeError: n is not iterable
	at K_.provideHover (/home/sgass/.vscode/extensions/mshr-h.veriloghdl-1.16.0/dist/main.js:588:7681)
	at async C.provideHover (/usr/share/code/resources/app/out/vs/workbench/api/node/extensionHostProcess.js:161:106493)
2025-03-14 10:48:24.809 [error] n is not iterable: TypeError: n is not iterable
	at K_.provideHover (/home/sgass/.vscode/extensions/mshr-h.veriloghdl-1.16.0/dist/main.js:588:7681)
	at async C.provideHover (/usr/share/code/resources/app/out/vs/workbench/api/node/extensionHostProcess.js:161:106493)
2025-03-14 10:48:28.539 [error] n is not iterable: TypeError: n is not iterable
	at K_.provideHover (/home/sgass/.vscode/extensions/mshr-h.veriloghdl-1.16.0/dist/main.js:588:7681)
	at async C.provideHover (/usr/share/code/resources/app/out/vs/workbench/api/node/extensionHostProcess.js:161:106493)
2025-03-14 10:48:46.592 [error] n is not iterable: TypeError: n is not iterable
	at K_.provideHover (/home/sgass/.vscode/extensions/mshr-h.veriloghdl-1.16.0/dist/main.js:588:7681)
	at async C.provideHover (/usr/share/code/resources/app/out/vs/workbench/api/node/extensionHostProcess.js:161:106493)
2025-03-14 10:48:49.084 [error] n is not iterable: TypeError: n is not iterable
	at K_.provideHover (/home/sgass/.vscode/extensions/mshr-h.veriloghdl-1.16.0/dist/main.js:588:7681)
	at async C.provideHover (/usr/share/code/resources/app/out/vs/workbench/api/node/extensionHostProcess.js:161:106493)
2025-03-14 10:48:51.528 [error] n is not iterable: TypeError: n is not iterable
	at K_.provideHover (/home/sgass/.vscode/extensions/mshr-h.veriloghdl-1.16.0/dist/main.js:588:7681)
	at async C.provideHover (/usr/share/code/resources/app/out/vs/workbench/api/node/extensionHostProcess.js:161:106493)
2025-03-14 10:49:16.239 [error] n is not iterable: TypeError: n is not iterable
	at K_.provideHover (/home/sgass/.vscode/extensions/mshr-h.veriloghdl-1.16.0/dist/main.js:588:7681)
	at async C.provideHover (/usr/share/code/resources/app/out/vs/workbench/api/node/extensionHostProcess.js:161:106493)
2025-03-14 10:50:28.663 [error] n is not iterable: TypeError: n is not iterable
	at K_.provideHover (/home/sgass/.vscode/extensions/mshr-h.veriloghdl-1.16.0/dist/main.js:588:7681)
	at async C.provideHover (/usr/share/code/resources/app/out/vs/workbench/api/node/extensionHostProcess.js:161:106493)
2025-03-14 10:50:36.914 [error] n is not iterable: TypeError: n is not iterable
	at K_.provideHover (/home/sgass/.vscode/extensions/mshr-h.veriloghdl-1.16.0/dist/main.js:588:7681)
	at async C.provideHover (/usr/share/code/resources/app/out/vs/workbench/api/node/extensionHostProcess.js:161:106493)
2025-03-14 10:50:53.085 [error] n is not iterable: TypeError: n is not iterable
	at K_.provideHover (/home/sgass/.vscode/extensions/mshr-h.veriloghdl-1.16.0/dist/main.js:588:7681)
	at async C.provideHover (/usr/share/code/resources/app/out/vs/workbench/api/node/extensionHostProcess.js:161:106493)
2025-03-14 10:51:12.467 [error] n is not iterable: TypeError: n is not iterable
	at K_.provideHover (/home/sgass/.vscode/extensions/mshr-h.veriloghdl-1.16.0/dist/main.js:588:7681)
	at async C.provideHover (/usr/share/code/resources/app/out/vs/workbench/api/node/extensionHostProcess.js:161:106493)
2025-03-14 10:51:16.651 [error] n is not iterable: TypeError: n is not iterable
	at K_.provideHover (/home/sgass/.vscode/extensions/mshr-h.veriloghdl-1.16.0/dist/main.js:588:7681)
	at async C.provideHover (/usr/share/code/resources/app/out/vs/workbench/api/node/extensionHostProcess.js:161:106493)
2025-03-14 10:51:26.650 [error] n is not iterable: TypeError: n is not iterable
	at K_.provideHover (/home/sgass/.vscode/extensions/mshr-h.veriloghdl-1.16.0/dist/main.js:588:7681)
	at async C.provideHover (/usr/share/code/resources/app/out/vs/workbench/api/node/extensionHostProcess.js:161:106493)
2025-03-14 10:51:30.621 [error] n is not iterable: TypeError: n is not iterable
	at K_.provideHover (/home/sgass/.vscode/extensions/mshr-h.veriloghdl-1.16.0/dist/main.js:588:7681)
	at async C.provideHover (/usr/share/code/resources/app/out/vs/workbench/api/node/extensionHostProcess.js:161:106493)
2025-03-14 10:51:58.134 [error] n is not iterable: TypeError: n is not iterable
	at K_.provideHover (/home/sgass/.vscode/extensions/mshr-h.veriloghdl-1.16.0/dist/main.js:588:7681)
	at async C.provideHover (/usr/share/code/resources/app/out/vs/workbench/api/node/extensionHostProcess.js:161:106493)
2025-03-14 10:53:04.080 [error] n is not iterable: TypeError: n is not iterable
	at K_.provideHover (/home/sgass/.vscode/extensions/mshr-h.veriloghdl-1.16.0/dist/main.js:588:7681)
	at async C.provideHover (/usr/share/code/resources/app/out/vs/workbench/api/node/extensionHostProcess.js:161:106493)
2025-03-14 10:53:05.196 [error] n is not iterable: TypeError: n is not iterable
	at K_.provideHover (/home/sgass/.vscode/extensions/mshr-h.veriloghdl-1.16.0/dist/main.js:588:7681)
	at async C.provideHover (/usr/share/code/resources/app/out/vs/workbench/api/node/extensionHostProcess.js:161:106493)
2025-03-14 10:53:18.758 [error] n is not iterable: TypeError: n is not iterable
	at K_.provideHover (/home/sgass/.vscode/extensions/mshr-h.veriloghdl-1.16.0/dist/main.js:588:7681)
	at async C.provideHover (/usr/share/code/resources/app/out/vs/workbench/api/node/extensionHostProcess.js:161:106493)
2025-03-14 10:53:20.748 [error] n is not iterable: TypeError: n is not iterable
	at K_.provideHover (/home/sgass/.vscode/extensions/mshr-h.veriloghdl-1.16.0/dist/main.js:588:7681)
	at async C.provideHover (/usr/share/code/resources/app/out/vs/workbench/api/node/extensionHostProcess.js:161:106493)
2025-03-14 10:53:36.518 [error] n is not iterable: TypeError: n is not iterable
	at K_.provideHover (/home/sgass/.vscode/extensions/mshr-h.veriloghdl-1.16.0/dist/main.js:588:7681)
	at async C.provideHover (/usr/share/code/resources/app/out/vs/workbench/api/node/extensionHostProcess.js:161:106493)
2025-03-14 10:54:12.027 [error] n is not iterable: TypeError: n is not iterable
	at K_.provideHover (/home/sgass/.vscode/extensions/mshr-h.veriloghdl-1.16.0/dist/main.js:588:7681)
	at async C.provideHover (/usr/share/code/resources/app/out/vs/workbench/api/node/extensionHostProcess.js:161:106493)
2025-03-14 10:54:21.892 [error] n is not iterable: TypeError: n is not iterable
	at K_.provideHover (/home/sgass/.vscode/extensions/mshr-h.veriloghdl-1.16.0/dist/main.js:588:7681)
	at async C.provideHover (/usr/share/code/resources/app/out/vs/workbench/api/node/extensionHostProcess.js:161:106493)
2025-03-14 10:54:39.524 [error] n is not iterable: TypeError: n is not iterable
	at K_.provideHover (/home/sgass/.vscode/extensions/mshr-h.veriloghdl-1.16.0/dist/main.js:588:7681)
	at async C.provideHover (/usr/share/code/resources/app/out/vs/workbench/api/node/extensionHostProcess.js:161:106493)
2025-03-14 10:57:55.469 [error] n is not iterable: TypeError: n is not iterable
	at K_.provideHover (/home/sgass/.vscode/extensions/mshr-h.veriloghdl-1.16.0/dist/main.js:588:7681)
	at async C.provideHover (/usr/share/code/resources/app/out/vs/workbench/api/node/extensionHostProcess.js:161:106493)
2025-03-14 10:58:02.173 [error] n is not iterable: TypeError: n is not iterable
	at K_.provideHover (/home/sgass/.vscode/extensions/mshr-h.veriloghdl-1.16.0/dist/main.js:588:7681)
	at async C.provideHover (/usr/share/code/resources/app/out/vs/workbench/api/node/extensionHostProcess.js:161:106493)
2025-03-14 10:58:05.552 [error] n is not iterable: TypeError: n is not iterable
	at K_.provideHover (/home/sgass/.vscode/extensions/mshr-h.veriloghdl-1.16.0/dist/main.js:588:7681)
	at async C.provideHover (/usr/share/code/resources/app/out/vs/workbench/api/node/extensionHostProcess.js:161:106493)
2025-03-14 10:58:27.791 [error] n is not iterable: TypeError: n is not iterable
	at K_.provideHover (/home/sgass/.vscode/extensions/mshr-h.veriloghdl-1.16.0/dist/main.js:588:7681)
	at async C.provideHover (/usr/share/code/resources/app/out/vs/workbench/api/node/extensionHostProcess.js:161:106493)
2025-03-14 10:58:44.101 [error] n is not iterable: TypeError: n is not iterable
	at K_.provideHover (/home/sgass/.vscode/extensions/mshr-h.veriloghdl-1.16.0/dist/main.js:588:7681)
	at async C.provideHover (/usr/share/code/resources/app/out/vs/workbench/api/node/extensionHostProcess.js:161:106493)
2025-03-14 10:59:02.385 [error] n is not iterable: TypeError: n is not iterable
	at K_.provideHover (/home/sgass/.vscode/extensions/mshr-h.veriloghdl-1.16.0/dist/main.js:588:7681)
	at async C.provideHover (/usr/share/code/resources/app/out/vs/workbench/api/node/extensionHostProcess.js:161:106493)
2025-03-14 10:59:50.300 [error] n is not iterable: TypeError: n is not iterable
	at K_.provideHover (/home/sgass/.vscode/extensions/mshr-h.veriloghdl-1.16.0/dist/main.js:588:7681)
	at async C.provideHover (/usr/share/code/resources/app/out/vs/workbench/api/node/extensionHostProcess.js:161:106493)
2025-03-14 11:00:32.502 [error] n is not iterable: TypeError: n is not iterable
	at K_.provideHover (/home/sgass/.vscode/extensions/mshr-h.veriloghdl-1.16.0/dist/main.js:588:7681)
	at async C.provideHover (/usr/share/code/resources/app/out/vs/workbench/api/node/extensionHostProcess.js:161:106493)
2025-03-14 11:00:37.265 [error] n is not iterable: TypeError: n is not iterable
	at K_.provideHover (/home/sgass/.vscode/extensions/mshr-h.veriloghdl-1.16.0/dist/main.js:588:7681)
	at async C.provideHover (/usr/share/code/resources/app/out/vs/workbench/api/node/extensionHostProcess.js:161:106493)
2025-03-14 11:00:43.765 [error] n is not iterable: TypeError: n is not iterable
	at K_.provideHover (/home/sgass/.vscode/extensions/mshr-h.veriloghdl-1.16.0/dist/main.js:588:7681)
	at async C.provideHover (/usr/share/code/resources/app/out/vs/workbench/api/node/extensionHostProcess.js:161:106493)
2025-03-14 11:01:09.014 [error] n is not iterable: TypeError: n is not iterable
	at K_.provideHover (/home/sgass/.vscode/extensions/mshr-h.veriloghdl-1.16.0/dist/main.js:588:7681)
	at async C.provideHover (/usr/share/code/resources/app/out/vs/workbench/api/node/extensionHostProcess.js:161:106493)
2025-03-14 11:01:12.631 [error] n is not iterable: TypeError: n is not iterable
	at K_.provideHover (/home/sgass/.vscode/extensions/mshr-h.veriloghdl-1.16.0/dist/main.js:588:7681)
	at async C.provideHover (/usr/share/code/resources/app/out/vs/workbench/api/node/extensionHostProcess.js:161:106493)
2025-03-14 11:01:21.398 [error] n is not iterable: TypeError: n is not iterable
	at K_.provideHover (/home/sgass/.vscode/extensions/mshr-h.veriloghdl-1.16.0/dist/main.js:588:7681)
	at async C.provideHover (/usr/share/code/resources/app/out/vs/workbench/api/node/extensionHostProcess.js:161:106493)
2025-03-14 11:01:31.763 [error] n is not iterable: TypeError: n is not iterable
	at K_.provideHover (/home/sgass/.vscode/extensions/mshr-h.veriloghdl-1.16.0/dist/main.js:588:7681)
	at async C.provideHover (/usr/share/code/resources/app/out/vs/workbench/api/node/extensionHostProcess.js:161:106493)
2025-03-14 11:01:34.497 [error] n is not iterable: TypeError: n is not iterable
	at K_.provideHover (/home/sgass/.vscode/extensions/mshr-h.veriloghdl-1.16.0/dist/main.js:588:7681)
	at async C.provideHover (/usr/share/code/resources/app/out/vs/workbench/api/node/extensionHostProcess.js:161:106493)
2025-03-14 11:01:37.432 [error] n is not iterable: TypeError: n is not iterable
	at K_.provideHover (/home/sgass/.vscode/extensions/mshr-h.veriloghdl-1.16.0/dist/main.js:588:7681)
	at async C.provideHover (/usr/share/code/resources/app/out/vs/workbench/api/node/extensionHostProcess.js:161:106493)
2025-03-14 11:01:38.642 [error] n is not iterable: TypeError: n is not iterable
	at K_.provideHover (/home/sgass/.vscode/extensions/mshr-h.veriloghdl-1.16.0/dist/main.js:588:7681)
	at async C.provideHover (/usr/share/code/resources/app/out/vs/workbench/api/node/extensionHostProcess.js:161:106493)
2025-03-14 11:01:53.315 [error] n is not iterable: TypeError: n is not iterable
	at K_.provideHover (/home/sgass/.vscode/extensions/mshr-h.veriloghdl-1.16.0/dist/main.js:588:7681)
	at async C.provideHover (/usr/share/code/resources/app/out/vs/workbench/api/node/extensionHostProcess.js:161:106493)
2025-03-14 11:01:57.595 [error] n is not iterable: TypeError: n is not iterable
	at K_.provideHover (/home/sgass/.vscode/extensions/mshr-h.veriloghdl-1.16.0/dist/main.js:588:7681)
	at async C.provideHover (/usr/share/code/resources/app/out/vs/workbench/api/node/extensionHostProcess.js:161:106493)
2025-03-14 11:01:58.987 [error] n is not iterable: TypeError: n is not iterable
	at K_.provideHover (/home/sgass/.vscode/extensions/mshr-h.veriloghdl-1.16.0/dist/main.js:588:7681)
	at async C.provideHover (/usr/share/code/resources/app/out/vs/workbench/api/node/extensionHostProcess.js:161:106493)
2025-03-14 11:02:20.763 [error] n is not iterable: TypeError: n is not iterable
	at K_.provideHover (/home/sgass/.vscode/extensions/mshr-h.veriloghdl-1.16.0/dist/main.js:588:7681)
	at async C.provideHover (/usr/share/code/resources/app/out/vs/workbench/api/node/extensionHostProcess.js:161:106493)
2025-03-14 11:02:46.237 [error] n is not iterable: TypeError: n is not iterable
	at K_.provideHover (/home/sgass/.vscode/extensions/mshr-h.veriloghdl-1.16.0/dist/main.js:588:7681)
	at async C.provideHover (/usr/share/code/resources/app/out/vs/workbench/api/node/extensionHostProcess.js:161:106493)
2025-03-14 11:03:02.313 [error] n is not iterable: TypeError: n is not iterable
	at K_.provideHover (/home/sgass/.vscode/extensions/mshr-h.veriloghdl-1.16.0/dist/main.js:588:7681)
	at async C.provideHover (/usr/share/code/resources/app/out/vs/workbench/api/node/extensionHostProcess.js:161:106493)
2025-03-14 11:03:03.493 [error] n is not iterable: TypeError: n is not iterable
	at K_.provideHover (/home/sgass/.vscode/extensions/mshr-h.veriloghdl-1.16.0/dist/main.js:588:7681)
	at async C.provideHover (/usr/share/code/resources/app/out/vs/workbench/api/node/extensionHostProcess.js:161:106493)
2025-03-14 11:03:04.511 [error] n is not iterable: TypeError: n is not iterable
	at K_.provideHover (/home/sgass/.vscode/extensions/mshr-h.veriloghdl-1.16.0/dist/main.js:588:7681)
	at async C.provideHover (/usr/share/code/resources/app/out/vs/workbench/api/node/extensionHostProcess.js:161:106493)
2025-03-14 11:03:08.380 [error] n is not iterable: TypeError: n is not iterable
	at K_.provideHover (/home/sgass/.vscode/extensions/mshr-h.veriloghdl-1.16.0/dist/main.js:588:7681)
	at async C.provideHover (/usr/share/code/resources/app/out/vs/workbench/api/node/extensionHostProcess.js:161:106493)
2025-03-14 11:03:30.841 [error] n is not iterable: TypeError: n is not iterable
	at K_.provideHover (/home/sgass/.vscode/extensions/mshr-h.veriloghdl-1.16.0/dist/main.js:588:7681)
	at async C.provideHover (/usr/share/code/resources/app/out/vs/workbench/api/node/extensionHostProcess.js:161:106493)
2025-03-14 11:03:44.059 [error] n is not iterable: TypeError: n is not iterable
	at K_.provideHover (/home/sgass/.vscode/extensions/mshr-h.veriloghdl-1.16.0/dist/main.js:588:7681)
	at async C.provideHover (/usr/share/code/resources/app/out/vs/workbench/api/node/extensionHostProcess.js:161:106493)
2025-03-14 11:03:49.222 [error] n is not iterable: TypeError: n is not iterable
	at K_.provideHover (/home/sgass/.vscode/extensions/mshr-h.veriloghdl-1.16.0/dist/main.js:588:7681)
	at async C.provideHover (/usr/share/code/resources/app/out/vs/workbench/api/node/extensionHostProcess.js:161:106493)
2025-03-14 11:04:42.475 [error] n is not iterable: TypeError: n is not iterable
	at K_.provideHover (/home/sgass/.vscode/extensions/mshr-h.veriloghdl-1.16.0/dist/main.js:588:7681)
	at async C.provideHover (/usr/share/code/resources/app/out/vs/workbench/api/node/extensionHostProcess.js:161:106493)
2025-03-14 11:05:21.256 [error] n is not iterable: TypeError: n is not iterable
	at K_.provideHover (/home/sgass/.vscode/extensions/mshr-h.veriloghdl-1.16.0/dist/main.js:588:7681)
	at async C.provideHover (/usr/share/code/resources/app/out/vs/workbench/api/node/extensionHostProcess.js:161:106493)
2025-03-14 11:05:25.656 [error] n is not iterable: TypeError: n is not iterable
	at K_.provideHover (/home/sgass/.vscode/extensions/mshr-h.veriloghdl-1.16.0/dist/main.js:588:7681)
	at async C.provideHover (/usr/share/code/resources/app/out/vs/workbench/api/node/extensionHostProcess.js:161:106493)
2025-03-14 11:05:34.074 [error] n is not iterable: TypeError: n is not iterable
	at K_.provideHover (/home/sgass/.vscode/extensions/mshr-h.veriloghdl-1.16.0/dist/main.js:588:7681)
	at async C.provideHover (/usr/share/code/resources/app/out/vs/workbench/api/node/extensionHostProcess.js:161:106493)
2025-03-14 11:05:54.652 [error] n is not iterable: TypeError: n is not iterable
	at K_.provideHover (/home/sgass/.vscode/extensions/mshr-h.veriloghdl-1.16.0/dist/main.js:588:7681)
	at async C.provideHover (/usr/share/code/resources/app/out/vs/workbench/api/node/extensionHostProcess.js:161:106493)
2025-03-14 11:08:21.136 [error] n is not iterable: TypeError: n is not iterable
	at K_.provideHover (/home/sgass/.vscode/extensions/mshr-h.veriloghdl-1.16.0/dist/main.js:588:7681)
	at async C.provideHover (/usr/share/code/resources/app/out/vs/workbench/api/node/extensionHostProcess.js:161:106493)
2025-03-14 11:10:21.735 [error] n is not iterable: TypeError: n is not iterable
	at K_.provideHover (/home/sgass/.vscode/extensions/mshr-h.veriloghdl-1.16.0/dist/main.js:588:7681)
	at async C.provideHover (/usr/share/code/resources/app/out/vs/workbench/api/node/extensionHostProcess.js:161:106493)
2025-03-14 11:10:27.384 [error] n is not iterable: TypeError: n is not iterable
	at K_.provideHover (/home/sgass/.vscode/extensions/mshr-h.veriloghdl-1.16.0/dist/main.js:588:7681)
	at async C.provideHover (/usr/share/code/resources/app/out/vs/workbench/api/node/extensionHostProcess.js:161:106493)
2025-03-14 11:11:50.365 [error] n is not iterable: TypeError: n is not iterable
	at K_.provideHover (/home/sgass/.vscode/extensions/mshr-h.veriloghdl-1.16.0/dist/main.js:588:7681)
	at async C.provideHover (/usr/share/code/resources/app/out/vs/workbench/api/node/extensionHostProcess.js:161:106493)
2025-03-14 11:12:05.582 [error] n is not iterable: TypeError: n is not iterable
	at K_.provideHover (/home/sgass/.vscode/extensions/mshr-h.veriloghdl-1.16.0/dist/main.js:588:7681)
	at async C.provideHover (/usr/share/code/resources/app/out/vs/workbench/api/node/extensionHostProcess.js:161:106493)
2025-03-14 11:12:20.527 [error] n is not iterable: TypeError: n is not iterable
	at K_.provideHover (/home/sgass/.vscode/extensions/mshr-h.veriloghdl-1.16.0/dist/main.js:588:7681)
	at async C.provideHover (/usr/share/code/resources/app/out/vs/workbench/api/node/extensionHostProcess.js:161:106493)
2025-03-14 11:12:40.445 [error] n is not iterable: TypeError: n is not iterable
	at K_.provideHover (/home/sgass/.vscode/extensions/mshr-h.veriloghdl-1.16.0/dist/main.js:588:7681)
	at async C.provideHover (/usr/share/code/resources/app/out/vs/workbench/api/node/extensionHostProcess.js:161:106493)
2025-03-14 11:12:47.263 [error] n is not iterable: TypeError: n is not iterable
	at K_.provideHover (/home/sgass/.vscode/extensions/mshr-h.veriloghdl-1.16.0/dist/main.js:588:7681)
	at async C.provideHover (/usr/share/code/resources/app/out/vs/workbench/api/node/extensionHostProcess.js:161:106493)
2025-03-14 11:13:29.845 [error] n is not iterable: TypeError: n is not iterable
	at K_.provideHover (/home/sgass/.vscode/extensions/mshr-h.veriloghdl-1.16.0/dist/main.js:588:7681)
	at async C.provideHover (/usr/share/code/resources/app/out/vs/workbench/api/node/extensionHostProcess.js:161:106493)
2025-03-14 11:13:31.030 [error] n is not iterable: TypeError: n is not iterable
	at K_.provideHover (/home/sgass/.vscode/extensions/mshr-h.veriloghdl-1.16.0/dist/main.js:588:7681)
	at async C.provideHover (/usr/share/code/resources/app/out/vs/workbench/api/node/extensionHostProcess.js:161:106493)
2025-03-14 11:13:48.887 [error] n is not iterable: TypeError: n is not iterable
	at K_.provideHover (/home/sgass/.vscode/extensions/mshr-h.veriloghdl-1.16.0/dist/main.js:588:7681)
	at async C.provideHover (/usr/share/code/resources/app/out/vs/workbench/api/node/extensionHostProcess.js:161:106493)
2025-03-14 11:13:59.127 [error] n is not iterable: TypeError: n is not iterable
	at K_.provideHover (/home/sgass/.vscode/extensions/mshr-h.veriloghdl-1.16.0/dist/main.js:588:7681)
	at async C.provideHover (/usr/share/code/resources/app/out/vs/workbench/api/node/extensionHostProcess.js:161:106493)
2025-03-14 11:14:08.579 [error] n is not iterable: TypeError: n is not iterable
	at K_.provideHover (/home/sgass/.vscode/extensions/mshr-h.veriloghdl-1.16.0/dist/main.js:588:7681)
	at async C.provideHover (/usr/share/code/resources/app/out/vs/workbench/api/node/extensionHostProcess.js:161:106493)
2025-03-14 11:14:52.410 [error] n is not iterable: TypeError: n is not iterable
	at K_.provideHover (/home/sgass/.vscode/extensions/mshr-h.veriloghdl-1.16.0/dist/main.js:588:7681)
	at async C.provideHover (/usr/share/code/resources/app/out/vs/workbench/api/node/extensionHostProcess.js:161:106493)
2025-03-14 11:14:56.839 [error] n is not iterable: TypeError: n is not iterable
	at K_.provideHover (/home/sgass/.vscode/extensions/mshr-h.veriloghdl-1.16.0/dist/main.js:588:7681)
	at async C.provideHover (/usr/share/code/resources/app/out/vs/workbench/api/node/extensionHostProcess.js:161:106493)
2025-03-14 11:14:59.776 [error] n is not iterable: TypeError: n is not iterable
	at K_.provideHover (/home/sgass/.vscode/extensions/mshr-h.veriloghdl-1.16.0/dist/main.js:588:7681)
	at async C.provideHover (/usr/share/code/resources/app/out/vs/workbench/api/node/extensionHostProcess.js:161:106493)
2025-03-14 11:15:04.205 [error] n is not iterable: TypeError: n is not iterable
	at K_.provideHover (/home/sgass/.vscode/extensions/mshr-h.veriloghdl-1.16.0/dist/main.js:588:7681)
	at async C.provideHover (/usr/share/code/resources/app/out/vs/workbench/api/node/extensionHostProcess.js:161:106493)
2025-03-14 11:15:08.376 [error] n is not iterable: TypeError: n is not iterable
	at K_.provideHover (/home/sgass/.vscode/extensions/mshr-h.veriloghdl-1.16.0/dist/main.js:588:7681)
	at async C.provideHover (/usr/share/code/resources/app/out/vs/workbench/api/node/extensionHostProcess.js:161:106493)
2025-03-14 11:16:41.091 [error] n is not iterable: TypeError: n is not iterable
	at K_.provideHover (/home/sgass/.vscode/extensions/mshr-h.veriloghdl-1.16.0/dist/main.js:588:7681)
	at async C.provideHover (/usr/share/code/resources/app/out/vs/workbench/api/node/extensionHostProcess.js:161:106493)
2025-03-14 11:16:49.256 [error] n is not iterable: TypeError: n is not iterable
	at K_.provideHover (/home/sgass/.vscode/extensions/mshr-h.veriloghdl-1.16.0/dist/main.js:588:7681)
	at async C.provideHover (/usr/share/code/resources/app/out/vs/workbench/api/node/extensionHostProcess.js:161:106493)
2025-03-14 11:17:53.152 [error] n is not iterable: TypeError: n is not iterable
	at K_.provideHover (/home/sgass/.vscode/extensions/mshr-h.veriloghdl-1.16.0/dist/main.js:588:7681)
	at async C.provideHover (/usr/share/code/resources/app/out/vs/workbench/api/node/extensionHostProcess.js:161:106493)
2025-03-14 11:18:37.362 [error] n is not iterable: TypeError: n is not iterable
	at K_.provideHover (/home/sgass/.vscode/extensions/mshr-h.veriloghdl-1.16.0/dist/main.js:588:7681)
	at async C.provideHover (/usr/share/code/resources/app/out/vs/workbench/api/node/extensionHostProcess.js:161:106493)
2025-03-14 11:20:03.673 [error] n is not iterable: TypeError: n is not iterable
	at K_.provideHover (/home/sgass/.vscode/extensions/mshr-h.veriloghdl-1.16.0/dist/main.js:588:7681)
	at async C.provideHover (/usr/share/code/resources/app/out/vs/workbench/api/node/extensionHostProcess.js:161:106493)
2025-03-14 11:20:13.003 [error] n is not iterable: TypeError: n is not iterable
	at K_.provideHover (/home/sgass/.vscode/extensions/mshr-h.veriloghdl-1.16.0/dist/main.js:588:7681)
	at async C.provideHover (/usr/share/code/resources/app/out/vs/workbench/api/node/extensionHostProcess.js:161:106493)
2025-03-14 11:20:14.151 [error] n is not iterable: TypeError: n is not iterable
	at K_.provideHover (/home/sgass/.vscode/extensions/mshr-h.veriloghdl-1.16.0/dist/main.js:588:7681)
	at async C.provideHover (/usr/share/code/resources/app/out/vs/workbench/api/node/extensionHostProcess.js:161:106493)
2025-03-14 11:20:15.206 [error] n is not iterable: TypeError: n is not iterable
	at K_.provideHover (/home/sgass/.vscode/extensions/mshr-h.veriloghdl-1.16.0/dist/main.js:588:7681)
	at async C.provideHover (/usr/share/code/resources/app/out/vs/workbench/api/node/extensionHostProcess.js:161:106493)
2025-03-14 11:20:31.620 [error] n is not iterable: TypeError: n is not iterable
	at K_.provideHover (/home/sgass/.vscode/extensions/mshr-h.veriloghdl-1.16.0/dist/main.js:588:7681)
	at async C.provideHover (/usr/share/code/resources/app/out/vs/workbench/api/node/extensionHostProcess.js:161:106493)
2025-03-14 11:21:22.598 [error] n is not iterable: TypeError: n is not iterable
	at K_.provideHover (/home/sgass/.vscode/extensions/mshr-h.veriloghdl-1.16.0/dist/main.js:588:7681)
	at async C.provideHover (/usr/share/code/resources/app/out/vs/workbench/api/node/extensionHostProcess.js:161:106493)
2025-03-14 11:21:55.284 [error] n is not iterable: TypeError: n is not iterable
	at K_.provideHover (/home/sgass/.vscode/extensions/mshr-h.veriloghdl-1.16.0/dist/main.js:588:7681)
	at async C.provideHover (/usr/share/code/resources/app/out/vs/workbench/api/node/extensionHostProcess.js:161:106493)
2025-03-14 11:21:56.484 [error] n is not iterable: TypeError: n is not iterable
	at K_.provideHover (/home/sgass/.vscode/extensions/mshr-h.veriloghdl-1.16.0/dist/main.js:588:7681)
	at async C.provideHover (/usr/share/code/resources/app/out/vs/workbench/api/node/extensionHostProcess.js:161:106493)
2025-03-14 11:22:08.082 [error] n is not iterable: TypeError: n is not iterable
	at K_.provideHover (/home/sgass/.vscode/extensions/mshr-h.veriloghdl-1.16.0/dist/main.js:588:7681)
	at async C.provideHover (/usr/share/code/resources/app/out/vs/workbench/api/node/extensionHostProcess.js:161:106493)
2025-03-14 11:22:10.966 [error] n is not iterable: TypeError: n is not iterable
	at K_.provideHover (/home/sgass/.vscode/extensions/mshr-h.veriloghdl-1.16.0/dist/main.js:588:7681)
	at async C.provideHover (/usr/share/code/resources/app/out/vs/workbench/api/node/extensionHostProcess.js:161:106493)
2025-03-14 11:22:12.770 [error] n is not iterable: TypeError: n is not iterable
	at K_.provideHover (/home/sgass/.vscode/extensions/mshr-h.veriloghdl-1.16.0/dist/main.js:588:7681)
	at async C.provideHover (/usr/share/code/resources/app/out/vs/workbench/api/node/extensionHostProcess.js:161:106493)
2025-03-14 11:22:28.230 [error] n is not iterable: TypeError: n is not iterable
	at K_.provideHover (/home/sgass/.vscode/extensions/mshr-h.veriloghdl-1.16.0/dist/main.js:588:7681)
	at async C.provideHover (/usr/share/code/resources/app/out/vs/workbench/api/node/extensionHostProcess.js:161:106493)
2025-03-14 11:22:31.785 [error] n is not iterable: TypeError: n is not iterable
	at K_.provideHover (/home/sgass/.vscode/extensions/mshr-h.veriloghdl-1.16.0/dist/main.js:588:7681)
	at async C.provideHover (/usr/share/code/resources/app/out/vs/workbench/api/node/extensionHostProcess.js:161:106493)
2025-03-14 11:23:32.243 [error] n is not iterable: TypeError: n is not iterable
	at K_.provideHover (/home/sgass/.vscode/extensions/mshr-h.veriloghdl-1.16.0/dist/main.js:588:7681)
	at async C.provideHover (/usr/share/code/resources/app/out/vs/workbench/api/node/extensionHostProcess.js:161:106493)
2025-03-14 11:23:35.630 [error] n is not iterable: TypeError: n is not iterable
	at K_.provideHover (/home/sgass/.vscode/extensions/mshr-h.veriloghdl-1.16.0/dist/main.js:588:7681)
	at async C.provideHover (/usr/share/code/resources/app/out/vs/workbench/api/node/extensionHostProcess.js:161:106493)
2025-03-14 11:24:01.662 [error] n is not iterable: TypeError: n is not iterable
	at K_.provideHover (/home/sgass/.vscode/extensions/mshr-h.veriloghdl-1.16.0/dist/main.js:588:7681)
	at async C.provideHover (/usr/share/code/resources/app/out/vs/workbench/api/node/extensionHostProcess.js:161:106493)
2025-03-14 11:24:22.630 [error] n is not iterable: TypeError: n is not iterable
	at K_.provideHover (/home/sgass/.vscode/extensions/mshr-h.veriloghdl-1.16.0/dist/main.js:588:7681)
	at async C.provideHover (/usr/share/code/resources/app/out/vs/workbench/api/node/extensionHostProcess.js:161:106493)
2025-03-14 11:25:27.794 [error] n is not iterable: TypeError: n is not iterable
	at K_.provideHover (/home/sgass/.vscode/extensions/mshr-h.veriloghdl-1.16.0/dist/main.js:588:7681)
	at async C.provideHover (/usr/share/code/resources/app/out/vs/workbench/api/node/extensionHostProcess.js:161:106493)
2025-03-14 11:25:32.129 [error] n is not iterable: TypeError: n is not iterable
	at K_.provideHover (/home/sgass/.vscode/extensions/mshr-h.veriloghdl-1.16.0/dist/main.js:588:7681)
	at async C.provideHover (/usr/share/code/resources/app/out/vs/workbench/api/node/extensionHostProcess.js:161:106493)
2025-03-14 11:25:42.892 [error] n is not iterable: TypeError: n is not iterable
	at K_.provideHover (/home/sgass/.vscode/extensions/mshr-h.veriloghdl-1.16.0/dist/main.js:588:7681)
	at async C.provideHover (/usr/share/code/resources/app/out/vs/workbench/api/node/extensionHostProcess.js:161:106493)
2025-03-14 11:26:01.979 [error] n is not iterable: TypeError: n is not iterable
	at K_.provideHover (/home/sgass/.vscode/extensions/mshr-h.veriloghdl-1.16.0/dist/main.js:588:7681)
	at async C.provideHover (/usr/share/code/resources/app/out/vs/workbench/api/node/extensionHostProcess.js:161:106493)
2025-03-14 11:26:08.644 [error] n is not iterable: TypeError: n is not iterable
	at K_.provideHover (/home/sgass/.vscode/extensions/mshr-h.veriloghdl-1.16.0/dist/main.js:588:7681)
	at async C.provideHover (/usr/share/code/resources/app/out/vs/workbench/api/node/extensionHostProcess.js:161:106493)
2025-03-14 11:26:20.244 [error] n is not iterable: TypeError: n is not iterable
	at K_.provideHover (/home/sgass/.vscode/extensions/mshr-h.veriloghdl-1.16.0/dist/main.js:588:7681)
	at async C.provideHover (/usr/share/code/resources/app/out/vs/workbench/api/node/extensionHostProcess.js:161:106493)
2025-03-14 11:26:51.692 [error] n is not iterable: TypeError: n is not iterable
	at K_.provideHover (/home/sgass/.vscode/extensions/mshr-h.veriloghdl-1.16.0/dist/main.js:588:7681)
	at async C.provideHover (/usr/share/code/resources/app/out/vs/workbench/api/node/extensionHostProcess.js:161:106493)
2025-03-14 11:27:09.292 [error] n is not iterable: TypeError: n is not iterable
	at K_.provideHover (/home/sgass/.vscode/extensions/mshr-h.veriloghdl-1.16.0/dist/main.js:588:7681)
	at async C.provideHover (/usr/share/code/resources/app/out/vs/workbench/api/node/extensionHostProcess.js:161:106493)
2025-03-14 11:28:00.823 [error] n is not iterable: TypeError: n is not iterable
	at K_.provideHover (/home/sgass/.vscode/extensions/mshr-h.veriloghdl-1.16.0/dist/main.js:588:7681)
	at async C.provideHover (/usr/share/code/resources/app/out/vs/workbench/api/node/extensionHostProcess.js:161:106493)
2025-03-14 11:28:01.575 [error] Illegal argument: character must be non-negative: Error: Illegal argument: character must be non-negative
	at P (/usr/share/code/resources/app/out/vs/workbench/api/node/extensionHostProcess.js:10:1144)
	at new m (/usr/share/code/resources/app/out/vs/workbench/api/node/extensionHostProcess.js:159:5074)
	at new $ (/usr/share/code/resources/app/out/vs/workbench/api/node/extensionHostProcess.js:159:6616)
	at qf.findSymbol (/home/sgass/.vscode/extensions/mshr-h.veriloghdl-1.16.0/dist/main.js:65:73657)
	at K_.provideHover (/home/sgass/.vscode/extensions/mshr-h.veriloghdl-1.16.0/dist/main.js:588:7652)
	at C.provideHover (/usr/share/code/resources/app/out/vs/workbench/api/node/extensionHostProcess.js:161:106506)
	at /usr/share/code/resources/app/out/vs/workbench/api/node/extensionHostProcess.js:161:138699
	at We.s (/usr/share/code/resources/app/out/vs/workbench/api/node/extensionHostProcess.js:161:136041)
	at We.$provideHover (/usr/share/code/resources/app/out/vs/workbench/api/node/extensionHostProcess.js:161:138686)
	at y.S (/usr/share/code/resources/app/out/vs/workbench/api/node/extensionHostProcess.js:158:5968)
	at y.Q (/usr/share/code/resources/app/out/vs/workbench/api/node/extensionHostProcess.js:158:5734)
	at y.M (/usr/share/code/resources/app/out/vs/workbench/api/node/extensionHostProcess.js:158:4729)
	at y.L (/usr/share/code/resources/app/out/vs/workbench/api/node/extensionHostProcess.js:158:3602)
	at i.value (/usr/share/code/resources/app/out/vs/workbench/api/node/extensionHostProcess.js:158:2297)
	at r.B (/usr/share/code/resources/app/out/vs/workbench/api/node/extensionHostProcess.js:90:732)
	at r.fire (/usr/share/code/resources/app/out/vs/workbench/api/node/extensionHostProcess.js:90:949)
	at a.fire (/usr/share/code/resources/app/out/vs/workbench/api/node/extensionHostProcess.js:115:14463)
	at i.value (/usr/share/code/resources/app/out/vs/workbench/api/node/extensionHostProcess.js:184:8635)
	at r.B (/usr/share/code/resources/app/out/vs/workbench/api/node/extensionHostProcess.js:90:732)
	at r.fire (/usr/share/code/resources/app/out/vs/workbench/api/node/extensionHostProcess.js:90:949)
	at a.fire (/usr/share/code/resources/app/out/vs/workbench/api/node/extensionHostProcess.js:115:14463)
	at MessagePortMain.<anonymous> (/usr/share/code/resources/app/out/vs/workbench/api/node/extensionHostProcess.js:184:6761)
	at MessagePortMain.emit (node:events:519:28)
	at MessagePortMain._internalPort.emit (node:electron/js2c/utility_init:2:2619)
2025-03-14 11:28:02.958 [error] n is not iterable: TypeError: n is not iterable
	at K_.provideHover (/home/sgass/.vscode/extensions/mshr-h.veriloghdl-1.16.0/dist/main.js:588:7681)
	at async C.provideHover (/usr/share/code/resources/app/out/vs/workbench/api/node/extensionHostProcess.js:161:106493)
2025-03-14 11:28:03.543 [error] Illegal argument: character must be non-negative: Error: Illegal argument: character must be non-negative
	at P (/usr/share/code/resources/app/out/vs/workbench/api/node/extensionHostProcess.js:10:1144)
	at new m (/usr/share/code/resources/app/out/vs/workbench/api/node/extensionHostProcess.js:159:5074)
	at new $ (/usr/share/code/resources/app/out/vs/workbench/api/node/extensionHostProcess.js:159:6616)
	at qf.findSymbol (/home/sgass/.vscode/extensions/mshr-h.veriloghdl-1.16.0/dist/main.js:65:73657)
	at K_.provideHover (/home/sgass/.vscode/extensions/mshr-h.veriloghdl-1.16.0/dist/main.js:588:7652)
	at C.provideHover (/usr/share/code/resources/app/out/vs/workbench/api/node/extensionHostProcess.js:161:106506)
	at /usr/share/code/resources/app/out/vs/workbench/api/node/extensionHostProcess.js:161:138699
	at We.s (/usr/share/code/resources/app/out/vs/workbench/api/node/extensionHostProcess.js:161:136041)
	at We.$provideHover (/usr/share/code/resources/app/out/vs/workbench/api/node/extensionHostProcess.js:161:138686)
	at y.S (/usr/share/code/resources/app/out/vs/workbench/api/node/extensionHostProcess.js:158:5968)
	at y.Q (/usr/share/code/resources/app/out/vs/workbench/api/node/extensionHostProcess.js:158:5734)
	at y.M (/usr/share/code/resources/app/out/vs/workbench/api/node/extensionHostProcess.js:158:4729)
	at y.L (/usr/share/code/resources/app/out/vs/workbench/api/node/extensionHostProcess.js:158:3602)
	at i.value (/usr/share/code/resources/app/out/vs/workbench/api/node/extensionHostProcess.js:158:2297)
	at r.B (/usr/share/code/resources/app/out/vs/workbench/api/node/extensionHostProcess.js:90:732)
	at r.fire (/usr/share/code/resources/app/out/vs/workbench/api/node/extensionHostProcess.js:90:949)
	at a.fire (/usr/share/code/resources/app/out/vs/workbench/api/node/extensionHostProcess.js:115:14463)
	at i.value (/usr/share/code/resources/app/out/vs/workbench/api/node/extensionHostProcess.js:184:8635)
	at r.B (/usr/share/code/resources/app/out/vs/workbench/api/node/extensionHostProcess.js:90:732)
	at r.fire (/usr/share/code/resources/app/out/vs/workbench/api/node/extensionHostProcess.js:90:949)
	at a.fire (/usr/share/code/resources/app/out/vs/workbench/api/node/extensionHostProcess.js:115:14463)
	at MessagePortMain.<anonymous> (/usr/share/code/resources/app/out/vs/workbench/api/node/extensionHostProcess.js:184:6761)
	at MessagePortMain.emit (node:events:519:28)
	at MessagePortMain._internalPort.emit (node:electron/js2c/utility_init:2:2619)
2025-03-14 11:28:28.346 [error] n is not iterable: TypeError: n is not iterable
	at K_.provideHover (/home/sgass/.vscode/extensions/mshr-h.veriloghdl-1.16.0/dist/main.js:588:7681)
	at async C.provideHover (/usr/share/code/resources/app/out/vs/workbench/api/node/extensionHostProcess.js:161:106493)
2025-03-14 11:28:31.886 [error] n is not iterable: TypeError: n is not iterable
	at K_.provideHover (/home/sgass/.vscode/extensions/mshr-h.veriloghdl-1.16.0/dist/main.js:588:7681)
	at async C.provideHover (/usr/share/code/resources/app/out/vs/workbench/api/node/extensionHostProcess.js:161:106493)
2025-03-14 11:29:01.705 [error] n is not iterable: TypeError: n is not iterable
	at K_.provideHover (/home/sgass/.vscode/extensions/mshr-h.veriloghdl-1.16.0/dist/main.js:588:7681)
	at async C.provideHover (/usr/share/code/resources/app/out/vs/workbench/api/node/extensionHostProcess.js:161:106493)
2025-03-14 11:29:15.937 [error] n is not iterable: TypeError: n is not iterable
	at K_.provideHover (/home/sgass/.vscode/extensions/mshr-h.veriloghdl-1.16.0/dist/main.js:588:7681)
	at async C.provideHover (/usr/share/code/resources/app/out/vs/workbench/api/node/extensionHostProcess.js:161:106493)
2025-03-14 11:29:33.122 [error] n is not iterable: TypeError: n is not iterable
	at K_.provideHover (/home/sgass/.vscode/extensions/mshr-h.veriloghdl-1.16.0/dist/main.js:588:7681)
	at async C.provideHover (/usr/share/code/resources/app/out/vs/workbench/api/node/extensionHostProcess.js:161:106493)
2025-03-14 11:29:42.903 [error] n is not iterable: TypeError: n is not iterable
	at K_.provideHover (/home/sgass/.vscode/extensions/mshr-h.veriloghdl-1.16.0/dist/main.js:588:7681)
	at async C.provideHover (/usr/share/code/resources/app/out/vs/workbench/api/node/extensionHostProcess.js:161:106493)
2025-03-14 11:29:46.921 [error] n is not iterable: TypeError: n is not iterable
	at K_.provideHover (/home/sgass/.vscode/extensions/mshr-h.veriloghdl-1.16.0/dist/main.js:588:7681)
	at async C.provideHover (/usr/share/code/resources/app/out/vs/workbench/api/node/extensionHostProcess.js:161:106493)
2025-03-14 11:30:20.104 [error] n is not iterable: TypeError: n is not iterable
	at K_.provideHover (/home/sgass/.vscode/extensions/mshr-h.veriloghdl-1.16.0/dist/main.js:588:7681)
	at async C.provideHover (/usr/share/code/resources/app/out/vs/workbench/api/node/extensionHostProcess.js:161:106493)
2025-03-14 11:30:21.887 [error] n is not iterable: TypeError: n is not iterable
	at K_.provideHover (/home/sgass/.vscode/extensions/mshr-h.veriloghdl-1.16.0/dist/main.js:588:7681)
	at async C.provideHover (/usr/share/code/resources/app/out/vs/workbench/api/node/extensionHostProcess.js:161:106493)
2025-03-14 11:30:37.003 [error] n is not iterable: TypeError: n is not iterable
	at K_.provideHover (/home/sgass/.vscode/extensions/mshr-h.veriloghdl-1.16.0/dist/main.js:588:7681)
	at async C.provideHover (/usr/share/code/resources/app/out/vs/workbench/api/node/extensionHostProcess.js:161:106493)
2025-03-14 11:30:41.923 [error] n is not iterable: TypeError: n is not iterable
	at K_.provideHover (/home/sgass/.vscode/extensions/mshr-h.veriloghdl-1.16.0/dist/main.js:588:7681)
	at async C.provideHover (/usr/share/code/resources/app/out/vs/workbench/api/node/extensionHostProcess.js:161:106493)
2025-03-14 11:32:52.723 [error] n is not iterable: TypeError: n is not iterable
	at K_.provideHover (/home/sgass/.vscode/extensions/mshr-h.veriloghdl-1.16.0/dist/main.js:588:7681)
	at async C.provideHover (/usr/share/code/resources/app/out/vs/workbench/api/node/extensionHostProcess.js:161:106493)
2025-03-14 11:33:51.068 [error] n is not iterable: TypeError: n is not iterable
	at K_.provideHover (/home/sgass/.vscode/extensions/mshr-h.veriloghdl-1.16.0/dist/main.js:588:7681)
	at async C.provideHover (/usr/share/code/resources/app/out/vs/workbench/api/node/extensionHostProcess.js:161:106493)
2025-03-14 11:33:52.556 [error] n is not iterable: TypeError: n is not iterable
	at K_.provideHover (/home/sgass/.vscode/extensions/mshr-h.veriloghdl-1.16.0/dist/main.js:588:7681)
	at async C.provideHover (/usr/share/code/resources/app/out/vs/workbench/api/node/extensionHostProcess.js:161:106493)
2025-03-14 11:33:55.466 [error] n is not iterable: TypeError: n is not iterable
	at K_.provideHover (/home/sgass/.vscode/extensions/mshr-h.veriloghdl-1.16.0/dist/main.js:588:7681)
	at async C.provideHover (/usr/share/code/resources/app/out/vs/workbench/api/node/extensionHostProcess.js:161:106493)
2025-03-14 11:34:16.546 [error] n is not iterable: TypeError: n is not iterable
	at K_.provideHover (/home/sgass/.vscode/extensions/mshr-h.veriloghdl-1.16.0/dist/main.js:588:7681)
	at async C.provideHover (/usr/share/code/resources/app/out/vs/workbench/api/node/extensionHostProcess.js:161:106493)
2025-03-14 11:38:52.782 [error] n is not iterable: TypeError: n is not iterable
	at K_.provideHover (/home/sgass/.vscode/extensions/mshr-h.veriloghdl-1.16.0/dist/main.js:588:7681)
	at async C.provideHover (/usr/share/code/resources/app/out/vs/workbench/api/node/extensionHostProcess.js:161:106493)
2025-03-14 11:42:08.362 [error] n is not iterable: TypeError: n is not iterable
	at K_.provideHover (/home/sgass/.vscode/extensions/mshr-h.veriloghdl-1.16.0/dist/main.js:588:7681)
	at async C.provideHover (/usr/share/code/resources/app/out/vs/workbench/api/node/extensionHostProcess.js:161:106493)
2025-03-14 11:43:10.979 [error] n is not iterable: TypeError: n is not iterable
	at K_.provideHover (/home/sgass/.vscode/extensions/mshr-h.veriloghdl-1.16.0/dist/main.js:588:7681)
	at async C.provideHover (/usr/share/code/resources/app/out/vs/workbench/api/node/extensionHostProcess.js:161:106493)
2025-03-14 11:43:12.670 [error] n is not iterable: TypeError: n is not iterable
	at K_.provideHover (/home/sgass/.vscode/extensions/mshr-h.veriloghdl-1.16.0/dist/main.js:588:7681)
	at async C.provideHover (/usr/share/code/resources/app/out/vs/workbench/api/node/extensionHostProcess.js:161:106493)
2025-03-14 11:43:42.345 [error] n is not iterable: TypeError: n is not iterable
	at K_.provideHover (/home/sgass/.vscode/extensions/mshr-h.veriloghdl-1.16.0/dist/main.js:588:7681)
	at async C.provideHover (/usr/share/code/resources/app/out/vs/workbench/api/node/extensionHostProcess.js:161:106493)
2025-03-14 11:43:49.893 [error] n is not iterable: TypeError: n is not iterable
	at K_.provideHover (/home/sgass/.vscode/extensions/mshr-h.veriloghdl-1.16.0/dist/main.js:588:7681)
	at async C.provideHover (/usr/share/code/resources/app/out/vs/workbench/api/node/extensionHostProcess.js:161:106493)
2025-03-14 11:43:58.510 [error] n is not iterable: TypeError: n is not iterable
	at K_.provideHover (/home/sgass/.vscode/extensions/mshr-h.veriloghdl-1.16.0/dist/main.js:588:7681)
	at async C.provideHover (/usr/share/code/resources/app/out/vs/workbench/api/node/extensionHostProcess.js:161:106493)
2025-03-14 11:44:00.544 [error] n is not iterable: TypeError: n is not iterable
	at K_.provideHover (/home/sgass/.vscode/extensions/mshr-h.veriloghdl-1.16.0/dist/main.js:588:7681)
	at async C.provideHover (/usr/share/code/resources/app/out/vs/workbench/api/node/extensionHostProcess.js:161:106493)
2025-03-14 11:44:27.160 [error] n is not iterable: TypeError: n is not iterable
	at K_.provideHover (/home/sgass/.vscode/extensions/mshr-h.veriloghdl-1.16.0/dist/main.js:588:7681)
	at async C.provideHover (/usr/share/code/resources/app/out/vs/workbench/api/node/extensionHostProcess.js:161:106493)
2025-03-14 11:44:56.676 [error] n is not iterable: TypeError: n is not iterable
	at K_.provideHover (/home/sgass/.vscode/extensions/mshr-h.veriloghdl-1.16.0/dist/main.js:588:7681)
	at async C.provideHover (/usr/share/code/resources/app/out/vs/workbench/api/node/extensionHostProcess.js:161:106493)
2025-03-14 11:44:59.575 [error] n is not iterable: TypeError: n is not iterable
	at K_.provideHover (/home/sgass/.vscode/extensions/mshr-h.veriloghdl-1.16.0/dist/main.js:588:7681)
	at async C.provideHover (/usr/share/code/resources/app/out/vs/workbench/api/node/extensionHostProcess.js:161:106493)
2025-03-14 11:45:02.205 [error] n is not iterable: TypeError: n is not iterable
	at K_.provideHover (/home/sgass/.vscode/extensions/mshr-h.veriloghdl-1.16.0/dist/main.js:588:7681)
	at async C.provideHover (/usr/share/code/resources/app/out/vs/workbench/api/node/extensionHostProcess.js:161:106493)
2025-03-14 11:45:47.824 [error] n is not iterable: TypeError: n is not iterable
	at K_.provideHover (/home/sgass/.vscode/extensions/mshr-h.veriloghdl-1.16.0/dist/main.js:588:7681)
	at async C.provideHover (/usr/share/code/resources/app/out/vs/workbench/api/node/extensionHostProcess.js:161:106493)
2025-03-14 11:47:19.774 [error] n is not iterable: TypeError: n is not iterable
	at K_.provideHover (/home/sgass/.vscode/extensions/mshr-h.veriloghdl-1.16.0/dist/main.js:588:7681)
	at async C.provideHover (/usr/share/code/resources/app/out/vs/workbench/api/node/extensionHostProcess.js:161:106493)
2025-03-14 11:47:53.622 [error] n is not iterable: TypeError: n is not iterable
	at K_.provideHover (/home/sgass/.vscode/extensions/mshr-h.veriloghdl-1.16.0/dist/main.js:588:7681)
	at async C.provideHover (/usr/share/code/resources/app/out/vs/workbench/api/node/extensionHostProcess.js:161:106493)
2025-03-14 11:48:03.655 [error] n is not iterable: TypeError: n is not iterable
	at K_.provideHover (/home/sgass/.vscode/extensions/mshr-h.veriloghdl-1.16.0/dist/main.js:588:7681)
	at async C.provideHover (/usr/share/code/resources/app/out/vs/workbench/api/node/extensionHostProcess.js:161:106493)
2025-03-14 11:48:05.269 [error] n is not iterable: TypeError: n is not iterable
	at K_.provideHover (/home/sgass/.vscode/extensions/mshr-h.veriloghdl-1.16.0/dist/main.js:588:7681)
	at async C.provideHover (/usr/share/code/resources/app/out/vs/workbench/api/node/extensionHostProcess.js:161:106493)
2025-03-14 11:48:22.988 [error] n is not iterable: TypeError: n is not iterable
	at K_.provideHover (/home/sgass/.vscode/extensions/mshr-h.veriloghdl-1.16.0/dist/main.js:588:7681)
	at async C.provideHover (/usr/share/code/resources/app/out/vs/workbench/api/node/extensionHostProcess.js:161:106493)
2025-03-14 11:48:32.140 [error] n is not iterable: TypeError: n is not iterable
	at K_.provideHover (/home/sgass/.vscode/extensions/mshr-h.veriloghdl-1.16.0/dist/main.js:588:7681)
	at async C.provideHover (/usr/share/code/resources/app/out/vs/workbench/api/node/extensionHostProcess.js:161:106493)
2025-03-14 11:48:57.622 [error] n is not iterable: TypeError: n is not iterable
	at K_.provideHover (/home/sgass/.vscode/extensions/mshr-h.veriloghdl-1.16.0/dist/main.js:588:7681)
	at async C.provideHover (/usr/share/code/resources/app/out/vs/workbench/api/node/extensionHostProcess.js:161:106493)
2025-03-14 11:51:38.257 [error] n is not iterable: TypeError: n is not iterable
	at K_.provideHover (/home/sgass/.vscode/extensions/mshr-h.veriloghdl-1.16.0/dist/main.js:588:7681)
	at async C.provideHover (/usr/share/code/resources/app/out/vs/workbench/api/node/extensionHostProcess.js:161:106493)
2025-03-14 11:51:54.646 [error] n is not iterable: TypeError: n is not iterable
	at K_.provideHover (/home/sgass/.vscode/extensions/mshr-h.veriloghdl-1.16.0/dist/main.js:588:7681)
	at async C.provideHover (/usr/share/code/resources/app/out/vs/workbench/api/node/extensionHostProcess.js:161:106493)
2025-03-14 11:52:53.953 [error] n is not iterable: TypeError: n is not iterable
	at K_.provideHover (/home/sgass/.vscode/extensions/mshr-h.veriloghdl-1.16.0/dist/main.js:588:7681)
	at async C.provideHover (/usr/share/code/resources/app/out/vs/workbench/api/node/extensionHostProcess.js:161:106493)
2025-03-14 11:55:13.803 [error] n is not iterable: TypeError: n is not iterable
	at K_.provideHover (/home/sgass/.vscode/extensions/mshr-h.veriloghdl-1.16.0/dist/main.js:588:7681)
	at async C.provideHover (/usr/share/code/resources/app/out/vs/workbench/api/node/extensionHostProcess.js:161:106493)
2025-03-14 11:56:53.877 [error] n is not iterable: TypeError: n is not iterable
	at K_.provideHover (/home/sgass/.vscode/extensions/mshr-h.veriloghdl-1.16.0/dist/main.js:588:7681)
	at async C.provideHover (/usr/share/code/resources/app/out/vs/workbench/api/node/extensionHostProcess.js:161:106493)
2025-03-14 11:57:10.821 [error] n is not iterable: TypeError: n is not iterable
	at K_.provideHover (/home/sgass/.vscode/extensions/mshr-h.veriloghdl-1.16.0/dist/main.js:588:7681)
	at async C.provideHover (/usr/share/code/resources/app/out/vs/workbench/api/node/extensionHostProcess.js:161:106493)
2025-03-14 11:57:12.811 [error] n is not iterable: TypeError: n is not iterable
	at K_.provideHover (/home/sgass/.vscode/extensions/mshr-h.veriloghdl-1.16.0/dist/main.js:588:7681)
	at async C.provideHover (/usr/share/code/resources/app/out/vs/workbench/api/node/extensionHostProcess.js:161:106493)
2025-03-14 11:57:28.245 [error] n is not iterable: TypeError: n is not iterable
	at K_.provideHover (/home/sgass/.vscode/extensions/mshr-h.veriloghdl-1.16.0/dist/main.js:588:7681)
	at async C.provideHover (/usr/share/code/resources/app/out/vs/workbench/api/node/extensionHostProcess.js:161:106493)
2025-03-14 11:59:00.339 [error] n is not iterable: TypeError: n is not iterable
	at K_.provideHover (/home/sgass/.vscode/extensions/mshr-h.veriloghdl-1.16.0/dist/main.js:588:7681)
	at async C.provideHover (/usr/share/code/resources/app/out/vs/workbench/api/node/extensionHostProcess.js:161:106493)
2025-03-14 11:59:35.641 [error] n is not iterable: TypeError: n is not iterable
	at K_.provideHover (/home/sgass/.vscode/extensions/mshr-h.veriloghdl-1.16.0/dist/main.js:588:7681)
	at async C.provideHover (/usr/share/code/resources/app/out/vs/workbench/api/node/extensionHostProcess.js:161:106493)
2025-03-14 11:59:38.267 [error] n is not iterable: TypeError: n is not iterable
	at K_.provideHover (/home/sgass/.vscode/extensions/mshr-h.veriloghdl-1.16.0/dist/main.js:588:7681)
	at async C.provideHover (/usr/share/code/resources/app/out/vs/workbench/api/node/extensionHostProcess.js:161:106493)
2025-03-14 11:59:48.570 [error] n is not iterable: TypeError: n is not iterable
	at K_.provideHover (/home/sgass/.vscode/extensions/mshr-h.veriloghdl-1.16.0/dist/main.js:588:7681)
	at async C.provideHover (/usr/share/code/resources/app/out/vs/workbench/api/node/extensionHostProcess.js:161:106493)
2025-03-14 11:59:55.818 [error] n is not iterable: TypeError: n is not iterable
	at K_.provideHover (/home/sgass/.vscode/extensions/mshr-h.veriloghdl-1.16.0/dist/main.js:588:7681)
	at async C.provideHover (/usr/share/code/resources/app/out/vs/workbench/api/node/extensionHostProcess.js:161:106493)
2025-03-14 12:00:32.806 [error] n is not iterable: TypeError: n is not iterable
	at K_.provideHover (/home/sgass/.vscode/extensions/mshr-h.veriloghdl-1.16.0/dist/main.js:588:7681)
	at async C.provideHover (/usr/share/code/resources/app/out/vs/workbench/api/node/extensionHostProcess.js:161:106493)
2025-03-14 12:01:10.008 [error] n is not iterable: TypeError: n is not iterable
	at K_.provideHover (/home/sgass/.vscode/extensions/mshr-h.veriloghdl-1.16.0/dist/main.js:588:7681)
	at async C.provideHover (/usr/share/code/resources/app/out/vs/workbench/api/node/extensionHostProcess.js:161:106493)
2025-03-14 12:01:14.573 [error] n is not iterable: TypeError: n is not iterable
	at K_.provideHover (/home/sgass/.vscode/extensions/mshr-h.veriloghdl-1.16.0/dist/main.js:588:7681)
	at async C.provideHover (/usr/share/code/resources/app/out/vs/workbench/api/node/extensionHostProcess.js:161:106493)
2025-03-14 12:01:18.475 [error] n is not iterable: TypeError: n is not iterable
	at K_.provideHover (/home/sgass/.vscode/extensions/mshr-h.veriloghdl-1.16.0/dist/main.js:588:7681)
	at async C.provideHover (/usr/share/code/resources/app/out/vs/workbench/api/node/extensionHostProcess.js:161:106493)
2025-03-14 12:01:48.771 [error] n is not iterable: TypeError: n is not iterable
	at K_.provideHover (/home/sgass/.vscode/extensions/mshr-h.veriloghdl-1.16.0/dist/main.js:588:7681)
	at async C.provideHover (/usr/share/code/resources/app/out/vs/workbench/api/node/extensionHostProcess.js:161:106493)
2025-03-14 12:01:51.423 [error] n is not iterable: TypeError: n is not iterable
	at K_.provideHover (/home/sgass/.vscode/extensions/mshr-h.veriloghdl-1.16.0/dist/main.js:588:7681)
	at async C.provideHover (/usr/share/code/resources/app/out/vs/workbench/api/node/extensionHostProcess.js:161:106493)
2025-03-14 12:02:08.277 [error] n is not iterable: TypeError: n is not iterable
	at K_.provideHover (/home/sgass/.vscode/extensions/mshr-h.veriloghdl-1.16.0/dist/main.js:588:7681)
	at async C.provideHover (/usr/share/code/resources/app/out/vs/workbench/api/node/extensionHostProcess.js:161:106493)
2025-03-14 12:02:11.654 [error] n is not iterable: TypeError: n is not iterable
	at K_.provideHover (/home/sgass/.vscode/extensions/mshr-h.veriloghdl-1.16.0/dist/main.js:588:7681)
	at async C.provideHover (/usr/share/code/resources/app/out/vs/workbench/api/node/extensionHostProcess.js:161:106493)
2025-03-14 12:04:33.501 [error] n is not iterable: TypeError: n is not iterable
	at K_.provideHover (/home/sgass/.vscode/extensions/mshr-h.veriloghdl-1.16.0/dist/main.js:588:7681)
	at async C.provideHover (/usr/share/code/resources/app/out/vs/workbench/api/node/extensionHostProcess.js:161:106493)
2025-03-14 12:04:40.221 [error] n is not iterable: TypeError: n is not iterable
	at K_.provideHover (/home/sgass/.vscode/extensions/mshr-h.veriloghdl-1.16.0/dist/main.js:588:7681)
	at async C.provideHover (/usr/share/code/resources/app/out/vs/workbench/api/node/extensionHostProcess.js:161:106493)
2025-03-14 12:04:47.573 [error] n is not iterable: TypeError: n is not iterable
	at K_.provideHover (/home/sgass/.vscode/extensions/mshr-h.veriloghdl-1.16.0/dist/main.js:588:7681)
	at async C.provideHover (/usr/share/code/resources/app/out/vs/workbench/api/node/extensionHostProcess.js:161:106493)
2025-03-14 12:06:28.490 [error] n is not iterable: TypeError: n is not iterable
	at K_.provideHover (/home/sgass/.vscode/extensions/mshr-h.veriloghdl-1.16.0/dist/main.js:588:7681)
	at async C.provideHover (/usr/share/code/resources/app/out/vs/workbench/api/node/extensionHostProcess.js:161:106493)
2025-03-14 12:09:41.505 [error] n is not iterable: TypeError: n is not iterable
	at K_.provideHover (/home/sgass/.vscode/extensions/mshr-h.veriloghdl-1.16.0/dist/main.js:588:7681)
	at async C.provideHover (/usr/share/code/resources/app/out/vs/workbench/api/node/extensionHostProcess.js:161:106493)
2025-03-14 12:10:08.039 [error] n is not iterable: TypeError: n is not iterable
	at K_.provideHover (/home/sgass/.vscode/extensions/mshr-h.veriloghdl-1.16.0/dist/main.js:588:7681)
	at async C.provideHover (/usr/share/code/resources/app/out/vs/workbench/api/node/extensionHostProcess.js:161:106493)
2025-03-14 12:11:05.204 [error] n is not iterable: TypeError: n is not iterable
	at K_.provideHover (/home/sgass/.vscode/extensions/mshr-h.veriloghdl-1.16.0/dist/main.js:588:7681)
	at async C.provideHover (/usr/share/code/resources/app/out/vs/workbench/api/node/extensionHostProcess.js:161:106493)
2025-03-14 12:12:37.652 [error] n is not iterable: TypeError: n is not iterable
	at K_.provideHover (/home/sgass/.vscode/extensions/mshr-h.veriloghdl-1.16.0/dist/main.js:588:7681)
	at async C.provideHover (/usr/share/code/resources/app/out/vs/workbench/api/node/extensionHostProcess.js:161:106493)
2025-03-14 12:12:55.137 [error] n is not iterable: TypeError: n is not iterable
	at K_.provideHover (/home/sgass/.vscode/extensions/mshr-h.veriloghdl-1.16.0/dist/main.js:588:7681)
	at async C.provideHover (/usr/share/code/resources/app/out/vs/workbench/api/node/extensionHostProcess.js:161:106493)
2025-03-14 12:13:00.810 [error] n is not iterable: TypeError: n is not iterable
	at K_.provideHover (/home/sgass/.vscode/extensions/mshr-h.veriloghdl-1.16.0/dist/main.js:588:7681)
	at async C.provideHover (/usr/share/code/resources/app/out/vs/workbench/api/node/extensionHostProcess.js:161:106493)
2025-03-14 12:13:09.238 [error] n is not iterable: TypeError: n is not iterable
	at K_.provideHover (/home/sgass/.vscode/extensions/mshr-h.veriloghdl-1.16.0/dist/main.js:588:7681)
	at async C.provideHover (/usr/share/code/resources/app/out/vs/workbench/api/node/extensionHostProcess.js:161:106493)
2025-03-14 12:13:10.374 [error] n is not iterable: TypeError: n is not iterable
	at K_.provideHover (/home/sgass/.vscode/extensions/mshr-h.veriloghdl-1.16.0/dist/main.js:588:7681)
	at async C.provideHover (/usr/share/code/resources/app/out/vs/workbench/api/node/extensionHostProcess.js:161:106493)
2025-03-14 12:13:17.851 [error] n is not iterable: TypeError: n is not iterable
	at K_.provideHover (/home/sgass/.vscode/extensions/mshr-h.veriloghdl-1.16.0/dist/main.js:588:7681)
	at async C.provideHover (/usr/share/code/resources/app/out/vs/workbench/api/node/extensionHostProcess.js:161:106493)
2025-03-14 12:13:21.090 [error] n is not iterable: TypeError: n is not iterable
	at K_.provideHover (/home/sgass/.vscode/extensions/mshr-h.veriloghdl-1.16.0/dist/main.js:588:7681)
	at async C.provideHover (/usr/share/code/resources/app/out/vs/workbench/api/node/extensionHostProcess.js:161:106493)
2025-03-14 12:13:27.076 [error] n is not iterable: TypeError: n is not iterable
	at K_.provideHover (/home/sgass/.vscode/extensions/mshr-h.veriloghdl-1.16.0/dist/main.js:588:7681)
	at async C.provideHover (/usr/share/code/resources/app/out/vs/workbench/api/node/extensionHostProcess.js:161:106493)
2025-03-14 12:13:41.750 [error] n is not iterable: TypeError: n is not iterable
	at K_.provideHover (/home/sgass/.vscode/extensions/mshr-h.veriloghdl-1.16.0/dist/main.js:588:7681)
	at async C.provideHover (/usr/share/code/resources/app/out/vs/workbench/api/node/extensionHostProcess.js:161:106493)
2025-03-14 12:13:47.635 [error] n is not iterable: TypeError: n is not iterable
	at K_.provideHover (/home/sgass/.vscode/extensions/mshr-h.veriloghdl-1.16.0/dist/main.js:588:7681)
	at async C.provideHover (/usr/share/code/resources/app/out/vs/workbench/api/node/extensionHostProcess.js:161:106493)
2025-03-14 12:13:58.150 [error] n is not iterable: TypeError: n is not iterable
	at K_.provideHover (/home/sgass/.vscode/extensions/mshr-h.veriloghdl-1.16.0/dist/main.js:588:7681)
	at async C.provideHover (/usr/share/code/resources/app/out/vs/workbench/api/node/extensionHostProcess.js:161:106493)
2025-03-14 12:14:04.085 [error] n is not iterable: TypeError: n is not iterable
	at K_.provideHover (/home/sgass/.vscode/extensions/mshr-h.veriloghdl-1.16.0/dist/main.js:588:7681)
	at async C.provideHover (/usr/share/code/resources/app/out/vs/workbench/api/node/extensionHostProcess.js:161:106493)
